id,body,created_at,sentiment,symbols
254643643,ribbon upgrades lepida scpa&#39;s broadband network in partnership with tim http://www.conferencecalltranscripts.org/summary/?id=88022&amp;pr=true $rbbn,2020-11-05 18:21:31,-69,['rbbn']
254585881,"$rbbn announced that, along with its partner tim, it has been selected to expand the capacity of lepida scpa&#39;s regional broadband network https://www.briefing.com/in-depth-analysis/content/article?articleid=in20201105080457rbbn",2020-11-05 15:07:09,-69,['rbbn']
254552351,"$rbbn [15s. delayed]: issued press release on november 05, 08:00:00: ribbon upgrades lepida scpa&#39;s broadband network in partnership with t https://s.flashalert.me/vhvty",2020-11-05 13:05:51,-69,['rbbn']
254551130,"$rbbn ribbon upgrades lepida scpa&#39;s broadband network in partnership with tim 

https://newsfilter.io/a/8dee7519da747c8c1d4a8baa33f77459",2020-11-05 13:00:43,-69,['rbbn']
254551108,"$rbbn ribbon upgrades lepida scpa&#39;s broadband network in partnership with tim
https://www.stocktitan.net/news/rbbn/ribbon-upgrades-lepida-scp-a-s-broadband-network-in-partnership-with-jqh90c0quac3.html",2020-11-05 13:00:38,-69,['rbbn']
253751761,ribboncommunications $rbbn bidaskscore is increased to held https://bidaskclub.com/news/company/2020-10-30/rbbn,2020-10-31 23:07:07,-69,['rbbn']
253659539,"$rbbn [15s. delayed] filed form 8-k/a on october 30, 17:00:29: item5.02: departure of election 0f officers or compensatory arrangements https://s.flashalert.me/z4k8x",2020-10-30 21:01:39,-69,['rbbn']
253659442,"$rbbn form 8-k/a (current report, item 5.02) filed with the sec 

https://newsfilter.io/a/a990f2ab82669c40cd9db5db05f4de26",2020-10-30 21:01:16,-69,['rbbn']
253654375,"top gainers part 3

$marps $rbbn $oiim",2020-10-30 20:36:44,1,"['marps', 'oiim', 'rbbn']"
253607742,last10k highlighted 73 positive and negative remarks in $rbbn&#39;s 10-q filed today. see them in the quarterly report: https://last10k.com/sec-filings/rbbn/0001708055-20-000182.htm?utm_source=stocktwits&amp;utm_medium=forum&amp;utm_campaign=sentiment&amp;utm_term=rbbn,2020-10-30 18:01:02,-69,['rbbn']
253600682,"$rbbn (4.32 +11.92%): co&#39;s q3 results exceeded estimates; revs increased +68% yr/yr to $231 mln, largely due to the acquisition of eci telecom group. achieved record adj. ebitda. co is encouraged by a recovery in its packet optical business and expects further improvement...",2020-10-30 17:38:02,-69,['rbbn']
253586416,$rbbn just filed a 10-q quarterly report with 81 sections and 4 exhibits. access them all or just read their earnings: https://last10k.com/sec-filings/rbbn/0001708055-20-000182.htm?utm_source=stocktwits&amp;utm_medium=forum&amp;utm_campaign=10kq2040f&amp;utm_term=rbbn,2020-10-30 16:45:26,-69,['rbbn']
253585903,"$rbbn [15s. delayed] filed form 10-q on october 30, 12:42:12 https://s.flashalert.me/c6biv",2020-10-30 16:43:34,-69,['rbbn']
253585806,"$rbbn form 10-q (quarterly report [sections 13 or 15(d)]) filed with the sec 

https://newsfilter.io/a/8cf0be0a17f8ce4da07cc1f3241d27e3",2020-10-30 16:43:13,-69,['rbbn']
253573514,"ribbon communications and mohawk industries among consumer gainers; twitter leads losers  $rbbn $ncty $redu $mhk $srax 

https://newsfilter.io/a/042dfc4f40f5a6f03d28fbdce190a190",2020-10-30 16:03:16,-69,"['ncty', 'rbbn', 'mhk', 'srax', 'redu']"
253573453,$rbbn new article : ribbon communications and mohawk industries among consumer gainers; twitter leads losers https://www.stck.pro/news/rbbn/8843489,2020-10-30 16:03:05,-69,['rbbn']
253531109,"$rbbn, $trup and $cva are the top gainers in the russel 2000 for the day. https://www.chartmill.com/stock/stock-screener?v=3&amp;f=ind_18&amp;s=pt&amp;utm_source=stocktwits&amp;utm_medium=screener&amp;utm_content=stock_screener:_top_russel_2000_gainers&amp;utm_campaign=social_tracking",2020-10-30 14:19:00,-69,"['rbbn', 'cva', 'trup']"
253500462,$rbbn just filed with the sec a event for officers https://last10k.com/sec-filings/rbbn/0001104659-20-119759.htm?utm_source=stocktwits&amp;utm_medium=forum&amp;utm_campaign=8k&amp;utm_term=rbbn,2020-10-30 12:45:32,-69,['rbbn']
253499976,"$rbbn form 8-k: departure of directors or certain officers; election of directors; appointment of certain officers; compensatory arrangements of certain officers. ribbon communications, announced that.. https://newsfilter.io/a/d7008fabe281e38cd8318b5d8277e582",2020-10-30 12:43:11,-69,['rbbn']
253499041,"$rbbn [15s. delayed] filed form 8-k on october 30, 08:37:33: item5.02: departure of election 0f officers or compensatory arrangements https://s.flashalert.me/zx8nhu",2020-10-30 12:38:31,-69,['rbbn']
253461061,$rbbn damn i though i was the only one in this for the past 2 weeks lol,2020-10-30 04:29:29,1,['rbbn']
253417018,$rbbn numbers look fabulous! the stock is trading at only a little over 2x the quarterly revenues just reported. cheap!,2020-10-29 22:54:19,1,['rbbn']
253399812,$rbbn new article : ribbon comms: q3 earnings insights https://www.stck.pro/news/rbbn/8829297,2020-10-29 21:39:13,-69,['rbbn']
253395343,"$rbbn reported earnings of $0.04, consensus was ($0.02) via @ewhispers #epsbeat http://eps.sh/d/rbbn",2020-10-29 21:23:55,-69,['rbbn']
253392124,$rbbn updates q4 2020after-hours guidance to 0.12-0.14 eps and revenue guidance to $235-245 million. https://www.marketbeat.com/g/52361,2020-10-29 21:13:30,-69,['rbbn']
253391909,"ribbon communications q3 adj. eps $0.16 beats $0.06 estimate, sales $231.00m beat $214.16m estimate

related tickers: $rbbn",2020-10-29 21:12:55,-69,['rbbn']
253382883,$rbbn just filed with the sec a earnings release and a financial exhibit https://last10k.com/sec-filings/rbbn/0001104659-20-119534.htm?utm_source=stocktwits&amp;utm_medium=forum&amp;utm_campaign=8k&amp;utm_term=rbbn,2020-10-29 20:47:15,-69,['rbbn']
253379088,"$rbbn ribbon communications eps beats by $0.09, beats on revenue 

https://newsfilter.io/a/ea1b3d41ca4a9b5d8594e067e44b98f3",2020-10-29 20:38:08,-69,['rbbn']
253376494,$rbbn great earnings report revenue and eps beat.,2020-10-29 20:32:35,1,['rbbn']
253369998,"$rbbn [15s. delayed] filed form 8-k on october 29, 16:17:57: item2.02: results of operations &amp; financial condition https://s.flashalert.me/xl3iqw",2020-10-29 20:19:23,-69,['rbbn']
253369795,"$rbbn form 8-k: results of operations and financial condition. the information in this item 2.02 of this current report on form 8-k, including exhibit 99.1 attached hereto, shall not be deemed “filed”.. 

https://newsfilter.io/a/25304abdbf3532621af5f279210cee96",2020-10-29 20:19:01,-69,['rbbn']
253363040,"$rbbn ribbon communications inc. reports third quarter 2020 financial results
https://www.stocktitan.net/news/rbbn/ribbon-communications-inc-reports-third-quarter-2020-financial-dofoz0mnlyse.html",2020-10-29 20:06:09,-69,['rbbn']
253362670,"$rbbn ribbon communications reports third quarter 2020 financial results 

https://newsfilter.io/a/70b768fa136af3b83d926541eac622c0",2020-10-29 20:05:35,-69,['rbbn']
253321805,"$rbbn earnings call today: 4:30 pm est 
analyst rating: buy 
phone: 412-317-6671 
pin: 10149289 
webcast: http://mmm.wallstreethorizon.com/u.asp?u=348188",2020-10-29 18:00:51,-69,['rbbn']
253264581,$rbbn is scheduled to report #earnings after the market closes today via @ewhispers http://eps.sh/s/rbbn,2020-10-29 15:02:19,-69,['rbbn']
253264029,"$rbbn reports after the close, estimize consensus +0.02 eps and +1.69m revs compared to ws
http://www.estimize.com/rbbn/fq3-2020?utm_content=prerelease&amp;utm_medium=tweet&amp;utm_source=stocktwits",2020-10-29 15:00:59,-69,['rbbn']
253186781,$rbbn wow this board is dead. hello is anybody here?,2020-10-29 07:04:53,1,['rbbn']
252943434,"$rbbn [15s. delayed]: issued press release on october 28, 08:00:00: ribbon revolutionizes optical transport network access economics https://s.flashalert.me/xofiha",2020-10-28 12:22:42,-69,['rbbn']
252941045,ribbon revolutionizes optical transport network access economics http://www.conferencecalltranscripts.org/summary/?id=80035&amp;pr=true $rbbn,2020-10-28 12:11:02,-69,['rbbn']
252941042,ribbon&#39;s call trust™ wins &quot;user behavior analytics platform of the year&quot; in the 2020 cybersecurity breakthrough awards http://www.conferencecalltranscripts.org/summary/?id=80034&amp;pr=true $rbbn,2020-10-28 12:11:02,-69,['rbbn']
252938952,"$rbbn ribbon&#39;s call trust™ wins &quot;user behavior analytics platform of the year&quot; in the 2020 cybersecurity breakthrough awards
https://www.stocktitan.net/news/rbbn/ribbon-s-call-trust-wins-user-behavior-analytics-platform-of-the-19iesc5hva47.html",2020-10-28 12:01:12,-69,['rbbn']
252938816,"$rbbn ribbon revolutionizes optical transport network access economics 

https://newsfilter.io/a/d093cfd7a31283fc849e63245fad1b90",2020-10-28 12:00:43,-69,['rbbn']
252938761,"$rbbn ribbon revolutionizes optical transport network access economics
https://www.stocktitan.net/news/rbbn/ribbon-revolutionizes-optical-transport-network-access-ly723897o8s6.html",2020-10-28 12:00:29,-69,['rbbn']
252708132,$rbbn wtf is happening. the damn chart broke?,2020-10-27 13:38:57,-69,['rbbn']
252600520,$rbbn w bottom all formed up and ready to go,2020-10-26 20:09:16,1,['rbbn']
252571673,$rbbn w  is forming,2020-10-26 18:16:21,1,['rbbn']
252472174,$rbbn  look at all that support,2020-10-26 12:43:55,1,['rbbn']
252446219,ribbon communications to release earnings after the market closes on thursday. analysts expect -0.02 eps. www.marketbeat.com/p/487640 $rbbn,2020-10-26 05:02:11,-69,['rbbn']
252396962,ribboncommunications $rbbn bidaskscore is #reiterated to sold https://bidaskclub.com/news/company/2020-10-23/rbbn,2020-10-25 15:52:04,-69,['rbbn']
252345680,$rbbn what is happening with this?,2020-10-24 18:41:10,-69,['rbbn']
251822237,"$rbbn ribbon introduces new managed services for stir/shaken and reputation scoring to mitigate robocalls and fraud attacks
https://www.stocktitan.net/news/rbbn/ribbon-introduces-new-managed-services-for-stir-shaken-and-ttt5v2qt4ew8.html",2020-10-22 12:01:18,-69,['rbbn']
251284360,vivo expands voip access and peering services with ribbon&#39;s cloud-native session border controller http://www.conferencecalltranscripts.org/summary/?id=73156&amp;pr=true $rbbn,2020-10-20 12:18:03,-69,['rbbn']
251281250,"$rbbn vivo expands voip access and peering services with ribbon&#39;s cloud-native session border controller
https://www.stocktitan.net/news/rbbn/vivo-expands-vo-ip-access-and-peering-services-with-ribbon-s-cloud-fn8yyeiurx90.html",2020-10-20 12:01:23,-69,['rbbn']
250876809,"$rbbn: new sec filing on svp, cao, eric s marmurek: https://www.sec.gov/archives/edgar/data/1708055/000170805520000179/xslf345x03/edgar.xml",2020-10-17 00:47:02,-69,['rbbn']
250869875,"$rbbn [15s. delayed] filed sec form 4: svp, cao marmurek eric s: 
delivered securities 1,474 of common stock at price $3.92 and converted  https://s.flashalert.me/dzmi6j",2020-10-16 23:43:09,-69,['rbbn']
250677763,"$rbbn: ribbon communications to report third quarter 2020 financial results on october 29, 2020 https://www.chartmill.com/stock/quote/rbbn/news?utm_source=stocktwits&amp;utm_medium=pressrelease&amp;utm_content=rbbn&amp;utm_campaign=social_tracking",2020-10-16 11:38:00,-69,['rbbn']
250675306,"ribbon communications to report third quarter 2020 financial results on october 29, 2020 http://www.conferencecalltranscripts.org/summary/?id=71696&amp;pr=true $rbbn",2020-10-16 11:18:15,-69,['rbbn']
250675175,"$rbbn ribbon communications to report third quarter 2020 financial results on october 29, 2020 https://www.otcdynamics.com/rbbn-ribbon-communications-to-report-third-quarter-2020-financial-results-on-october-29-2020",2020-10-16 11:17:20,-69,['rbbn']
250674966,"$rbbn [15s. delayed]: issued press release on october 16, 07:00:00: ribbon communications to report third quarter 2020 financial results o https://s.flashalert.me/uy6pos",2020-10-16 11:15:36,-69,['rbbn']
250674402,"$rbbn new article : ribbon communications to report third quarter 2020 financial results on october 29, 2020 https://www.stck.pro/news/rbbn/8510179",2020-10-16 11:11:06,-69,['rbbn']
250673144,"$rbbn ribbon communications to report third quarter 2020 financial results on october 29, 2020
https://www.stocktitan.net/news/rbbn/ribbon-communications-to-report-third-quarter-2020-financial-results-farzl1gvrc7k.html",2020-10-16 11:00:28,-69,['rbbn']
250418248,"$rbbn ribbon intelligent edge session border controller portfolio certified for zoom phone services
https://www.stocktitan.net/news/rbbn/ribbon-intelligent-edge-session-border-controller-portfolio-hdgkxq03ke5h.html",2020-10-15 12:00:53,-69,['rbbn']
250159157,talktalk leverages ribbon analytics for network health management http://www.conferencecalltranscripts.org/summary/?id=69466&amp;pr=true $rbbn,2020-10-14 12:16:11,-69,['rbbn']
250157435,$rbbn new article : talktalk leverages ribbon analytics for network health management https://www.stck.pro/news/rbbn/8462664,2020-10-14 12:07:33,-69,['rbbn']
250156033,"$rbbn talktalk leverages ribbon analytics for network health management
https://www.stocktitan.net/news/rbbn/talk-talk-leverages-ribbon-analytics-for-network-health-bf3uxm2wjk9z.html",2020-10-14 12:00:56,-69,['rbbn']
249686715,"$rbbn awfully cheap stock. 5g play. forward pe is 9, p/revs is .9 and p/book is 1.1",2020-10-12 14:47:01,1,['rbbn']
248391859,"$rbbn ribbon introduces pay-as-you-go licensing model for its market-leading session border controller in aws marketplace
https://www.stocktitan.net/news/rbbn/ribbon-introduces-pay-as-you-go-licensing-model-for-its-market-6l35evb1wolj.html",2020-10-06 12:00:44,-69,['rbbn']
247998085,"$rbbn has a bad technical rating, but it does show a decent setup pattern. https://www.chartmill.com/stock/quote/rbbn/technical-analysis?key=5f20845a-e550-4483-91bd-9a77dc31ad33&amp;utm_source=stocktwits&amp;utm_medium=ta&amp;utm_content=rbbn&amp;utm_campaign=social_tracking",2020-10-03 15:46:00,-69,['rbbn']
246503308,ribboncommunications $rbbn bidaskscore is lowered to sold https://bidaskclub.com/news/company/2020-09-25/rbbn,2020-09-26 16:02:03,-69,['rbbn']
245949450,"$rbbn controlled network solutions deploys ribbon call trust™ to mitigate nuisance and robocalls
https://www.stocktitan.net/news/rbbn/controlled-network-solutions-deploys-ribbon-call-trust-to-mitigate-iglsntbtm5ue.html",2020-09-24 12:00:58,-69,['rbbn']
245949431,"$rbbn controlled network solutions deploys ribbon call trust™ to mitigate nuisance and robocalls 

https://newsfilter.io/a/51ce2a8e2df573e328313b5567d79a57",2020-09-24 12:00:54,-69,['rbbn']
245359681,"$rbbn ribbon sbc swe lite on aws helps accelerate organizations&#39; move to cloud communications 

https://newsfilter.io/a/4bc1d337528f510b82fcc3551f9dcbbd",2020-09-22 12:00:38,-69,['rbbn']
245359679,"$rbbn ribbon sbc swe lite on aws helps accelerate organizations&#39; move to cloud communications
https://www.stocktitan.net/news/rbbn/ribbon-sbc-s-we-lite-on-aws-helps-accelerate-organizations-move-to-ryx1gu9rie7g.html",2020-09-22 12:00:37,-69,['rbbn']
244362181,"part 3 - here are some stock recommendations to consider as we near the end of the trading week:
$marps 
$potx 
$rbbn 
$sino 

as always, please stay healthy, informed, prepared, and safe - as there are plenty of profits yet to be made!

also, please do consider following me here on stocktwits!

best of luck and happy trading!
📈👍💵👌",2020-09-17 04:13:28,1,"['marps', 'sino', 'rbbn', 'potx']"
244338097,"$rbbn [15s. delayed] filed sec form 3: evp gm packet optical networks bucci sam: 
 https://s.flashalert.me/usy8j",2020-09-17 01:31:12,-69,['rbbn']
244338041,"$rbbn form 3 (initial statement of beneficial ownership of securities) filed with the sec 

https://newsfilter.io/a/39318b9849d50b5d49471d1e6c862172",2020-09-17 01:30:52,-69,['rbbn']
243557262,good move or bad move? $rbbn&#39;s in downtrend: moving average convergence divergence (macd) histogram just turned negative. view odds for this and other indicators: https://srnk.us/go/2099968,2020-09-14 13:39:05,-69,['rbbn']
243536066,"$rbbn: ribbon communications appoints sam bucci as executive vice president &amp; general manager, packet optical networks https://www.chartmill.com/news/rbbn/prnews-2020-9-14-ribbon-communications-appoints-sam-bucci-as-executive-vice-president-and-general-manager-packet-optical-networks?utm_source=stocktwits&amp;utm_medium=pressrelease&amp;utm_content=rbbn&amp;utm_campaign=social_tracking",2020-09-14 12:13:00,-69,['rbbn']
243533556,"$rbbn ribbon research on cloud gaming reveals revenue-generating opportunities for 5g networks 

https://newsfilter.io/a/b9466ebf61c2e145265aa9fac35eb70b",2020-09-14 12:00:40,-69,['rbbn']
243533552,"$rbbn ribbon research on cloud gaming reveals revenue-generating opportunities for 5g networks
https://www.stocktitan.net/news/rbbn/ribbon-research-on-cloud-gaming-reveals-revenue-generating-ovfcrlh1upaw.html",2020-09-14 12:00:39,-69,['rbbn']
243531782,"$rbbn new article : ribbon communications appoints sam bucci as executive vice president &amp; general manager, packet optical networks https://www.stck.pro/news/rbbn/7697703",2020-09-14 11:49:12,-69,['rbbn']
243530620,"$rbbn [15s. delayed]: issued press release on september 14, 07:30:00: ribbon communications appoints sam bucci as executive vice president https://s.flashalert.me/jv87g",2020-09-14 11:41:29,-69,['rbbn']
243528886,"$rbbn ribbon communications appoints sam bucci as executive vice president &amp; general manager, packet optical networks
https://www.stocktitan.net/news/rbbn/ribbon-communications-appoints-sam-bucci-as-executive-vice-president-sh08ci31yab6.html",2020-09-14 11:30:34,-69,['rbbn']
243528879,"$rbbn ribbon communications appoints sam bucci as executive vice president &amp; general manager, packet optical networks 

https://newsfilter.io/a/babe9171f9355e6b75639b54fd6eea83",2020-09-14 11:30:33,-69,['rbbn']
243336500,"$rbbn miguel a lopez bought 5,000 shares [average conviction] www.insider-analysis.com/search_transactions.php?ticker=table_rbbn",2020-09-12 03:49:54,-69,['rbbn']
243087098,"$rbbn miguel a lopez bought 5,000 shares [average conviction] www.insider-analysis.com/search_transactions.php?ticker=table_rbbn",2020-09-11 04:29:03,-69,['rbbn']
242835401,"$rbbn [15s. delayed]: issued press release on september 10, 08:00:00: ribbon to deliver carrier-grade unified communications as a service  https://s.flashalert.me/oja4i",2020-09-10 12:07:24,-69,['rbbn']
242834011,"$rbbn ribbon to deliver carrier-grade unified communications as a service to the ibm cloud for financial services
https://www.stocktitan.net/news/rbbn/ribbon-to-deliver-carrier-grade-unified-communications-as-a-service-6ba10f69m98d.html",2020-09-10 12:00:41,-69,['rbbn']
242834005,"$rbbn phonism selected by ribbon for cloud management of desk phones and more
https://www.stocktitan.net/news/rbbn/phonism-selected-by-ribbon-for-cloud-management-of-desk-phones-and-bkdvx22vobu4.html",2020-09-10 12:00:39,-69,['rbbn']
242833986,"$rbbn ribbon to deliver carrier-grade unified communications as a service to the ibm cloud for financial services 

https://newsfilter.io/a/d7789b81451d483be1bbd32b3b8dce83",2020-09-10 12:00:36,-69,['rbbn']
