id,body,created_at,sentiment,symbols
254747824,$tel daniel j phelan bought 150 shares [very low conviction] www.insider-analysis.com/search_transactions.php?ticker=table_tel,2020-11-06 00:26:39,-69,['tel']
254740686,2020-11-04 short sale volume (not short interest) for $tel is 55%. http://shortvolumes.com/?t=tel via @shortvolumes,2020-11-05 23:50:36,-69,['tel']
254730907,"te connectivity svp mario calastri sells $1,151,808.00 in $tel https://www.marketbeat.com/i/414672",2020-11-05 23:03:22,-69,['tel']
254596333,$tel new insider selling: 11200 shares. http://insiderbuyingselling.com/?t=tel,2020-11-05 15:36:34,-69,['tel']
254596260,"$tel [15s. delayed] filed sec form 4: insider calastri mario: 
disposed 11,200 of common shares at price $102.83 and converted securities  https://s.flashalert.me/nnbg5g",2020-11-05 15:36:22,-69,['tel']
254596151,"$tel $770,336.00 of shares sold by calastri mario (svp &amp; treasurer), reported in a new form 4 filed with the sec  

https://newsfilter.io/a/75de4431a990f4769987a1183816766a",2020-11-05 15:36:02,-69,['tel']
254574251,$tel new insider selling: 100000 shares. http://insiderbuyingselling.com/?t=tel,2020-11-05 14:36:35,-69,['tel']
254572413,"$tel $3,559,949.40 of shares sold by lynch thomas j (director), reported in a new form 4 filed with the sec  https://newsfilter.io/a/5436304252822961df236a987f15b624",2020-11-05 14:30:43,-69,['tel']
254571087,"$tel [15s. delayed] filed sec form 4: insider lynch thomas j: 
disposed 100,000 of common shares at average price $101.55 and converted se https://s.flashalert.me/8ofgbq",2020-11-05 14:26:04,-69,['tel']
254513721,"$tel: new sec filing on director, daniel j phelan: https://www.sec.gov/archives/edgar/data/1385157/000122520820013023/xslf345x03/doc4.xml",2020-11-05 04:12:01,-69,['tel']
254512797,"$tel er on 11/4 before open. sp were up 27 times out of last 43 qtrs (62%) in er. $tel morgan stanley maintains to equal-weight : pt $101.00. anybody buying/selling in earnings?  
 
https://stocksearning.com/stocks/tel/earnings-date 
#tel #teconnectivityltd #stockmarket #stocktwits #stocksearning",2020-11-05 04:02:06,-69,['tel']
254460775,te connectivity ltd. director just picked up 150 shares  http://www.conferencecalltranscripts.org/4/summary/?id=8518508 $tel,2020-11-04 21:55:54,-69,['tel']
254458696,"$tel [15s. delayed] filed sec form 4: insider phelan daniel j: 
acquired 150 of common shares at price $101.44 on 2020-11-03, increased ho https://s.flashalert.me/cfblks",2020-11-04 21:48:06,-69,['tel']
254458598,"$tel $15,216.00 of shares acquired by phelan daniel j (director), reported in a new form 4 filed with the sec  

https://newsfilter.io/a/0c4ecbd039c57f914dfe1443ff12e308",2020-11-04 21:47:43,-69,['tel']
254170127,$tel announced a dividend (ord/te connectivity ltd) https://www.dividendinvestor.com/dn/2903729,2020-11-03 18:17:50,-69,['tel']
254089089,"$fsr, $tel and $mplx gapping up today. https://www.chartmill.com/stock/stock-screener?v=3&amp;f=s_gup,p_pg10,v1_50b500,exch_us&amp;utm_source=stocktwits&amp;utm_medium=screener&amp;utm_content=stock_screener:_gap_up&amp;utm_campaign=social_tracking",2020-11-03 13:41:00,-69,"['tel', 'mplx', 'fsr']"
254087700,$tel: te connectivity announces fiscal 2021 first quarter dividend record and payment dates https://www.chartmill.com/news/tel/prnews-2020-11-3-te-connectivity-announces-fiscal-2021-first-quarter-dividend-record-and-payment-dates?utm_source=stocktwits&amp;utm_medium=pressrelease&amp;utm_content=tel&amp;utm_campaign=social_tracking,2020-11-03 13:34:00,-69,['tel']
254085665,$tel new article : te connectivity announces fiscal 2021 first quarter dividend record and payment dates https://www.stck.pro/news/tel/8907187,2020-11-03 13:23:15,-69,['tel']
254085072,te connectivity announces fiscal 2021 first quarter dividend record and payment dates http://www.conferencecalltranscripts.org/summary/?id=85720&amp;pr=true $tel,2020-11-03 13:20:02,-69,['tel']
254084074,"$tel [15s. delayed]: issued press release on november 03, 08:05:00: te connectivity announces fiscal 2021 first quarter dividend record an https://s.flashalert.me/ni7bx9",2020-11-03 13:14:09,-69,['tel']
254082455,"$tel te connectivity announces fiscal 2021 first quarter dividend record and payment dates 

https://newsfilter.io/a/c2a1907a7deeb2d5db8acec68fb7bf85",2020-11-03 13:05:36,-69,['tel']
254082413,"$tel te connectivity announces fiscal 2021 first quarter dividend record and payment dates
https://www.stocktitan.net/news/tel/te-connectivity-announces-fiscal-2021-first-quarter-dividend-record-6xkng6gkbc4c.html

#dividends",2020-11-03 13:05:23,-69,['tel']
253899906,$tel great things come from vulnerability.,2020-11-02 15:21:28,1,['tel']
253844699,"$tsla $tel focus-renault takes on &#39;range anxiety&#39; in electric sales push. but it&#39;s a long road 

https://newsfilter.io/a/416d371e9a326859cfa54ec466bc70e4",2020-11-02 06:36:33,-69,"['tel', 'tsla']"
253811951,$tel delta expiration 11/20/2020 #maxpain #options http://maximum-pain.com/greeks/tel?m=11%2f20%2f2020,2020-11-01 22:16:43,-69,['tel']
253700912,undervalued signal alert: $tel. more insights: https://stockinvest.us/technical-analysis/tel?utm_source=stocktwits&amp;utm_medium=autopost,2020-10-31 03:50:23,1,['tel']
253669175,"3 industrial stocks to watch if the u.s. recovery mimics china  $ph $lfus $tel $cmi $tt 

https://newsfilter.io/a/26b150a1d2ce361f6dfe9fd4f15b3f78",2020-10-30 22:01:25,-69,"['lfus', 'cmi', 'ph', 'tel', 'tt']"
253412223,"new ratings for cme($cme), te connectivity($tel),… https://www.macroaxis.com/invest/marketratings?s=cme,tel,aiz,hig,nov,wmb,f,fisv,msft #correlations #stocks #stockratings",2020-10-29 22:31:32,-69,"['cme', 'tel']"
253300486,"what auto supplier’s earnings say about electric vehicles  $aptv $f $tel $tsla 

https://newsfilter.io/a/51a650b478a537e3d8efb0d002e6a256",2020-10-29 16:52:11,-69,"['f', 'tel', 'tsla', 'aptv']"
253244044,$tel: te connectivity to present at baird&#39;s 2020 global industrial conference https://www.chartmill.com/stock/quote/tel/news?utm_source=stocktwits&amp;utm_medium=pressrelease&amp;utm_content=tel&amp;utm_campaign=social_tracking,2020-10-29 14:10:00,-69,['tel']
253236388,$tel new article : te connectivity to present at baird&#39;s 2020 global industrial conference https://www.stck.pro/news/tel/8820096,2020-10-29 13:51:14,-69,['tel']
253234003,"$tel [15s. delayed]: issued press release on october 29, 09:34:00: te connectivity to present at baird&#39;s 2020 global industrial conference https://s.flashalert.me/4a7l03",2020-10-29 13:44:58,-69,['tel']
253232098,$tel te connectivity to present at baird&#39;s 2020 global industrial conference https://www.otcdynamics.com/tel-te-connectivity-to-present-at-bairds-2020-global-industrial-conference,2020-10-29 13:39:50,-69,['tel']
253230284,"$tel te connectivity to present at baird&#39;s 2020 global industrial conference 

https://newsfilter.io/a/ad09eff9adf1267d6d6a4119138960b9",2020-10-29 13:34:56,-69,['tel']
253230277,"$tel te connectivity to present at baird&#39;s 2020 global industrial conference
https://www.stocktitan.net/news/tel/te-connectivity-to-present-at-baird-s-2020-global-industrial-5mkwn331bmfj.html",2020-10-29 13:34:55,-69,['tel']
253212003,$tel morgan stanley maintains to equal-weight : pt $101.00 https://stockhoot.com/extsymbol.aspx?from=analystratingtweet&amp;symbol=tel&amp;t=819&amp;social=stocktwits,2020-10-29 12:19:14,-69,['tel']
253184340,teconnectivity $tel bidaskscore is lowered to held https://bidaskclub.com/news/company/2020-10-28/tel,2020-10-29 05:52:03,-69,['tel']
253033530,"$tel new article : te connectivity q4 top-line down 1.2%, provides q1 outook https://www.stck.pro/news/tel/8802981",2020-10-28 16:34:18,-69,['tel']
253033117,"$tel te connectivity q4 top-line down 1.2%, provides q1 outook 

https://newsfilter.io/a/c16ba78e59f5e1dd06fe52c21a148a67",2020-10-28 16:32:56,-69,['tel']
253032067,"$tel new article : te connectivity q4 topline-data down 1.2%, provides q1 outook https://www.stck.pro/news/tel/8802864",2020-10-28 16:29:11,-69,['tel']
253031408,"$tel te connectivity q4 topline-data down 1.2%, provides q1 outook 

https://newsfilter.io/a/964e137ecba2745f9bfb33494081415f",2020-10-28 16:26:49,-69,['tel']
252943565,$tel updates q1 guidance to $1.25 eps and revenue guidance to $3.2 billion. https://www.marketbeat.com/g/52109,2020-10-28 12:23:18,-69,['tel']
252943207,"$tel beats by $0.29, beats on revs; guides q1 eps above consensus, revs above consensus https://www.briefing.com/in-depth-analysis/content/article?articleid=in20201028061833tel",2020-10-28 12:21:42,-69,['tel']
252938608,"$tel earnings call today: 8:30 am est 
analyst rating: strong buy 
webcast: http://mmm.wallstreethorizon.com/u.asp?u=346883",2020-10-28 11:59:38,-69,['tel']
252938532,$tel new article : recap: te connectivity q4 earnings https://www.stck.pro/news/tel/8796809,2020-10-28 11:59:08,-69,['tel']
252938513,"$tel recap: te connectivity q4 earnings 

https://newsfilter.io/a/cd29e8f4193a821367092dde683da162",2020-10-28 11:59:00,-69,['tel']
252931495,$tel updates q1 2021pre-market guidance to 1.25-1.25 eps and revenue guidance to $3.2-3.2 billion. https://www.marketbeat.com/g/52083,2020-10-28 11:11:18,-69,['tel']
252928505,$tel: te connectivity announces fourth quarter and full year results for fiscal year 2020 https://www.chartmill.com/news/tel/prnews-2020-10-28-te-connectivity-announces-fourth-quarter-and-full-year-results-for-fiscal-year-2020?utm_source=stocktwits&amp;utm_medium=pressrelease&amp;utm_content=tel&amp;utm_campaign=social_tracking,2020-10-28 10:47:00,-69,['tel']
252927009,$tel te connectivity announces fourth quarter and full year results for fiscal year 2020 https://www.otcdynamics.com/tel-te-connectivity-announces-fourth-quarter-and-full-year-results-for-fiscal-year-2020,2020-10-28 10:30:02,-69,['tel']
252926826,"te connectivity q4 adj. eps $1.16 beats $0.84 estimate, sales $3.26b beat $2.87b estimate

related tickers: $tel",2020-10-28 10:27:58,-69,['tel']
252926684,"$tel just filed with the sec a earnings release, a regulated disclosure and a financial exhibit https://last10k.com/sec-filings/tel/0001558370-20-011837.htm?utm_source=stocktwits&amp;utm_medium=forum&amp;utm_campaign=8k&amp;utm_term=tel",2020-10-28 10:26:29,-69,['tel']
252926162,"$tel earnings are out!! - get chart, ratings, trade ideas https://stockhoot.com/earningscalendar.aspx?from=afterearningstweet&amp;symbol=tel&amp;t=246&amp;social=stocktwits",2020-10-28 10:20:15,-69,['tel']
252926048,te connectivity announces fourth quarter and full year results for fiscal year 2020 http://www.conferencecalltranscripts.org/summary/?id=79764&amp;pr=true $tel,2020-10-28 10:19:02,-69,['tel']
252925902,te connectivity: consolidated statements of operations (unaudited)  http://www.conferencecalltranscripts.org/8/summary/?id=8483685 $tel,2020-10-28 10:17:18,-69,['tel']
252925879,"$tel [15s. delayed] filed form 8-k on october 28, 06:15:44: item2.02: results of operations &amp; financial condition https://s.flashalert.me/x8qm9m",2020-10-28 10:17:01,-69,['tel']
252925857,"$tel form 8-k: results of operations and financial condition​on october 28, 2020, te connectivity issued a press release reporting the company’s fourth quarter and full year results for fiscal 2020. a.. 

https://newsfilter.io/a/9b6cc4c05a32203854820568659183f8",2020-10-28 10:16:40,-69,['tel']
252925741,"$tel reported earnings of $1.25, consensus was $0.86 via @ewhispers #epsbeat http://eps.sh/d/tel",2020-10-28 10:15:27,-69,['tel']
252925595,$tel new article : te connectivity announces fourth quarter and full year results for fiscal year 2020 https://www.stck.pro/news/tel/8794478,2020-10-28 10:13:31,-69,['tel']
252924950,"$tel te connectivity eps beats by $0.29, beats on revenue 

https://newsfilter.io/a/5d552bbd7e6c3e73c0b32a2f2f835b3b",2020-10-28 10:06:47,-69,['tel']
252924783,"$tel [15s. delayed, acc.~90%, always check] earnings release october 28, 06:00:00: q4: gaap eps of $0.69, revenue $3,261m. 2020: eps of -$ https://s.flashalert.me/mwgdh",2020-10-28 10:05:11,-69,['tel']
252924762,"$tel [15s. delayed]: issued press release on october 28, 06:00:00: te connectivity announces fourth quarter and full year results for fisc https://s.flashalert.me/gj5jn",2020-10-28 10:05:01,-69,['tel']
252924526,"the ‘recovery has been faster than expected,’ says an industrial components ceo  $tel $bsx $mdt $ew 

https://newsfilter.io/a/d57acf8544cd41c93838091b56338a24",2020-10-28 10:01:57,-69,"['bsx', 'ew', 'mdt', 'tel']"
252924395,"$tel te connectivity announces fourth quarter and full year results for fiscal year 2020
https://www.stocktitan.net/news/tel/te-connectivity-announces-fourth-quarter-and-full-year-results-for-9satiow598ew.html",2020-10-28 10:00:37,-69,['tel']
252924384,"$tel te connectivity announces fourth quarter and full year results for fiscal year 2020 

https://newsfilter.io/a/657d8e0bf0f2b817b2252924219234b1",2020-10-28 10:00:34,-69,['tel']
252917399,$tel earnings bmo te connectivity ltd on 10/28/2020 see earningscalendar.io  | add to calendar | learn more | #stocks,2020-10-28 07:11:50,-69,['tel']
252891360,$tel earnings bmo te connectivity ltdon 10/28/2020 see earningscalendar.io  | add to calendar | learn more | #stocks,2020-10-28 01:11:33,-69,['tel']
252788745,"$tel reports before the open tomorrow, estimize consensus +0.03 eps and +37.10m revs compared to ws
http://www.estimize.com/tel/fq4-2020?utm_content=prerelease&amp;utm_medium=tweet&amp;utm_source=stocktwits",2020-10-27 18:00:03,-69,['tel']
252772188,$tel new article : te connectivity q4 2020 earnings preview https://www.stck.pro/news/tel/8780654,2020-10-27 17:05:12,-69,['tel']
252760595,"$tel #earnings tomorrow bmo - get chart, ratings, trade ideas  https://stockhoot.com/earningscalendar.aspx?from=individualtweet&amp;symbol=tel&amp;t=142&amp;social=stocktwits",2020-10-27 16:27:41,-69,['tel']
252353021,large cap earnings to watch this week; part 1: $tel $akam $spwr $nee $dt,2020-10-24 20:15:56,1,"['akam', 'spwr', 'tel', 'nee', 'dt']"
251279857,$tel baird reinstates to outperform : pt $118.00 https://stockhoot.com/extsymbol.aspx?from=analystratingtweet&amp;symbol=tel&amp;t=966&amp;social=stocktwits,2020-10-20 11:50:52,-69,['tel']
250927846,$tel high oi range is 75.00 to 120.00 for option expiration 11/20/2020 putcallratio=0.26 #maxpain #options http://maximum-pain.com/options/tel?m=11%2f20%2f2020,2020-10-17 19:07:22,-69,['tel']
250903836,"new ratings for te connectivity($tel), micron… https://www.macroaxis.com/invest/marketratings?s=tel,mu,aig,gd,pki,nvda,orly,see,kr,ivz,afi,agnc #correlations #stocks #stockratings",2020-10-17 12:40:03,-69,['tel']
250577148,"recap 10/15 +pos comments:
$tel + jefferies
$nflx + canaccord
$vfc + cowen
$adsk + motley fool

recap 10/15 -neg comments:
$infy - baird",2020-10-15 20:04:31,-69,"['adsk', 'infy', 'nflx', 'tel', 'vfc']"
250428681,$tel jefferies maintains to buy : pt $126.00 https://stockhoot.com/extsymbol.aspx?from=analystratingtweet&amp;symbol=tel&amp;t=963&amp;social=stocktwits,2020-10-15 12:44:09,-69,['tel']
249591748,"new ratings for te connectivity($tel), abercrombie… https://www.macroaxis.com/invest/marketratings?s=tel,anf,slm,fitb,txn,eix,dell,pacw,biib,teum,spwh,yum #correlations #stocks #stockratings",2020-10-11 22:41:32,-69,['tel']
249205226,$tel had approximately 25m usd go to the short side at 53 pct short  bears and bulls are fighting close  https://www.algowins.com/?wdt_column_filter[1]=tel,2020-10-09 01:46:02,-69,['tel']
249199101,"$tel  52w high earlier  106.26
https://youtu.be/jjauyalogmm",2020-10-09 01:01:10,-69,['tel']
249092787,$tel looks strong today,2020-10-08 17:56:19,-69,['tel']
248963825,"new ratings for te connectivity($tel), costco… https://www.macroaxis.com/invest/marketratings?s=tel,cost,d,bxp,unp,hpq,umbf,mro,aes,rrd,kmx,t #correlations #stocks #stockratings",2020-10-08 11:18:33,-69,['tel']
248946786,teconnectivity $tel bidaskscore is increased to bought https://bidaskclub.com/news/company/2020-10-07/tel,2020-10-08 06:02:03,-69,['tel']
248734426,52-week high alert: trading today&#39;s movement in te connectivity $tel https://wp.me/p5blgb-b2w3,2020-10-07 14:33:09,-69,['tel']
248693903,"$tel: te connectivity to report fourth quarter and full year financial results on october 28, 2020 https://www.chartmill.com/news/tel/prnews-2020-10-7-te-connectivity-to-report-fourth-quarter-and-full-year-financial-results-on-october-28-2020?utm_source=stocktwits&amp;utm_medium=pressrelease&amp;utm_content=tel&amp;utm_campaign=social_tracking",2020-10-07 12:38:00,-69,['tel']
248688489,"$tel [15s. delayed]: issued press release on october 07, 08:05:00: te connectivity to report fourth quarter and full year financial result https://s.flashalert.me/2ha21",2020-10-07 12:14:24,-69,['tel']
248688095,"$tel new article : te connectivity to report fourth quarter and full year financial results on october 28, 2020 https://www.stck.pro/news/tel/8290006",2020-10-07 12:12:28,-69,['tel']
248687384,"te connectivity to report fourth quarter and full year financial results on october 28, 2020 http://www.conferencecalltranscripts.org/summary/?id=65731&amp;pr=true $tel",2020-10-07 12:09:02,-69,['tel']
248657783,$tel had approximately 46m usd go to the short side at 61 pct short  the bears are on the attack  https://www.algowins.com/?wdt_column_filter[1]=tel,2020-10-07 04:23:40,-1,['tel']
248371944,"updated correlation matrix for te connectivity($tel),… https://www.macroaxis.com/invest/marketcorrelation?s=tel,cvs,noc,ge,gme,duk #insidertrading #stocks #fintechnews",2020-10-06 07:04:05,-69,['tel']
248195573,$tel morgan stanley maintains to equal-weight : pt $97.00 https://stockhoot.com/extsymbol.aspx?from=analystratingtweet&amp;symbol=tel&amp;t=223&amp;social=stocktwits,2020-10-05 15:04:46,-69,['tel']
248060877,2020-10-02 short sale volume (not short interest) for $tel is 49%. http://shortvolumes.com/?t=tel via @shortvolumes,2020-10-04 14:41:34,-69,['tel']
248020502,"updated ratings for te connectivity($tel),… https://www.macroaxis.com/invest/marketratings?s=tel,wy,tsn,cat,intc,rhi,gnw,amat,ivz,ctxs,lmt,cop #correlations #stocks #stockratings",2020-10-03 21:04:02,-69,['tel']
247572154,"new ratings for te connectivity($tel), popular($bpop),… https://www.macroaxis.com/invest/marketratings?s=tel,bpop,nwbi,gps,payx,blk,ppl,fit,caty,dva,ntrs,cci #insidertrading #stocks #fintechnews",2020-10-01 17:17:33,-69,"['bpop', 'tel']"
247500298,"te connectivity ltd.&#39;s pres. communications solutions just declared owning 12,386 shares of te  http://www.conferencecalltranscripts.org/5/summary2/?id=8407208 $tel",2020-10-01 13:56:49,-69,['tel']
247500031,"$tel [15s. delayed] filed sec form 3: insider stucki aaron kyle: 
 https://s.flashalert.me/fw0po",2020-10-01 13:56:12,-69,['tel']
247395333,"bullish portfolio proposal: te connectivity($tel),… https://www.macroaxis.com/invest/marketriskandreturn?s=tel,ipg,myl,fdx,twlo,v,orcl,cern,stz,unh,abc,clf #correlations #stocks #stockratings",2020-09-30 23:00:04,-69,['tel']
246476924,$tel had approximately 24m usd go to the short side at 36 pct short  the bears are few  https://www.algowins.com/?wdt_column_filter[1]=tel,2020-09-26 04:34:37,1,['tel']
246102463,"$tel: new sec filing on evp &amp; general counsel, john s jenkins: https://www.sec.gov/archives/edgar/data/1385157/000122520820011785/xslf345x03/doc4.xml",2020-09-24 18:46:02,-69,['tel']
246100041,"$tel [15s. delayed] filed sec form 4: insider jenkins john s: 
delivered securities 229 of common shares at price $96.25 and converted sec https://s.flashalert.me/ty2bdv",2020-09-24 18:38:27,-69,['tel']
246099912,"$tel $22,041.25 of shares sold by jenkins john s (evp &amp; general counsel), reported in a new form 4 filed with the sec  

https://newsfilter.io/a/ebb1567787b12bae561da58d8780a5a9",2020-09-24 18:38:04,-69,['tel']
245978272,$tel - http://www.trade-ideas.com/ticky/ticky.html?symbol=tel - might need a medic...we have a bleeder - running down: -0.93 in 39 seconds,2020-09-24 13:32:17,-69,['tel']
245623994,teconnectivity $tel bidaskscore is lowered to held https://bidaskclub.com/news/company/2020-09-22/tel,2020-09-23 09:01:03,-69,['tel']
245321605,$tel had approximately 32m usd go to the short side at 50 pct short  bears and bulls are fighting close  https://www.algowins.com/?wdt_column_filter[1]=tel,2020-09-22 02:20:02,-69,['tel']
244681923,brokers issue forecasts for te connectivity ltd&#39;s q2 2021 earnings (nyse:tel) $tel #tel https://www.marketbeat.com/n/4464396/,2020-09-18 12:27:12,-69,['tel']
244408815,oppenheimer raises te connectivity (nyse:tel) price target to $114.00 $tel #tel https://www.marketbeat.com/n/4463200/,2020-09-17 12:37:21,-69,['tel']
244402175,te connectivity&#39;s pt raised by oppenheimer holdings inc. to $114.00. outperform rating. https://www.marketbeat.com/r/1478814 $tel,2020-09-17 12:09:57,-69,['tel']
244389048,stock traders buy high volume of te connectivity call options (nyse:tel) $tel #tel https://www.marketbeat.com/n/4462987/,2020-09-17 10:41:26,-69,['tel']
244311986,"$tel   52w high earlier 103.20
https://youtu.be/qmcnamrusr0",2020-09-16 23:02:48,-69,['tel']
244076686,$tel ubs initiates coverage on to buy : pt $130.00 https://stockhoot.com/extsymbol.aspx?from=analystratingtweet&amp;symbol=tel&amp;t=254&amp;social=stocktwits,2020-09-16 10:27:11,-69,['tel']
244045412,te connectivity initiated by ubs group ag at buy. https://www.marketbeat.com/r/1478001 $tel,2020-09-16 02:13:05,-69,['tel']
244012232,"$tel  52w high earlier 101.57
https://youtu.be/vcrtce3xjdw",2020-09-15 22:31:32,-69,['tel']
243969611,"$tel $728,418.81 of shares sold by mitts heath a (evp &amp; chief financial officer), reported in a new form 4 filed with the sec  https://newsfilter.io/a/81a92c0c9db9235ea86ec0afdee7fba3",2020-09-15 19:54:17,-69,['tel']
243967717,"$tel [15s. delayed] filed sec form 4: insider mitts heath a: 
delivered securities 7,323 of common shares at price $99.47 and converted se https://s.flashalert.me/6qoqbk",2020-09-15 19:49:40,-69,['tel']
243881170,"$tel [15s. delayed] filed sec form 4: insider jenkins john s: 
delivered securities 389 of common shares at average price $97.86 and conve https://s.flashalert.me/v5kpfj",2020-09-15 15:38:41,-69,['tel']
243881018,"$tel $38,067.54 of shares sold by jenkins john s (evp &amp; general counsel), reported in a new form 4 filed with the sec  

https://newsfilter.io/a/06587f74ac931d970ab59a73d2db25c7",2020-09-15 15:38:17,-69,['tel']
243875185,52-week high alert: trading today&#39;s movement in te connectivity $tel https://wp.me/p5blgb-aogb,2020-09-15 15:21:36,-69,['tel']
243855165,"💰 revenue history for te connectivity ($tel)️:

2020 q2 :   $2.54 b    -20.25%
2020 q1 :   $3.19 b     +0.85%
2019 q4 :   $3.16 b

more: https://companiesmarketcap.com/te-connectivity/revenue/",2020-09-15 14:30:20,-69,['tel']
243600962,$tel delta expiration 09/18/2020 #maxpain #options http://maximum-pain.com/greeks/tel?m=09%2f18%2f2020,2020-09-14 15:31:43,-69,['tel']
243552695,"goldman sachs sees winners in the auto tech space  $st $tel $aptv $aph 

https://newsfilter.io/a/c0c2e02bfff8ab14c626daf065f4243b",2020-09-14 13:24:40,-69,"['aph', 'tel', 'st', 'aptv']"
243447936,"📈 market cap history for te connectivity ($tel)️:

2020 : $32 b   +0.96%
2019 : $32 b   +24.89%
2018 : $26 b   -23.15%
2017 : $33 b   +35.6%

more: https://companiesmarketcap.com/te-connectivity/marketcap/",2020-09-13 18:07:45,-69,['tel']
243420629,"what would you do? $tel in downtrend: its price expected to drop as it breaks its higher bollinger band on september 1, 2020. view odds for this and other indicators: https://srnk.us/go/2095890",2020-09-13 07:45:07,-69,['tel']
243386464,icymi: bullish stocks with high roi- $ntrs $tel $incy http://dlvr.it/rgtytn,2020-09-12 21:00:33,-69,"['incy', 'ntrs', 'tel']"
243147609,bullish stocks with high roi- $ntrs $tel $incy http://dlvr.it/rgq3xp,2020-09-11 13:59:02,-69,"['incy', 'ntrs', 'tel']"
243116611,"our analyzer finds a low risk trade suggestion for $tel, buy stop @97.61, stop @95.18!. https://www.chartmill.com/stock/quote/tel/technical-analysis?key=e41d30dc-b801-44e0-aa26-9b264e1c4704&amp;utm_source=stocktwits&amp;utm_medium=ta&amp;utm_content=tel&amp;utm_campaign=social_tracking",2020-09-11 12:11:00,-69,['tel']
242872289,"updated correlation matrix for te connectivity($tel),… https://www.macroaxis.com/invest/marketcorrelation?s=tel,vfc,mmc,flr,wafd,crsp,cacc,abt,pins,f,ecl,mdrpf #insidertrading #stocks #fintechnews",2020-09-10 14:07:05,-69,['tel']
242811843,teconnectivity $tel bidaskscore is upgraded to bought https://bidaskclub.com/news/company/2020-09-09/tel,2020-09-10 06:01:03,-69,['tel']
242546653,$tel - investment perspective on te… https://www.macroaxis.com/invest/competition/tel/txn/te-connectivity-vs-texas #portfolio_prospective #better_portfolio #diversify,2020-09-09 08:05:32,-69,['tel']
242517216,$tel had approximately 24m usd go to the short side at 48 pct short  bears and bulls are fighting close  https://www.algowins.com/?wdt_column_filter[1]=tel,2020-09-09 01:27:04,-69,['tel']
242473486,"$tel: new sec filing on president, industrial solution, kevin n rock: https://www.sec.gov/archives/edgar/data/1385157/000122520820011367/xslf345x03/doc4.xml",2020-09-08 21:37:01,-69,['tel']
242473481,"$tel reported 4 new insider trades to the sec in the last 2 minutes.

67 shares acquired by rock kevin n (president, industrial solution)   https://newsfilter.io/articles/4-form-e55cbc06daab98cdb25df9c58f639136
100 shares acquired by mitts heath a (evp &amp; chief financial officer)   https://newsfilter.io/articles/4-form-ddb792f6a08c462e8e68684bc2eebebc
42 shares acquired by resch eric (sr vp &amp; chief tax officer)   https://newsfilter.io/articles/4-form-548cfc1bcef1596aae07b17d9a6cc2d1
42 shares acquired by calastri mario (svp &amp; treasurer)   https://newsfilter.io/articles/4-form-f3c5b2d78bcc0e10960673819a320138",2020-09-08 21:36:59,-69,['tel']
242472385,"$tel [15s. delayed] filed sec form 4: insider resch eric: 
transacted derivative securities on 2020-09-04.  https://s.flashalert.me/re3xj1",2020-09-08 21:32:33,-69,['tel']
242472382,"$tel [15s. delayed] filed sec form 4: insider rock kevin n: 
transacted derivative securities on 2020-09-04.  https://s.flashalert.me/e3eytw",2020-09-08 21:32:33,-69,['tel']
242472367,"$tel [15s. delayed] filed sec form 4: insider calastri mario: 
transacted derivative securities on 2020-09-04.  https://s.flashalert.me/droybb",2020-09-08 21:32:29,-69,['tel']
242472338,"$tel [15s. delayed] filed sec form 4: insider mitts heath a: 
transacted derivative securities on 2020-09-04.  https://s.flashalert.me/tfzdau",2020-09-08 21:32:22,-69,['tel']
242472237,"$tel [15s. delayed] filed sec form 4: insider jenkins john s: 
gifted 696 of common shares at average price $0 between 2020-08-03 and 2020 https://s.flashalert.me/7mhry",2020-09-08 21:31:59,-69,['tel']
242472168,"$tel jenkins john s (evp &amp; general counsel) sold new securities, reported in a new form 4 filed with the sec  

https://newsfilter.io/a/dd570c9d648a83fd9ddaedbf87ad373a",2020-09-08 21:31:39,-69,['tel']
242313156,"updated ratings for eqt($eqt), te connectivity($tel),… https://www.macroaxis.com/invest/marketratings?s=eqt,tel,schw,adp,ibkr,cmi,ew,wtfc,aa,ffhl,cmcsa,lly #insidertrading #stocks #fintechnews",2020-09-08 13:07:02,-69,"['eqt', 'tel']"
241862372,($dow) ($ip) ($pkg) ($tel) found possible cup and handle on 2hr.,2020-09-04 15:04:32,-69,"['dow', 'ip', 'pkg', 'tel']"
241769132,"updated correlation matrix for te connectivity($tel),… https://www.macroaxis.com/invest/marketcorrelation?s=tel,pdco,cvbf,rok,kelyb,btu,ffiv,luv,r,sigi,csco,cmg #correlations #stocks #stockratings",2020-09-04 07:06:02,-69,['tel']
241764372,$tel had approximately 54m usd go to the short side at 43 pct short  the bears are few  https://www.algowins.com/?wdt_column_filter[1]=tel,2020-09-04 05:31:19,1,['tel']
241431464,good move or bad move? $tel&#39;s in uptrend: moving average convergence divergence (macd) histogram crosses above signal line. view odds for this and other indicators: https://srnk.us/go/2057722,2020-09-03 08:46:47,-69,['tel']
241424568,$tel had approximately 50m usd go to the short side at 67 pct short  the bears are on the attack  https://www.algowins.com/?wdt_column_filter[1]=tel,2020-09-03 06:29:31,-1,['tel']
241273492,$tel max pain is 90.00 for maturity 09/18/2020. #maxpain #options http://maximum-pain.com/options/tel?m=09%2f18%2f2020,2020-09-02 18:57:55,-69,['tel']
240950975,short sale volume (not short interest) for $tel on 2020-08-31 is 49%. http://shortvolumes.com/?t=tel via @shortvolumes,2020-09-01 19:50:35,-69,['tel']
240945051,$tel good company needs its stock to match,2020-09-01 19:36:39,1,['tel']
240730366,te connectivity ltd (nyse:tel) expected to post quarterly sales of $2.82 billion $tel #tel https://www.marketbeat.com/n/4446533/,2020-09-01 05:23:40,-69,['tel']
240618281,$tel new article : te connectivity shows rising relative price performance https://www.stck.pro/news/tel/7363317,2020-08-31 19:45:06,-69,['tel']
240428933,te connectivity ltd (nyse:tel) expected to post earnings of $0.81 per share $tel #tel https://www.marketbeat.com/n/4445244/,2020-08-31 04:11:58,-69,['tel']
240320519,the short sale volume (not short interest) for $tel on 2020-08-28 is 55%. http://shortvolumes.com/?t=tel via @shortvolumes,2020-08-30 00:32:35,-69,['tel']
240221693,"$tel kevin n rock sold 25,413 shares [average conviction] www.insider-analysis.com/search_transactions.php?ticker=table_tel",2020-08-28 23:15:44,-69,['tel']
240221078,"$tel kevin n rock bought 15,250 shares [average conviction] www.insider-analysis.com/search_transactions.php?ticker=table_tel",2020-08-28 23:11:44,-69,['tel']
240220468,"$tel kevin n rock bought 17,550 shares [average conviction] www.insider-analysis.com/search_transactions.php?ticker=table_tel",2020-08-28 23:07:43,-69,['tel']
240208318,$tel golden ticker yet keeps low profile,2020-08-28 21:53:11,-69,['tel']
240061199,"$tel te connectivity was awarded a new government contract &quot;59connector,receptacl&quot;, total contract value: $148284.40 

https://newsfilter.io/a/962a3397805936b25bdba1b520b8a998",2020-08-28 14:54:34,-69,['tel']
239856045,"insider trading alert: te connectivity ltd. ($tel) president, industrial solution, rock kevin n sold 25.41 thousand shares on august 26, 2020 for a total value of $ 2.42 million at an average price of $ 95.25, following the completion of transaction the insider owns 61.86 thousand shares 
 
https://www.stockmarketintellects.com/insider-trading-dashboard/?symbol=tel",2020-08-27 20:06:50,-69,['tel']
239765173,"te connectivity insider kevin rock sells $2,420,588.25 in $tel https://www.marketbeat.com/i/404879",2020-08-27 16:31:01,-69,['tel']
239693857,"$tel [15s. delayed] filed sec form 4: insider rock kevin n: 
disposed 25,413 of common shares at price $95.25 and converted securities 32, https://s.flashalert.me/ss5y7",2020-08-27 14:08:06,-69,['tel']
239693629,"#fwsells $tel rock kevin n, president, industrial solution of te connectivity ltd. sold 25413 shares on 2020-08-26. https://formwhispers.com/s?t=tel",2020-08-27 14:07:46,-69,['tel']
239693600,"$tel $554,210.75 of shares sold by rock kevin n (president, industrial solution), reported in a new form 4 filed with the sec  

https://newsfilter.io/a/c3baac11fb1b7d83cf736e1ef5687ab4",2020-08-27 14:07:43,-69,['tel']
239653351,"$tel te connectivity to present at citi&#39;s 2020 global virtual technology conference
https://www.stocktitan.net/news/tel/te-connectivity-to-present-at-citi-s-2020-global-virtual-technology-ei2x1okiucay.html",2020-08-27 12:30:36,-69,['tel']
239653343,"$tel te connectivity to present at citi&#39;s 2020 global virtual technology conference 

https://newsfilter.io/a/80625fc6e8a7c5a638d884914130584c",2020-08-27 12:30:34,-69,['tel']
239529626,"$tel te connectivity was awarded a new government contract &quot;59connector,receptacl&quot;, total contract value: $250000.00 

https://newsfilter.io/a/7960e5ea32e13cd1e96fe112ee5c5dda",2020-08-26 20:49:01,-69,['tel']
239202008,"$tel mario calastri sold 10,757 shares [average conviction] www.insider-analysis.com/search_transactions.php?ticker=table_tel",2020-08-25 20:33:46,-69,['tel']
239146445,$tel turn your wounds into wisdom.might want to see.http://psce.pw/fdaapprovedinvestorcanidiates,2020-08-25 18:22:55,1,['tel']
239140349,$tel stumbling is not falling.might be good for you.http://psce.pw/fdaapprovedinvestorcanidiates,2020-08-25 18:08:01,1,['tel']
238847304,"insider trading alert: te connectivity ltd. ($tel) svp &amp; treasurer, calastri mario sold 10.76 thousand shares on august 24, 2020 for a total value of $ 1.02 million at an average price of $ 94.60, following the completion of transaction the insider owns 23.12 thousand shares 
 
https://www.stockmarketintellects.com/insider-trading-dashboard/?symbol=tel",2020-08-24 19:28:34,-69,['tel']
238834944,"te connectivity svp mario calastri sells $1,017,612.20 in $tel https://www.marketbeat.com/i/404246",2020-08-24 18:57:01,-69,['tel']
238833376,"mario calastri sells 10,757 shares of te connectivity ltd (nyse:tel) stock $tel #tel https://www.marketbeat.com/n/4439692/",2020-08-24 18:53:01,-69,['tel']
238826047,$tel new article : stocks generating improved relative strength: te connectivity https://www.stck.pro/news/tel/7199534,2020-08-24 18:33:14,-69,['tel']
238813546,"$tel: new sec filing on svp &amp; treasurer, mario calastri: https://www.sec.gov/archives/edgar/data/1385157/000122520820010847/xslf345x03/doc4.xml",2020-08-24 17:57:02,-69,['tel']
238811142,"$tel [15s. delayed] filed sec form 4: insider calastri mario: 
disposed 10,757 of common shares at price $94.6 on 2020-08-24, decreased ho https://s.flashalert.me/wachks",2020-08-24 17:50:03,-69,['tel']
238811011,"#fwsells $tel calastri mario, svp &amp; treasurer of te connectivity ltd. sold 10757 shares on 2020-08-24. https://formwhispers.com/s?t=tel",2020-08-24 17:49:44,-69,['tel']
238810994,"$tel $1,017,612.20 of shares sold by calastri mario (svp &amp; treasurer), reported in a new form 4 filed with the sec  

https://newsfilter.io/a/1d6a51ffde3a528adebc758a634432ac",2020-08-24 17:49:41,-69,['tel']
238530034,teconnectivity $tel bidaskscore is #reiterated to held https://bidaskclub.com/news/company/2020-08-21/tel,2020-08-23 07:01:03,-69,['tel']
238489447,te connectivity ltd (nyse:tel) given average rating of &quot;buy&quot; by brokerages $tel #tel https://www.marketbeat.com/n/4438105/,2020-08-22 19:44:57,-69,['tel']
237801476,"te connectivity ltd. ($tel) ex-dividend date scheduled for august 20, 2020 - stock market intellects https://www.stockmarketintellects.com/te-connectivity-ltd-tel-ex-dividend-date-scheduled-for-august-20-2020/",2020-08-20 08:45:52,-69,['tel']
237114301,"some recent s&amp;p 500 insider trades: $fdx $jnpr $mtd $reg $tel
https://www.finscreener.com/insider/insider-trades/sp500",2020-08-17 22:41:42,-69,"['jnpr', 'fdx', 'mtd', 'reg', 'tel']"
236916715,$tel two different insiders sold huge load of shares. writing is on the wall.,2020-08-17 12:30:02,-69,['tel']
236865171,"$tel eric resch bought 22,400 shares [average conviction] www.insider-analysis.com/search_transactions.php?ticker=table_tel",2020-08-17 00:55:53,-69,['tel']
236864334,"$tel eric resch bought 30,700 shares [high conviction] www.insider-analysis.com/search_transactions.php?ticker=table_tel",2020-08-17 00:47:37,-69,['tel']
236799622,"new ratings for te connectivity($tel), oneok($oke),… https://www.macroaxis.com/invest/marketratings?s=tel,oke,flir,cmcsa,pico,cbsh,bsx,glw,usb,lmt,bll,whr #insidertrading #stocks #fintechnews",2020-08-16 07:18:03,-69,"['oke', 'tel']"
