id,body,created_at,sentiment,symbols
254747824,$tel daniel j phelan bought 150 shares [very low conviction] www.insider-analysis.com/search_transactions.php?ticker=table_tel,2020-11-06 00:26:39,-69,['tel']
254740686,2020-11-04 short sale volume (not short interest) for $tel is 55%. http://shortvolumes.com/?t=tel via @shortvolumes,2020-11-05 23:50:36,-69,['tel']
254730907,"te connectivity svp mario calastri sells $1,151,808.00 in $tel https://www.marketbeat.com/i/414672",2020-11-05 23:03:22,-69,['tel']
254596333,$tel new insider selling: 11200 shares. http://insiderbuyingselling.com/?t=tel,2020-11-05 15:36:34,-69,['tel']
254596260,"$tel [15s. delayed] filed sec form 4: insider calastri mario: 
disposed 11,200 of common shares at price $102.83 and converted securities  https://s.flashalert.me/nnbg5g",2020-11-05 15:36:22,-69,['tel']
254596151,"$tel $770,336.00 of shares sold by calastri mario (svp &amp; treasurer), reported in a new form 4 filed with the sec  

https://newsfilter.io/a/75de4431a990f4769987a1183816766a",2020-11-05 15:36:02,-69,['tel']
254574251,$tel new insider selling: 100000 shares. http://insiderbuyingselling.com/?t=tel,2020-11-05 14:36:35,-69,['tel']
254572413,"$tel $3,559,949.40 of shares sold by lynch thomas j (director), reported in a new form 4 filed with the sec  https://newsfilter.io/a/5436304252822961df236a987f15b624",2020-11-05 14:30:43,-69,['tel']
254571087,"$tel [15s. delayed] filed sec form 4: insider lynch thomas j: 
disposed 100,000 of common shares at average price $101.55 and converted se https://s.flashalert.me/8ofgbq",2020-11-05 14:26:04,-69,['tel']
254513721,"$tel: new sec filing on director, daniel j phelan: https://www.sec.gov/archives/edgar/data/1385157/000122520820013023/xslf345x03/doc4.xml",2020-11-05 04:12:01,-69,['tel']
254512797,"$tel er on 11/4 before open. sp were up 27 times out of last 43 qtrs (62%) in er. $tel morgan stanley maintains to equal-weight : pt $101.00. anybody buying/selling in earnings?  
 
https://stocksearning.com/stocks/tel/earnings-date 
#tel #teconnectivityltd #stockmarket #stocktwits #stocksearning",2020-11-05 04:02:06,-69,['tel']
254460775,te connectivity ltd. director just picked up 150 shares  http://www.conferencecalltranscripts.org/4/summary/?id=8518508 $tel,2020-11-04 21:55:54,-69,['tel']
254458696,"$tel [15s. delayed] filed sec form 4: insider phelan daniel j: 
acquired 150 of common shares at price $101.44 on 2020-11-03, increased ho https://s.flashalert.me/cfblks",2020-11-04 21:48:06,-69,['tel']
254458598,"$tel $15,216.00 of shares acquired by phelan daniel j (director), reported in a new form 4 filed with the sec  

https://newsfilter.io/a/0c4ecbd039c57f914dfe1443ff12e308",2020-11-04 21:47:43,-69,['tel']
254170127,$tel announced a dividend (ord/te connectivity ltd) https://www.dividendinvestor.com/dn/2903729,2020-11-03 18:17:50,-69,['tel']
254089089,"$fsr, $tel and $mplx gapping up today. https://www.chartmill.com/stock/stock-screener?v=3&amp;f=s_gup,p_pg10,v1_50b500,exch_us&amp;utm_source=stocktwits&amp;utm_medium=screener&amp;utm_content=stock_screener:_gap_up&amp;utm_campaign=social_tracking",2020-11-03 13:41:00,-69,"['tel', 'mplx', 'fsr']"
254087700,$tel: te connectivity announces fiscal 2021 first quarter dividend record and payment dates https://www.chartmill.com/news/tel/prnews-2020-11-3-te-connectivity-announces-fiscal-2021-first-quarter-dividend-record-and-payment-dates?utm_source=stocktwits&amp;utm_medium=pressrelease&amp;utm_content=tel&amp;utm_campaign=social_tracking,2020-11-03 13:34:00,-69,['tel']
254085665,$tel new article : te connectivity announces fiscal 2021 first quarter dividend record and payment dates https://www.stck.pro/news/tel/8907187,2020-11-03 13:23:15,-69,['tel']
254085072,te connectivity announces fiscal 2021 first quarter dividend record and payment dates http://www.conferencecalltranscripts.org/summary/?id=85720&amp;pr=true $tel,2020-11-03 13:20:02,-69,['tel']
254084074,"$tel [15s. delayed]: issued press release on november 03, 08:05:00: te connectivity announces fiscal 2021 first quarter dividend record an https://s.flashalert.me/ni7bx9",2020-11-03 13:14:09,-69,['tel']
254082455,"$tel te connectivity announces fiscal 2021 first quarter dividend record and payment dates 

https://newsfilter.io/a/c2a1907a7deeb2d5db8acec68fb7bf85",2020-11-03 13:05:36,-69,['tel']
254082413,"$tel te connectivity announces fiscal 2021 first quarter dividend record and payment dates
https://www.stocktitan.net/news/tel/te-connectivity-announces-fiscal-2021-first-quarter-dividend-record-6xkng6gkbc4c.html

#dividends",2020-11-03 13:05:23,-69,['tel']
253899906,$tel great things come from vulnerability.,2020-11-02 15:21:28,1,['tel']
253844699,"$tsla $tel focus-renault takes on &#39;range anxiety&#39; in electric sales push. but it&#39;s a long road 

https://newsfilter.io/a/416d371e9a326859cfa54ec466bc70e4",2020-11-02 06:36:33,-69,"['tel', 'tsla']"
253811951,$tel delta expiration 11/20/2020 #maxpain #options http://maximum-pain.com/greeks/tel?m=11%2f20%2f2020,2020-11-01 22:16:43,-69,['tel']
253700912,undervalued signal alert: $tel. more insights: https://stockinvest.us/technical-analysis/tel?utm_source=stocktwits&amp;utm_medium=autopost,2020-10-31 03:50:23,1,['tel']
253669175,"3 industrial stocks to watch if the u.s. recovery mimics china  $ph $lfus $tel $cmi $tt 

https://newsfilter.io/a/26b150a1d2ce361f6dfe9fd4f15b3f78",2020-10-30 22:01:25,-69,"['lfus', 'cmi', 'ph', 'tel', 'tt']"
253412223,"new ratings for cme($cme), te connectivity($tel),… https://www.macroaxis.com/invest/marketratings?s=cme,tel,aiz,hig,nov,wmb,f,fisv,msft #correlations #stocks #stockratings",2020-10-29 22:31:32,-69,"['cme', 'tel']"
253300486,"what auto supplier’s earnings say about electric vehicles  $aptv $f $tel $tsla 

https://newsfilter.io/a/51a650b478a537e3d8efb0d002e6a256",2020-10-29 16:52:11,-69,"['f', 'tel', 'tsla', 'aptv']"
253244044,$tel: te connectivity to present at baird&#39;s 2020 global industrial conference https://www.chartmill.com/stock/quote/tel/news?utm_source=stocktwits&amp;utm_medium=pressrelease&amp;utm_content=tel&amp;utm_campaign=social_tracking,2020-10-29 14:10:00,-69,['tel']
253236388,$tel new article : te connectivity to present at baird&#39;s 2020 global industrial conference https://www.stck.pro/news/tel/8820096,2020-10-29 13:51:14,-69,['tel']
253234003,"$tel [15s. delayed]: issued press release on october 29, 09:34:00: te connectivity to present at baird&#39;s 2020 global industrial conference https://s.flashalert.me/4a7l03",2020-10-29 13:44:58,-69,['tel']
253232098,$tel te connectivity to present at baird&#39;s 2020 global industrial conference https://www.otcdynamics.com/tel-te-connectivity-to-present-at-bairds-2020-global-industrial-conference,2020-10-29 13:39:50,-69,['tel']
253230284,"$tel te connectivity to present at baird&#39;s 2020 global industrial conference 

https://newsfilter.io/a/ad09eff9adf1267d6d6a4119138960b9",2020-10-29 13:34:56,-69,['tel']
253230277,"$tel te connectivity to present at baird&#39;s 2020 global industrial conference
https://www.stocktitan.net/news/tel/te-connectivity-to-present-at-baird-s-2020-global-industrial-5mkwn331bmfj.html",2020-10-29 13:34:55,-69,['tel']
253212003,$tel morgan stanley maintains to equal-weight : pt $101.00 https://stockhoot.com/extsymbol.aspx?from=analystratingtweet&amp;symbol=tel&amp;t=819&amp;social=stocktwits,2020-10-29 12:19:14,-69,['tel']
253184340,teconnectivity $tel bidaskscore is lowered to held https://bidaskclub.com/news/company/2020-10-28/tel,2020-10-29 05:52:03,-69,['tel']
253033530,"$tel new article : te connectivity q4 top-line down 1.2%, provides q1 outook https://www.stck.pro/news/tel/8802981",2020-10-28 16:34:18,-69,['tel']
253033117,"$tel te connectivity q4 top-line down 1.2%, provides q1 outook 

https://newsfilter.io/a/c16ba78e59f5e1dd06fe52c21a148a67",2020-10-28 16:32:56,-69,['tel']
253032067,"$tel new article : te connectivity q4 topline-data down 1.2%, provides q1 outook https://www.stck.pro/news/tel/8802864",2020-10-28 16:29:11,-69,['tel']
253031408,"$tel te connectivity q4 topline-data down 1.2%, provides q1 outook 

https://newsfilter.io/a/964e137ecba2745f9bfb33494081415f",2020-10-28 16:26:49,-69,['tel']
252943565,$tel updates q1 guidance to $1.25 eps and revenue guidance to $3.2 billion. https://www.marketbeat.com/g/52109,2020-10-28 12:23:18,-69,['tel']
252943207,"$tel beats by $0.29, beats on revs; guides q1 eps above consensus, revs above consensus https://www.briefing.com/in-depth-analysis/content/article?articleid=in20201028061833tel",2020-10-28 12:21:42,-69,['tel']
252938608,"$tel earnings call today: 8:30 am est 
analyst rating: strong buy 
webcast: http://mmm.wallstreethorizon.com/u.asp?u=346883",2020-10-28 11:59:38,-69,['tel']
252938532,$tel new article : recap: te connectivity q4 earnings https://www.stck.pro/news/tel/8796809,2020-10-28 11:59:08,-69,['tel']
252938513,"$tel recap: te connectivity q4 earnings 

https://newsfilter.io/a/cd29e8f4193a821367092dde683da162",2020-10-28 11:59:00,-69,['tel']
252931495,$tel updates q1 2021pre-market guidance to 1.25-1.25 eps and revenue guidance to $3.2-3.2 billion. https://www.marketbeat.com/g/52083,2020-10-28 11:11:18,-69,['tel']
252928505,$tel: te connectivity announces fourth quarter and full year results for fiscal year 2020 https://www.chartmill.com/news/tel/prnews-2020-10-28-te-connectivity-announces-fourth-quarter-and-full-year-results-for-fiscal-year-2020?utm_source=stocktwits&amp;utm_medium=pressrelease&amp;utm_content=tel&amp;utm_campaign=social_tracking,2020-10-28 10:47:00,-69,['tel']
252927009,$tel te connectivity announces fourth quarter and full year results for fiscal year 2020 https://www.otcdynamics.com/tel-te-connectivity-announces-fourth-quarter-and-full-year-results-for-fiscal-year-2020,2020-10-28 10:30:02,-69,['tel']
252926826,"te connectivity q4 adj. eps $1.16 beats $0.84 estimate, sales $3.26b beat $2.87b estimate

related tickers: $tel",2020-10-28 10:27:58,-69,['tel']
252926684,"$tel just filed with the sec a earnings release, a regulated disclosure and a financial exhibit https://last10k.com/sec-filings/tel/0001558370-20-011837.htm?utm_source=stocktwits&amp;utm_medium=forum&amp;utm_campaign=8k&amp;utm_term=tel",2020-10-28 10:26:29,-69,['tel']
252926162,"$tel earnings are out!! - get chart, ratings, trade ideas https://stockhoot.com/earningscalendar.aspx?from=afterearningstweet&amp;symbol=tel&amp;t=246&amp;social=stocktwits",2020-10-28 10:20:15,-69,['tel']
252926048,te connectivity announces fourth quarter and full year results for fiscal year 2020 http://www.conferencecalltranscripts.org/summary/?id=79764&amp;pr=true $tel,2020-10-28 10:19:02,-69,['tel']
252925902,te connectivity: consolidated statements of operations (unaudited)  http://www.conferencecalltranscripts.org/8/summary/?id=8483685 $tel,2020-10-28 10:17:18,-69,['tel']
252925879,"$tel [15s. delayed] filed form 8-k on october 28, 06:15:44: item2.02: results of operations &amp; financial condition https://s.flashalert.me/x8qm9m",2020-10-28 10:17:01,-69,['tel']
252925857,"$tel form 8-k: results of operations and financial condition​on october 28, 2020, te connectivity issued a press release reporting the company’s fourth quarter and full year results for fiscal 2020. a.. 

https://newsfilter.io/a/9b6cc4c05a32203854820568659183f8",2020-10-28 10:16:40,-69,['tel']
252925741,"$tel reported earnings of $1.25, consensus was $0.86 via @ewhispers #epsbeat http://eps.sh/d/tel",2020-10-28 10:15:27,-69,['tel']
252925595,$tel new article : te connectivity announces fourth quarter and full year results for fiscal year 2020 https://www.stck.pro/news/tel/8794478,2020-10-28 10:13:31,-69,['tel']
252924950,"$tel te connectivity eps beats by $0.29, beats on revenue 

https://newsfilter.io/a/5d552bbd7e6c3e73c0b32a2f2f835b3b",2020-10-28 10:06:47,-69,['tel']
252924783,"$tel [15s. delayed, acc.~90%, always check] earnings release october 28, 06:00:00: q4: gaap eps of $0.69, revenue $3,261m. 2020: eps of -$ https://s.flashalert.me/mwgdh",2020-10-28 10:05:11,-69,['tel']
252924762,"$tel [15s. delayed]: issued press release on october 28, 06:00:00: te connectivity announces fourth quarter and full year results for fisc https://s.flashalert.me/gj5jn",2020-10-28 10:05:01,-69,['tel']
252924526,"the ‘recovery has been faster than expected,’ says an industrial components ceo  $tel $bsx $mdt $ew 

https://newsfilter.io/a/d57acf8544cd41c93838091b56338a24",2020-10-28 10:01:57,-69,"['bsx', 'ew', 'mdt', 'tel']"
252924395,"$tel te connectivity announces fourth quarter and full year results for fiscal year 2020
https://www.stocktitan.net/news/tel/te-connectivity-announces-fourth-quarter-and-full-year-results-for-9satiow598ew.html",2020-10-28 10:00:37,-69,['tel']
252924384,"$tel te connectivity announces fourth quarter and full year results for fiscal year 2020 

https://newsfilter.io/a/657d8e0bf0f2b817b2252924219234b1",2020-10-28 10:00:34,-69,['tel']
252917399,$tel earnings bmo te connectivity ltd on 10/28/2020 see earningscalendar.io  | add to calendar | learn more | #stocks,2020-10-28 07:11:50,-69,['tel']
252891360,$tel earnings bmo te connectivity ltdon 10/28/2020 see earningscalendar.io  | add to calendar | learn more | #stocks,2020-10-28 01:11:33,-69,['tel']
252788745,"$tel reports before the open tomorrow, estimize consensus +0.03 eps and +37.10m revs compared to ws
http://www.estimize.com/tel/fq4-2020?utm_content=prerelease&amp;utm_medium=tweet&amp;utm_source=stocktwits",2020-10-27 18:00:03,-69,['tel']
252772188,$tel new article : te connectivity q4 2020 earnings preview https://www.stck.pro/news/tel/8780654,2020-10-27 17:05:12,-69,['tel']
252760595,"$tel #earnings tomorrow bmo - get chart, ratings, trade ideas  https://stockhoot.com/earningscalendar.aspx?from=individualtweet&amp;symbol=tel&amp;t=142&amp;social=stocktwits",2020-10-27 16:27:41,-69,['tel']
252353021,large cap earnings to watch this week; part 1: $tel $akam $spwr $nee $dt,2020-10-24 20:15:56,1,"['akam', 'spwr', 'tel', 'nee', 'dt']"
251279857,$tel baird reinstates to outperform : pt $118.00 https://stockhoot.com/extsymbol.aspx?from=analystratingtweet&amp;symbol=tel&amp;t=966&amp;social=stocktwits,2020-10-20 11:50:52,-69,['tel']
250927846,$tel high oi range is 75.00 to 120.00 for option expiration 11/20/2020 putcallratio=0.26 #maxpain #options http://maximum-pain.com/options/tel?m=11%2f20%2f2020,2020-10-17 19:07:22,-69,['tel']
250903836,"new ratings for te connectivity($tel), micron… https://www.macroaxis.com/invest/marketratings?s=tel,mu,aig,gd,pki,nvda,orly,see,kr,ivz,afi,agnc #correlations #stocks #stockratings",2020-10-17 12:40:03,-69,['tel']
250577148,"recap 10/15 +pos comments:
$tel + jefferies
$nflx + canaccord
$vfc + cowen
$adsk + motley fool

recap 10/15 -neg comments:
$infy - baird",2020-10-15 20:04:31,-69,"['adsk', 'infy', 'nflx', 'tel', 'vfc']"
250428681,$tel jefferies maintains to buy : pt $126.00 https://stockhoot.com/extsymbol.aspx?from=analystratingtweet&amp;symbol=tel&amp;t=963&amp;social=stocktwits,2020-10-15 12:44:09,-69,['tel']
249591748,"new ratings for te connectivity($tel), abercrombie… https://www.macroaxis.com/invest/marketratings?s=tel,anf,slm,fitb,txn,eix,dell,pacw,biib,teum,spwh,yum #correlations #stocks #stockratings",2020-10-11 22:41:32,-69,['tel']
249205226,$tel had approximately 25m usd go to the short side at 53 pct short  bears and bulls are fighting close  https://www.algowins.com/?wdt_column_filter[1]=tel,2020-10-09 01:46:02,-69,['tel']
249199101,"$tel  52w high earlier  106.26
https://youtu.be/jjauyalogmm",2020-10-09 01:01:10,-69,['tel']
249092787,$tel looks strong today,2020-10-08 17:56:19,-69,['tel']
248963825,"new ratings for te connectivity($tel), costco… https://www.macroaxis.com/invest/marketratings?s=tel,cost,d,bxp,unp,hpq,umbf,mro,aes,rrd,kmx,t #correlations #stocks #stockratings",2020-10-08 11:18:33,-69,['tel']
248946786,teconnectivity $tel bidaskscore is increased to bought https://bidaskclub.com/news/company/2020-10-07/tel,2020-10-08 06:02:03,-69,['tel']
248734426,52-week high alert: trading today&#39;s movement in te connectivity $tel https://wp.me/p5blgb-b2w3,2020-10-07 14:33:09,-69,['tel']
248693903,"$tel: te connectivity to report fourth quarter and full year financial results on october 28, 2020 https://www.chartmill.com/news/tel/prnews-2020-10-7-te-connectivity-to-report-fourth-quarter-and-full-year-financial-results-on-october-28-2020?utm_source=stocktwits&amp;utm_medium=pressrelease&amp;utm_content=tel&amp;utm_campaign=social_tracking",2020-10-07 12:38:00,-69,['tel']
248688489,"$tel [15s. delayed]: issued press release on october 07, 08:05:00: te connectivity to report fourth quarter and full year financial result https://s.flashalert.me/2ha21",2020-10-07 12:14:24,-69,['tel']
248688095,"$tel new article : te connectivity to report fourth quarter and full year financial results on october 28, 2020 https://www.stck.pro/news/tel/8290006",2020-10-07 12:12:28,-69,['tel']
248687384,"te connectivity to report fourth quarter and full year financial results on october 28, 2020 http://www.conferencecalltranscripts.org/summary/?id=65731&amp;pr=true $tel",2020-10-07 12:09:02,-69,['tel']
248657783,$tel had approximately 46m usd go to the short side at 61 pct short  the bears are on the attack  https://www.algowins.com/?wdt_column_filter[1]=tel,2020-10-07 04:23:40,-1,['tel']
248371944,"updated correlation matrix for te connectivity($tel),… https://www.macroaxis.com/invest/marketcorrelation?s=tel,cvs,noc,ge,gme,duk #insidertrading #stocks #fintechnews",2020-10-06 07:04:05,-69,['tel']
248195573,$tel morgan stanley maintains to equal-weight : pt $97.00 https://stockhoot.com/extsymbol.aspx?from=analystratingtweet&amp;symbol=tel&amp;t=223&amp;social=stocktwits,2020-10-05 15:04:46,-69,['tel']
248060877,2020-10-02 short sale volume (not short interest) for $tel is 49%. http://shortvolumes.com/?t=tel via @shortvolumes,2020-10-04 14:41:34,-69,['tel']
248020502,"updated ratings for te connectivity($tel),… https://www.macroaxis.com/invest/marketratings?s=tel,wy,tsn,cat,intc,rhi,gnw,amat,ivz,ctxs,lmt,cop #correlations #stocks #stockratings",2020-10-03 21:04:02,-69,['tel']
247572154,"new ratings for te connectivity($tel), popular($bpop),… https://www.macroaxis.com/invest/marketratings?s=tel,bpop,nwbi,gps,payx,blk,ppl,fit,caty,dva,ntrs,cci #insidertrading #stocks #fintechnews",2020-10-01 17:17:33,-69,"['bpop', 'tel']"
247500298,"te connectivity ltd.&#39;s pres. communications solutions just declared owning 12,386 shares of te  http://www.conferencecalltranscripts.org/5/summary2/?id=8407208 $tel",2020-10-01 13:56:49,-69,['tel']
247500031,"$tel [15s. delayed] filed sec form 3: insider stucki aaron kyle: 
 https://s.flashalert.me/fw0po",2020-10-01 13:56:12,-69,['tel']
247395333,"bullish portfolio proposal: te connectivity($tel),… https://www.macroaxis.com/invest/marketriskandreturn?s=tel,ipg,myl,fdx,twlo,v,orcl,cern,stz,unh,abc,clf #correlations #stocks #stockratings",2020-09-30 23:00:04,-69,['tel']
246476924,$tel had approximately 24m usd go to the short side at 36 pct short  the bears are few  https://www.algowins.com/?wdt_column_filter[1]=tel,2020-09-26 04:34:37,1,['tel']
246102463,"$tel: new sec filing on evp &amp; general counsel, john s jenkins: https://www.sec.gov/archives/edgar/data/1385157/000122520820011785/xslf345x03/doc4.xml",2020-09-24 18:46:02,-69,['tel']
246100041,"$tel [15s. delayed] filed sec form 4: insider jenkins john s: 
delivered securities 229 of common shares at price $96.25 and converted sec https://s.flashalert.me/ty2bdv",2020-09-24 18:38:27,-69,['tel']
246099912,"$tel $22,041.25 of shares sold by jenkins john s (evp &amp; general counsel), reported in a new form 4 filed with the sec  

https://newsfilter.io/a/ebb1567787b12bae561da58d8780a5a9",2020-09-24 18:38:04,-69,['tel']
245978272,$tel - http://www.trade-ideas.com/ticky/ticky.html?symbol=tel - might need a medic...we have a bleeder - running down: -0.93 in 39 seconds,2020-09-24 13:32:17,-69,['tel']
245623994,teconnectivity $tel bidaskscore is lowered to held https://bidaskclub.com/news/company/2020-09-22/tel,2020-09-23 09:01:03,-69,['tel']
245321605,$tel had approximately 32m usd go to the short side at 50 pct short  bears and bulls are fighting close  https://www.algowins.com/?wdt_column_filter[1]=tel,2020-09-22 02:20:02,-69,['tel']
244681923,brokers issue forecasts for te connectivity ltd&#39;s q2 2021 earnings (nyse:tel) $tel #tel https://www.marketbeat.com/n/4464396/,2020-09-18 12:27:12,-69,['tel']
244408815,oppenheimer raises te connectivity (nyse:tel) price target to $114.00 $tel #tel https://www.marketbeat.com/n/4463200/,2020-09-17 12:37:21,-69,['tel']
244402175,te connectivity&#39;s pt raised by oppenheimer holdings inc. to $114.00. outperform rating. https://www.marketbeat.com/r/1478814 $tel,2020-09-17 12:09:57,-69,['tel']
244389048,stock traders buy high volume of te connectivity call options (nyse:tel) $tel #tel https://www.marketbeat.com/n/4462987/,2020-09-17 10:41:26,-69,['tel']
244311986,"$tel   52w high earlier 103.20
https://youtu.be/qmcnamrusr0",2020-09-16 23:02:48,-69,['tel']
244076686,$tel ubs initiates coverage on to buy : pt $130.00 https://stockhoot.com/extsymbol.aspx?from=analystratingtweet&amp;symbol=tel&amp;t=254&amp;social=stocktwits,2020-09-16 10:27:11,-69,['tel']
244045412,te connectivity initiated by ubs group ag at buy. https://www.marketbeat.com/r/1478001 $tel,2020-09-16 02:13:05,-69,['tel']
244012232,"$tel  52w high earlier 101.57
https://youtu.be/vcrtce3xjdw",2020-09-15 22:31:32,-69,['tel']
243969611,"$tel $728,418.81 of shares sold by mitts heath a (evp &amp; chief financial officer), reported in a new form 4 filed with the sec  https://newsfilter.io/a/81a92c0c9db9235ea86ec0afdee7fba3",2020-09-15 19:54:17,-69,['tel']
243967717,"$tel [15s. delayed] filed sec form 4: insider mitts heath a: 
delivered securities 7,323 of common shares at price $99.47 and converted se https://s.flashalert.me/6qoqbk",2020-09-15 19:49:40,-69,['tel']
243881170,"$tel [15s. delayed] filed sec form 4: insider jenkins john s: 
delivered securities 389 of common shares at average price $97.86 and conve https://s.flashalert.me/v5kpfj",2020-09-15 15:38:41,-69,['tel']
243881018,"$tel $38,067.54 of shares sold by jenkins john s (evp &amp; general counsel), reported in a new form 4 filed with the sec  

https://newsfilter.io/a/06587f74ac931d970ab59a73d2db25c7",2020-09-15 15:38:17,-69,['tel']
243875185,52-week high alert: trading today&#39;s movement in te connectivity $tel https://wp.me/p5blgb-aogb,2020-09-15 15:21:36,-69,['tel']
243855165,"💰 revenue history for te connectivity ($tel)️:

2020 q2 :   $2.54 b    -20.25%
2020 q1 :   $3.19 b     +0.85%
2019 q4 :   $3.16 b

more: https://companiesmarketcap.com/te-connectivity/revenue/",2020-09-15 14:30:20,-69,['tel']
243600962,$tel delta expiration 09/18/2020 #maxpain #options http://maximum-pain.com/greeks/tel?m=09%2f18%2f2020,2020-09-14 15:31:43,-69,['tel']
243552695,"goldman sachs sees winners in the auto tech space  $st $tel $aptv $aph 

https://newsfilter.io/a/c0c2e02bfff8ab14c626daf065f4243b",2020-09-14 13:24:40,-69,"['aph', 'tel', 'st', 'aptv']"
243447936,"📈 market cap history for te connectivity ($tel)️:

2020 : $32 b   +0.96%
2019 : $32 b   +24.89%
2018 : $26 b   -23.15%
2017 : $33 b   +35.6%

more: https://companiesmarketcap.com/te-connectivity/marketcap/",2020-09-13 18:07:45,-69,['tel']
243420629,"what would you do? $tel in downtrend: its price expected to drop as it breaks its higher bollinger band on september 1, 2020. view odds for this and other indicators: https://srnk.us/go/2095890",2020-09-13 07:45:07,-69,['tel']
243386464,icymi: bullish stocks with high roi- $ntrs $tel $incy http://dlvr.it/rgtytn,2020-09-12 21:00:33,-69,"['incy', 'ntrs', 'tel']"
243147609,bullish stocks with high roi- $ntrs $tel $incy http://dlvr.it/rgq3xp,2020-09-11 13:59:02,-69,"['incy', 'ntrs', 'tel']"
243116611,"our analyzer finds a low risk trade suggestion for $tel, buy stop @97.61, stop @95.18!. https://www.chartmill.com/stock/quote/tel/technical-analysis?key=e41d30dc-b801-44e0-aa26-9b264e1c4704&amp;utm_source=stocktwits&amp;utm_medium=ta&amp;utm_content=tel&amp;utm_campaign=social_tracking",2020-09-11 12:11:00,-69,['tel']
242872289,"updated correlation matrix for te connectivity($tel),… https://www.macroaxis.com/invest/marketcorrelation?s=tel,vfc,mmc,flr,wafd,crsp,cacc,abt,pins,f,ecl,mdrpf #insidertrading #stocks #fintechnews",2020-09-10 14:07:05,-69,['tel']
242811843,teconnectivity $tel bidaskscore is upgraded to bought https://bidaskclub.com/news/company/2020-09-09/tel,2020-09-10 06:01:03,-69,['tel']
242546653,$tel - investment perspective on te… https://www.macroaxis.com/invest/competition/tel/txn/te-connectivity-vs-texas #portfolio_prospective #better_portfolio #diversify,2020-09-09 08:05:32,-69,['tel']
242517216,$tel had approximately 24m usd go to the short side at 48 pct short  bears and bulls are fighting close  https://www.algowins.com/?wdt_column_filter[1]=tel,2020-09-09 01:27:04,-69,['tel']
242473486,"$tel: new sec filing on president, industrial solution, kevin n rock: https://www.sec.gov/archives/edgar/data/1385157/000122520820011367/xslf345x03/doc4.xml",2020-09-08 21:37:01,-69,['tel']
242473481,"$tel reported 4 new insider trades to the sec in the last 2 minutes.

67 shares acquired by rock kevin n (president, industrial solution)   https://newsfilter.io/articles/4-form-e55cbc06daab98cdb25df9c58f639136
100 shares acquired by mitts heath a (evp &amp; chief financial officer)   https://newsfilter.io/articles/4-form-ddb792f6a08c462e8e68684bc2eebebc
42 shares acquired by resch eric (sr vp &amp; chief tax officer)   https://newsfilter.io/articles/4-form-548cfc1bcef1596aae07b17d9a6cc2d1
42 shares acquired by calastri mario (svp &amp; treasurer)   https://newsfilter.io/articles/4-form-f3c5b2d78bcc0e10960673819a320138",2020-09-08 21:36:59,-69,['tel']
242472385,"$tel [15s. delayed] filed sec form 4: insider resch eric: 
transacted derivative securities on 2020-09-04.  https://s.flashalert.me/re3xj1",2020-09-08 21:32:33,-69,['tel']
242472382,"$tel [15s. delayed] filed sec form 4: insider rock kevin n: 
transacted derivative securities on 2020-09-04.  https://s.flashalert.me/e3eytw",2020-09-08 21:32:33,-69,['tel']
242472367,"$tel [15s. delayed] filed sec form 4: insider calastri mario: 
transacted derivative securities on 2020-09-04.  https://s.flashalert.me/droybb",2020-09-08 21:32:29,-69,['tel']
242472338,"$tel [15s. delayed] filed sec form 4: insider mitts heath a: 
transacted derivative securities on 2020-09-04.  https://s.flashalert.me/tfzdau",2020-09-08 21:32:22,-69,['tel']
242472237,"$tel [15s. delayed] filed sec form 4: insider jenkins john s: 
gifted 696 of common shares at average price $0 between 2020-08-03 and 2020 https://s.flashalert.me/7mhry",2020-09-08 21:31:59,-69,['tel']
242472168,"$tel jenkins john s (evp &amp; general counsel) sold new securities, reported in a new form 4 filed with the sec  

https://newsfilter.io/a/dd570c9d648a83fd9ddaedbf87ad373a",2020-09-08 21:31:39,-69,['tel']
242313156,"updated ratings for eqt($eqt), te connectivity($tel),… https://www.macroaxis.com/invest/marketratings?s=eqt,tel,schw,adp,ibkr,cmi,ew,wtfc,aa,ffhl,cmcsa,lly #insidertrading #stocks #fintechnews",2020-09-08 13:07:02,-69,"['eqt', 'tel']"
241862372,($dow) ($ip) ($pkg) ($tel) found possible cup and handle on 2hr.,2020-09-04 15:04:32,-69,"['dow', 'ip', 'pkg', 'tel']"
241769132,"updated correlation matrix for te connectivity($tel),… https://www.macroaxis.com/invest/marketcorrelation?s=tel,pdco,cvbf,rok,kelyb,btu,ffiv,luv,r,sigi,csco,cmg #correlations #stocks #stockratings",2020-09-04 07:06:02,-69,['tel']
241764372,$tel had approximately 54m usd go to the short side at 43 pct short  the bears are few  https://www.algowins.com/?wdt_column_filter[1]=tel,2020-09-04 05:31:19,1,['tel']
241431464,good move or bad move? $tel&#39;s in uptrend: moving average convergence divergence (macd) histogram crosses above signal line. view odds for this and other indicators: https://srnk.us/go/2057722,2020-09-03 08:46:47,-69,['tel']
241424568,$tel had approximately 50m usd go to the short side at 67 pct short  the bears are on the attack  https://www.algowins.com/?wdt_column_filter[1]=tel,2020-09-03 06:29:31,-1,['tel']
241273492,$tel max pain is 90.00 for maturity 09/18/2020. #maxpain #options http://maximum-pain.com/options/tel?m=09%2f18%2f2020,2020-09-02 18:57:55,-69,['tel']
240950975,short sale volume (not short interest) for $tel on 2020-08-31 is 49%. http://shortvolumes.com/?t=tel via @shortvolumes,2020-09-01 19:50:35,-69,['tel']
240945051,$tel good company needs its stock to match,2020-09-01 19:36:39,1,['tel']
240730366,te connectivity ltd (nyse:tel) expected to post quarterly sales of $2.82 billion $tel #tel https://www.marketbeat.com/n/4446533/,2020-09-01 05:23:40,-69,['tel']
240618281,$tel new article : te connectivity shows rising relative price performance https://www.stck.pro/news/tel/7363317,2020-08-31 19:45:06,-69,['tel']
240428933,te connectivity ltd (nyse:tel) expected to post earnings of $0.81 per share $tel #tel https://www.marketbeat.com/n/4445244/,2020-08-31 04:11:58,-69,['tel']
240320519,the short sale volume (not short interest) for $tel on 2020-08-28 is 55%. http://shortvolumes.com/?t=tel via @shortvolumes,2020-08-30 00:32:35,-69,['tel']
240221693,"$tel kevin n rock sold 25,413 shares [average conviction] www.insider-analysis.com/search_transactions.php?ticker=table_tel",2020-08-28 23:15:44,-69,['tel']
240221078,"$tel kevin n rock bought 15,250 shares [average conviction] www.insider-analysis.com/search_transactions.php?ticker=table_tel",2020-08-28 23:11:44,-69,['tel']
240220468,"$tel kevin n rock bought 17,550 shares [average conviction] www.insider-analysis.com/search_transactions.php?ticker=table_tel",2020-08-28 23:07:43,-69,['tel']
240208318,$tel golden ticker yet keeps low profile,2020-08-28 21:53:11,-69,['tel']
240061199,"$tel te connectivity was awarded a new government contract &quot;59connector,receptacl&quot;, total contract value: $148284.40 

https://newsfilter.io/a/962a3397805936b25bdba1b520b8a998",2020-08-28 14:54:34,-69,['tel']
239856045,"insider trading alert: te connectivity ltd. ($tel) president, industrial solution, rock kevin n sold 25.41 thousand shares on august 26, 2020 for a total value of $ 2.42 million at an average price of $ 95.25, following the completion of transaction the insider owns 61.86 thousand shares 
 
https://www.stockmarketintellects.com/insider-trading-dashboard/?symbol=tel",2020-08-27 20:06:50,-69,['tel']
239765173,"te connectivity insider kevin rock sells $2,420,588.25 in $tel https://www.marketbeat.com/i/404879",2020-08-27 16:31:01,-69,['tel']
239693857,"$tel [15s. delayed] filed sec form 4: insider rock kevin n: 
disposed 25,413 of common shares at price $95.25 and converted securities 32, https://s.flashalert.me/ss5y7",2020-08-27 14:08:06,-69,['tel']
239693629,"#fwsells $tel rock kevin n, president, industrial solution of te connectivity ltd. sold 25413 shares on 2020-08-26. https://formwhispers.com/s?t=tel",2020-08-27 14:07:46,-69,['tel']
239693600,"$tel $554,210.75 of shares sold by rock kevin n (president, industrial solution), reported in a new form 4 filed with the sec  

https://newsfilter.io/a/c3baac11fb1b7d83cf736e1ef5687ab4",2020-08-27 14:07:43,-69,['tel']
239653351,"$tel te connectivity to present at citi&#39;s 2020 global virtual technology conference
https://www.stocktitan.net/news/tel/te-connectivity-to-present-at-citi-s-2020-global-virtual-technology-ei2x1okiucay.html",2020-08-27 12:30:36,-69,['tel']
239653343,"$tel te connectivity to present at citi&#39;s 2020 global virtual technology conference 

https://newsfilter.io/a/80625fc6e8a7c5a638d884914130584c",2020-08-27 12:30:34,-69,['tel']
239529626,"$tel te connectivity was awarded a new government contract &quot;59connector,receptacl&quot;, total contract value: $250000.00 

https://newsfilter.io/a/7960e5ea32e13cd1e96fe112ee5c5dda",2020-08-26 20:49:01,-69,['tel']
239202008,"$tel mario calastri sold 10,757 shares [average conviction] www.insider-analysis.com/search_transactions.php?ticker=table_tel",2020-08-25 20:33:46,-69,['tel']
239146445,$tel turn your wounds into wisdom.might want to see.http://psce.pw/fdaapprovedinvestorcanidiates,2020-08-25 18:22:55,1,['tel']
239140349,$tel stumbling is not falling.might be good for you.http://psce.pw/fdaapprovedinvestorcanidiates,2020-08-25 18:08:01,1,['tel']
238847304,"insider trading alert: te connectivity ltd. ($tel) svp &amp; treasurer, calastri mario sold 10.76 thousand shares on august 24, 2020 for a total value of $ 1.02 million at an average price of $ 94.60, following the completion of transaction the insider owns 23.12 thousand shares 
 
https://www.stockmarketintellects.com/insider-trading-dashboard/?symbol=tel",2020-08-24 19:28:34,-69,['tel']
238834944,"te connectivity svp mario calastri sells $1,017,612.20 in $tel https://www.marketbeat.com/i/404246",2020-08-24 18:57:01,-69,['tel']
238833376,"mario calastri sells 10,757 shares of te connectivity ltd (nyse:tel) stock $tel #tel https://www.marketbeat.com/n/4439692/",2020-08-24 18:53:01,-69,['tel']
238826047,$tel new article : stocks generating improved relative strength: te connectivity https://www.stck.pro/news/tel/7199534,2020-08-24 18:33:14,-69,['tel']
238813546,"$tel: new sec filing on svp &amp; treasurer, mario calastri: https://www.sec.gov/archives/edgar/data/1385157/000122520820010847/xslf345x03/doc4.xml",2020-08-24 17:57:02,-69,['tel']
238811142,"$tel [15s. delayed] filed sec form 4: insider calastri mario: 
disposed 10,757 of common shares at price $94.6 on 2020-08-24, decreased ho https://s.flashalert.me/wachks",2020-08-24 17:50:03,-69,['tel']
238811011,"#fwsells $tel calastri mario, svp &amp; treasurer of te connectivity ltd. sold 10757 shares on 2020-08-24. https://formwhispers.com/s?t=tel",2020-08-24 17:49:44,-69,['tel']
238810994,"$tel $1,017,612.20 of shares sold by calastri mario (svp &amp; treasurer), reported in a new form 4 filed with the sec  

https://newsfilter.io/a/1d6a51ffde3a528adebc758a634432ac",2020-08-24 17:49:41,-69,['tel']
238530034,teconnectivity $tel bidaskscore is #reiterated to held https://bidaskclub.com/news/company/2020-08-21/tel,2020-08-23 07:01:03,-69,['tel']
238489447,te connectivity ltd (nyse:tel) given average rating of &quot;buy&quot; by brokerages $tel #tel https://www.marketbeat.com/n/4438105/,2020-08-22 19:44:57,-69,['tel']
237801476,"te connectivity ltd. ($tel) ex-dividend date scheduled for august 20, 2020 - stock market intellects https://www.stockmarketintellects.com/te-connectivity-ltd-tel-ex-dividend-date-scheduled-for-august-20-2020/",2020-08-20 08:45:52,-69,['tel']
237114301,"some recent s&amp;p 500 insider trades: $fdx $jnpr $mtd $reg $tel
https://www.finscreener.com/insider/insider-trades/sp500",2020-08-17 22:41:42,-69,"['jnpr', 'fdx', 'mtd', 'reg', 'tel']"
236916715,$tel two different insiders sold huge load of shares. writing is on the wall.,2020-08-17 12:30:02,-69,['tel']
236865171,"$tel eric resch bought 22,400 shares [average conviction] www.insider-analysis.com/search_transactions.php?ticker=table_tel",2020-08-17 00:55:53,-69,['tel']
236864334,"$tel eric resch bought 30,700 shares [high conviction] www.insider-analysis.com/search_transactions.php?ticker=table_tel",2020-08-17 00:47:37,-69,['tel']
236799622,"new ratings for te connectivity($tel), oneok($oke),… https://www.macroaxis.com/invest/marketratings?s=tel,oke,flir,cmcsa,pico,cbsh,bsx,glw,usb,lmt,bll,whr #insidertrading #stocks #fintechnews",2020-08-16 07:18:03,-69,"['oke', 'tel']"
236795081,"new correlation matrix for te connectivity($tel),… https://www.macroaxis.com/invest/marketcorrelation?s=tel,a,rost,nok,hig,chrw,amkr,vfc,infy,ip,fslr #insidertrading #stocks #fintechnews",2020-08-16 04:53:32,-69,['tel']
236731934,$tel implied volatility expiration 08/21/2020 #maxpain #options http://maximum-pain.com/iv/tel?m=08%2f21%2f2020,2020-08-15 14:48:16,-69,['tel']
236604866,"te connectivity svp eric resch sells $5,097,600.00 in $tel https://www.marketbeat.com/i/402573",2020-08-14 18:48:18,-69,['tel']
236577026,"insider trading alert: te connectivity ltd. ($tel) sr vp &amp; chief tax officer, resch eric sold 53.10 thousand shares on august 13, 2020 for a total value of $ 5.10 million at an average price of $ 96.00, following the completion of transaction the insider owns 37.21 thousand shares

https://www.stockmarketintellects.com/insider-trading-dashboard/?symbol=tel",2020-08-14 17:28:39,-69,['tel']
236576906,"insider trading alert: te connectivity ltd. ($tel) sr vp &amp; chief tax officer, resch eric exercised option of 53.10 thousand shares on august 13, 2020 for a total value of $ 1.82 million at an average price of $ 34.30, following the completion of transaction the insider owns 90.31 thousand shares

https://www.stockmarketintellects.com/insider-trading-dashboard/?symbol=tel",2020-08-14 17:28:21,-69,['tel']
236541494,"$tel: new sec filing on sr vp &amp; chief tax officer, eric resch: https://www.sec.gov/archives/edgar/data/1385157/000122520820010607/xslf345x03/doc4.xml",2020-08-14 15:50:01,-69,['tel']
236537720,"te connectivity ltd.&#39;s sr vp &amp; chief tax officer just cashed-in 53,100 options  http://www.conferencecalltranscripts.org/4/summary2/?id=8247164 $tel",2020-08-14 15:40:43,-69,['tel']
236537291,"$tel [15s. delayed] filed sec form 4: insider resch eric: 
disposed 53,100 of common shares at price $96 and converted securities 53,100 o https://s.flashalert.me/sr1osq",2020-08-14 15:39:34,-69,['tel']
236537175,"#fwsells $tel resch eric, sr vp &amp; chief tax officer of te connectivity ltd. sold 53100 shares on 2020-08-13. https://formwhispers.com/s?t=tel",2020-08-14 15:39:16,-69,['tel']
236537146,"$tel $3,276,037.00 of shares sold by resch eric (sr vp &amp; chief tax officer), reported in a new form 4 filed with the sec  

https://newsfilter.io/a/3a59841ff89d12e116c53abb7e6449d9",2020-08-14 15:39:12,-69,['tel']
235995946,"$tel kevin n rock sold 28,000 shares [high conviction] www.insider-analysis.com/search_transactions.php?ticker=table_tel",2020-08-13 00:22:28,-69,['tel']
235995498,"$tel kevin n rock bought 28,000 shares [high conviction] www.insider-analysis.com/search_transactions.php?ticker=table_tel",2020-08-13 00:20:40,-69,['tel']
235737304,"$tel based on the 28000 share insider sale, feels like a good time to cash out and wait for the 80&#39;s",2020-08-12 13:40:34,-69,['tel']
235526742,"retirement capital strategies,has filed form 13f for q2 2020.opened new positions in $esgv $idna $ihak $irbo $pypl $soxx $t $tecb $tel",2020-08-11 19:30:07,-69,"['t', 'tel', 'soxx', 'pypl', 'irbo']"
235519088,"te connectivity insider kevin rock sells $2,612,120.00 in $tel https://www.marketbeat.com/i/401819",2020-08-11 19:15:36,-69,['tel']
235434241,"best investment ideas from bank of america and seeking alpha  $tel $noc $lb $rtx $glw 

https://newsfilter.io/a/fd87eff48eb06a88bc794efcec05fb61",2020-08-11 15:45:35,-69,"['glw', 'lb', 'noc', 'tel', 'rtx']"
235414888,"$tel: new sec filing on president, industrial solution, kevin n rock: https://www.sec.gov/archives/edgar/data/1385157/000122520820010470/xslf345x03/doc4.xml",2020-08-11 15:04:02,-69,['tel']
235413634,"president of te connectivity ltd. just cashed-in 28,000 options  http://www.conferencecalltranscripts.org/4/summary/?id=8225954 $tel",2020-08-11 15:01:28,-69,['tel']
235413246,"$tel [15s. delayed] filed sec form 4: insider rock kevin n: 
disposed 28,000 of common shares at price $93.29 and converted securities 28, https://s.flashalert.me/qitsqt",2020-08-11 15:00:43,-69,['tel']
235413102,"#fwsells $tel rock kevin n, president, industrial solution of te connectivity ltd. sold 28000 shares on 2020-08-10. https://formwhispers.com/s?t=tel",2020-08-11 15:00:25,-69,['tel']
235413086,"$tel $1,658,720.00 of shares sold by rock kevin n (president, industrial solution), reported in a new form 4 filed with the sec  

https://newsfilter.io/a/79eba634e3dfb90fb7d008c88f80f4bd",2020-08-11 15:00:23,-69,['tel']
234992839,$ctas&gt;311.03 $otis&gt;64.53 $trox&gt;9.04 $tel&gt;92.52/92.92 $dov&gt;108.11/109.54  market commentary will be posted before open,2020-08-10 13:00:59,-69,"['ctas', 'dov', 'tel', 'trox', 'otis']"
234655706,"updated ratings for noble($ne), te connectivity($tel),… https://www.macroaxis.com/invest/marketratings?s=ne,tel,aapl,luv,v,met,wfc,cpb,ufcs,bsx #canada #canadian_equities #ca",2020-08-07 21:24:10,-69,"['ne', 'tel']"
234269889,"$tel; adom, adomani electric approved by ca as a certified vendor for hybrid &amp; zero-emissions trucks and buses! californiahvip.org/",2020-08-06 19:59:26,1,['tel']
234049592,departure of directors or certain  http://www.conferencecalltranscripts.org/8/summary/?id=8206355 $tel,2020-08-06 10:37:43,-69,['tel']
234049316,$tel just filed with the sec a event for officers https://last10k.com/sec-filings/tel/0001104659-20-091087.htm?utm_source=stocktwits&amp;utm_medium=forum&amp;utm_campaign=8k&amp;utm_term=tel,2020-08-06 10:35:28,-69,['tel']
234049243,"$tel [15s. delayed] filed form 8-k on august 06, 06:33:50: item5.02: departure of election 0f officers or compensatory arrangements https://s.flashalert.me/sp0gec",2020-08-06 10:34:46,-69,['tel']
234049218,"$tel form 8-k: departure of directors or certain officers; election of directors; appointment of certain officers; compensatory arrangements of certain officers. kevin rock announced his retirement as.. 

https://newsfilter.io/a/3ef1565a58eb6ada1d572254b1b31d5b",2020-08-06 10:34:22,-69,['tel']
233700082,"$tel: te connectivity sets new sustainability, charitable goals for 2030 https://www.chartmill.com/stock/quote/tel/news?utm_source=stocktwits&amp;utm_medium=pressrelease&amp;utm_content=tel&amp;utm_campaign=social_tracking",2020-08-05 11:41:00,-69,['tel']
233697661,"$tel [15s. delayed]: issued press release on august 05, 07:05:00: te connectivity sets new sustainability, charitable goals for 2030 https://s.flashalert.me/ulmaeo",2020-08-05 11:29:49,-69,['tel']
233697652,"$tel te connectivity sets new sustainability, charitable goals for 2030 https://www.otcdynamics.com/tel-te-connectivity-sets-new-sustainability-charitable-goals-for-2030",2020-08-05 11:29:47,-69,['tel']
233695849,"$tel new article : te connectivity sets new sustainability, charitable goals for 2030 https://www.stck.pro/news/tel/6784578",2020-08-05 11:19:34,-69,['tel']
233693403,"$tel te connectivity sets new sustainability, charitable goals for 2030 

https://newsfilter.io/a/39d473d059e4b95297f35485f75dc4dc",2020-08-05 11:05:33,-69,['tel']
233693399,"$tel te connectivity sets new sustainability, charitable goals for 2030
https://www.stocktitan.net/news/tel/te-connectivity-sets-new-sustainability-charitable-goals-for-loeqfm5bgl0v.html",2020-08-05 11:05:32,-69,['tel']
233633827,"te connectivity director daniel phelan buys $15,235.40 in $tel https://www.marketbeat.com/i/400660",2020-08-05 01:03:37,-69,['tel']
233581183,"te connectivity ltd (nyse:tel) director buys $15,235.40 in stock $tel #tel https://www.marketbeat.com/n/4420985/",2020-08-04 21:30:36,-69,['tel']
233502093,$tel announced a dividend (ord/te connectivity ltd) https://www.dividendinvestor.com/dn/2680978,2020-08-04 18:19:34,-69,['tel']
233470912,te connectivity ltd. director just picked up 170 shares  http://www.conferencecalltranscripts.org/4/summary2/?id=8196050 $tel,2020-08-04 16:56:22,-69,['tel']
233443800,$tel new insider buying: 170 shares. http://insiderbuyingselling.com/?t=tel,2020-08-04 15:45:34,-69,['tel']
233443601,"$tel: new sec filing on director, daniel j phelan: https://www.sec.gov/archives/edgar/data/1385157/000122520820010187/xslf345x03/doc4.xml",2020-08-04 15:45:02,-69,['tel']
233440644,"$tel [15s. delayed] filed sec form 4: insider phelan daniel j: 
acquired 170 of common shares at price $89.62 on 2020-08-03, increased hol https://s.flashalert.me/49je1",2020-08-04 15:37:35,-69,['tel']
233440544,"#fwbuys $tel phelan daniel j, director of te connectivity ltd. bought 170 shares on 2020-08-03. https://formwhispers.com/s?t=tel",2020-08-04 15:37:20,-69,['tel']
233440511,"$tel $15,235.40 of shares acquired by phelan daniel j (director), reported in a new form 4 filed with the sec  

https://newsfilter.io/a/845d7cd67d213fe4235bef4df739e940",2020-08-04 15:37:15,-69,['tel']
233413037,te connectivity ltd (nyse:tel) declares $0.48 quarterly dividend $tel #tel https://www.marketbeat.com/n/4420417/,2020-08-04 14:35:08,-69,['tel']
233398304,te connectivity announces quarterly dividend of $0.48.  payable on 9/4/2020. 2.13% yield.  https://www.marketbeat.com/d/138608 $tel,2020-08-04 14:05:27,-69,['tel']
233366427,te connectivity announces fiscal 2020 fourth quarter dividend record and payment dates http://www.conferencecalltranscripts.org/include?location=https://www.prnewswire.com:443/news-releases/te-connectivity-announces-fiscal-2020-fourth-quarter-dividend-record-and-payment-dates-301105380.html $tel,2020-08-04 12:45:03,-69,['tel']
233362267,"$tel te connectivity announces fiscal 2020 fourth quarter dividend record and payment dates
https://www.stocktitan.net/news/tel/te-connectivity-announces-fiscal-2020-fourth-quarter-dividend-record-0dl5ic8h19hf.html

#dividends",2020-08-04 12:30:36,-69,['tel']
233362254,"$tel te connectivity announces fiscal 2020 fourth quarter dividend record and payment dates 

https://newsfilter.io/a/04436fb333b13ec5cdfbb0fc75a1233f",2020-08-04 12:30:35,-69,['tel']
233327654,$tel - over 96.0% of the company shares are owned by… https://www.macroaxis.com/invest/stock-analysis/tel/te-connectivity-ltd #insidertrading #stocks #fintechnews,2020-08-04 06:13:02,-69,['tel']
233024538,"bullish investment portfolio: te connectivity($tel),… https://www.macroaxis.com/invest/marketcorrelation?s=tel,pru,low,jnj,rig,rf,sivb,chco,jcp,swk,ea,gern #insidertrading #stocks #fintechnews",2020-08-03 11:28:04,-69,['tel']
233002684,oppenheimer lowers te connectivity q4 2020 earnings estimates to $0.79 eps (previously $0.87). https://www.marketbeat.com/x/884064 $tel,2020-08-03 06:38:20,-69,['tel']
232651140,"$tel $adom  thank you for supporting the green &amp; zero-emissions industry! adom; https://lnkd.in/gxjkfdq
adomani® is a provider of advanced zero-emission and hybrid vehicle drivetrain solutions and purpose-built electric vehicles.

third-party opinion on adomani electric; https://www.youtube.com/watch?v=hfz-8ezr3lo",2020-07-31 17:58:14,1,"['tel', 'adom']"
232482729,$tel just filed a 10-q quarterly report with 65 sections and 4 exhibits. access them all or just read their earnings: https://last10k.com/sec-filings/tel/0001558370-20-008757.htm?utm_source=stocktwits&amp;utm_medium=forum&amp;utm_campaign=10kq2040f&amp;utm_term=tel,2020-07-31 11:00:11,-69,['tel']
232390364,te connectivity ltd. just filed its quarterly report: 14. earnings (loss) ... http://www.conferencecalltranscripts.org/q/summary/?id=8180539 $tel,2020-07-30 22:50:19,-69,['tel']
232389794,"$tel [15s. delayed] filed form 10-q on july 30, 18:46:48 https://s.flashalert.me/5gmptz",2020-07-30 22:48:14,-69,['tel']
232389701,"$tel form 10-q (quarterly report [sections 13 or 15(d)]) filed with the sec 

https://newsfilter.io/a/a56c43d8070d4122a6c630bf92d99695",2020-07-30 22:47:55,-69,['tel']
232302613,"$tel tel - daily chart . sell 91.10 to 91.55 
t1  85.60 
t2  81.80 
sl closing up",2020-07-30 19:14:58,-1,['tel']
232271126,"low risk portfolio proposal: dow($dow), te connectivity($tel),… https://www.macroaxis.com/invest/marketriskandreturn?s=dow,tel,nvda,spg,itw,mck,xlnx,schw,wdc,psa,pacw,gas #stocks #earnings",2020-07-30 18:01:41,-69,"['dow', 'tel']"
232237721,$tel oppenheimer maintains to outperform : pt $98.00 https://stockhoot.com/extsymbol.aspx?from=analystratingtweet&amp;symbol=tel&amp;t=147&amp;social=stocktwits,2020-07-30 16:39:19,-69,['tel']
232231799,"te connectivity&#39;s pt raised by suntrust banks, inc. to $94.00. hold rating. https://www.marketbeat.com/r/1454547 $tel",2020-07-30 16:23:50,-69,['tel']
254942892,"$tel thomas j lynch sold 100,000 shares [very high conviction] www.insider-analysis.com/search_transactions.php?ticker=table_tel",2020-11-06 20:09:03,-69,['tel']
255004737,"$tel mario calastri sold 11,200 shares [average conviction] www.insider-analysis.com/search_transactions.php?ticker=table_tel",2020-11-07 02:10:35,-69,['tel']
255026996,2020-11-06 short sale volume (not short interest) for $tel is 58%. http://shortvolumes.com/?t=tel via @shortvolumes,2020-11-07 10:41:35,-69,['tel']
255035472,te connectivity new ($tel) slowly supersedes the market with average analyst rating of buy… https://www.macroaxis.com/invest/stock/tel/te-connectivity-ltd,2020-11-07 14:40:02,-69,['tel']
232206633,$tel suntrust robinson humphrey maintains to hold : pt $94.00 https://stockhoot.com/extsymbol.aspx?from=analystratingtweet&amp;symbol=tel&amp;t=465&amp;social=stocktwits,2020-07-30 15:24:25,-69,['tel']
232203192,te connectivity&#39;s pt raised by wells fargo &amp; co to $100.00. overweight rating. https://www.marketbeat.com/r/1454471 $tel,2020-07-30 15:16:52,-69,['tel']
232188296,te connectivity&#39;s pt raised by jefferies financial group inc to $107.00. buy rating. https://www.marketbeat.com/r/1454397 $tel,2020-07-30 14:46:34,-69,['tel']
232187846,te connectivity&#39;s pt raised by citigroup inc to $100.00. neutral rating. https://www.marketbeat.com/r/1454443 $tel,2020-07-30 14:45:49,-69,['tel']
232187055,$tel jefferies maintains to buy : pt $107.00 https://stockhoot.com/extsymbol.aspx?from=analystratingtweet&amp;symbol=tel&amp;t=449&amp;social=stocktwits,2020-07-30 14:44:04,-69,['tel']
232138562,$tel citigroup maintains to neutral : pt $100.00 https://stockhoot.com/extsymbol.aspx?from=analystratingtweet&amp;symbol=tel&amp;t=924&amp;social=stocktwits,2020-07-30 13:10:38,-69,['tel']
232115696,te connectivity&#39;s pt raised by royal bank of canada to $102.00. outperform rating. https://www.marketbeat.com/r/1454181 $tel,2020-07-30 12:06:25,-69,['tel']
232112571,$tel rbc capital maintains to outperform : pt $102.00 https://stockhoot.com/extsymbol.aspx?from=analystratingtweet&amp;symbol=tel&amp;t=507&amp;social=stocktwits,2020-07-30 11:55:28,-69,['tel']
232100988,"$tel te connectivity named one of fast company&#39;s 100 best workplaces for innovators
https://www.stocktitan.net/news/tel/te-connectivity-named-one-of-fast-company-s-100-best-workplaces-for-oa8hh89yl9fu.html",2020-07-30 11:00:58,-69,['tel']
232066577,te connectivity&#39;s buy rating reiterated at oppenheimer holdings inc.. $98.00 pt. https://www.marketbeat.com/r/1453732 $tel,2020-07-30 03:37:49,-69,['tel']
232042735,te connectivity announces earnings. $0.59 eps. beats estimates. $2.55b revenue.  https://www.marketbeat.com/s/464380 $tel,2020-07-30 01:02:31,-69,['tel']
232021949,4-star analyst matthew sheerin from stifel nicolaus maintained a buy on $tel.  https://www.tipranks.com/analysts/matthew-sheerin,2020-07-29 23:21:01,-69,['tel']
231754071,"$tel earnings call today: 8:30 am est 
analyst rating: strong buy 
webcast: http://mmm.wallstreethorizon.com/u.asp?u=331895",2020-07-29 12:14:20,-69,['tel']
231745501,"$tel recap: te connectivity q3 earnings 

https://newsfilter.io/a/ad4a92669b10762c60b54198f2f3c197",2020-07-29 11:38:30,-69,['tel']
231736996,$tel: te connectivity announces third quarter results for fiscal year 2020 https://www.chartmill.com/stock/quote/tel/news?utm_source=stocktwits&amp;utm_medium=pressrelease&amp;utm_content=tel&amp;utm_campaign=social_tracking,2020-07-29 10:45:00,-69,['tel']
231735668,$tel updates q4 2020pre-market guidance to eps and revenue guidance to $2.803-2.803 billion. https://www.marketbeat.com/g/50124,2020-07-29 10:32:43,-69,['tel']
231735665,"$tel just filed with the sec a earnings release, a regulated disclosure and a financial exhibit https://last10k.com/sec-filings/tel/0001558370-20-008547.htm?utm_source=stocktwits&amp;utm_medium=forum&amp;utm_campaign=8k&amp;utm_term=tel",2020-07-29 10:32:41,-69,['tel']
231734468,"$tel [15s. delayed] filed form 8-k on july 29, 06:19:03: item2.02: results of operations &amp; financial condition https://s.flashalert.me/9w9dhq",2020-07-29 10:20:35,-69,['tel']
231734447,"te connectivity ltd. just filed its current report, items 2.02, 7.01, and 9. http://www.conferencecalltranscripts.org/include?location=http://www.sec.gov/archives/edgar/data/1385157/000155837020008547/0001558370-20-008547-index.htm $tel",2020-07-29 10:20:18,-69,['tel']
231734424,"$tel form 8-k: results of operations and financial condition​on july 29, 2020, te connectivity issued a press release reporting the company’s third quarter results for fiscal 2020. a copy of the press.. 

https://newsfilter.io/a/9cbaf9c05169f5c2155264e6b2814c54",2020-07-29 10:19:57,-69,['tel']
231734264,$tel new article : te connectivity announces third quarter results for fiscal year 2020 https://www.stck.pro/news/tel/6639419,2020-07-29 10:18:11,-69,['tel']
231734161,"$tel earnings are out!! - get chart, ratings, trade ideas https://stockhoot.com/earningscalendar.aspx?from=afterearningstweet&amp;symbol=tel&amp;t=237&amp;social=stocktwits",2020-07-29 10:16:56,-69,['tel']
231734120,"$tel reported earnings of $0.59, consensus was $0.42, earnings whisper was $0.46 via @ewhispers #whisperbeat http://eps.sh/d/tel",2020-07-29 10:16:25,-69,['tel']
231733730,te connectivity announces third quarter results for fiscal year 2020 http://www.conferencecalltranscripts.org/include?location=https://www.prnewswire.com:443/news-releases/te-connectivity-announces-third-quarter-results-for-fiscal-year-2020-301101520.html $tel,2020-07-29 10:12:03,-69,['tel']
231733707,"$tel new article : te connectivity eps beats by $0.18, beats on revenue https://www.stck.pro/news/tel/6639246",2020-07-29 10:11:49,-69,['tel']
231733665,stocktwits trending alert: trading recent interest in te connectivity $tel https://wp.me/p5blgb-alq5,2020-07-29 10:11:12,-69,['tel']
231733397,"$tel te connectivity eps beats by $0.18, beats on revenue 

https://newsfilter.io/a/f461f294f82ab0812863a6d3af4a6a24",2020-07-29 10:08:27,-69,['tel']
231733290,"$tel [15s. delayed, acc.~90%, always check] earnings release july 29, 06:00:00: q3: gaap eps of -$0.12, revenue $2,548m. https://s.flashalert.me/8gy00s",2020-07-29 10:07:25,-69,['tel']
231733256,"$tel [15s. delayed]: issued press release on july 29, 06:00:00: te connectivity announces third quarter results for fiscal year 2020 https://s.flashalert.me/zypbsp",2020-07-29 10:07:08,-69,['tel']
231733089,"te connectivity results show china’s recovery is ahead of the u.s.  $tel $ba $pcar $msft 

https://newsfilter.io/a/b581964e6134b3ba82a11bf56ebd44b6",2020-07-29 10:05:29,-69,"['msft', 'pcar', 'ba', 'tel']"
231732691,"$tel te connectivity announces third quarter results for fiscal year 2020
https://www.stocktitan.net/news/tel/te-connectivity-announces-third-quarter-results-for-fiscal-year-tulmw45nb3ll.html",2020-07-29 10:00:45,-69,['tel']
231732682,"$tel te connectivity announces third quarter results for fiscal year 2020 

https://newsfilter.io/a/c26798dfd518035757a29349e4fb24dd",2020-07-29 10:00:41,-69,['tel']
231712045,"$tel er on 7/29 before open. sp were up 26 times out of last 42 qtrs (61%) in er. estimated eps: 0.4, estimated revenue: 2.41b. what you expect? 
 
https://stocksearning.com/stocks/tel/earnings-date 
#tel #teconnectivityltd #stockmarket #stocktwits #stocksearning",2020-07-29 03:50:55,-69,['tel']
231580186,"$tel reports before the open tomorrow, estimize consensus +0.03 eps and +11.20m revs compared to ws
http://www.estimize.com/tel/fq3-2020?utm_content=prerelease&amp;utm_medium=tweet&amp;utm_source=stocktwits",2020-07-28 18:03:24,-69,['tel']
231573855,$tel new article : te connectivity q3 2020 earnings preview https://www.stck.pro/news/tel/6625265,2020-07-28 17:40:06,-69,['tel']
231560745,$tel is scheduled to report #earnings before the market opens tomorrow via @ewhispers http://eps.sh/s/tel,2020-07-28 17:02:30,-69,['tel']
231558908,"$tel #earnings tomorrow bmo - get chart, ratings, trade ideas  https://stockhoot.com/earningscalendar.aspx?from=individualtweet&amp;symbol=tel&amp;t=183&amp;social=stocktwits",2020-07-28 16:57:17,-69,['tel']
231484046,$mu and $tel are the top gainers in the s&amp;p500 for the day. https://www.chartmill.com/stock/stock-screener?v=3&amp;f=ind_22&amp;s=pt&amp;utm_source=stocktwits&amp;utm_medium=screener&amp;utm_content=stock_screener:_top_s&amp;p500_gainers&amp;utm_campaign=social_tracking,2020-07-28 13:48:00,-69,"['mu', 'tel']"
231436671,"bullish portfolio: te connectivity($tel), iron… https://www.macroaxis.com/invest/marketriskandreturn?s=tel,irm,mck,slb,oke,trmk,iboc,trip,zion,biib,mmm,df #correlations #stocks #stockratings",2020-07-28 09:46:10,-69,['tel']
231389791,"bullish portfolio proposal: te connectivity($tel),… https://www.macroaxis.com/invest/marketriskandreturn?s=tel,mo,nbl,cog,ma,mbfi,intc,agn,htbx,phm,shw,hig #canada #canadian_equities #ca",2020-07-28 00:19:36,-69,['tel']
231362184,$tel looks like a solid play,2020-07-27 22:02:24,1,['tel']
231094299,"bullish investment portfolio: te connectivity($tel),… https://www.macroaxis.com/invest/marketcorrelation?s=tel,trmk,utx,rl,amd,mcd,peg,nbr,lpla,gild,ctxs,tfsl #correlations #stocks #stockratings",2020-07-26 21:51:03,-69,['tel']
230988934,"new ratings for te connectivity($tel), dell($dell),… https://www.macroaxis.com/invest/marketratings?s=tel,dell,agn,chco,gt,nfbk,bdx,wu,amat,ba,dhi,fslr #insidertrading #stocks #fintechnews",2020-07-25 22:53:02,-69,"['dell', 'tel']"
229802961,"updated correlation matrix for te connectivity($tel),… https://www.macroaxis.com/invest/marketcorrelation?s=tel,nue,afl,ll,homb,cinf,v,ubsi,azo,mcd,wpx,ci #correlations #stocks #stockratings",2020-07-22 04:36:41,-69,['tel']
229595690,"$tel tel - h chart. sell 86.75 
t1  83.50 
t2  81.50 
sl closing up 88.45",2020-07-21 16:08:37,-1,['tel']
229458501,te connectivity upgraded by jefferies financial group inc to buy. $100.00 pt. https://www.marketbeat.com/r/1448132 $tel,2020-07-21 11:09:38,-69,['tel']
229449859,$tel jefferies upgrades to buy : pt $100.00 https://stockhoot.com/extsymbol.aspx?from=analystratingtweet&amp;symbol=tel&amp;t=255&amp;social=stocktwits,2020-07-21 09:56:27,-69,['tel']
228999890,"new ratings for te connectivity($tel), humana($hum),… https://www.macroaxis.com/invest/marketratings?s=tel,hum,sigi,ntrs,slm,low,azo,bll,adbe #canada #canadian_equities #ca",2020-07-19 04:32:06,-69,"['hum', 'tel']"
228992278,short sale volume (not short interest) for $tel at 2020-07-17 is 39%. http://shortvolumes.com/?t=tel via @shortvolumes,2020-07-19 02:32:33,-69,['tel']
228806390,"updated correlation matrix for te connectivity($tel), texas… https://www.macroaxis.com/invest/marketcorrelation?s=tel,tcbi,trv,pru,amgn,opk,cah,ko,nfbk,saft,altr #canada #canadian_equities #ca",2020-07-18 00:10:44,-69,['tel']
228193516,"updated ratings for omnicom($omc), te connectivity($tel), oracle($orcl),… https://www.macroaxis.com/invest/marketratings?s=omc,tel,orcl,rf,xyl,xlnx,gme,jec,duk,etfc,amat #stocks #earnings",2020-07-16 04:41:32,-69,"['orcl', 'omc', 'tel']"
227984354,te connectivity&#39;s pt raised by morgan stanley to $89.00. equal weight rating. https://www.marketbeat.com/r/1445468 $tel,2020-07-15 15:42:26,-69,['tel']
227963708,$tel morgan stanley maintains to equal-weight : pt $89.00 https://stockhoot.com/extsymbol.aspx?from=analystratingtweet&amp;symbol=tel&amp;t=202&amp;social=stocktwits,2020-07-15 14:56:38,-69,['tel']
227357288,$tel were about to see a nasty squeeze.,2020-07-13 17:33:09,1,['tel']
226828487,$tel new article : dodge &amp; cox boosts stake in te connectivity https://www.stck.pro/news/tel/6156696,2020-07-10 19:23:24,-69,['tel']
226778392,$tel new article : oakmark equity and income fund: 2q 2020 https://www.stck.pro/news/tel/6153831,2020-07-10 16:59:07,-69,['tel']
226757476,"updated correlation matrix for te connectivity($tel),… https://www.macroaxis.com/invest/marketcorrelation?s=tel,trv,nrg,dis,chfc,adsk,de,exc,isbc,c,thc,kss #correlations #stocks #stockratings",2020-07-10 15:58:35,-69,['tel']
226655106,"new ratings for te connectivity($tel),… https://www.macroaxis.com/invest/marketratings?s=tel,a,crm,sjm,trow,ewbc,dte,xrx,banf,zion,nke,pbct #portfolio_prospective #better_portfolio #diversify",2020-07-10 06:33:39,-69,['tel']
226573041,$tel dodge &amp; cox has filed form sc 13g/a with sec. reporting 10.0% ownership.,2020-07-09 20:50:08,-69,['tel']
226569612,dodge &amp; cox just provided an update on share ownership of te connectivity ltd. http://www.conferencecalltranscripts.org/13g/summary2/?id=8116857 $tel,2020-07-09 20:37:16,-69,['tel']
226569223,"$tel [15s. delayed] filed form sc 13g/a on july 09, 16:35:00 https://s.flashalert.me/u2feg",2020-07-09 20:35:53,-69,['tel']
226569140,"$tel form sc 13g/a (statement of acquisition of beneficial ownership by individuals) filed with the sec 

https://newsfilter.io/a/90bef9249e90ad68c305bd6a3293c704",2020-07-09 20:35:32,-69,['tel']
226123714,3 stocks you don&#39;t realize you use every day $tel $fisv $cag https://bit.ly/31vuigb,2020-07-08 14:05:33,-69,"['fisv', 'cag', 'tel']"
226088085,"$tel new article : te connectivity to report third quarter financial results on july 29, 2020 https://www.stck.pro/news/tel/6093404",2020-07-08 12:25:15,-69,['tel']
226083022,"$tel te connectivity to report third quarter financial results on july 29, 2020 

https://newsfilter.io/a/fa6ecef66c0633bb7236a9bb55de46cc",2020-07-08 12:00:43,-69,['tel']
225873693,"new ratings for te connectivity($tel), southwestern… https://www.macroaxis.com/invest/marketratings?s=tel,swn,spg,spg,rost,cffn,ir,cma,hd,nov,xom #correlations #stocks #stockratings",2020-07-07 16:02:39,-69,['tel']
225365208,"new volatility landscape for te connectivity($tel),… https://www.macroaxis.com/invest/marketriskandreturn?s=tel,ibm,lca,nsc,nwl,csx,igt,clf,wm,ne,xom,pld #canada #canadian_equities #ca",2020-07-05 07:44:32,-69,['tel']
225136480,"updated ratings for te connectivity($tel), bgc… https://www.macroaxis.com/invest/marketratings?s=tel,bgcp,ph,xrx,ctxs,cinf,mcd #correlations #stocks #stockratings",2020-07-03 02:24:09,-69,['tel']
224659775,"bullish portfolio proposal: te connectivity($tel),… https://www.macroaxis.com/invest/marketriskandreturn?s=tel,gogl,sun,unm,exc,ecl,nwli,mkc #correlations #stocks #stockratings",2020-07-01 18:30:42,-69,['tel']
224477085,$azul $gol $cpe $cdev $tel oil stocks on watch today . this should also help the airlines as oil is going up,2020-07-01 10:46:27,1,"['cpe', 'gol', 'tel', 'cdev', 'azul']"
223913569,"bullish investment portfolio: te connectivity($tel),… https://www.macroaxis.com/invest/marketcorrelation?s=tel,whr,kr,omc,ctl,lm,isrg,met,roku,bll,hpq,csx #canada #canadian_equities #ca",2020-06-29 17:38:08,-69,['tel']
223888718,short sale volume (not short interest) for $tel on 2020-06-26 is 54%. http://shortvolumes.com/?t=tel via @shortvolumes,2020-06-29 16:32:35,-69,['tel']
223613020,"updated correlation matrix for te connectivity($tel),… https://www.macroaxis.com/invest/marketcorrelation?s=tel,pfg,aiz,omc,wec,kmx,pnw,nly,gnw,vno,eqr,mas #canada #canadian_equities #ca",2020-06-28 15:34:39,-69,['tel']
223470098,what are the hedge funds going to do now? $tel&#39;s in downtrend: moving average convergence divergence (macd) histogram just turned negative. view odds for this and other indicators: https://srnk.us/go/1787191,2020-06-27 07:52:54,-69,['tel']
223297504,"risk-adjusted landscape for te connectivity($tel),… https://www.macroaxis.com/invest/marketriskandreturn?s=tel,kim,lsi,aiv,anf,avy,xyl,azo,hpq #correlations #stocks #stockratings",2020-06-26 17:51:33,-69,['tel']
222896762,"i just created a room to talk about evs, ev companies, from cars to planes by way of bikes, motorcycles, boats (what else?).

it&#39;s totally free and the rules are simple:
- no senseless fud or fomo.
- no corporate fanaticism.

https://stocktwits.com/r/evs

$mga $tel $ifnny $vlkay $f",2020-06-25 17:23:22,-69,"['f', 'mga', 'tel', 'vlkay']"
222793071,"new correlation matrix for te connectivity($tel),… https://www.macroaxis.com/invest/marketcorrelation?s=tel,whr,ffbc,tfsl,gnc,eqt,atvi,r,colb,nwbi,xel,fitb #canada #canadian_equities #ca",2020-06-25 13:38:10,-69,['tel']
222774590,"updated correlation matrix for te connectivity($tel),… https://www.macroaxis.com/invest/marketcorrelation?s=tel,dd,tjx,cpb,tmo,amp,lmt,myl,fii,ccl,adbe,wy #correlations #stocks #stockratings",2020-06-25 12:51:04,-69,['tel']
222640767,"updated correlation matrix for te connectivity($tel), abercrombie… https://www.macroaxis.com/invest/marketcorrelation?s=tel,anf,hlf,krny,ko,avb,cmg,sun,cf,wu,fitb,abt #stocks #earnings",2020-06-24 21:18:46,-69,['tel']
222403545,teconnectivity $tel bidaskscore is lowered to sold https://bidaskclub.com/news/company-news/company-news-company-news/2020/06/te-connectivity-tel-bidaskscore-is-lowered-to-sold/,2020-06-24 11:04:07,-69,['tel']
221797620,$tel bitch,2020-06-22 13:34:36,-69,['tel']
221628831,"updated ratings for te connectivity($tel), united($utx),… https://www.macroaxis.com/invest/marketratings?s=tel,utx,acgl,unh,lh,mchp,isbc,sbny,psec,life,avasf,csco #canada #canadian_equities #ca",2020-06-21 00:29:33,-69,['tel']
221571728,"updated correlation matrix for te connectivity($tel),… https://www.macroaxis.com/invest/marketcorrelation?s=tel,brkl,psec,nvda,mat,mcd,flir,nbtb,mck,adi #correlations #stocks #stockratings",2020-06-20 10:16:32,-69,['tel']
221570316,"new ratings for te connectivity($tel), blackstone($bx),… https://www.macroaxis.com/invest/marketratings?s=tel,bx,nfbk,ms,vfc,amzn,len,hot,ctsh,eqr,hrl,life #canada #canadian_equities #ca",2020-06-20 08:57:35,-69,"['bx', 'tel']"
221563277,"new correlation matrix for newmont mining($nem), te connectivity($tel),… https://www.macroaxis.com/invest/marketcorrelation?s=nem,tel,mco,shw,azul,apd,pbct,whr,gbci,abt,ecpg,pfe #stocks #earnings",2020-06-20 04:50:02,-69,"['nem', 'tel']"
220929145,the industry average profit margin is -0.63%. $tel outperforms 92% of its industry peers. https://www.chartmill.com/stock/quote/tel/fundamental-analysis?key=e41d30dc-b801-44e0-aa26-9b264e1c4704&amp;utm_source=stocktwits&amp;utm_medium=fa&amp;utm_content=tel&amp;utm_campaign=social_tracking,2020-06-18 07:44:02,-69,['tel']
220857943,"updated correlation matrix for te connectivity($tel),… https://www.macroaxis.com/invest/marketcorrelation?s=tel,omc,chk,eqt,ccl,myl,apnhf,sna #insidertrading #stocks #fintechnews",2020-06-17 22:32:09,-69,['tel']
220590271,"new correlation matrix for te connectivity($tel), texas… https://www.macroaxis.com/invest/marketcorrelation?s=tel,tcbi,fast,aal,unh,vleey,esgr,wrld #correlations #stocks #stockratings",2020-06-17 08:39:31,-69,['tel']
220326431,morgan stanley raises te connectivity (nyse:tel) price target to $84.00 $tel #tel https://www.marketbeat.com/n/4380057/,2020-06-16 13:44:55,-69,['tel']
220308885,te connectivity&#39;s pt raised by morgan stanley to $84.00. equal weight rating. https://www.marketbeat.com/r/1430412 $tel,2020-06-16 13:03:52,-69,['tel']
