id,body,created_at,sentiment,symbols
254780049,"monolithic power systems director kuo wei herbert chang sells $978,990.00 in $mpwr https://www.marketbeat.com/i/414776",2020-11-06 04:15:12,-69,['mpwr']
254693490,"$mpwr $978,990.00 of shares sold by chang kuo wei herbert (director), reported in a new form 4 filed with the sec  https://newsfilter.io/a/33f8cf0abd259ef0785f5edecee94ebd",2020-11-05 21:08:45,-69,['mpwr']
254691243,"$mpwr [15s. delayed] filed sec form 4: insider chang kuo wei herbert: 
disposed 3,000 of common stock at price $326.33 on 2020-11-04, decr https://s.flashalert.me/iv7rj",2020-11-05 21:04:05,-69,['mpwr']
254678156,"$mpwr maurice sciammas sold 20,000 shares [very high conviction] www.insider-analysis.com/search_transactions.php?ticker=table_mpwr",2020-11-05 20:20:36,-69,['mpwr']
254615072,$mpwr 🍊 juiceddddd,2020-11-05 16:37:25,1,['mpwr']
254565715,this is amazing! what do you think? $mpwr enters uptrend as momentum indicator ascends above 0 level. view odds of uptrend. https://srnk.us/go/2284285,2020-11-05 14:05:30,1,['mpwr']
254488020,"pocket pivot today for $moh, $mpwr and $payc, all leading stocks in the market. https://www.chartmill.com/stock/stock-screener?sid=15&amp;f=s_ppt,v1_50b300,cu_2pr_sm10v,s_str,exch_us&amp;v=3&amp;timeframe=daily&amp;type=candles&amp;months=0&amp;width=400&amp;cl=f&amp;o1=3&amp;o2=3&amp;o3=17&amp;op1=10,16711680&amp;op2=20,255&amp;op3=10%252c2,65280&amp;utm_source=stocktwits&amp;utm_medium=screener&amp;utm_content=stock_screener:_pocket_pivots_in_strong_stocks&amp;utm_campaign=social_tracking",2020-11-05 00:29:00,-69,"['mpwr', 'moh', 'payc']"
254454001,"monolithic power systems&#39;s sr. v.p.of sales and marketing just disposed of 20,000 shares  http://www.conferencecalltranscripts.org/4/summary2/?id=8518059 $mpwr",2020-11-04 21:31:14,-69,['mpwr']
254453926,"$mpwr: new sec filing on sr. v.p.of sales and marketing, maurice sciammas: https://www.sec.gov/archives/edgar/data/1280452/000128045220000171/xslf345x03/edgardoc.xml",2020-11-04 21:31:01,-69,['mpwr']
254448254,"$mpwr [15s. delayed] filed sec form 4: sr. v.p.of sales and marketing sciammas maurice: 
disposed 20,000 of common stock at price $315.39  https://s.flashalert.me/mlbep",2020-11-04 21:12:37,-69,['mpwr']
254448104,"$mpwr $6,307,800.00 of shares sold by sciammas maurice (sr. v.p.of sales and marketing), reported in a new form 4 filed with the sec  

https://newsfilter.io/a/9bbb62b3e5d3d224b5410e330b402ce9",2020-11-04 21:12:16,-69,['mpwr']
254116159,"$mpwr with a bullish setup...

consolidating the big move off of march low at ath. trading sideways the last few weeks. really tight. great risk/reward opportunity to get on board. rectangle pattern. 

good luck.

real-time alerts at thetradinganalyst.com/",2020-11-03 15:11:55,-69,['mpwr']
254098040,$mpwr $mpwr with a bullish projection even after negative earnings. $mpwr posted less than expected earnings but the pe,2020-11-03 14:16:36,1,['mpwr']
254033554,monolithicpowersystems $mpwr bidaskscore is #reiterated to stronglybought https://bidaskclub.com/news/company/2020-10-27/mpwr,2020-11-03 01:18:02,-69,['mpwr']
253963214,"how do you think the market will react to this? $mpwr&#39;s 10-day moving average broke above its 50-day moving average on october 1, 2020. view odds for this and other indicators: https://srnk.us/go/2274286",2020-11-02 19:26:44,-69,['mpwr']
253871468,"$mpwr
mpwr target raised by loop capital with price target $285.00 ➝ $350.00 and rating buy
source:https://www.marketbeat.com/ratings/
view the full list of news/momentum plays on watch at : bit.ly/32gfart
[no bias / position]
[find me at https://stocktwits.com/sbiswas | https://twitter.com/soumyajyoti_b]&quot;",2020-11-02 13:33:55,-69,['mpwr']
253770248,"$mpwr - monolithic power systems, inc. (mpwr) ceo michael hsing on q3 2020 results - earnings call transcript. https://t.co/fnqctgi856 #sto",2020-11-01 06:00:49,-69,['mpwr']
253743702,have you seen this? $mpwr enters uptrend as momentum indicator ascends above 0 level. view odds of uptrend. https://srnk.us/go/2267079,2020-10-31 20:49:05,1,['mpwr']
253661905,$mpwr strong today,2020-10-30 21:13:52,1,['mpwr']
253650784,"$mpwr new article : stock market crumbles; indexes dive, more leaders break; monolithic power, ultragenyx strong https://www.stck.pro/news/mpwr/8847536",2020-10-30 20:22:11,-69,['mpwr']
253643776,"$mpwr latest ratings on 2020-10-30 at stock target advisor https://www.stocktargetadvisor.com/stock/usa/nye/mpwr#analyst-rating-tab : oppenheimer holdings (reiterated by), raymond james financial (maintains), rosenblatt securities (maintains), needham",2020-10-30 20:01:12,-69,['mpwr']
253638929,$mpwr,2020-10-30 19:46:17,-69,['mpwr']
253612540,"monolithic power systems, ibd stock of the day, is getting charged up investors.com/research/ibd-stock-of-the-day/monolithic-power-systems-rises-q3-beat-raise-report/ $mpwr",2020-10-30 18:15:57,-69,['mpwr']
253514435,$mpwr why has thins just dropped? general market condition?,2020-10-30 13:38:52,-69,['mpwr']
253513426,5-star analyst william stein from truist financial maintained a buy on $mpwr.  https://www.tipranks.com/analysts/william-stein,2020-10-30 13:36:00,-69,['mpwr']
253511469,"$mpwr 
maintains rosenblatt securities buy usd 300 » usd 380 
maintains needham &amp; company llc buy usd 275 » usd 350 
maintains raymond james financial outperform usd 275 » usd 336 
reiterated by oppenheimer holdings buy usd 350
https://www.stocktargetadvisor.com/stock/usa/nye/mpwr#analyst-rating-tab",2020-10-30 13:29:49,-69,['mpwr']
253493346,"$mpwr
mpwr reiterated by oppenheimer with price target 350 and rating buy
source:https://www.marketbeat.com/ratings/
view the full list of news/momentum plays on watch at : bit.ly/32gfart
[no bias / position]
[find me at https://stocktwits.com/sbiswas | https://twitter.com/soumyajyoti_b]",2020-10-30 12:10:27,-69,['mpwr']
253491866,$mpwr raymond james maintains to outperform : pt $336.00 https://stockhoot.com/extsymbol.aspx?from=analystratingtweet&amp;symbol=mpwr&amp;t=511&amp;social=stocktwits,2020-10-30 12:03:07,-69,['mpwr']
253486067,$mpwr rosenblatt maintains to buy : pt $380.00 https://stockhoot.com/extsymbol.aspx?from=analystratingtweet&amp;symbol=mpwr&amp;t=145&amp;social=stocktwits,2020-10-30 11:23:59,-69,['mpwr']
253483416,$mpwr needham maintains to buy : pt $350.00 https://stockhoot.com/extsymbol.aspx?from=analystratingtweet&amp;symbol=mpwr&amp;t=18&amp;social=stocktwits,2020-10-30 11:02:07,-69,['mpwr']
253420579,$mpwr updates q4 2020after-hours guidance to eps and revenue guidance to $218-230 million. https://www.marketbeat.com/g/52419,2020-10-29 23:13:04,-69,['mpwr']
253385386,$mpwr just filed with the sec a earnings release and a financial exhibit https://last10k.com/sec-filings/mpwr/0001437749-20-021991.htm?utm_source=stocktwits&amp;utm_medium=forum&amp;utm_campaign=8k&amp;utm_term=mpwr,2020-10-29 20:54:04,-69,['mpwr']
253374400,monolithic power systems announces results  http://www.conferencecalltranscripts.org/8/summary2/?id=8492732 $mpwr,2020-10-29 20:28:17,-69,['mpwr']
253370957,"$mpwr monolithic power eps beats by $0.01, beats on revenue 

https://newsfilter.io/a/d172b9b67c0ee1178d25613664d96348",2020-10-29 20:21:08,-69,['mpwr']
253370464,"monolithic power systems q3 eps $1.69 beats $1.68 estimate, sales $259.40m beat $258.09m estimate

related tickers: $mpwr",2020-10-29 20:20:11,-69,['mpwr']
253368647,"$mpwr [15s. delayed] filed form 8-k on october 29, 16:15:40: item2.02: results of operations &amp; financial condition https://s.flashalert.me/nmu3vh",2020-10-29 20:16:55,-69,['mpwr']
253368454,"$mpwr form 8-k: results of operations and financial condition. on october 29, 2020, monolithic power systems issued a press release regarding its financial results for the quarter ended september 30, .. 

https://newsfilter.io/a/dcceaf215510660c8f69e0c5b0a0e1c3",2020-10-29 20:16:35,-69,['mpwr']
253368255,"$mpwr reported earnings of $1.69, consensus was $1.28 via @ewhispers #epsbeat http://eps.sh/d/mpwr",2020-10-29 20:16:16,-69,['mpwr']
253367734,"$mpwr monolithic power systems announces results for the third quarter ended september 30, 2020 https://www.otcdynamics.com/mpwr-monolithic-power-systems-announces-resultsfor-thethird-quarter-ended-september-30-2020",2020-10-29 20:15:25,-69,['mpwr']
253363382,"$mpwr
monolithic power beats by $0.01, reports revs in-line; guides q4 revs above consensus  (318.75 +14.99)
reports q3 (sep) earnings of $1.69 per share, excluding non-recurring items, $0.01 better than the s&amp;p capital iq consensus of $1.68; revenues rose 53.7% year/year to $259.42 mln vs the $258.12 mln s&amp;p capital iq consensus.
co issues upside guidance for q4, sees q4 revs of $218-230 mln vs. $197.06 mln s&amp;p capital iq consensus.",2020-10-29 20:06:43,-69,['mpwr']
253362863,"$mpwr monolithic power systems announces results for the third quarter ended september 30, 2020
https://www.stocktitan.net/news/mpwr/monolithic-power-systems-announces-results-for-the-third-quarter-fzp10i93sb72.html",2020-10-29 20:05:54,-69,['mpwr']
253362691,"$mpwr new article : monolithic power systems announces results for the third quarter ended september 30, 2020 https://www.stck.pro/news/mpwr/8827085",2020-10-29 20:05:38,-69,['mpwr']
253361063,"$mpwr monolithic power systems announces results for the third quarter ended september 30, 2020 

https://newsfilter.io/a/91199ac42cbb69294e7fdbb1d459adaa",2020-10-29 20:02:01,-69,['mpwr']
253330982,"$mpwr earnings call today: 5:00 pm est 
analyst rating: strong buy 
webcast: http://mmm.wallstreethorizon.com/u.asp?u=348537",2020-10-29 18:28:47,-69,['mpwr']
253280800,$mpwr +8.05  into er ah,2020-10-29 15:48:53,1,['mpwr']
253264276,$mpwr is scheduled to report #earnings after the market closes today via @ewhispers http://eps.sh/s/mpwr,2020-10-29 15:01:31,-69,['mpwr']
253263724,"$mpwr reports after the close, estimize consensus +0 eps and +1.45m revs compared to ws
http://www.estimize.com/mpwr/fq3-2020?utm_content=prerelease&amp;utm_medium=tweet&amp;utm_source=stocktwits",2020-10-29 15:00:15,-69,['mpwr']
252636745,$mpwr $smh name centennial runner 4 wks over $300,2020-10-26 23:39:06,1,"['smh', 'mpwr']"
252326872,"$mpwr strong rs, would like to see this consolidate for at least one more week forming a three weeks tight pattern, watch for break of high. practice good risk management.",2020-10-24 13:14:36,-69,['mpwr']
252292574,overvalued signal alert: $mpwr. more insights: https://stockinvest.us/technical-analysis/mpwr?utm_source=stocktwits&amp;utm_medium=autopost,2020-10-23 23:48:07,-1,['mpwr']
252106610,"$msft and $mpwr detected as possible swing trading plays by our stock screener. https://www.chartmill.com/stock/stock-screener?sid=28&amp;f=s_str,s_n20h,etf_none,p_pg20,v1_50b20,cu_b_sm10v,cu_a_sm20v,exch_us&amp;v=3&amp;s=n&amp;sd=asc&amp;timeframe=daily&amp;type=candles&amp;months=3&amp;width=720&amp;cl=f&amp;o1=3&amp;o2=3&amp;op1=10,16711680&amp;op2=30,255&amp;utm_source=stocktwits&amp;utm_medium=screener&amp;utm_content=stock_screener:_swing_trading&amp;utm_campaign=social_tracking",2020-10-23 11:00:01,-69,"['mpwr', 'msft']"
251970925,"$mpwr theodore blegen sold 1,534 shares [average conviction] www.insider-analysis.com/search_transactions.php?ticker=table_mpwr",2020-10-22 19:24:49,-69,['mpwr']
251779729,$mpwr https://www.aistockfinder.com/stock-forecast/mpwr monolithic power systems inc.  the automated equity analyst lets us believe this equity has an undetermined short term setup and its stock price is in line with its long term fundamentals,2020-10-22 01:41:43,-69,['mpwr']
251778231,overvalued signal alert: $mpwr. more insights: https://stockinvest.us/technical-analysis/mpwr?utm_source=stocktwits&amp;utm_medium=autopost,2020-10-22 01:30:07,-1,['mpwr']
251722494,"monolithic power systems&#39;s cfo just disposed of 1,534 shares  http://www.conferencecalltranscripts.org/4/summary/?id=8463383 $mpwr",2020-10-21 20:36:36,-69,['mpwr']
251722096,"$mpwr [15s. delayed] filed sec form 4: cfo blegen theodore: 
disposed 1,534 of common stock at price $315.49 on 2020-10-19, decreased hold https://s.flashalert.me/lau21",2020-10-21 20:35:23,-69,['mpwr']
251472805,overvalued signal alert: $mpwr. more insights: https://stockinvest.us/technical-analysis/mpwr?utm_source=stocktwits&amp;utm_medium=autopost,2020-10-20 22:38:45,-1,['mpwr']
251357611,"$mpwr +5.32   er 10/29
monolithic power systems, inc. designs, develops, and markets integrated power semiconductor solutions and power delivery architectures for consumer, computing and storage, automotive, industrial, communications, and consumer applications markets.",2020-10-20 15:54:41,1,['mpwr']
251234782,"$mpwr monolithic power systems to report third quarter results on october 29, 2020
https://www.stocktitan.net/news/mpwr/monolithic-power-systems-to-report-third-quarter-results-on-october-cobz7im6ck3x.html",2020-10-20 00:22:45,-69,['mpwr']
251224919,"$mpwr new article : monolithic power systems to report third quarter results on october 29, 2020 https://www.stck.pro/news/mpwr/8587791",2020-10-19 23:05:06,-69,['mpwr']
251224902,"monolithic power systems to report third quarter results on october 29, 2020 http://www.conferencecalltranscripts.org/summary/?id=72711&amp;pr=true $mpwr",2020-10-19 23:05:01,-69,['mpwr']
251224873,"$mpwr monolithic power systems to report third quarter results on october 29, 2020 https://www.otcdynamics.com/mpwr-monolithic-power-systems-to-reportthird-quarter-results-on-october-29-2020",2020-10-19 23:04:49,-69,['mpwr']
251224771,"$mpwr [15s. delayed]: issued press release on october 19, 19:03:00: monolithic power systems to report third quarter results on october 29 https://s.flashalert.me/dq2kc",2020-10-19 23:03:57,-69,['mpwr']
251202023,monolithicpowersystems $mpwr bidaskscore is #reiterated to stronglybought https://bidaskclub.com/news/company/2020-10-13/mpwr,2020-10-19 20:52:03,-69,['mpwr']
250980455,"in the last month $mpwr has a been trading in the 247.87 - 325.18 range, which is quite wide. https://www.chartmill.com/stock/analyzer/stock/mpwr?key=97df8162-8da4-46c5-b6b1-8555f3853f7f&amp;utm_source=stocktwits&amp;utm_medium=ta&amp;utm_content=mpwr&amp;utm_campaign=social_tracking",2020-10-18 17:00:01,-69,['mpwr']
250965104,"$mpwr saria tseng sold 6,495 shares [high conviction] www.insider-analysis.com/search_transactions.php?ticker=table_mpwr",2020-10-18 11:41:09,-69,['mpwr']
250876178,"monolithic power systems vp saria tseng sells $2,062,032.60 in $mpwr https://www.marketbeat.com/i/412342",2020-10-17 00:40:19,-69,['mpwr']
250842788,"$mpwr: new sec filing on vp &amp; general counsel, saria tseng: https://www.sec.gov/archives/edgar/data/1280452/000143774920021229/xslf345x03/rdgdoc.xml",2020-10-16 20:42:01,-69,['mpwr']
250839412,$mpwr new insider selling: 6495 shares. http://insiderbuyingselling.com/?t=mpwr,2020-10-16 20:27:32,-69,['mpwr']
250833558,"monolithic power systems&#39;s vp &amp; general counsel just disposed of 6,495 shares  http://www.conferencecalltranscripts.org/4/summary/?id=8452781 $mpwr",2020-10-16 20:07:53,-69,['mpwr']
250832976,"$mpwr [15s. delayed] filed sec form 4: insider tseng saria: 
disposed 6,495 of common stock at price $317.48 on 2020-10-15, decreased hold https://s.flashalert.me/7x6ls",2020-10-16 20:06:16,-69,['mpwr']
248831442,$mpwr keep going up.,2020-10-07 19:16:09,1,['mpwr']
248799665,52-week high alert: trading today&#39;s movement in monolithic power systems $mpwr https://wp.me/p5blgb-b38b,2020-10-07 17:40:53,-69,['mpwr']
248343669,"pocket pivot signals in $mpwr, $vcel and $egan, while they also have the support from large players according to the effective volume indicator. https://www.chartmill.com/stock/stock-screener?sid=31&amp;f=smlev20v_b_lev,smlev20v_r,p_pg10,pp_1,v1_50b200,cu_a_sm50v,der5_a_0.03,s_ppt,exch_us&amp;v=3&amp;timeframe=daily&amp;type=candles&amp;o1=17&amp;op1=10%252c2,16711680&amp;i1=49&amp;ia1=on&amp;cl=f&amp;months=0.05&amp;o2=3&amp;op2=50,255&amp;width=720&amp;o3=3&amp;op3=10,65280&amp;utm_source=stocktwits&amp;utm_medium=screener&amp;utm_content=stock_screener:_large_effective_volume_+_pocket_pivot_today&amp;utm_campaign=social_tracking",2020-10-06 00:52:00,-69,"['vcel', 'mpwr', 'egan']"
248067256,stocktwits trending alert: trading recent interest in monolithic power systems $mpwr https://wp.me/p5blgb-b0gf,2020-10-04 16:16:44,-69,['mpwr']
248056193,"$mpwr saria tseng sold 4,305 shares [high conviction] www.insider-analysis.com/search_transactions.php?ticker=table_mpwr",2020-10-04 13:10:29,-69,['mpwr']
248055649,"$mpwr michael hsing sold 27,500 shares [very high conviction] www.insider-analysis.com/search_transactions.php?ticker=table_mpwr",2020-10-04 12:56:16,-69,['mpwr']
248055152,"$mpwr deming xiao sold 4,305 shares [high conviction] www.insider-analysis.com/search_transactions.php?ticker=table_mpwr",2020-10-04 12:42:04,-69,['mpwr']
248054661,$mpwr theodore blegen sold 905 shares [low conviction] www.insider-analysis.com/search_transactions.php?ticker=table_mpwr,2020-10-04 12:27:50,-69,['mpwr']
248054241,"$mpwr maurice sciammas sold 5,425 shares [high conviction] www.insider-analysis.com/search_transactions.php?ticker=table_mpwr",2020-10-04 12:13:37,-69,['mpwr']
247979243,"$mpwr: new sec filing on pres. of mps asia operations, deming xiao: https://www.sec.gov/archives/edgar/data/1280452/000128045220000165/xslf345x03/edgardoc.xml",2020-10-03 05:34:02,-69,['mpwr']
247974101,"monolithic power systems ceo michael hsing sells $3,074,280.00 in $mpwr https://www.marketbeat.com/i/410557",2020-10-03 03:40:36,-69,['mpwr']
247972900,$mpwr https://www.aistockfinder.com/stock-forecast/mpwr monolithic power systems inc. our artificial intelligence calculated the price of this stock has a neutral short term outlook in a negative short term market setup with a flat long term setup,2020-10-03 03:21:09,-69,['mpwr']
247951917,"$mpwr [15s. delayed] filed sec form 4: ceo hsing michael: 
disposed 27,500 of common stock at average price $276.64 between 2020-10-01 and https://s.flashalert.me/suzn27",2020-10-02 23:25:49,-69,['mpwr']
247951884,"#fwsells $mpwr hsing michael, ceo of monolithic power systems inc sold 27500 shares on 2020-10-02. https://formwhispers.com/s?t=mpwr",2020-10-02 23:25:32,-69,['mpwr']
247922781,"$mpwr [15s. delayed] filed sec form 4: pres. of mps asia operations xiao deming: 
disposed 4,305 of common stock at price $280.5 on 2020-1 https://s.flashalert.me/xmcis",2020-10-02 20:42:12,-69,['mpwr']
247922718,"#fwsells $mpwr xiao deming, pres. of mps asia operations of monolithic power systems inc sold 4305 shares on 2020-10-01. https://formwhispers.com/s?t=mpwr",2020-10-02 20:41:55,-69,['mpwr']
247921668,"$mpwr [15s. delayed] filed sec form 4: cfo blegen theodore: 
disposed 905 of common stock at price $280.5 on 2020-10-01, decreased holding https://s.flashalert.me/xfmig",2020-10-02 20:37:42,-69,['mpwr']
247921610,"#fwsells $mpwr blegen theodore, cfo of monolithic power systems inc sold 905 shares on 2020-10-01. https://formwhispers.com/s?t=mpwr",2020-10-02 20:37:26,-69,['mpwr']
247921384,"$mpwr [15s. delayed] filed sec form 4: sr. v.p.of sales and marketing sciammas maurice: 
disposed 5,425 of common stock at price $280.5 on https://s.flashalert.me/c7fya",2020-10-02 20:36:28,-69,['mpwr']
247921307,"#fwsells $mpwr sciammas maurice, sr. v.p.of sales and marketing of monolithic power systems inc sold 5425 shares on 2020-10-01. https://formwhispers.com/s?t=mpwr",2020-10-02 20:36:10,-69,['mpwr']
247912497,"monolithic power systems&#39;s vp &amp; general counsel just disposed of 4,305 shares  http://www.conferencecalltranscripts.org/4/summary2/?id=8413377 $mpwr",2020-10-02 20:05:41,-69,['mpwr']
247912010,"#fwsells $mpwr tseng saria, vp &amp; general counsel of monolithic power systems inc sold 4305 shares on 2020-10-01. https://formwhispers.com/s?t=mpwr",2020-10-02 20:04:17,-69,['mpwr']
247911676,"$mpwr [15s. delayed] filed sec form 4: insider tseng saria: 
disposed 4,305 of common stock at price $280.5 on 2020-10-01, decreased holdi https://s.flashalert.me/ezppcv",2020-10-02 20:03:27,-69,['mpwr']
247517039,52-week high alert: trading today&#39;s movement in monolithic power systems $mpwr https://wp.me/p5blgb-az1b,2020-10-01 14:36:18,-69,['mpwr']
247139702,$mpwr new article : monolithic power systems files patent infringement and trade secret theft lawsuits against meraki integrated and against its founders wei dong and lin sheng for breach of contract and fraud https://www.stck.pro/news/mpwr/8105217,2020-09-30 02:09:06,-69,['mpwr']
247138606,$mpwr: monolithic power systems files patent infringement and trade secret theft lawsuits against meraki integrate ... https://www.chartmill.com/stock/quote/mpwr/news?utm_source=stocktwits&amp;utm_medium=pressrelease&amp;utm_content=mpwr&amp;utm_campaign=social_tracking,2020-09-30 02:03:00,-69,['mpwr']
247138479,"$mpwr [15s. delayed]: issued press release on september 29, 21:46:00: monolithic power systems files patent infringement and trade secret  https://s.flashalert.me/kthvax",2020-09-30 02:02:14,-69,['mpwr']
247135536,"$mpwr monolithic power systems files patent infringement and trade secret theft lawsuits against meraki integrated and against its founders wei dong and lin sheng for breach of contract and fraud
https://www.stocktitan.net/news/mpwr/monolithic-power-systems-files-patent-infringement-and-trade-secret-t3j3fu4omcci.html

#patent",2020-09-30 01:47:25,-69,['mpwr']
246714209,@omw2money   $gnrc $mpwr - winter coming,2020-09-28 15:14:21,1,"['mpwr', 'gnrc']"
246488578,this is why hedge funds use a.i. $mpwr price moved above its 50-day moving average. view odds of uptrend. https://srnk.us/go/2141275,2020-09-26 11:51:25,1,['mpwr']
246099415,$mpwr  +7.16  - trying to get above 50ma,2020-09-24 18:36:44,1,['mpwr']
245811992,"$mpwr theodore blegen sold 1,408 shares [average conviction] www.insider-analysis.com/search_transactions.php?ticker=table_mpwr",2020-09-23 19:44:12,-69,['mpwr']
245635579,monolithicpowersystems $mpwr bidaskscore is increased to stronglybought https://bidaskclub.com/news/company/2020-09-22/mpwr,2020-09-23 11:36:04,-69,['mpwr']
245605678,"#fwsells $mpwr blegen theodore, cfo of monolithic power systems inc sold 1408 shares on 2020-09-18. https://formwhispers.com/s?t=mpwr",2020-09-23 03:28:30,-69,['mpwr']
245599053,"monolithic power systems cfo theodore blegen sells $355,942.40 in $mpwr https://www.marketbeat.com/i/409156",2020-09-23 02:30:31,-69,['mpwr']
245562076,"monolithic power systems, inc. (nasdaq:mpwr) cfo theodore blegen sells 1,408 shares $mpwr #mpwr https://www.marketbeat.com/n/4468067/",2020-09-22 23:00:14,-69,['mpwr']
245530695,"$mpwr: new sec filing on cfo, theodore blegen: https://www.sec.gov/archives/edgar/data/1280452/000128045220000158/xslf345x03/edgardoc.xml",2020-09-22 20:58:01,-69,['mpwr']
245523287,$mpwr https://www.aistockfinder.com/stock-forecast/mpwr monolithic power systems inc. our artificial intelligence judges the market value of this company has a neutral short term outlook and its stock price is in line with its long term fundamentals,2020-09-22 20:34:54,-69,['mpwr']
245519869,"$mpwr [15s. delayed] filed sec form 4: cfo blegen theodore: 
disposed 1,408 of common stock at price $252.8 on 2020-09-18, decreased holdi https://s.flashalert.me/wkpoq",2020-09-22 20:24:21,-69,['mpwr']
245519749,"$mpwr $355,942.40 of shares sold by blegen theodore (cfo), reported in a new form 4 filed with the sec  

https://newsfilter.io/a/54264727e4fe69f5fe70a535c7d3df5a",2020-09-22 20:24:00,-69,['mpwr']
244990353,a current ratio of 5.47 indicates that $mpwr has no problem at all paying its short term obligations. https://www.chartmill.com/stock/quote/mpwr/fundamental-analysis?key=97df8162-8da4-46c5-b6b1-8555f3853f7f&amp;utm_source=stocktwits&amp;utm_medium=fa&amp;utm_content=mpwr&amp;utm_campaign=social_tracking,2020-09-20 04:03:00,-69,['mpwr']
244418365,"monolithic power systems, inc. (nasdaq:mpwr) to issue $0.50 quarterly dividend $mpwr #mpwr https://www.marketbeat.com/n/4463252/",2020-09-17 13:09:01,-69,['mpwr']
244081851,$mpwr announced a dividend (monolithic power systems inc) https://www.dividendinvestor.com/dn/2813892,2020-09-16 11:18:35,-69,['mpwr']
244079249,"monolithic power systems, inc. expected to earn q4 2020 earnings of $0.85 per share (nasdaq:mpwr) $mpwr #mpwr https://www.marketbeat.com/n/",2020-09-16 10:58:36,-69,['mpwr']
244068306,"💰 revenue history for monolithic power systems ($mpwr)️:

2020 q2 :   $0.18 b    +12.32%
2020 q1 :   $0.16 b     -0.58%
2019 q4 :   $0.16 b

more: https://companiesmarketcap.com/monolithic-power-systems/revenue/",2020-09-16 07:35:18,-69,['mpwr']
243994511,"$mpwr form 8-k: on september 15, 2020, the company issued a press release announcing the third quarter cash dividend of $0.50 per share to all stockholders of record as of the close of business on sep.. https://newsfilter.io/a/732439f02583564660235172cef4c8ac",2020-09-15 21:10:02,-69,['mpwr']
243993314,"$mpwr [15s. delayed] filed form 8-k on september 15, 17:04:22: item8.01: other material events https://s.flashalert.me/l3jvg",2020-09-15 21:05:26,-69,['mpwr']
243993297,$mpwr just filed with the sec a financial exhibit https://last10k.com/sec-filings/mpwr/0001437749-20-019752.htm?utm_source=stocktwits&amp;utm_medium=forum&amp;utm_campaign=8k&amp;utm_term=mpwr,2020-09-15 21:05:22,-69,['mpwr']
243973796,$mpwr new article : monolithic power systems announces third quarter dividend https://www.stck.pro/news/mpwr/7733265,2020-09-15 20:04:27,-69,['mpwr']
243972923,"$mpwr monolithic power systems announces third quarter dividend
https://www.stocktitan.net/news/mpwr/monolithic-power-systems-announces-third-quarter-3k2qhbel9s34.html

#dividends",2020-09-15 20:02:26,-69,['mpwr']
243972510,"$mpwr monolithic power systems announces third quarter dividend 

https://newsfilter.io/a/de04a24fe8ca8c5e5448cb2624fe80fe",2020-09-15 20:01:27,-69,['mpwr']
243907770,"$mpwr is powering higher today thanks to some robust guidance, putting fears to rest https://www.briefing.com/#in20200915123129mpwr",2020-09-15 17:00:07,-69,['mpwr']
243899598,$mpwr - above 50ma now - nice power$,2020-09-15 16:34:59,1,['mpwr']
243883887,"$zm just for $mpwr and $zm, when insiders sell you buy and make money. their insiders sells are different. this is a fact.",2020-09-15 15:46:33,-69,"['mpwr', 'zm']"
243857718,big gainer alert: trading today&#39;s 7.6% move in monolithic power systems $mpwr https://wp.me/p5blgb-ao6b,2020-09-15 14:36:35,-69,['mpwr']
243850677,nice start to the market today so far. $byddf and $mpwr are my biggest winners out of the gate.,2020-09-15 14:19:40,-69,['mpwr']
243814938,"$mpwr (+1.9% pre) monolithic power rises in pre-market on 3q sales outlook - y finance

http://ooc.bz/l/60415",2020-09-15 12:41:37,-69,['mpwr']
243810316,$mpwr raises 3q20 revenue guidance above consensus... https://www.briefing.com/in-depth-analysis/content/article?articleid=in20200914160652mpwr,2020-09-15 12:21:33,-69,['mpwr']
243803034,$mpwr raises 3q20 revenue guidance above consensus https://www.briefing.com/in-depth-analysis/content/article?articleid=in20200914160652mpwr,2020-09-15 11:42:32,-69,['mpwr']
243796227,5-star analyst hans mosesmann from rosenblatt securities reiterated a buy on $mpwr.  https://www.tipranks.com/analysts/hans-mosesmann,2020-09-15 10:47:00,-69,['mpwr']
243785018,monolithic power systems initiated by oppenheimer holdings inc. at buy. $285.00 pt. https://www.marketbeat.com/r/1477618 $mpwr,2020-09-15 07:03:59,-69,['mpwr']
243731683,fly intel: after-hours movers - $mpwr - http://thefly.com/permalinks/entry.php/mpwrid3160185,2020-09-14 22:44:05,-69,['mpwr']
243726631,$mpwr updates q3 2020after-hours guidance to eps and revenue guidance to $257-259 million. https://www.marketbeat.com/g/51442,2020-09-14 22:15:53,-69,['mpwr']
243705546,$mpwr new article : monolithic power pushes q3 revenue guidance above consensus https://www.stck.pro/news/mpwr/7708340,2020-09-14 20:46:06,-69,['mpwr']
243701347,$mpwr just filed with the sec a regulated disclosure and a financial exhibit https://last10k.com/sec-filings/mpwr/0001437749-20-019674.htm?utm_source=stocktwits&amp;utm_medium=forum&amp;utm_campaign=8k&amp;utm_term=mpwr,2020-09-14 20:30:48,-69,['mpwr']
243701312,"$mpwr monolithic power pushes q3 revenue guidance above consensus 

https://newsfilter.io/a/39c630400b8dc91f8817f5566a67567c",2020-09-14 20:30:42,-69,['mpwr']
243700350,"$mpwr [15s. delayed] filed form 8-k on september 14, 16:26:30: item7.01: regulation fd https://s.flashalert.me/jsm1h",2020-09-14 20:27:20,-69,['mpwr']
243700249,"$mpwr form 8-k: regulation fd disclosure on september 14, 2020, monolithic power systems issued a press release updating its financial guidance for the quarter ending september 30, 2020. a copy of the.. 

https://newsfilter.io/a/812e1c9faa29b3dd781b7779c5b08966",2020-09-14 20:27:00,-69,['mpwr']
243692784,$mpwr new article : monolithic power systems updates third quarter 2020 financial guidance https://www.stck.pro/news/mpwr/7707740,2020-09-14 20:05:15,-69,['mpwr']
243691596,"$mpwr monolithic power systems updates third quarter 2020 financial guidance
https://www.stocktitan.net/news/mpwr/monolithic-power-systems-updates-third-quarter-2020-financial-ladnm74z08yn.html",2020-09-14 20:02:34,-69,['mpwr']
243691234,"$mpwr monolithic power systems updates third quarter 2020 financial guidance 

https://newsfilter.io/a/27af3504c81187234c453df82c91e69b",2020-09-14 20:01:46,-69,['mpwr']
243505676,"📈 market cap history for monolithic power systems ($mpwr)️:

2020 : $11 b   +42.62%
2019 : $8 b   +57.14%
2018 : $5 b   +5.92%
2017 : $5 b   +39.98%

more: https://companiesmarketcap.com/monolithic-power-systems/marketcap/",2020-09-14 05:10:16,-69,['mpwr']
243069666,"monolithic power systems director james moyer sells $3,720,450.00 in $mpwr https://www.marketbeat.com/i/407210",2020-09-11 01:51:24,-69,['mpwr']
243040682,how do you think the market will react to this? $mpwr in downtrend: stochastic indicator sits in oversold zone for 1 day. view odds for this and other indicators: https://srnk.us/go/2087832,2020-09-10 22:45:20,-69,['mpwr']
243020779,"$mpwr [15s. delayed] filed sec form 4: director moyer james c: 
disposed 15,000 of common stock at price $248.03 on 2020-09-08, decreased  https://s.flashalert.me/hc4w7y",2020-09-10 21:12:14,-69,['mpwr']
243020715,"#fwsells $mpwr moyer james c, director of monolithic power systems inc sold 15000 shares on 2020-09-08. https://formwhispers.com/s?t=mpwr",2020-09-10 21:11:56,-69,['mpwr']
243020705,"$mpwr $3,720,450.00 of shares sold by moyer james c (director), reported in a new form 4 filed with the sec  

https://newsfilter.io/a/28c3ba113607e1479f543431ccbc3c44",2020-09-10 21:11:53,-69,['mpwr']
242618970,monolithicpowersystems $mpwr bidaskscore is downgraded to bought https://bidaskclub.com/news/company/2020-09-08/mpwr,2020-09-09 14:47:02,-69,['mpwr']
242613161,monolithic power systems (nasdaq:mpwr) downgraded by bidaskclub $mpwr #mpwr https://www.marketbeat.com/n/4455181/,2020-09-09 14:31:45,-69,['mpwr']
242606213,monolithic power systems downgraded by bidaskclub to buy. https://www.marketbeat.com/r/1475704 $mpwr,2020-09-09 14:14:32,-69,['mpwr']
242553789,"monolithic power systems, inc. (nasdaq:mpwr) receives consensus recommendation of &quot;buy&quot; from brokerages $mpwr #mpwr https://www.marketbeat.",2020-09-09 10:12:13,-69,['mpwr']
242041537,"$rs, $mpwr and $hth are showing a squeeze play pattern today. they could be ready for breakout. https://www.chartmill.com/stock/stock-screener?sid=12&amp;f=sqds,v1_50b300,sl_ti_105_x,exch_us&amp;v=3&amp;timeframe=daily&amp;type=candles&amp;months=0.05&amp;width=400&amp;cl=f&amp;o1=0&amp;o2=57&amp;op1=14&amp;op2=20,1.5,10&amp;utm_source=stocktwits&amp;utm_medium=screener&amp;utm_content=stock_screener:_momentum_squeeze_play_setups&amp;utm_campaign=social_tracking",2020-09-05 07:10:00,-69,"['mpwr', 'hth', 'rs']"
241212000,"monolithic power systems director jeff zhou sells $104,993.88 in $mpwr https://www.marketbeat.com/i/405638",2020-09-02 16:25:58,-69,['mpwr']
240986422,"$mpwr: new sec filing on director, kuo wei herbert chang: https://www.sec.gov/archives/edgar/data/1280452/000128045220000153/xslf345x03/edgardoc.xml",2020-09-01 21:27:02,-69,['mpwr']
240976625,"$mpwr $104,994.00 of shares sold by zhou jeff (director), reported in a new form 4 filed with the sec  https://newsfilter.io/a/d44a27cb39fa2492f1842987d0b580c5",2020-09-01 20:53:17,-69,['mpwr']
240975205,"$mpwr [15s. delayed] filed sec form 4: director zhou jeff: 
disposed 393 of common stock at average price $267.16 on 2020-08-28, decreased https://s.flashalert.me/4slbd",2020-09-01 20:48:37,-69,['mpwr']
240975119,"#fwsells $mpwr zhou jeff, director of monolithic power systems inc sold 393 shares on 2020-08-28. https://formwhispers.com/s?t=mpwr",2020-09-01 20:48:22,-69,['mpwr']
240974922,"$mpwr [15s. delayed] filed sec form 4: director chang kuo wei herbert: 
disposed 1,300 of common stock at price $268 on 2020-08-28, decrea https://s.flashalert.me/wsjlww",2020-09-01 20:47:47,-69,['mpwr']
240974807,"#fwsells $mpwr chang kuo wei herbert, director of monolithic power systems inc sold 1300 shares on 2020-08-28. https://formwhispers.com/s?t=mpwr",2020-09-01 20:47:29,-69,['mpwr']
240974798,"$mpwr $348,400.00 of shares sold by chang kuo wei herbert (director), reported in a new form 4 filed with the sec  

https://newsfilter.io/a/608e47bdf5d12ac44aff13397c202b32",2020-09-01 20:47:26,-69,['mpwr']
240445096,monolithicpowersystems $mpwr bidaskscore is #reiterated to stronglybought https://bidaskclub.com/news/company/2020-08-25/mpwr,2020-08-31 09:41:04,-69,['mpwr']
240180508,"$mpwr james c moyer sold 10,000 shares [high conviction] www.insider-analysis.com/search_transactions.php?ticker=table_mpwr",2020-08-28 20:03:18,-69,['mpwr']
239984591,does this make you nervous? $mpwr in downtrend: stochastic indicator remains in oversold zone for 2 days. view odds for this and other indicators: https://srnk.us/go/2038041,2020-08-28 10:36:42,-69,['mpwr']
239953742,"#fwsells $mpwr moyer james c, director of monolithic power systems inc sold 10000 shares on 2020-08-26. https://formwhispers.com/s?t=mpwr",2020-08-28 03:30:33,-69,['mpwr']
239931526,"monolithic power systems director james moyer sells $2,688,300.00 in $mpwr https://www.marketbeat.com/i/404965",2020-08-28 01:23:39,-69,['mpwr']
239887061,"$mpwr $2,688,300.00 of shares sold by moyer james c (director), reported in a new form 4 filed with the sec  

https://newsfilter.io/a/7870b2803325867b2fd3da35454b52d1",2020-08-27 21:51:22,-69,['mpwr']
238672489,stifel nicolaus raises monolithic power systems (nasdaq:mpwr) price target to $310.00 $mpwr #mpwr https://www.marketbeat.com/n/4439155/,2020-08-24 12:19:18,-69,['mpwr']
238671657,monolithic power systems&#39;s pt raised by stifel nicolaus to $310.00. buy rating. https://www.marketbeat.com/r/1469935 $mpwr,2020-08-24 12:16:09,-69,['mpwr']
238500264,$mpwr https://www.aistockfinder.com/stock-forecast/mpwr monolithic power systems inc.  the automated equity analyst is forecasting the value of this company has an undetermined short term setup and its stock price is in line with its long term fundamentals,2020-08-22 22:06:12,-69,['mpwr']
238358923,"$mpwr theodore blegen sold 1,404 shares [average conviction] www.insider-analysis.com/search_transactions.php?ticker=table_mpwr",2020-08-21 19:38:11,-69,['mpwr']
238067272,"monolithic power systems vp saria tseng sells $1,381,159.86 in $mpwr https://www.marketbeat.com/i/403766",2020-08-20 21:52:46,-69,['mpwr']
238060842,"$mpwr $389,230.92 of shares sold by blegen theodore (cfo), reported in a new form 4 filed with the sec  https://newsfilter.io/a/6989a6d04f56b3b51573343bebd643b8",2020-08-20 21:29:41,-69,['mpwr']
238059438,"$mpwr [15s. delayed] filed sec form 4: cfo blegen theodore: 
disposed 1,404 of common stock at price $277.23 on 2020-08-19, decreased hold https://s.flashalert.me/1h93f",2020-08-20 21:24:54,-69,['mpwr']
238059371,"#fwsells $mpwr blegen theodore, cfo of monolithic power systems inc sold 1404 shares on 2020-08-19. https://formwhispers.com/s?t=mpwr",2020-08-20 21:24:38,-69,['mpwr']
238059170,"$mpwr: new sec filing on vp &amp; general counsel, saria tseng: https://www.sec.gov/archives/edgar/data/1280452/000143774920018480/xslf345x03/rdgdoc.xml",2020-08-20 21:24:02,-69,['mpwr']
238054674,"$mpwr [15s. delayed] filed sec form 4: insider tseng saria: 
disposed 4,982 of common stock at average price $277.23 and acquired 65 of co https://s.flashalert.me/lhmqo0",2020-08-20 21:09:35,-69,['mpwr']
238054579,"#fwsells $mpwr tseng saria, vp &amp; general counsel of monolithic power systems inc sold 4982 shares on 2020-08-19. https://formwhispers.com/s?t=mpwr",2020-08-20 21:09:16,-69,['mpwr']
238054571,"$mpwr $1,370,913.68 of shares sold by tseng saria (vp &amp; general counsel), reported in a new form 4 filed with the sec  

https://newsfilter.io/a/75ab3126ee5aeee7e8b6271213459c5c",2020-08-20 21:09:14,-69,['mpwr']
237887023,"$mpwr with a bullish setup...

consolidating the  +100% move off of march low last few weeks. basically, building another short-term base. watch for a move above 284ish. great risk/reward opportunity to join the strong uptrend.

good luck.

real-time alerts at thetradinganalyst.com/",2020-08-20 14:51:30,-69,['mpwr']
237481321,"nvidia reports earnings . here’s what to expect.  $nvda $amd $mpwr $sne $msft 

https://newsfilter.io/a/b2eb7cd4ef97f75713455698f87c90ac",2020-08-19 09:01:26,-69,"['mpwr', 'msft', 'nvda', 'amd', 'sne']"
237380951,"$mpwr deming xiao sold 4,917 shares [high conviction] www.insider-analysis.com/search_transactions.php?ticker=table_mpwr",2020-08-18 20:25:44,-69,['mpwr']
237129877,"monolithic power systems&#39;s pres. of mps asia operations just disposed of 4,857 shares  http://www.conferencecalltranscripts.org/4/summary2/?id=8255782 $mpwr",2020-08-18 00:05:39,-69,['mpwr']
237129800,"$mpwr [15s. delayed] filed sec form 4: pres. of mps asia operations xiao deming: 
disposed 4,917 of common stock at price $281 and acquire https://s.flashalert.me/itp7q",2020-08-18 00:05:16,-69,['mpwr']
237129747,"#fwsells $mpwr xiao deming, pres. of mps asia operations of monolithic power systems inc sold 4917 shares on 2020-08-17. https://formwhispers.com/s?t=mpwr",2020-08-18 00:05:00,-69,['mpwr']
237129741,"$mpwr $1,372,225.20 of shares sold by xiao deming (pres. of mps asia operations), reported in a new form 4 filed with the sec  

https://newsfilter.io/a/787bca55446aad4c62fe97e17e06bd97",2020-08-18 00:04:56,-69,['mpwr']
236900873,"nvidia reports earnings wednesday. here’s what to expect.  $nvda $amd $mpwr $sne $msft 

https://newsfilter.io/a/b2eb7cd4ef97f75713455698f87c90ac",2020-08-17 10:31:18,-69,"['mpwr', 'msft', 'nvda', 'amd', 'sne']"
236796479,$mpwr chang kuo wei herbert sold 200 shares [very low conviction] www.insider-analysis.com/search_transactions.php?ticker=table_mpwr,2020-08-16 05:28:58,-69,['mpwr']
236708275,"monolithic power systems director kuo wei herbert chang sells $111,800.00 in $mpwr https://www.marketbeat.com/i/402740",2020-08-15 04:05:35,-69,['mpwr']
236661820,"$mpwr: new sec filing on director, kuo wei herbert chang: https://www.sec.gov/archives/edgar/data/1280452/000128045220000141/xslf345x03/edgardoc.xml",2020-08-14 21:42:02,-69,['mpwr']
236657614,monolithic power systems director just disposed of 400 shares  http://www.conferencecalltranscripts.org/4/summary2/?id=8249836 $mpwr,2020-08-14 21:24:05,-69,['mpwr']
236657164,"$mpwr [15s. delayed] filed sec form 4: director chang kuo wei herbert: 
disposed 400 of common stock at average price $279.5 on 2020-08-12 https://s.flashalert.me/9svy3",2020-08-14 21:22:12,-69,['mpwr']
236657100,"#fwsells $mpwr chang kuo wei herbert, director of monolithic power systems inc sold 400 shares on 2020-08-12. https://formwhispers.com/s?t=mpwr",2020-08-14 21:21:57,-69,['mpwr']
236657090,"$mpwr $111,800.00 of shares sold by chang kuo wei herbert (director), reported in a new form 4 filed with the sec  

https://newsfilter.io/a/c9bb1536fa81a99b7ac97dd8d5de42a4",2020-08-14 21:21:54,-69,['mpwr']
236642739,"top russell 1000 stocks with the best growth rank: $exel $vrtx $fb $masi $mpwr 
source: finscreener",2020-08-14 20:29:42,-69,"['exel', 'masi', 'mpwr', 'vrtx', 'fb']"
236422546,$mpwr https://www.aistockfinder.com/stock-forecast/mpwr monolithic power systems inc. our algorithm estimates the price of this stock will be stable in the short term in a neutral short term market setup with a flat long term setup,2020-08-14 06:23:02,-69,['mpwr']
236281354,"$mpwr saria tseng sold 4,410 shares [high conviction] www.insider-analysis.com/search_transactions.php?ticker=table_mpwr",2020-08-13 19:43:41,-69,['mpwr']
236280377,"$mpwr deming xiao sold 4,410 shares [high conviction] www.insider-analysis.com/search_transactions.php?ticker=table_mpwr",2020-08-13 19:41:38,-69,['mpwr']
236279441,"$mpwr maurice sciammas sold 5,287 shares [high conviction] www.insider-analysis.com/search_transactions.php?ticker=table_mpwr",2020-08-13 19:39:37,-69,['mpwr']
236278443,"$mpwr theodore blegen sold 3,116 shares [average conviction] www.insider-analysis.com/search_transactions.php?ticker=table_mpwr",2020-08-13 19:37:34,-69,['mpwr']
236277464,"$mpwr michael hsing sold 16,057 shares [very high conviction] www.insider-analysis.com/search_transactions.php?ticker=table_mpwr",2020-08-13 19:35:31,-69,['mpwr']
235988825,advanced micro devices was a stock discussed in today&#39;s trade idea video showing up on our pullback scan. $amd alogn with $nvda $mpwr $twst $wst &amp; more here: https://www.thetraderisk.com/stock-market-swing-trade-ideas-8-12-20/?utm_medium=social&amp;utm_source=twitandtweet&amp;utm_campaign=tradeideasvideo  #stocks #trading,2020-08-12 23:53:33,-69,"['mpwr', 'nvda', 'amd', 'wst', 'twst']"
235976061,"monolithic power systems ceo michael hsing sells $4,406,040.80 in $mpwr https://www.marketbeat.com/i/402096",2020-08-12 22:58:53,-69,['mpwr']
235970831,"monolithic power systems cfo theodore blegen sells $855,030.40 in $mpwr https://www.marketbeat.com/i/402090",2020-08-12 22:37:45,-69,['mpwr']
235969333,"monolithic power systems vp maurice sciammas sells $1,450,752.80 in $mpwr https://www.marketbeat.com/i/402088",2020-08-12 22:32:04,-69,['mpwr']
235967978,"monolithic power systems insider deming xiao sells $1,210,104.00 in $mpwr https://www.marketbeat.com/i/402086",2020-08-12 22:27:03,-69,['mpwr']
235944868,"$mpwr [15s. delayed] filed sec form 4: pres. of mps asia operations xiao deming: 
disposed 4,410 of common stock at price $274.4 on 2020-0 https://s.flashalert.me/lgehm",2020-08-12 21:11:02,-69,['mpwr']
235944859,"$mpwr reported 4 new insider trades to the sec in the last 2 minutes.

$855,030.40 of shares sold by blegen theodore (cfo)   https://newsfilter.io/articles/4-form-441479a51719757fa36bf367a456ecca
$9,267,080.67 of shares sold by hsing michael (ceo)   https://newsfilter.io/articles/4-form-2fc0ddea31f6f4c8c1503d5b3bbbe2f8
$1,450,752.80 of shares sold by sciammas maurice (sr. v.p.of sales and marketing)   https://newsfilter.io/articles/4-form-cba45a17de88042e92abbcf6f115b906
$1,210,104.00 of shares sold by xiao deming (pres. of mps asia operations)   https://newsfilter.io/articles/4-form-e220627bf923d9b2f259ec1042e8e19f",2020-08-12 21:11:01,-69,['mpwr']
235944744,"#fwsells $mpwr xiao deming, pres. of mps asia operations of monolithic power systems inc sold 4410 shares on 2020-08-10. https://formwhispers.com/s?t=mpwr",2020-08-12 21:10:44,-69,['mpwr']
235944132,"$mpwr [15s. delayed] filed sec form 4: sr. v.p.of sales and marketing sciammas maurice: 
disposed 5,287 of common stock at price $274.4 on https://s.flashalert.me/udac92",2020-08-12 21:09:04,-69,['mpwr']
235944041,"#fwsells $mpwr sciammas maurice, sr. v.p.of sales and marketing of monolithic power systems inc sold 5287 shares on 2020-08-10. https://formwhispers.com/s?t=mpwr",2020-08-12 21:08:49,-69,['mpwr']
235943717,"$mpwr [15s. delayed] filed sec form 4: cfo blegen theodore: 
disposed 3,116 of common stock at price $274.4 on 2020-08-10, decreased holdi https://s.flashalert.me/bmmu2z",2020-08-12 21:07:58,-69,['mpwr']
235943614,"#fwsells $mpwr blegen theodore, cfo of monolithic power systems inc sold 3116 shares on 2020-08-10. https://formwhispers.com/s?t=mpwr",2020-08-12 21:07:40,-69,['mpwr']
235943506,"monolithic power systems&#39;s ceo just disposed of 33,966 shares  http://www.conferencecalltranscripts.org/4/summary2/?id=8232785 $mpwr",2020-08-12 21:07:26,-69,['mpwr']
235943103,"$mpwr [15s. delayed] filed sec form 4: ceo hsing michael: 
disposed 33,966 of common stock at average price $272.83 between 2020-08-10 and https://s.flashalert.me/ozcfd",2020-08-12 21:06:21,-69,['mpwr']
235943017,"#fwsells $mpwr hsing michael, ceo of monolithic power systems inc sold 33966 shares on 2020-08-11. https://formwhispers.com/s?t=mpwr",2020-08-12 21:06:04,-69,['mpwr']
235918418,"monolithic power systems&#39;s vp &amp; general counsel just disposed of 4,410 shares  http://www.conferencecalltranscripts.org/4/summary2/?id=8232062 $mpwr",2020-08-12 20:06:45,-69,['mpwr']
235917041,"$mpwr [15s. delayed] filed sec form 4: insider tseng saria: 
disposed 4,410 of common stock at price $274.4 on 2020-08-10, decreased holdi https://s.flashalert.me/twiel",2020-08-12 20:04:10,-69,['mpwr']
235916901,"#fwsells $mpwr tseng saria, vp &amp; general counsel of monolithic power systems inc sold 4410 shares on 2020-08-10. https://formwhispers.com/s?t=mpwr",2020-08-12 20:03:52,-69,['mpwr']
235916868,"$mpwr $1,210,104.00 of shares sold by tseng saria (vp &amp; general counsel), reported in a new form 4 filed with the sec  

https://newsfilter.io/a/882d9d2bf24701a40710bfb5b1d2951d",2020-08-12 20:03:48,-69,['mpwr']
235650889,monolithic power systems&#39;s buy rating reiterated at oppenheimer holdings inc.. $285.00 pt. https://www.marketbeat.com/r/1463971 $mpwr,2020-08-12 02:08:18,-69,['mpwr']
235647003,"possible swing trading patterns are detected for $azre and $mpwr by our stock screener. https://www.chartmill.com/stock/stock-screener?sid=28&amp;f=s_str,s_n20h,etf_none,p_pg20,v1_50b20,cu_b_sm10v,cu_a_sm20v,exch_us&amp;v=3&amp;s=n&amp;sd=asc&amp;timeframe=daily&amp;type=candles&amp;months=3&amp;width=720&amp;cl=f&amp;o1=3&amp;o2=3&amp;op1=10,16711680&amp;op2=30,255&amp;utm_source=stocktwits&amp;utm_medium=screener&amp;utm_content=stock_screener:_swing_trading&amp;utm_campaign=social_tracking",2020-08-12 01:43:00,-69,"['mpwr', 'azre']"
235634612,$mpwr why is it down sharply after hours,2020-08-12 00:36:27,-69,['mpwr']
235473404,$mpwr chang kuo wei herbert sold 600 shares [low conviction] www.insider-analysis.com/search_transactions.php?ticker=table_mpwr,2020-08-11 17:24:27,-69,['mpwr']
235279382,"$mpwr: new sec filing on director, kuo wei herbert chang: https://www.sec.gov/archives/edgar/data/1280452/000128045220000130/xslf345x03/edgardoc.xml",2020-08-11 02:57:02,-69,['mpwr']
235228744,monolithic power systems director just disposed of 700 shares  http://www.conferencecalltranscripts.org/4/summary/?id=8222484 $mpwr,2020-08-10 22:29:28,-69,['mpwr']
235228499,"$mpwr [15s. delayed] filed sec form 4: director chang kuo wei herbert: 
disposed 700 of common stock at average price $280.43 between 2020 https://s.flashalert.me/cq78ck",2020-08-10 22:28:26,-69,['mpwr']
235228443,"#fwsells $mpwr chang kuo wei herbert, director of monolithic power systems inc sold 700 shares on 2020-08-07. https://formwhispers.com/s?t=mpwr",2020-08-10 22:28:11,-69,['mpwr']
235228422,"$mpwr $196,300.00 of shares sold by chang kuo wei herbert (director), reported in a new form 4 filed with the sec  

https://newsfilter.io/a/29bd43d81664f53524235c796d9d1da9",2020-08-10 22:28:06,-69,['mpwr']
234835771,$mpwr jeff zhou sold 200 shares [very low conviction] www.insider-analysis.com/search_transactions.php?ticker=table_mpwr,2020-08-09 11:19:22,-69,['mpwr']
234672200,$mpwr 5g-er nobody talks about around here (no surprise there) chart was a perfect stair step play. last er beat and raise. it&#39;s way beyond any buy point now. you may go back to your bright and shiney amd and nvda chasing now.,2020-08-07 22:47:45,-69,['mpwr']
234671373,"monolithic power systems director jeff zhou sells $56,600.00 in $mpwr https://www.marketbeat.com/i/401408",2020-08-07 22:43:08,-69,['mpwr']
234656500,$mpwr new insider selling: 600 shares. http://insiderbuyingselling.com/?t=mpwr,2020-08-07 21:27:34,-69,['mpwr']
234655683,monolithic power systems director just disposed of 600 shares  http://www.conferencecalltranscripts.org/4/summary2/?id=8215557 $mpwr,2020-08-07 21:24:04,-69,['mpwr']
234655612,"$mpwr [15s. delayed] filed sec form 4: director zhou jeff: 
disposed 600 of common stock at average price $279.33 between 2020-08-05 and 2 https://s.flashalert.me/vqfdfz",2020-08-07 21:23:47,-69,['mpwr']
234655545,"#fwsells $mpwr zhou jeff, director of monolithic power systems inc sold 600 shares on 2020-08-07. https://formwhispers.com/s?t=mpwr",2020-08-07 21:23:30,-69,['mpwr']
234655525,"$mpwr $167,600.00 of shares sold by zhou jeff (director), reported in a new form 4 filed with the sec  

https://newsfilter.io/a/bd3af63d2b9be55fd7c9696c71c7e466",2020-08-07 21:23:25,-69,['mpwr']
234318006,"russell 1000 stocks with the highest price range ratio: $bby $mpwr $pcar $acn $cien
https://www.finscreener.com/screener/price-range-ratio/stocks/russell1000?&amp;o=1006",2020-08-06 21:46:15,-69,"['cien', 'mpwr', 'pcar', 'acn', 'bby']"
234313719,$mpwr is this a good place to invest. i would not ask if this was not apart of my dd. there really seems to be mixed reviews with what is going on with this stock. thanks in advance.,2020-08-06 21:32:52,1,['mpwr']
234176703,$mpwr chang kuo wei herbert sold 100 shares [very low conviction] www.insider-analysis.com/search_transactions.php?ticker=table_mpwr,2020-08-06 16:14:32,-69,['mpwr']
234176065,$mpwr chang kuo wei herbert sold 476 shares [low conviction] www.insider-analysis.com/search_transactions.php?ticker=table_mpwr,2020-08-06 16:13:00,-69,['mpwr']
234030285,"monolithic power systems director kuo wei herbert chang sells $349,624.00 in $mpwr https://www.marketbeat.com/i/401015",2020-08-06 04:57:16,-69,['mpwr']
234006946,$mpwr new insider selling: 1276 shares. http://insiderbuyingselling.com/?t=mpwr,2020-08-06 01:54:36,-69,['mpwr']
233962146,"monolithic power systems director just disposed of 1,276 shares  http://www.conferencecalltranscripts.org/4/summary/?id=8203766 $mpwr",2020-08-05 22:28:08,-69,['mpwr']
233952978,"$mpwr $349,619.76 of shares sold by chang kuo wei herbert (director), reported in a new form 4 filed with the sec  https://newsfilter.io/a/ba431e312e743847e4bf2e242cb16dcb",2020-08-05 21:58:35,-69,['mpwr']
233951449,"$mpwr [15s. delayed] filed sec form 4: director chang kuo wei herbert: 
disposed 1,276 of common stock at average price $274 between 2020- https://s.flashalert.me/ovtg2r",2020-08-05 21:53:55,-69,['mpwr']
233951367,"#fwsells $mpwr chang kuo wei herbert, director of monolithic power systems inc sold 1276 shares on 2020-08-05. https://formwhispers.com/s?t=mpwr",2020-08-05 21:53:39,-69,['mpwr']
233884352,$mpwr jeff zhou sold 153 shares [very low conviction] www.insider-analysis.com/search_transactions.php?ticker=table_mpwr,2020-08-05 19:13:57,-69,['mpwr']
233883724,$mpwr jeff zhou sold 300 shares [very low conviction] www.insider-analysis.com/search_transactions.php?ticker=table_mpwr,2020-08-05 19:12:15,-69,['mpwr']
233882436,"top russell 1000 stocks with the best growth rank: $exel $vrtx $fb $alxn $mpwr 
source: finscreener",2020-08-05 19:08:33,-69,"['alxn', 'exel', 'mpwr', 'vrtx', 'fb']"
233677992,"$mpwr: new sec filing on director, jeff zhou: https://www.sec.gov/archives/edgar/data/1280452/000128045220000122/xslf345x03/edgardoc.xml",2020-08-05 08:14:02,-69,['mpwr']
233591060,"#fwsells $mpwr zhou jeff, director of monolithic power systems inc sold 500 shares on 2020-08-04. https://formwhispers.com/s?t=mpwr",2020-08-04 22:03:59,-69,['mpwr']
233586909,monolithic power systems director just disposed of 500 shares  http://www.conferencecalltranscripts.org/4/summary/?id=8197598 $mpwr,2020-08-04 21:49:22,-69,['mpwr']
233586064,"$mpwr [15s. delayed] filed sec form 4: director zhou jeff: 
disposed 500 of common stock at average price $272.17 between 2020-07-31 and 2 https://s.flashalert.me/usqik",2020-08-04 21:46:27,-69,['mpwr']
233585988,"$mpwr $136,086.00 of shares sold by zhou jeff (director), reported in a new form 4 filed with the sec  

https://newsfilter.io/a/3c77bb09ee1fb1dbb9b41a282d7c19aa",2020-08-04 21:46:07,-69,['mpwr']
233294789,adding a little $prsc $mpwr tomorrow.,2020-08-04 01:10:15,1,"['mpwr', 'prsc']"
233254769,last10k highlighted 51 positive and negative remarks in $mpwr&#39;s 10-q filed today. see them in the quarterly report: https://last10k.com/sec-filings/mpwr/0001437749-20-016315.htm?utm_source=stocktwits&amp;utm_medium=forum&amp;utm_campaign=sentiment&amp;utm_term=mpwr,2020-08-03 22:02:52,-69,['mpwr']
233235207,securities to be offered to employees in employee benefit plans http://www.conferencecalltranscripts.org/no/summary/?id=8192582 $mpwr,2020-08-03 20:56:27,-69,['mpwr']
233235167,"$mpwr [15s. delayed] filed form s-8 on august 03, 16:55:18 https://s.flashalert.me/hktoy",2020-08-03 20:56:19,-69,['mpwr']
233235026,"$mpwr form s-8 (securities to be offered to employees in employee benefit plans) filed with the sec 

https://newsfilter.io/a/797644500aadb7d9050742032ead621c",2020-08-03 20:55:57,-69,['mpwr']
233234696,$mpwr just filed a 10-q quarterly report with 76 sections and 3 exhibits. access them all or just read their earnings: https://last10k.com/sec-filings/mpwr/0001437749-20-016315.htm?utm_source=stocktwits&amp;utm_medium=forum&amp;utm_campaign=10kq2040f&amp;utm_term=mpwr,2020-08-03 20:55:02,-69,['mpwr']
233228725,monolithic power systems just filed its quarterly report: 6. net income per sh... http://www.conferencecalltranscripts.org/q/summary/?id=8192452 $mpwr,2020-08-03 20:38:50,-69,['mpwr']
233228709,"$mpwr [15s. delayed] filed form 10-q on august 03, 16:37:30 https://s.flashalert.me/rnqyo",2020-08-03 20:38:47,-69,['mpwr']
233228555,"$mpwr form 10-q (quarterly report [sections 13 or 15(d)]) filed with the sec 

https://newsfilter.io/a/0c3eac556f729e67482a1268e0b79832",2020-08-03 20:38:26,-69,['mpwr']
232536121,@joshua_vonblaze $mpwr is at the ath today after the earnings reported three days ago!,2020-07-31 13:48:31,1,['mpwr']
232270204,power stock of the day.  $mpwr  i remain long.,2020-07-30 17:59:23,1,['mpwr']
232243790,52-week high alert: trading today&#39;s movement in monolithic power systems $mpwr https://wp.me/p5blgb-an4d,2020-07-30 16:54:00,-69,['mpwr']
231946902,"$mpwr are leading stocks, showing a pocket pivot today. https://www.chartmill.com/stock/stock-screener?sid=15&amp;f=s_ppt,v1_50b300,cu_2pr_sm10v,s_str,exch_us&amp;v=3&amp;timeframe=daily&amp;type=candles&amp;months=0&amp;width=400&amp;cl=f&amp;o1=3&amp;o2=3&amp;o3=17&amp;op1=10,16711680&amp;op2=20,255&amp;op3=10%252c2,65280&amp;utm_source=stocktwits&amp;utm_medium=screener&amp;utm_content=stock_screener:_pocket_pivots_in_strong_stocks&amp;utm_campaign=social_tracking",2020-07-29 19:42:00,-69,['mpwr']
231915193,"monolithic power systems (nasdaq:mpwr) posts quarterly earnings results, beats estimates by $0.08 eps $mpwr #mpwr https://www.marketbeat.co",2020-07-29 18:34:42,-69,['mpwr']
231898892,monolithic&#39;s june-quarter earnings report powers stock breakout https://www.investors.com/research/ibd-stock-of-the-day/mpwr-stock-breaks-out-q2-earnings-report/ $mpwr,2020-07-29 17:57:57,-69,['mpwr']
