id,body,created_at,sentiment,symbols
254643114,federal motor carrier safety administration earns gold marcom award for pre-employment screening program collateral http://www.conferencecalltranscripts.org/summary/?id=87972&amp;pr=true $egov,2020-11-05 18:19:51,-69,['egov']
254643109,federal motor carrier safety administration earns gold marcom award for pre-employment screening program collateral http://www.conferencecalltranscripts.org/summary/?id=87971&amp;pr=true $egov,2020-11-05 18:19:50,-69,['egov']
254613708,$egov federal motor carrier safety administration earns gold marcom award for pre-employment screening program collateral https://www.otcdynamics.com/egov-federal-motor-carrier-safety-administration-earns-gold-marcom-award-for-pre-employment-screening-program-collateral,2020-11-05 16:32:38,-69,['egov']
254612930,"$egov federal motor carrier safety administration earns gold marcom award for pre-employment screening program collateral
https://www.stocktitan.net/news/egov/federal-motor-carrier-safety-administration-earns-gold-mar-com-award-rqdkzn1m7xb8.html",2020-11-05 16:30:05,-69,['egov']
254612493,"$egov $egov federal motor carrier safety administration earns gold marcom award for pre-employment screening program collateral 

https://newsfilter.io/a/4e9c17934f6dfb350fefb0855bb7d9b5",2020-11-05 16:28:36,-69,['egov']
254404648,nic $egov bidaskscore is upgraded to held https://bidaskclub.com/news/company/2020-11-03/egov,2020-11-04 18:07:03,-69,['egov']
253943419,"$egov county of kaua&#39;i, nic hawaii upgrade online payment services https://www.otcdynamics.com/egov-county-of-kauai-nic-hawaii-upgrade-online-payment-services",2020-11-02 18:06:22,-69,['egov']
253943149,"county of kaua&#39;i, nic hawaii upgrade online payment services http://www.conferencecalltranscripts.org/summary/?id=84767&amp;pr=true $egov",2020-11-02 18:05:10,-69,['egov']
253943031,"$egov county of kaua&#39;i, nic hawaii upgrade online payment services
https://www.stocktitan.net/news/egov/county-of-kaua-i-nic-hawaii-upgrade-online-payment-1si1hsb9lkzz.html",2020-11-02 18:04:41,-69,['egov']
253942016,"$egov county of kaua&#39;i, nic hawaii upgrade online payment services 

https://newsfilter.io/a/3aa47ea13df2aadbd800e70a7622c95f",2020-11-02 18:00:32,-69,['egov']
253938207,$egov nic maine among ‘best places to work’ in state https://www.otcdynamics.com/egov-nic-maine-among-best-places-to-work-in-state,2020-11-02 17:45:04,-69,['egov']
253937684,nic maine among ‘best places to work’ in state http://www.conferencecalltranscripts.org/summary/?id=84724&amp;pr=true $egov,2020-11-02 17:43:02,-69,['egov']
253937248,"$egov nic maine among ‘best places to work’ in state
https://www.stocktitan.net/news/egov/nic-maine-among-best-places-to-work-in-ncmcbg4zsiqx.html",2020-11-02 17:41:13,-69,['egov']
253937069,"$egov nic maine among ‘best places to work’ in state 

https://newsfilter.io/a/6063bcc661398b5e42fa2fce0b5a8e50",2020-11-02 17:40:31,-69,['egov']
253706648,"oh wow this is big! $egov&#39;s price moved above its 50-day moving average on october 22, 2020. view odds for this and other indicators: https://srnk.us/go/2264616",2020-10-31 06:23:14,-69,['egov']
253694506,is this good for your portfolio? $egov rsi indicator left the overbought zone. view odds of downtrend. https://srnk.us/go/2264079,2020-10-31 02:08:41,-1,['egov']
253457289,"updated q3&#39;20 post earnings drift watchlist. new additions: $egov $trup $zen https://finviz.com/screener.ashx?v=211&amp;t=calx,snap,logi,ter,algn,sam,safe,exas,fslr,pins,egov,trup,zen",2020-10-30 03:38:07,1,"['egov', 'zen', 'trup']"
253379436,departure of directors or certain  http://www.conferencecalltranscripts.org/8/summary2/?id=8492866 $egov,2020-10-29 20:38:50,-69,['egov']
253372807,"$egov [15s. delayed] filed form 8-k/a on october 29, 16:23:49 https://s.flashalert.me/qlcwk",2020-10-29 20:24:58,-69,['egov']
253372645,"$egov form 8-k/a (current report, item 5.02) filed with the sec 

https://newsfilter.io/a/d56ffa4707031462cc61d198be7cd7ed",2020-10-29 20:24:36,-69,['egov']
253283435,"@flynancialanalyst  @ethansmith   $egov  +2.42
nic inc. (nasdaq: egov), a leading digital government solutions and payments company, announced results for the third quarter of 2020 that ended september 30, 2020, as compared to the third quarter of 2019.
total revenues of $134.6 million, a 49% increase.
total revenues reflect $24.8 million from tourhealth, the company&#39;s new rapid covid-19 testing solution with impact health and next marketing, which commenced in august 2020.
total revenues reflect $7.6 million from pandemic unemployment services provided to the commonwealth of virginia.
operating income of $29.8 million, a 66% increase.
operating income reflects a $4.9 million contribution from tourhealth.
operating income reflects a $2.0 million contribution from pandemic unemployment services provided to the commonwealth of virginia.
net income of $25.1 million, a 73% increase.
diluted earnings per share of 37 cents, a 76% increase.",2020-10-29 15:57:26,1,['egov']
253275736,"state of utah, nic utah win award for outstanding achievement in web development https://marketwirenews.com/news-releases/state-of-utah-nic-utah-win-award-for-outstanding-ach-6487549542576654.html?i=c $egov news article",2020-10-29 15:33:38,-69,['egov']
253267285,"state of utah, nic utah win award for outstanding achievement in web development http://www.conferencecalltranscripts.org/summary/?id=81822&amp;pr=true $egov",2020-10-29 15:09:38,-69,['egov']
253266998,"$egov state of utah, nic utah win award for outstanding achievement in web development https://www.otcdynamics.com/egov-state-of-utah-nic-utah-win-award-for-outstanding-achievement-in-web-development",2020-10-29 15:08:52,-69,['egov']
253264637,"$egov state of utah, nic utah win award for outstanding achievement in web development
https://www.stocktitan.net/news/egov/state-of-utah-nic-utah-win-award-for-outstanding-achievement-in-web-hcsiqnnjlx12.html",2020-10-29 15:02:27,-69,['egov']
253263822,"$egov state of utah, nic utah win award for outstanding achievement in web development 

https://newsfilter.io/a/03a34e7b8489d122e62d7647e844cbe5",2020-10-29 15:00:31,-69,['egov']
253255192,big gainer alert: trading today&#39;s 13.0% move in nic $egov https://wp.me/p5blgb-bgrt,2020-10-29 14:37:51,-69,['egov']
253252521,"thu oct 29th
gaining stocks this morning:

pins: +33.9%
iphi: +22.8%
cash: +19.3%
tup: +15.2%
pen: +14.1%
$avid: +13.3%
$mrc: +13.0%
$echo: +12.2%
$ads: +11.9%
$egov: +11.5%

click here for a visual version:
https://thebubbleboard.com/?tickers=pins,iphi,cash,tup,pen,avid,mrc,echo,ads,egov&amp;name=oct%2029th%20gainers&amp;utm_medium=bot-post",2020-10-29 14:31:16,-69,"['avid', 'echo', 'egov', 'ads', 'mrc']"
253244256,$egov the doer alone learneth. take some time and read some of these news. check disclaimer on my profile.http://psce.pw/ecommerceisnewnormal,2020-10-29 14:10:30,1,['egov']
253177461,nic $egov bidaskscore is #reiterated to sold https://bidaskclub.com/news/company/2020-10-27/egov,2020-10-29 03:47:05,-69,['egov']
253167035,"pocket pivot signals in $egov, while they also have the support from large players according to the effective volume indicator. https://www.chartmill.com/stock/stock-screener?sid=31&amp;f=smlev20v_b_lev,smlev20v_r,p_pg10,pp_1,v1_50b200,cu_a_sm50v,der5_a_0.03,s_ppt,exch_us&amp;v=3&amp;timeframe=daily&amp;type=candles&amp;o1=17&amp;op1=10%252c2,16711680&amp;i1=49&amp;ia1=on&amp;cl=f&amp;months=0.05&amp;o2=3&amp;op2=50,255&amp;width=720&amp;o3=3&amp;op3=10,65280&amp;utm_source=stocktwits&amp;utm_medium=screener&amp;utm_content=stock_screener:_large_effective_volume_+_pocket_pivot_today&amp;utm_campaign=social_tracking",2020-10-29 02:06:00,-69,['egov']
253159196,$egov updates fy20 guidance to $0.81 from $0.76 eps. https://www.marketbeat.com/g/52234,2020-10-29 01:03:17,-69,['egov']
253147880,"➠ λfter-mλrket gλiners 
 
1. $uuu 
2. $pins 
3. $inva 
4. $egov 
5. $ppc 
6. avid 
7. agi 
8. nfe 
9. pen 
10. aeri",2020-10-28 23:45:13,-69,"['uuu', 'egov', 'ppc', 'pins', 'inva']"
253130610,last10k highlighted 49 positive and negative remarks in $egov&#39;s 10-q filed today. see them in the quarterly report: https://last10k.com/sec-filings/egov/0001065332-20-000030.htm?utm_source=stocktwits&amp;utm_medium=forum&amp;utm_campaign=sentiment&amp;utm_term=egov,2020-10-28 22:06:40,-69,['egov']
253117462,$egov updates fy 2020after-hours guidance to 0.81-0.81 eps and revenue guidance to $391-391 million. https://www.marketbeat.com/g/52130,2020-10-28 21:10:13,-69,['egov']
253114020,$egov new article : nic: q3 earnings insights https://www.stck.pro/news/egov/8807053,2020-10-28 20:57:29,-69,['egov']
253109754,"$egov just filed with the sec a earnings release, a regulated disclosure and a financial exhibit https://last10k.com/sec-filings/egov/0001065332-20-000029.htm?utm_source=stocktwits&amp;utm_medium=forum&amp;utm_campaign=8k&amp;utm_term=egov",2020-10-28 20:42:23,-69,['egov']
253104196,"$egov nic eps beats by $0.17, beats on revenue 

https://newsfilter.io/a/224f3648d27cfcb4fda38485b7bd2894",2020-10-28 20:26:58,-69,['egov']
253103996,$egov just filed a 10-q quarterly report with 31 sections and 7 exhibits. access them all or just read their earnings: https://last10k.com/sec-filings/egov/0001065332-20-000030.htm?utm_source=stocktwits&amp;utm_medium=forum&amp;utm_campaign=10kq2040f&amp;utm_term=egov,2020-10-28 20:26:29,-69,['egov']
253102455,$egov nic reports third quarter 2020 results https://www.otcdynamics.com/egov-nic-reports-third-quarter-2020-results,2020-10-28 20:22:32,-69,['egov']
253101772,nic inc. just filed its quarterly report: earnings per shareun... http://www.conferencecalltranscripts.org/q/summary/?id=8486121 $egov,2020-10-28 20:20:56,-69,['egov']
253100668,"$egov [15s. delayed] filed form 10-q on october 28, 16:15:55 https://s.flashalert.me/bh8mk",2020-10-28 20:18:13,-69,['egov']
253100485,"$egov form 10-q (quarterly report [sections 13 or 15(d)]) filed with the sec 

https://newsfilter.io/a/c716aade6701e609c1ea81ea85ab93c0",2020-10-28 20:17:51,-69,['egov']
253097501,director of corporate communications  http://www.conferencecalltranscripts.org/8/summary/?id=8486007 $egov,2020-10-28 20:11:13,-69,['egov']
253096626,"$egov [15s. delayed] filed form 8-k on october 28, 16:08:39 https://s.flashalert.me/1lz20",2020-10-28 20:09:34,-69,['egov']
253096436,"$egov form 8-k: results of operations and financial conditionon october 28, 2020, nic issued a press release announcing its 2020 third quarter financial results. a copy of the press release is furnish.. 

https://newsfilter.io/a/457fe824810092a1cb5c22decdaee829",2020-10-28 20:09:12,-69,['egov']
253095626,nic reports third quarter 2020 results http://www.conferencecalltranscripts.org/summary/?id=80503&amp;pr=true $egov,2020-10-28 20:07:31,-69,['egov']
253095615,nic reports third quarter 2020 results http://www.conferencecalltranscripts.org/summary/?id=80502&amp;pr=true $egov,2020-10-28 20:07:30,-69,['egov']
253094810,"$egov [15s. delayed, acc.~90%, always check] earnings release october 28, 16:00:00: q3: gaap eps of $0.37, revenue $134.59m. https://s.flashalert.me/mqsgsn",2020-10-28 20:05:57,-69,['egov']
253094750,"$egov [15s. delayed]: issued press release on october 28, 16:00:00: nic reports third quarter 2020 results https://s.flashalert.me/jjoeba",2020-10-28 20:05:52,-69,['egov']
253094644,"$egov reported earnings of $0.37, consensus was $0.20 via @ewhispers #epsbeat http://eps.sh/d/egov",2020-10-28 20:05:43,-69,['egov']
253093696,"$egov nic reports third quarter 2020 results
https://www.stocktitan.net/news/egov/nic-reports-third-quarter-2020-4zbpfyrh9els.html",2020-10-28 20:03:39,-69,['egov']
253092423,"$egov nic reports third quarter 2020 results 

https://newsfilter.io/a/e4a7868c49dc8cf8d0d601f50ce7d07c",2020-10-28 20:00:34,-69,['egov']
253040549,"$egov earnings call today: 4:30 pm est 
analyst rating: strong buy 
webcast: http://mmm.wallstreethorizon.com/u.asp?u=316448",2020-10-28 16:59:12,-69,['egov']
253040530,4-star analyst peter heckmann from d.a. davidson upgraded rating on $egov to buy. peter has a 70% success rate https://www.tipranks.com/analysts/peter-heckmann,2020-10-28 16:59:08,-69,['egov']
253002949,$egov is scheduled to report #earnings after the market closes today via @ewhispers http://eps.sh/s/egov,2020-10-28 15:01:47,-69,['egov']
252857707,$egov new article : nic q3 2020 earnings preview https://www.stck.pro/news/egov/8785224,2020-10-27 21:46:05,-69,['egov']
252690300,$egov new free and painless covid-19 testing site opens wednesday at central carolina technical college in sumter https://www.otcdynamics.com/egov-new-free-and-painless-covid-19-testing-site-opens-wednesday-at-central-carolina-technical-college-in-sumter,2020-10-27 12:15:18,-69,['egov']
252688864,new free and painless covid-19 testing site opens wednesday at central carolina technical college in sumter http://www.conferencecalltranscripts.org/summary/?id=78770&amp;pr=true $egov,2020-10-27 12:07:00,-69,['egov']
252687856,"$egov new free and painless covid-19 testing site opens wednesday at central carolina technical college in sumter 

https://newsfilter.io/a/4e504559e2011bf48e892a26fe4cd9ed",2020-10-27 12:01:42,-69,['egov']
252611085,nic hawaii introduces redesigned website for hawaii state foundation on culture and the arts https://marketwirenews.com/news-releases/nic-hawaii-introduces-redesigned-website-for-hawaii--6187969067488928.html?i=c $egov news out,2020-10-26 20:51:03,-69,['egov']
252590535,$egov nic hawaii introduces redesigned website for hawaii state foundation on culture and the arts https://www.otcdynamics.com/egov-nic-hawaii-introduces-redesigned-website-for-hawaii-state-foundation-on-culture-and-the-arts,2020-10-26 19:35:22,-69,['egov']
252589698,nic hawaii introduces redesigned website for hawaii state foundation on culture and the arts http://www.conferencecalltranscripts.org/summary/?id=78132&amp;pr=true $egov,2020-10-26 19:32:02,-69,['egov']
252588863,"$egov nic hawaii introduces redesigned website for hawaii state foundation on culture and the arts
https://www.stocktitan.net/news/egov/nic-hawaii-introduces-redesigned-website-for-hawaii-state-foundation-c0i1002v7i9b.html",2020-10-26 19:28:35,-69,['egov']
251955260,"nic louisiana, louisiana office of motor vehicles add duplicate license request to expresslane.org http://www.conferencecalltranscripts.org/summary/?id=76100&amp;pr=true $egov",2020-10-22 18:36:26,-69,['egov']
251955256,"nic louisiana, louisiana office of motor vehicles add duplicate license request to expresslane.org http://www.conferencecalltranscripts.org/summary/?id=76099&amp;pr=true $egov",2020-10-22 18:36:24,-69,['egov']
251954401,"$egov nic louisiana, louisiana office of motor vehicles add duplicate license request to expresslane.org https://www.otcdynamics.com/egov-nic-louisiana-louisiana-office-of-motor-vehicles-add-duplicate-license-request-to-expresslane-org",2020-10-22 18:33:41,-69,['egov']
251953770,"$egov nic louisiana, louisiana office of motor vehicles add duplicate license request to expresslane.org
https://www.stocktitan.net/news/egov/nic-louisiana-louisiana-office-of-motor-vehicles-add-duplicate-0j37a8n4dgzg.html",2020-10-22 18:31:43,-69,['egov']
251176403,$egov four new tourhealth sites offer free covid-19 testing in south carolina https://www.otcdynamics.com/egov-four-new-tourhealth-sites-offer-free-covid-19-testing-in-south-carolina,2020-10-19 19:27:34,-69,['egov']
251174955,"$egov four new tourhealth sites offer free covid-19 testing in south carolina
https://www.stocktitan.net/news/egov/four-new-tour-health-sites-offer-free-covid-19-testing-in-south-yrsyaef64pl7.html

#covid19",2020-10-19 19:22:57,-69,['egov']
251131650,"$egov [15s. delayed] filed sec form 4: sr vp, business development rogers douglas: 
granted 2,341 of common stock at price $0 on 2020-10-1 https://s.flashalert.me/myphrc",2020-10-19 16:46:24,-69,['egov']
251128945,"$egov [15s. delayed] filed sec form 4: sr vp, marketing &amp; comm proudfit elizabeth mccarrell: 
granted 1,405 of common stock at price $0 on https://s.flashalert.me/t59aep",2020-10-19 16:36:22,-69,['egov']
249960213,"$egov: new sec filing on sr vp, business development, douglas rogers: https://www.sec.gov/archives/edgar/data/1065332/000095013820000415/xslf345x03/edgar.xml",2020-10-13 15:54:02,-69,['egov']
249959587,sr vp of nic inc. just disposed of 218 shares  http://www.conferencecalltranscripts.org/4/summary/?id=8439505 $egov,2020-10-13 15:52:14,-69,['egov']
249959015,"$egov [15s. delayed] filed sec form 4: sr vp, business development rogers douglas: 
delivered securities 218 of common stock at price $21. https://s.flashalert.me/mha83",2020-10-13 15:50:30,-69,['egov']
249912600,$egov new article : nic to announce third quarter 2020 results on october 28 https://www.stck.pro/news/egov/8437274,2020-10-13 13:45:24,-69,['egov']
249911984,$egov nic to announce third quarter 2020 results on october 28 https://www.otcdynamics.com/egov-nic-to-announce-third-quarter-2020-results-on-october-28,2020-10-13 13:44:03,-69,['egov']
249910875,"$egov nic to announce third quarter 2020 results on october 28
https://www.stocktitan.net/news/egov/nic-to-announce-third-quarter-2020-results-on-october-jfhht033x1r8.html",2020-10-13 13:41:43,-69,['egov']
249910583,nic to announce third quarter 2020 results on october 28 http://www.conferencecalltranscripts.org/summary/?id=68601&amp;pr=true $egov,2020-10-13 13:41:05,-69,['egov']
249910572,nic to announce third quarter 2020 results on october 28 http://www.conferencecalltranscripts.org/summary/?id=68600&amp;pr=true $egov,2020-10-13 13:41:03,-69,['egov']
249910293,"$egov [15s. delayed]: issued press release on october 13, 09:38:00: nic to announce third quarter 2020 results on october 28 https://s.flashalert.me/zmuyf",2020-10-13 13:40:22,-69,['egov']
249471861,"td sell $egov at 21.15, supp 19.42 resis 21.15 r9  hilo 54% t1y 28 buy 1.7 pe 28.6 div 1.72% #nic inc. #stocks #trading #finance #market https://bit.ly/3jnec3b",2020-10-10 03:07:42,-1,['egov']
248879970,nic $egov bidaskscore is increased to sold https://bidaskclub.com/news/company/2020-10-06/egov,2020-10-07 22:07:06,-69,['egov']
248853700,"$egov nic secures new contracts in florida and iowa for payment processing and digital government solutions
https://www.stocktitan.net/news/egov/nic-secures-new-contracts-in-florida-and-iowa-for-payment-processing-sb0i8rkmo0pq.html",2020-10-07 20:16:19,-69,['egov']
248849254,$egov new article : nic bags new contracts in florida and iowa for digital solutions https://www.stck.pro/news/egov/8300029,2020-10-07 20:03:50,-69,['egov']
248847544,$egov nic secures new contracts in florida and iowa for payment processing and digital government solutions https://www.otcdynamics.com/egov-nic-secures-new-contracts-in-florida-and-iowa-for-payment-processing-and-digital-government-solutions,2020-10-07 19:59:47,-69,['egov']
248847043,nic secures new contracts in florida and iowa for payment processing and digital government solutions http://www.conferencecalltranscripts.org/summary/?id=66059&amp;pr=true $egov,2020-10-07 19:58:34,-69,['egov']
248772986,$egov maine’s rapid renewal service welcomes its 300th municipal participant https://www.otcdynamics.com/egov-maines-rapid-renewal-service-welcomes-its-300th-municipal-participant,2020-10-07 16:17:25,-69,['egov']
248772868,maine’s rapid renewal service welcomes its 300th municipal participant http://www.conferencecalltranscripts.org/summary/?id=65986&amp;pr=true $egov,2020-10-07 16:17:03,-69,['egov']
248772520,"$egov maine’s rapid renewal service welcomes its 300th municipal participant
https://www.stocktitan.net/news/egov/maine-s-rapid-renewal-service-welcomes-its-300th-municipal-s3796w11stva.html",2020-10-07 16:16:00,-69,['egov']
248410673,"$egov arkansas department of transportation, nic arkansas earn government experience award https://www.otcdynamics.com/egov-arkansas-department-of-transportation-nic-arkansas-earn-government-experience-award",2020-10-06 13:17:34,-69,['egov']
248407491,"arkansas department of transportation, nic arkansas earn government experience award http://www.conferencecalltranscripts.org/summary/?id=65109&amp;pr=true $egov",2020-10-06 13:06:13,-69,['egov']
248393113,maine.gov recognized with 2020 government experience award http://www.conferencecalltranscripts.org/summary/?id=64958&amp;pr=true $egov,2020-10-06 12:06:41,-69,['egov']
248392493,"$egov maine.gov recognized with 2020 government experience award
https://www.stocktitan.net/news/egov/maine-gov-recognized-with-2020-government-experience-il5ws59l3h4v.html",2020-10-06 12:03:29,-69,['egov']
248231781,secretary dunlap launches accessible absentee ballot option for maine voters with print disabilities http://www.conferencecalltranscripts.org/summary/?id=64365&amp;pr=true $egov,2020-10-05 17:08:08,-69,['egov']
248231666,$egov secretary dunlap launches accessible absentee ballot option for maine voters with print disabilities https://www.otcdynamics.com/egov-secretary-dunlap-launches-accessible-absentee-ballot-option-for-maine-voters-with-print-disabilities,2020-10-05 17:07:44,-69,['egov']
248231447,"$egov secretary dunlap launches accessible absentee ballot option for maine voters with print disabilities
https://www.stocktitan.net/news/egov/secretary-dunlap-launches-accessible-absentee-ballot-option-for-ldbsf2qrnlvo.html",2020-10-05 17:07:01,-69,['egov']
248149165,"$egov state of south carolina places in top 5 of government experience awards
https://www.stocktitan.net/news/egov/state-of-south-carolina-places-in-top-5-of-government-experience-xwbt3rbklyan.html",2020-10-05 12:23:23,-69,['egov']
248146782,state of south carolina places in top 5 of government experience awards http://www.conferencecalltranscripts.org/summary/?id=64060&amp;pr=true $egov,2020-10-05 12:07:49,-69,['egov']
247485256,"$egov online property tax payments in arkansas offer convenient, touchless options ahead of oct. 15 deadline
https://www.stocktitan.net/news/egov/online-property-tax-payments-in-arkansas-offer-convenient-touchless-ef3cijfhu7kv.html",2020-10-01 13:16:24,-69,['egov']
247482314,"$egov online property tax payments in arkansas offer convenient, touchless options ahead of oct. 15 deadline
https://www.stocktitan.net/news/egov/online-property-tax-payments-in-arkansas-offer-convenient-touchless-4a4dywskt6s7.html",2020-10-01 13:06:29,-69,['egov']
247482078,"online property tax payments in arkansas offer convenient, touchless options ahead of oct. 15 deadline http://www.conferencecalltranscripts.org/summary/?id=62811&amp;pr=true $egov",2020-10-01 13:05:50,-69,['egov']
247443364,push to bring coronavirus vaccines to the poor faces trouble $egov #egov https://www.marketbeat.com/n/4475789/,2020-10-01 06:42:44,-69,['egov']
246739932,"what are the hedge funds going to do now? $egov&#39;s price moved below its 50-day moving average on september 3, 2020. view odds for this and other indicators: https://srnk.us/go/2149123",2020-09-28 16:38:19,-69,['egov']
246731779,state of vermont places in top 5 of government experience awards http://www.conferencecalltranscripts.org/summary/?id=60592&amp;pr=true $egov,2020-09-28 16:09:21,-69,['egov']
246731695,state of vermont places in top 5 of government experience awards http://www.conferencecalltranscripts.org/summary/?id=60593&amp;pr=true $egov,2020-09-28 16:09:03,-69,['egov']
246731330,"$egov state of vermont places in top 5 of government experience awards
https://www.stocktitan.net/news/egov/state-of-vermont-places-in-top-5-of-government-experience-ccope9zctrvu.html",2020-09-28 16:07:48,-69,['egov']
246371748,state of maryland wins third place in government experience awards http://www.conferencecalltranscripts.org/summary/?id=59989&amp;pr=true $egov,2020-09-25 18:19:04,-69,['egov']
246370506,"$egov state of maryland wins third place in government experience awards 

https://newsfilter.io/a/ead62ae2dcd8a183fe846082e19a3242",2020-09-25 18:15:37,-69,['egov']
246330667,"$egov nic state partners receive government experience awards from the center for digital government 

https://newsfilter.io/a/645ece055e7cb985963066e4d17ae12d",2020-09-25 16:10:35,-69,['egov']
246301885,"$egov state of maryland places wins third place in government experience awards 

https://newsfilter.io/a/75e14b2924b9f3dd8c165c37e66228ae",2020-09-25 14:47:35,-69,['egov']
246261398,"$egov state of utah takes home second place in 2020 government experience awards 

https://newsfilter.io/a/0a71399ded20fd7f7c1151e848c49839",2020-09-25 13:00:54,-69,['egov']
246247627,"$egov mississippi’s digital government experience named best in the nation 

https://newsfilter.io/a/94c814a3133b18bee1607a2f0f886f84",2020-09-25 12:00:34,-69,['egov']
246232139,this is why hedge funds use a.i. $egov rsi indicator left the oversold zone. view odds of uptrend. https://srnk.us/go/2137148,2020-09-25 09:14:19,1,['egov']
246127783,$egov nic. did a little bit of work on this name. i like the story. lots of covid catalysts that i dont think are price,2020-09-24 19:55:01,-69,['egov']
246101915,"$egov pulaski county, arkansas and nic arkansas launch new service, allowing residents to pay taxes with cash 

https://newsfilter.io/a/2cc80c36edcc09aa0ca80131349e691c",2020-09-24 18:44:31,-69,['egov']
246045353,agency: no cyprus passports for wealthy investors&#39; families $egov #egov https://www.marketbeat.com/n/4470129/,2020-09-24 15:56:43,-69,['egov']
245949350,"$egov $egov nor mcinfo relaunches as nic insurance filings, one-stop resource for filing personal and commercial auto insurance forms 

https://newsfilter.io/a/0b5e538cf944ee059b4ed2a30c771b91",2020-09-24 12:00:33,-69,['egov']
245671380,"$egov tourhealth, university of mississippi launch asymptomatic covid-19 testing 

https://newsfilter.io/a/5ae797d5b0ca7580aca98cfb4bb71993",2020-09-23 13:56:29,-69,['egov']
245264423,nic $egov bidaskscore is #reiterated to stronglysold https://bidaskclub.com/news/company/2020-09-17/egov,2020-09-21 20:47:03,-69,['egov']
244999790,"how does this affect your portfolio? $egov&#39;s price moved below its 50-day moving average on september 3, 2020. view odds for this and other indicators: https://srnk.us/go/2120305",2020-09-20 11:37:15,-69,['egov']
244797301,"$egov hawaii legislative reference bureau, nic hawaii win outstanding website award 

https://newsfilter.io/a/402c502fc3756afb35b7bf97854e675d",2020-09-18 18:00:32,-69,['egov']
244786591,$0.20 eps expected for nic inc. (nasdaq:egov) this quarter $egov #egov https://www.marketbeat.com/n/4464925/,2020-09-18 17:29:27,-69,['egov']
244762029,cyprus: only handful of tourists showed covid-19 symptoms $egov #egov https://www.marketbeat.com/n/4464835/,2020-09-18 16:18:48,-69,['egov']
244714321,france: eu sanctions on turkey an option over gas standoff $egov #egov https://www.marketbeat.com/n/4464558/,2020-09-18 14:11:48,-69,['egov']
244667243,france seeks eu sanctions on turkey over energy tensions $egov #egov https://www.marketbeat.com/n/4464314/,2020-09-18 10:42:07,-69,['egov']
244195336,cyprus: eu sanctions an option to halt turkey&#39;s gas search $egov #egov https://www.marketbeat.com/n/4462220/,2020-09-16 16:59:33,-69,['egov']
242761546,"how will this affect the market? $egov&#39;s price moved below its 50-day moving average on september 3, 2020. view odds for this and other indicators: https://srnk.us/go/2084314",2020-09-09 22:49:52,-69,['egov']
242679832,how does this make you feel? $egov rsi indicator left the oversold zone. view odds of uptrend. https://srnk.us/go/2083780,2020-09-09 18:02:52,1,['egov']
242579673,"$egov information network of kansas, nic kansas, kansas state agencies launch starter kits for aspiring entrepreneurs 

https://newsfilter.io/a/d26d771c734c5ef008d2121af2ca3688",2020-09-09 13:01:16,-69,['egov']
242531207,#deathcross $egov at 20.41 r6  hilo 47% t1y 27 buy 2.0 pe 27.5 div 1.69% #nic inc. #stocks #trading #finance #market https://bit.ly/2r8cicu,2020-09-09 03:25:57,-1,['egov']
242529403,how does this make you feel? $egov price may climb as it breaks lower bollinger band. view odds of uptrend. https://srnk.us/go/2082114,2020-09-09 03:09:13,1,['egov']
242198504,nic $egov bidaskscore is #reiterated to stronglysold https://bidaskclub.com/news/company/2020-09-03/egov,2020-09-07 12:18:02,-69,['egov']
241669273,"$egov venmal (raji) arasu sold 2,000 shares [average conviction] www.insider-analysis.com/search_transactions.php?ticker=table_egov",2020-09-03 20:53:19,-69,['egov']
241423736,"tomorrow is ex-date for nic inc. ($egov) quarterly dividend of $ 0.09 
 
https://www.stockmarketintellects.com/company-stock-ex-dividend-dashboard/?symbol=egov",2020-09-03 06:14:19,-69,['egov']
241272258,"nic director venmal (raji) arasu sells $43,060.00 in $egov https://www.marketbeat.com/i/405667",2020-09-02 18:54:57,-69,['egov']
241240167,"$egov [15s. delayed] filed sec form 4: director arasu venmal (raji): 
disposed 2,000 of common stock at price $21.53 on 2020-09-01, decrea https://s.flashalert.me/i0n8p",2020-09-02 17:34:01,-69,['egov']
241240046,"#fwsells $egov arasu venmal (raji), director of nic inc sold 2000 shares on 2020-09-01. https://formwhispers.com/s?t=egov",2020-09-02 17:33:41,-69,['egov']
241240027,"$egov $43,060.00 of shares sold by arasu venmal (raji) (director), reported in a new form 4 filed with the sec  

https://newsfilter.io/a/a1049f67efe91c7a61ce9cb9c57123fc",2020-09-02 17:33:37,-69,['egov']
240594904,"$egov: new sec filing on director, sylvester jr. james: https://www.sec.gov/archives/edgar/data/1065332/000095013820000360/xslf345x03/edgar.xml",2020-08-31 18:39:03,-69,['egov']
240593993,the latest: most rhode island schools cleared to reopen soon $egov #egov https://www.marketbeat.com/n/4446243/,2020-08-31 18:36:16,-69,['egov']
240592933,"$egov [15s. delayed] filed sec form 4: director james sylvester jr.: 
granted 1,151 of common stock at price $0 on 2020-08-27, holding 1,1 https://s.flashalert.me/gllzhw",2020-08-31 18:33:02,-69,['egov']
240592824,"$egov 1,151 shares acquired by james sylvester jr. (director), reported in a new form 4 filed with the sec  

https://newsfilter.io/a/06e7c58f7dd5f7ee9b6ad4a029713790",2020-08-31 18:32:40,-69,['egov']
240591165,"$egov [15s. delayed] filed sec form 3: director james sylvester jr.: 
 https://s.flashalert.me/xclaz",2020-08-31 18:27:45,-69,['egov']
240591043,"$egov form 3 (initial statement of beneficial ownership of securities) filed with the sec 

https://newsfilter.io/a/ad8d19a4d4bb0385a736df6240829e1a",2020-08-31 18:27:25,-69,['egov']
240581877,"$egov nic hawaii, state of hawaii introduce redesigned hawaii compliance express 

https://newsfilter.io/a/b1339c5a91a8e67ec67ff379efd6b9dc",2020-08-31 18:00:31,-69,['egov']
240530657,the latest: eu joins coronavirus vaccine alliance covax $egov #egov https://www.marketbeat.com/n/4446024/,2020-08-31 15:29:40,-69,['egov']
240514495,the latest: new jersey to resume limited indoor dining $egov #egov https://www.marketbeat.com/n/4445903/,2020-08-31 14:49:14,-69,['egov']
240492630,the latest: who survey finds virus disrupts health services $egov #egov https://www.marketbeat.com/n/4445796/,2020-08-31 13:57:02,-69,['egov']
240475292,"$egov just filed with the sec a event for officers, a regulated disclosure and a financial exhibit https://last10k.com/sec-filings/egov/0001065332-20-000026.htm?utm_source=stocktwits&amp;utm_medium=forum&amp;utm_campaign=8k&amp;utm_term=egov",2020-08-31 13:10:29,-69,['egov']
240474294,"$egov [15s. delayed] filed form 8-k on august 31, 09:05:51 https://s.flashalert.me/tpipe",2020-08-31 13:06:48,-69,['egov']
240474192,"$egov form 8-k: departure of directors or certain officers; election of directors; appointment of certain officers; compensatory arrangements of certain officers. on august 26, 2020, the board of dire.. 

https://newsfilter.io/a/ff6556ec2c6947168d7584c30f4968bf",2020-08-31 13:06:28,-69,['egov']
240473049,"$egov nic appoints former kansas city mayor sylvester “sly” james to board of directors 

https://newsfilter.io/a/2985fb65e38c5970b0938b750d4576a8",2020-08-31 13:02:26,-69,['egov']
240463047,should you buy nic inc. ($egov) before its ex-dividend? - stock market intellects https://www.stockmarketintellects.com/should-you-buy-nic-inc-egov-before-its-ex-dividend/,2020-08-31 12:20:19,-69,['egov']
240259407,brokerages expect nic inc. (nasdaq:egov) will post quarterly sales of $95.81 million $egov #egov https://www.marketbeat.com/n/4444664/,2020-08-29 07:09:03,-69,['egov']
238889104,"$egov looking to add tomorrow 
🤞🏻😊🤞🏻",2020-08-24 21:30:53,1,['egov']
238814772,"$egov nic hawaii, county of hawaii launch online road test scheduler 

https://newsfilter.io/a/8a720b26cb66fd059f35b3dee8d74d06",2020-08-24 18:00:30,-69,['egov']
238667803,"$egov nic maine partners with state of maine to offer online absentee ballot request service for general election 

https://newsfilter.io/a/8a148eb0594c10580954ccfc3e11a7f0",2020-08-24 12:01:17,-69,['egov']
238642097,nic $egov bidaskscore is #reiterated to stronglysold https://bidaskclub.com/news/company/2020-08-20/egov,2020-08-24 08:07:04,-69,['egov']
238571101,cyprus denies new allegations in &quot;golden passport&quot; scheme $egov #egov https://www.marketbeat.com/n/4438550/,2020-08-23 19:14:39,-69,['egov']
238554751,$egov 🔥,2020-08-23 16:29:04,1,['egov']
237425242,"do you agree with the a.i. prediction? $egov&#39;s aroon indicator drops into downtrend on august 10, 2020. view odds for this and other indicators: https://srnk.us/go/2001199",2020-08-18 23:24:06,-69,['egov']
237315825,"greece: eu must step up response to turkey&#39;s &#39;aggression&#39;

$egov #egov https://www.marketbeat.com/n/4434675/",2020-08-18 17:28:00,-69,['egov']
236925673,south carolina’s energy office launches energy saver tool and website http://www.conferencecalltranscripts.org/include?location=http://www.businesswire.com/news/home/20200817005098/en/south-carolina’s-energy-office-launches-energy-saver/?feedref=zd8jjkgyuzbwdixoadxmjgt1albrg1eq4maevp39211kzpny4nusb_qpy_g-4zdhevrmp3sigu8q3wq1of24lt93qbezrwa15hgblqmobxyoy3ch5vgwf9d0wb9dzp5ttt_uavxl_cpergzmcyu-rw== $egov,2020-08-17 13:06:37,-69,['egov']
236924061,"$egov $egov south carolina’s energy office launches energy saver tool and website 

https://newsfilter.io/a/c28597ec75d48c7214baadc4bec65dbc",2020-08-17 13:01:00,-69,['egov']
235001667,$egov nor expands mcinfo insurance filing services to washington https://www.otcdynamics.com/egov-nor-expands-mcinfo-insurance-filing-services-to-washington,2020-08-10 13:23:41,-69,['egov']
234994859,nor expands mcinfo insurance filing services to washington http://www.conferencecalltranscripts.org/include?location=http://www.businesswire.com/news/home/20200810005116/en/expands-mcinfo-insurance-filing-services-washington/?feedref=zd8jjkgyuzbwdixoadxmjgt1albrg1eq4maevp39211kzpny4nusb_qpy_g-4zdhevrmp3sigu8q3wq1of24lt93qbezrwa15hgblqmobxyoy3ch5vgwf9d0wb9dzp5ttt_uavxl_cpergzmcyu-rw== $egov,2020-08-10 13:06:20,-69,['egov']
234993079,"$egov $egov nor expands mcinfo insurance filing services to washington 

https://newsfilter.io/a/3b262b215f05b26922ca1c24e783ed7c",2020-08-10 13:01:35,-69,['egov']
233913228,"nic inc.&#39;s chief of staff just declared owning 24,910 shares of nic inc.  http://www.conferencecalltranscripts.org/5/summary2/?id=8202064 $egov",2020-08-05 20:18:18,-69,['egov']
233912829,"nic inc.&#39;s sen vp marketing &amp; comm just declared owning 51,977 shares of nic inc.  http://www.conferencecalltranscripts.org/5/summary/?id=8202011 $egov",2020-08-05 20:17:34,-69,['egov']
233882626,$egov form 3 (initial statement of beneficial ownership of securities) filed with the sec https://newsfilter.io/a/d30b37f94220a73803103eadd359b0ae,2020-08-05 19:09:01,-69,['egov']
233880775,"$egov [15s. delayed] filed sec form 3: chief of staff thomas elizabeth amegan: 
 https://s.flashalert.me/fwp8x",2020-08-05 19:04:22,-69,['egov']
233872391,"$egov [15s. delayed] filed sec form 3: sen vp marketing &amp; comm proudfit elizabeth mccarrell: 
 https://s.flashalert.me/3fgapn",2020-08-05 18:43:03,-69,['egov']
233872272,"$egov form 3 (initial statement of beneficial ownership of securities) filed with the sec 

https://newsfilter.io/a/0df47c6cc09c95d59225117d2097e394",2020-08-05 18:42:43,-69,['egov']
233376258,$egov mcinfo recommended for insurance filings by kentucky transportation cabinet https://www.otcdynamics.com/egov-mcinfo-recommended-for-insurance-filings-by-kentucky-transportation-cabinet,2020-08-04 13:16:49,-69,['egov']
233372874,mcinfo recommended for insurance filings by kentucky transportation cabinet http://www.conferencecalltranscripts.org/include?location=http://www.businesswire.com/news/home/20200804005185/en/mcinfo-recommended-insurance-filings-kentucky-transportation-cabinet/?feedref=zd8jjkgyuzbwdixoadxmjgt1albrg1eq4maevp39211kzpny4nusb_qpy_g-4zdhevrmp3sigu8q3wq1of24lt93qbezrwa15hgblqmobxyoy3ch5vgwf9d0wb9dzp5ttt_uavxl_cpergzmcyu-rw== $egov,2020-08-04 13:06:55,-69,['egov']
233371073,"$egov $egov mcinfo recommended for insurance filings by kentucky transportation cabinet 

https://newsfilter.io/a/c65db07c5021516af5b3c956d3277844",2020-08-04 13:01:32,-69,['egov']
232571429,nic inc. (nasdaq:egov) declares quarterly dividend of $0.09 $egov #egov https://www.marketbeat.com/n/4417615/,2020-07-31 14:54:05,-69,['egov']
232567362,nic announces quarterly dividend of $0.09.  payable on 9/22/2020. 1.67% yield.  https://www.marketbeat.com/d/138398 $egov,2020-07-31 14:45:45,-69,['egov']
232270025,$dox $hckt $goog $egov suggested for software &amp; computer services according value screen: https://www.unclestock.com/industry-group/softwa,2020-07-30 17:58:57,-69,"['egov', 'goog', 'hckt', 'dox']"
232193314,cyprus: putin &#39;to help ease&#39; gas search tensions with turkey $egov #egov https://www.marketbeat.com/n/4416336/,2020-07-30 14:56:58,-69,['egov']
232135869,nic&#39;s buy rating reiterated at barrington research. $30.00 pt. https://www.marketbeat.com/r/1454305 $egov,2020-07-30 13:04:22,-69,['egov']
232085933,"$egov new article : nic up 3% following q2 beat, reiterates fy20 guidance https://www.stck.pro/news/egov/6662092",2020-07-30 08:09:33,-69,['egov']
232080945,"$egov nic up 3% following q2 beat, reiterates fy20 guidance 

https://newsfilter.io/a/d2e87c5272dd54d86b034052e8e849be",2020-07-30 06:34:31,-69,['egov']
232017470,last10k highlighted 45 positive and negative remarks in $egov&#39;s 10-q filed today. see them in the quarterly report: https://last10k.com/sec-filings/egov/0001065332-20-000024.htm?utm_source=stocktwits&amp;utm_medium=forum&amp;utm_campaign=sentiment&amp;utm_term=egov,2020-07-29 23:00:48,-69,['egov']
231999822,"$egov just filed with the sec a earnings release, a regulated disclosure and a financial exhibit https://last10k.com/sec-filings/egov/0001065332-20-000022.htm?utm_source=stocktwits&amp;utm_medium=forum&amp;utm_campaign=8k&amp;utm_term=egov",2020-07-29 21:54:03,-69,['egov']
231993707,$egov just filed a 10-q quarterly report with 31 sections and 3 exhibits. access them all or just read their earnings: https://last10k.com/sec-filings/egov/0001065332-20-000024.htm?utm_source=stocktwits&amp;utm_medium=forum&amp;utm_campaign=10kq2040f&amp;utm_term=egov,2020-07-29 21:35:20,-69,['egov']
231992577,"$egov new article : nic eps beats by $0.02, beats on revenue https://www.stck.pro/news/egov/6652247",2020-07-29 21:32:16,-69,['egov']
231991493,$egov updates fy 2020after-hours guidance to 0.76-0.76 eps and revenue guidance to $380.5-380.5 million. https://www.marketbeat.com/g/50193,2020-07-29 21:29:24,-69,['egov']
231984271,nic inc. just filed its quarterly report: earnings per shareun... http://www.conferencecalltranscripts.org/q/summary/?id=8173904 $egov,2020-07-29 21:09:54,-69,['egov']
231983953,"$egov [15s. delayed] filed form 10-q on july 29, 17:08:07 https://s.flashalert.me/xtuhx",2020-07-29 21:09:06,-69,['egov']
231983834,"$egov form 10-q (quarterly report [sections 13 or 15(d)]) filed with the sec 

https://newsfilter.io/a/3eb8af24ef87c0870f96dddd874812cf",2020-07-29 21:08:44,-69,['egov']
231979617,director of corporate communications  http://www.conferencecalltranscripts.org/8/summary/?id=8173732 $egov,2020-07-29 20:57:26,-69,['egov']
231979229,"$egov [15s. delayed] filed form 8-k on july 29, 16:55:18 https://s.flashalert.me/hq51o",2020-07-29 20:56:18,-69,['egov']
231979064,"$egov form 8-k: results of operations and financial conditionon july 29, 2020, nic issued a press release announcing its 2020 second quarter financial results. a copy of the press release is furnished.. 

https://newsfilter.io/a/26278a93d3b6820de7a0482d55ab0f29",2020-07-29 20:55:53,-69,['egov']
231973932,"nic eps beats by $0.02, beats on revenue https://seekingalpha.com/news/3597113?source=ansh $egov",2020-07-29 20:41:47,-69,['egov']
231970460,"$egov nic eps beats by $0.02, beats on revenue 

https://newsfilter.io/a/bcc3ffc5e05d04062090dc85a90a9b77",2020-07-29 20:32:46,-69,['egov']
231960564,$egov nic reports second quarter 2020 results https://www.otcdynamics.com/egov-nic-reports-second-quarter-2020-results,2020-07-29 20:09:37,-69,['egov']
231958476,nic reports second quarter 2020 results http://www.conferencecalltranscripts.org/include?location=http://www.businesswire.com/news/home/20200729005971/en/nic-reports-quarter-2020-results/?feedref=zd8jjkgyuzbwdixoadxmjgt1albrg1eq4maevp39211kzpny4nusb_qpy_g-4zdhevrmp3sigu8q3wq1of24lt93qbezrwa15hgblqmobxyoy3ch5vgwf9d0wb9dzp5ttt_uavxl_cpergzmcyu-rw== $egov,2020-07-29 20:05:02,-69,['egov']
231957909,"$egov reported earnings of $0.20, consensus was $0.16 via @ewhispers #epsbeat http://eps.sh/d/egov",2020-07-29 20:03:56,-69,['egov']
231956211,$egov - http://www.trade-ideas.com/ticky/ticky.html?symbol=egov - please tell me i am long this stock...please - new postmarket high.  next resistance 23.46 from 7/6/2020.,2020-07-29 20:00:52,-69,['egov']
231956075,"$egov nic reports second quarter 2020 results 

https://newsfilter.io/a/e92e312cf049585840802fadc0cf4958",2020-07-29 20:00:34,-69,['egov']
231912183,"$egov earnings call today: 4:30 pm est 
analyst rating: strong buy  
webcast: http://mmm.wallstreethorizon.com/u.asp?u=332495",2020-07-29 18:28:15,-69,['egov']
231890526,"$egov nic, impact health and next marketing launch tourhealth solutions – rapid and secure covid-19 testing.",2020-07-29 17:37:32,1,['egov']
231822833,$egov is scheduled to report #earnings after the market closes today via @ewhispers http://eps.sh/s/egov,2020-07-29 15:03:46,-69,['egov']
231821813,"$egov reports after the close, estimize consensus +0.02 eps and +1.26m revs compared to ws
http://www.estimize.com/egov/fq2-2020?utm_content=prerelease&amp;utm_medium=tweet&amp;utm_source=stocktwits",2020-07-29 15:02:11,-69,['egov']
231761060,"$egov nic, impact health and next marketing launch tourhealth solutions – rapid and secure covid-19 testing https://www.otcdynamics.com/egov-nic-impact-health-and-next-marketing-launch-tourhealth-solutions-rapid-and-secure-covid-19-testing",2020-07-29 12:39:15,-69,['egov']
231751461,"nic, impact health and next marketing launch tourhealth solutions – rapid and secure covid-19 testing http://www.conferencecalltranscripts.org/include?location=http://www.businesswire.com/news/home/20200729005248/en/nic-impact-health-marketing-launch-tourhealth-solutions/?feedref=zd8jjkgyuzbwdixoadxmjgt1albrg1eq4maevp39211kzpny4nusb_qpy_g-4zdhevrmp3sigu8q3wq1of24lt93qbezrwa15hgblqmobxyoy3ch5vgwf9d0wb9dzp5ttt_uavxl_cpergzmcyu-rw== $egov",2020-07-29 12:04:44,-69,['egov']
231750609,"$egov nic, impact health and next marketing launch tourhealth solutions – rapid and secure covid-19 testing 

https://newsfilter.io/a/efaa8d56d4a9d6c04d38b3175ed8c222",2020-07-29 12:01:37,-69,['egov']
231730787,the latest: prague reports highest 24-hour jump of 101 cases $egov #egov https://www.marketbeat.com/n/4414524/,2020-07-29 09:27:56,-69,['egov']
