id,body,created_at,sentiment,symbols
254824625,$yelp bmo capital maintains to market perform : pt $27.00 https://stockhoot.com/extsymbol.aspx?from=analystratingtweet&amp;symbol=yelp&amp;t=356&amp;social=stocktwits,2020-11-06 13:29:44,-69,['yelp']
254822587,"$yelp
yelp upgraded by royal bank of canada with price target 29 and rating sector perform ➝ outperform
source:https://www.marketbeat.com/ratings/
view the full list of news/momentum plays on watch at : bit.ly/32gfart
[no bias / position]
[find me at https://stocktwits.com/sbiswas | https://twitter.com/soumyajyoti_b]&quot;",2020-11-06 13:20:00,-69,['yelp']
254818547,$yelp reports beats by $0.35 and beats on revs https://www.briefing.com/in-depth-analysis/content/article?articleid=in20201105161329yelp,2020-11-06 13:00:46,-69,['yelp']
254816581,"$yelp (+7.7% pre) yelp eps beats by $0.35, beats on revenue - sa

http://ooc.bz/l/63470",2020-11-06 12:49:30,-69,['yelp']
254813952,$yelp q3 2020 earnings call https://youtu.be/q9swkjhcsg0,2020-11-06 12:31:51,-69,['yelp']
254808361,"rbc capital upgrades yelp to outperform, announces $29 price target

related tickers: $yelp",2020-11-06 11:51:38,-69,['yelp']
254806654,$yelp rbc capital upgrades to outperform : pt $29.00 https://stockhoot.com/extsymbol.aspx?from=analystratingtweet&amp;symbol=yelp&amp;t=745&amp;social=stocktwits,2020-11-06 11:36:30,-69,['yelp']
254785031,good move or bad move? $yelp enters uptrend as momentum indicator ascends above 0 level. view odds of uptrend. https://srnk.us/go/2286735,2020-11-06 05:11:24,1,['yelp']
254778374,$yelp the market is so far behind on this one. recovering nicely and still quite low. easy peasy upside.,2020-11-06 04:00:20,1,['yelp']
254769926,$yelp 06-nov-20 atm implied vol climbs +38.8%. straddle implies a move of ±12.4% https://tinyurl.com/yxlcm5tx,2020-11-06 02:48:31,-69,['yelp']
254768238,$yelp world gonna find out americans ain’t so dumb after all. y’all better be ready ✊. if trump walks away victorious it’s gonna be a big fuck you to the rest of world..... trust me we are ready and are standing by.,2020-11-06 02:34:49,-69,['yelp']
254733599,comprehensive non-correlated yelp $yelp trading report https://tinyurl.com/yywqrvob,2020-11-05 23:15:04,-69,['yelp']
254723926,"$yelp nailed it!!
https://twitter.com/simianhedge/status/1324480010485288962?s=19",2020-11-05 22:34:08,1,['yelp']
254717425,"$yelp earnings call today: 5:00 pm est 
webcast: http://mmm.wallstreethorizon.com/u.asp?u=349597 
stockpods beta is now live. visit to find analyst ratings, stock price targets, and phone/pin for today&#39;s earnings calls: https://www.stockpods.com",2020-11-05 22:11:10,-69,['yelp']
254713712,"$yelp new article : yelp shares jump 6% on better-than-expected sales, earnings https://www.stck.pro/news/yelp/8959124",2020-11-05 21:59:08,-69,['yelp']
254711248,$yelp thank u thank u 🙏🏻🙏🏻,2020-11-05 21:51:10,1,['yelp']
254708655,"$yelp yelp reports third-quarter revenue that tops analysts’ estimates 

https://newsfilter.io/a/4ab244224850fcd3b658da65cb6a1a55",2020-11-05 21:43:34,-69,['yelp']
254703247,"yelp q3 eps $(0.01) beats $(0.34) estimate, sales $221.00m beat $199.95m estimate

related tickers: $yelp",2020-11-05 21:29:41,-69,['yelp']
254702724,$yelp blew away expectations,2020-11-05 21:28:20,1,['yelp']
254700700,"$yelp yelp eps beats by $0.35, beats on revenue 

https://newsfilter.io/a/3c58a4338bc5cb6962162cca31587ff2",2020-11-05 21:23:28,-69,['yelp']
254699956,$yelp thank you who ever gave me a chance to sell at 23$ after hours. this bad boy taking a dip tmrw,2020-11-05 21:21:44,-69,['yelp']
254698974,$yelp huge beat,2020-11-05 21:19:37,1,['yelp']
254698010,yelp reports third quarter 2020 financial results  http://www.conferencecalltranscripts.org/8/summary/?id=8523109 $yelp,2020-11-05 21:17:37,-69,['yelp']
254697471,"$yelp [15s. delayed, acc.~90%, always check] earnings release november 05, 16:05:00: q3: gaap eps of -$0.01, revenue $220.80m. https://s.flashalert.me/6tgxqc",2020-11-05 21:16:31,-69,['yelp']
254697220,"$yelp reported a loss of $0.36, consensus was ($0.30) via @ewhispers #epsmiss http://eps.sh/d/yelp",2020-11-05 21:16:03,-69,['yelp']
254696874,"$yelp just filed with the sec a earnings release, a event for officers and a financial exhibit https://last10k.com/sec-filings/yelp/0001345016-20-000057.htm?utm_source=stocktwits&amp;utm_medium=forum&amp;utm_campaign=8k&amp;utm_term=yelp",2020-11-05 21:15:28,-69,['yelp']
254696315,"$yelp [15s. delayed]: issued press release on november 05, 16:05:00: yelp reports third quarter 2020 financial results https://s.flashalert.me/4nyhk",2020-11-05 21:14:20,-69,['yelp']
254695649,yelp reports third quarter 2020 financial results http://www.conferencecalltranscripts.org/summary/?id=88188&amp;pr=true $yelp,2020-11-05 21:13:02,-69,['yelp']
254695361,"$yelp [15s. delayed]: issued press release on november 05, 16:05:00: yelp appoints tony wells to board of directors https://s.flashalert.me/1zdhz",2020-11-05 21:12:30,-69,['yelp']
254695312,yelp appoints tony wells to board of directors http://www.conferencecalltranscripts.org/summary/?id=88186&amp;pr=true $yelp,2020-11-05 21:12:21,-69,['yelp']
254694003,"$yelp [15s. delayed] filed form 8-k on november 05, 16:08:02: item2.02: results of operations &amp; financial condition https://s.flashalert.me/1vyphx",2020-11-05 21:09:43,-69,['yelp']
254693755,"$yelp form 8-k: results of operations and financial condition.on november 5, 2020, yelp announced its financial results for the third quarter ended september 30, 2020 by issuing a letter to shareholde.. 

https://newsfilter.io/a/bfdffe74bdcf910331c93a4da570906f",2020-11-05 21:09:13,-69,['yelp']
254692743,"$yelp yelp reports third quarter 2020 financial results
https://www.stocktitan.net/news/yelp/yelp-reports-third-quarter-2020-financial-g71ztnoi6ucp.html",2020-11-05 21:07:20,-69,['yelp']
254692725,"$yelp yelp appoints tony wells to board of directors
https://www.stocktitan.net/news/yelp/yelp-appoints-tony-wells-to-board-of-mxj7rga2ticb.html",2020-11-05 21:07:17,-69,['yelp']
254692221,"$yelp yelp reports third quarter 2020 financial results 

https://newsfilter.io/a/f81bd2f0fdd43064eb14ca1040612bf1",2020-11-05 21:06:13,-69,['yelp']
254692050,"$yelp yelp appoints tony wells to board of directors 

https://newsfilter.io/a/298e856acba2639b2139fa780506d3ba",2020-11-05 21:05:53,-69,['yelp']
254663784,options are priced for bigger-than-average #earnings move for $yelp reporting after close via @ewhispers #volatility http://eps.sh/s/yelp,2020-11-05 19:31:46,-69,['yelp']
254656082,"negative sentiment for $yelp with significant activity on social media

https://socialsentiment.io/stocks/symbol/yelp/",2020-11-05 19:05:07,-69,['yelp']
254644250,"$yelp 

bounced off $19 three times then finally....
broke weekly trendline
regained 6ma (daily)
broke resistance at 21.94 (2nd attempt)
broke green 50ma (daily) (2nd attempt)
cmo in positive territory (above zero line)

this could still reverse again before retesting higher levels, but if this holds here the bullish call is in good shape

i&#39;m bullish above 21.94

s/r levels
18.41
21.94
24.80
27.66
31.73",2020-11-05 18:23:37,1,['yelp']
254636632,$yelp took my gain 100+% on 20$ calls x20. not going to wait after er,2020-11-05 17:56:00,-69,['yelp']
254633571,"bullish sentiment in $yelp nov-13 calls at $22.5 strike price. 2k contracts, $350k premium.  https://www.swaggystocks.com/dashboard/stocklabs/option-flow/yelp",2020-11-05 17:45:16,-69,['yelp']
254605114,$yelp is scheduled to report #earnings after the market closes today via @ewhispers http://eps.sh/s/yelp,2020-11-05 16:03:29,-69,['yelp']
254542837,$yelp earnings november 05 amc. expected move ±12.4% vs prev. move -17.9% https://tinyurl.com/y64jrz96,2020-11-05 12:08:58,-69,['yelp']
254529343,"yelp inc. ($yelp) 3q20 earnings conference call on 5th november 2020 at 5:00 pm eastern time

https://www.stockmarketintellects.com/yelp-inc-yelp-3q20-earnings-conference-call-on-5th-november-2020-at-500-pm-eastern-time/",2020-11-05 09:19:23,-69,['yelp']
254523244,"what to expect from yelp inc. ($yelp) 3q20 earnings

https://www.stockmarketintellects.com/what-to-expect-from-yelp-inc-yelp-3q20-earnings/",2020-11-05 06:59:09,-69,['yelp']
254471108,$yelp new article : yelp q3 earnings preview https://www.stck.pro/news/yelp/8940231,2020-11-04 22:42:10,-69,['yelp']
254363673,"$clvs $yelp = wake up to profit! load again as swing $geo 
https://www.quora.com/what-is-the-best-stock-to-invest-in-for-the-coronavirus",2020-11-04 15:38:48,1,"['geo', 'yelp', 'clvs']"
254315148,$yelp solid green day ahead,2020-11-04 11:49:24,1,['yelp']
254235924,the short sale volume (not short interest) for $yelp on 2020-11-02 is 51%. http://shortvolumes.com/?t=yelp via @shortvolumes,2020-11-03 22:50:36,-69,['yelp']
254116794,"$yelp = beat earning = want to bet?
https://www.quora.com/what-is-the-best-stock-to-invest-in-for-the-coronavirus",2020-11-03 15:13:42,1,['yelp']
254036579,3 stocks that need more than a vaccine to bounce back in 2021 $amc $trip $yelp https://bit.ly/3ej4pty,2020-11-03 01:46:39,-69,"['yelp', 'trip', 'amc']"
253965396,a lot of travel names look like the markets positioned in a do or die mode over these earnings $bkng $yelp $trip,2020-11-02 19:35:21,-69,"['bkng', 'yelp', 'trip']"
253939220,"good buy $yelp $rad $t 
https://www.quora.com/what-is-the-best-stock-to-invest-in-for-the-coronavirus",2020-11-02 17:49:12,1,"['rad', 't', 'yelp']"
253928750,$yelp &gt;&gt; https://www.businessinsider.com/yelp-sales-tactics-insiders-say-sales-reps-misleading-aggressive-2020-10,2020-11-02 17:06:52,-69,['yelp']
253830685,"$twtr $fb $yelp $tsla 

trump gets 53000 people to show up to his rally yesterday.  

how did joe biden and obama do?

https://youtu.be/5wml4qdyhqy",2020-11-02 02:09:10,-69,"['fb', 'twtr', 'yelp', 'tsla']"
253803352,$yelp  i hope this company burns to the ground.,2020-11-01 20:03:14,-69,['yelp']
253793819,$yelp new article : yelp insiders describe aggressive and misleading sales tactics as employees prey on small businesses during the pandemic https://www.stck.pro/news/yelp/8866617,2020-11-01 17:33:05,-69,['yelp']
253782041,"don’t miss out on this! $yelp&#39;s 10-day moving average moved below its 50-day moving average on august 18, 2020. view odds for this and other indicators: https://srnk.us/go/2269810",2020-11-01 14:22:20,-69,['yelp']
253626796,"can&#39;t decide which i hate the most.  $chwy , $grub or $yelp...",2020-10-30 19:05:01,-69,"['yelp', 'grub', 'chwy']"
253609553,$snap another anti free speech anti american communist &quot;tech&quot; company like all the rest $fb $twtr $yelp,2020-10-30 18:06:42,-1,"['fb', 'twtr', 'yelp', 'snap']"
