id,body,created_at,sentiment,symbols
254881809,"$insg if anyone missed the after hours move , here ya go . a second chance to get in .",2020-11-06 16:23:13,1,['insg']
254881489,$insg buying all am,2020-11-06 16:22:16,-69,['insg']
254876415,"$insg mm of this stock is a mean mean person. two nasty tree shakes since april, to get lots of people out just before 5g is about to hit. now, we have the first good sign that things are starting with this er. what does mean mean mm do? give all traders the well deserved +10% +%20? not yet, all traders shall out, longs get dead money. until...",2020-11-06 16:06:59,1,['insg']
254876313,$insg relax the numbers don&#39;t lie 90 mill this qt... the stock price will rise...,2020-11-06 16:06:40,1,['insg']
254874005,$insg too many amateurs on here thinking they can guess price direction and value,2020-11-06 16:00:21,1,['insg']
254868164,"$insg waa waa waa i never seen such a bunch of wine bags , have you not noticed what’s happening in our country , let this develope , no ones watching 5 g , there fucking up this election",2020-11-06 15:44:45,1,['insg']
254867175,$insg has an average volume of 1911660. this is a good sign as it is always nice to have a liquid stock. https://www.chartmill.com/stock/analyzer/stock/insg?key=fc4e0872-cc3b-4d8b-8de0-2fbaf03d831e&amp;utm_source=stocktwits&amp;utm_medium=ta&amp;utm_content=insg&amp;utm_campaign=social_tracking,2020-11-06 15:42:00,-69,['insg']
254863593,$insg 90 minutes removed from 11 bucks what a widowmaker this stock is,2020-11-06 15:32:07,-69,['insg']
254860959,$insg i told ya it was gonna tank today keep the faith.....,2020-11-06 15:24:48,-69,['insg']
254860042,"$insg https://www.streetinsider.com/dr/news.php?id=17566343&amp;gfv=1

apparently it’s current margins, still $14 pt although lowered from $16 

imo we need multiple products released between various carriers to gain faster traction",2020-11-06 15:22:10,-69,['insg']
254859193,$insg will pop after lunch.  they dropped it here so they could load up and take advantage of panicky retail.  it&#39;s coming.,2020-11-06 15:19:42,-69,['insg']
254859128,$insg peak quarter is in. they made a penny and even that was heavily adjusted. this stock is worth $5 a best.,2020-11-06 15:19:31,-69,['insg']
254858839,"$insg with the former dms business (now inseego manage) being moved from under enterprise saas to iot &amp; mobile, inseego might be cleaning this up for consideration of a buyout.    with $77m under just iot &amp; mobile in quarterly revenue (over $300m annually) and the recent 7x revenue buyout of cradlepoint, a $2b+ offer could be in the cards.  remember they were going to sell it for $50m 3 years ago.",2020-11-06 15:18:37,-69,['insg']
254856365,$insg wtf?!,2020-11-06 15:11:22,1,['insg']
254856352,"$insg wow, no real buyers yet. surprising even for insg.",2020-11-06 15:11:20,-69,['insg']
254854817,$insg there’s your dip,2020-11-06 15:07:17,1,['insg']
254854703,$insg back in at $9.20. earnings were good.,2020-11-06 15:07:00,-69,['insg']
254854368,$insg added to my starter position from yesterday.  er was quite positive.  risk and reward to the upside at $9 is quite good imo,2020-11-06 15:06:08,1,['insg']
254854079,$insg screwed my $10 average,2020-11-06 15:05:27,-69,['insg']
254853325,$insg wtf back to 8? that was all,2020-11-06 15:03:16,-69,['insg']
254853123,"$insg if good earnings were priced in, then at least that solidifies this range. which is right where my positions want it.",2020-11-06 15:02:50,-69,['insg']
254852607,$insg no volume . shorts can have their way,2020-11-06 15:01:33,-69,['insg']
254848140,$insg the one thing people were not taking into account is it appears the bonds are still not taking care of. the shorts can still play here. throw in continued election turmoil this is what you get.,2020-11-06 14:50:38,-69,['insg']
254847986,$insg let the chase begin,2020-11-06 14:50:16,1,['insg']
254847766,$insg just keep buying or holding,2020-11-06 14:49:44,1,['insg']
254847177,"$insg trouble, not likely, if it breaks 9.20 give or take.",2020-11-06 14:48:17,-69,['insg']
254846586,$insg back to holding these bags 💼🤦‍♂️,2020-11-06 14:46:44,1,['insg']
254846415,$insg down 2.00 from high in after hours i don’t know what to say,2020-11-06 14:46:19,-69,['insg']
254846345,$insg they&#39;re stealing your shares,2020-11-06 14:46:08,-69,['insg']
254846314,$insg what a joke. is buffet shorting this ?,2020-11-06 14:46:03,-69,['insg']
254846001,"$insg just bought some more which puts me at an even 5k shares along with 41 contracts, $ntgr execs are selling left and right might play a put option on them",2020-11-06 14:45:10,-69,"['ntgr', 'insg']"
254845821,"$insg well, this sucks!",2020-11-06 14:44:45,1,['insg']
254845756,$insg thank you for the 50x mar 7.5 calls for 2.8ea,2020-11-06 14:44:33,1,['insg']
254845371,$insg 1m shares in 10 minutes on a strong beat and it&#39;s heading red. are shorts selling to each other??,2020-11-06 14:43:31,-69,['insg']
254845321,$insg damn 10 minutes and  all increase is gone,2020-11-06 14:43:23,-69,['insg']
254844075,$insg need to wash out the day traders cashing in.  watch for a 6 to 8m volume day as 25m shorts start covering + new buyers.,2020-11-06 14:40:13,-69,['insg']
254842759,$insg somebody took a big dump.,2020-11-06 14:37:00,-69,['insg']
254842050,$insg filled thst gap i’m guessing,2020-11-06 14:35:13,-69,['insg']
254841488,$insg flush the toilet! ahh shit...😂,2020-11-06 14:33:45,1,['insg']
254840797,$insg look at the selling at the open so silly letting the shirts off the hook,2020-11-06 14:31:41,-69,['insg']
254833648,"daily watchlist -

long: $hear, $insg

short: $apps, $ayx, $exel

follow me for more daily watchlists!",2020-11-06 14:07:17,-69,"['exel', 'insg', 'hear', 'apps', 'ayx']"
254827869,"$insg anticipates a new us customer could exceed
verizon levels by 2h/21. $vz from canaccord 
is it $t or $tmus?  right now 50 percent of revs is from verizon",2020-11-06 13:43:53,1,"['insg', 't', 'vz', 'tmus']"
254827035,"$insg beats by $0.02, beats on revs https://www.briefing.com/in-depth-analysis/content/article?articleid=in20201105170823insg",2020-11-06 13:40:18,-69,['insg']
254825544,"$insg great earnings and reiterated more news to come. confirmed news only can be announced when the customer approval.
great investment",2020-11-06 13:33:38,-69,['insg']
254823093,$insg good news on a bad day :,2020-11-06 13:22:21,-69,['insg']
254822882,$insg i still think today will be very good,2020-11-06 13:21:27,-69,['insg']
254822724,$insg if only had announced before market opened yesterday morning stead of after. hopeful shorts cover today,2020-11-06 13:20:44,-69,['insg']
254821304,$insg this would be up so much more of the market wasn’t taking a dump..,2020-11-06 13:13:57,1,['insg']
254815368,"$insg (+9.6% pre) inseego reports third quarter 2020 financial results - bw

http://ooc.bz/l/63458",2020-11-06 12:41:35,-69,['insg']
254803972,"$insg congrats to everyone that held, i really think and hope today is the new low for this stock and that we grow more steady and reliable in the future.",2020-11-06 11:08:17,-69,['insg']
254800941,"looking at the yearly performance, $insg did better than 90% of all other stocks. https://www.chartmill.com/stock/analyzer/stock/insg?key=fc4e0872-cc3b-4d8b-8de0-2fbaf03d831e&amp;utm_source=stocktwits&amp;utm_medium=ta&amp;utm_content=insg&amp;utm_campaign=social_tracking",2020-11-06 10:23:00,-69,['insg']
254788981,$insg buckle up ✌🏼,2020-11-06 06:06:25,1,['insg']
254788391,$insg the comments and speculation by posters with 1k shares is boring and deafening. ...27 million shares are shorted. they were shorted over the summer as collateral for the bonds. the price was around 12.75 a share. you can see how many shares i have based on previous posts. so obviously i&#39;m bullish. i bought 5k more....earnings were a blowout. they will be next also. shorts can&#39;t short forever.,2020-11-06 05:59:09,-69,['insg']
254788381,"$insg with no debt, this is the next $amd",2020-11-06 05:59:01,1,"['insg', 'amd']"
254774836,$insg when asked about r&amp;d spend this was where dan eluded to japan approval.,2020-11-06 03:28:48,-69,['insg']
254770781,$insg anyone knows guidance next quarter?,2020-11-06 02:55:45,-69,['insg']
254768981,i will be talking about $insg dropping a video analysis on this and a few other in our analysis channel later per request of our membership. enjoy! will see you there folks.,2020-11-06 02:41:02,1,['insg']
254764822,$insg has an average volume of 1903090. this is a good sign as it is always nice to have a liquid stock. https://www.chartmill.com/stock/quote/insg/technical-analysis?key=fc4e0872-cc3b-4d8b-8de0-2fbaf03d831e&amp;utm_source=stocktwits&amp;utm_medium=ta&amp;utm_content=insg&amp;utm_campaign=social_tracking,2020-11-06 02:10:00,-69,['insg']
254762973,$insg nice upward movement,2020-11-06 01:56:06,1,['insg']
254750974,$insg that figures. back to where this was pre er week. hopefully good things moving forward. so glad i waited this out....,2020-11-06 00:43:21,-69,['insg']
254747602,$insg i’m confident we will see +$12 next week,2020-11-06 00:25:19,-69,['insg']
254746615,$insg is it going down ??,2020-11-06 00:20:01,-69,['insg']
254739162,$iipr $insg my cash account is up 7.5% today 🤣. thanks guys!,2020-11-05 23:43:08,1,"['insg', 'iipr']"
254737330,$insg was analyzed by 6 analysts. the buy consensus is at 83%. so analysts seem to be very confident about $insg. https://www.chartmill.com/stock/analyzer/stock/insg?view=analyst-ratings&amp;utm_source=stocktwits&amp;utm_medium=analyst&amp;utm_content=insg&amp;utm_campaign=social_tracking,2020-11-05 23:34:00,-69,['insg']
254735308,$insg let&#39;s just wait for the news articles to pump it along with the gigantic shortsqueeze and we should be at 1 in no time,2020-11-05 23:23:18,-69,['insg']
254729930,"$insg hopefully some upgrades coming tomorrow,back to highs by end of year !",2020-11-05 22:59:09,-69,['insg']
254729264,$insg if i was dan id back these results up with several big announcements,2020-11-05 22:56:27,-69,['insg']
254727810,$insg how the er call go ?,2020-11-05 22:50:12,-69,['insg']
254727084,"$insg really couldn&#39;t ask for more at this point, 5g ramp is here and acceleration is what i expect moving forward..&quot;ecosystems&quot; is the real enchilada for future revs and increased profit margins imho..",2020-11-05 22:47:10,1,['insg']
254727079,"$insg reported a loss of $0.06, consensus was ($0.06) via @ewhispers #epsmeet http://eps.sh/d/insg",2020-11-05 22:47:09,-69,['insg']
254726723,"$insg feeling good about it.  

guidance was there on meet or exceed estimates. 

multiple revenue streams coming online to include fixed wireless and subscription as a service.",2020-11-05 22:45:38,-69,['insg']
254726687,$insg feeling good... overall... i think its all up from here,2020-11-05 22:45:28,1,['insg']
254726411,$insg 5g will help gross margins and target for hardware gross margins is 30%,2020-11-05 22:44:13,-69,['insg']
254726357,$insg $$ on the way,2020-11-05 22:43:59,1,['insg']
254726226,$insg 4 fwa mobile operator launches in the 4th quarter,2020-11-05 22:43:31,-69,['insg']
254726012,$insg fixed wireless will provide revenue in 4th qtr,2020-11-05 22:42:39,-69,['insg']
254725976,$insg revenue from fixed wireless in q4.,2020-11-05 22:42:31,-69,['insg']
254725908,$insg 4th qtr estimates will exceed expectations!,2020-11-05 22:42:16,-69,['insg']
254725855,$insg that&#39;s what i was looking for..lots happening..lots of demand..so give more detail..&quot;guidance&quot;....,2020-11-05 22:42:03,1,['insg']
254725671,$insg swiss comm and more in the works!!! lot of demand,2020-11-05 22:41:16,-69,['insg']
254725457,$insg cthey continue to see very strong demand,2020-11-05 22:40:20,-69,['insg']
254725126,$amd killer ah earnings.  $tmus $sq $insg,2020-11-05 22:38:58,-69,"['insg', 'amd', 'sq', 'tmus']"
254725042,$insg still working through meeting local government approvals..,2020-11-05 22:38:35,1,['insg']
254724870,"$insg r and d spend not due to head count spend. will go down in qtr 1
agrgessive certifications was majority of that expense.",2020-11-05 22:37:53,-69,['insg']
254724855,$insg dan dropping hints about japan.,2020-11-05 22:37:49,-69,['insg']
254724173,$insg increased margins on hardware..did they mention new customers or product additions upcoming..i missed the first part of the cc...ty..,2020-11-05 22:35:13,1,['insg']
254723735,$insg private network product launch early next year. customers in the pipeline. compliment to carrier strategy with much growth potential,2020-11-05 22:33:25,-69,['insg']
254723406,$insg ohh no statement on inventory  not good,2020-11-05 22:32:04,-69,['insg']
254723212,$insg only thing holding us back is supply issues..that means that they can increase sales as supply chains free up..going to be another beat next q..,2020-11-05 22:31:18,1,['insg']
254723141,$insg supply chain flowing well,2020-11-05 22:31:02,-69,['insg']
254722609,$insg says they will have an exciting 2020,2020-11-05 22:29:04,-69,['insg']
254722334,$insg say they will meet or exceed current estimates,2020-11-05 22:28:05,-69,['insg']
254722319,$insg meet or exceed analyst expectations..,2020-11-05 22:28:02,1,['insg']
254722194,"$insg  bigger than a covid company.  only accelerated growth expecting to exceed analysts growth targets. 

wow",2020-11-05 22:27:35,-69,['insg']
254722065,$insg what was the guidance again?,2020-11-05 22:27:03,-69,['insg']
254721935,"$insg  29% gross profit margin. 
subscriber base is helping this number",2020-11-05 22:26:32,-69,['insg']
254721894,$insg 29.80% total company gross margins,2020-11-05 22:26:24,-69,['insg']
254721820,$insg watch it tank again,2020-11-05 22:26:07,-69,['insg']
254721672,$insg 24.10 gross margins,2020-11-05 22:25:39,-69,['insg']
254721538,"$insg  lowering costs with suppliers, improving loc’s.  $42m cash on hand.",2020-11-05 22:25:10,-69,['insg']
254721371,$insg 15 will be here soon again,2020-11-05 22:24:37,-69,['insg']
254721259,"$insg
 demand uniformly up on second generation 5g device.  subscriber base up 185% ytd.,,,",2020-11-05 22:24:15,-69,['insg']
254721190,$insg congrats to everyone at insg.  you been killing it 2020.  best of luck in 2021,2020-11-05 22:24:01,-69,['insg']
254721176,$insg 2021 will be an amazing year for this stock. 5g will become the new norm by 2022 and this company is at the heart of that change. go long on this one,2020-11-05 22:23:59,1,['insg']
254721136,$insg demand uniformly up on second generation 5g device.  subscriber base up 185% ytd.,2020-11-05 22:23:51,-69,['insg']
254721053,$insg the idiot 🤡🤡 selling?!?,2020-11-05 22:23:35,1,['insg']
254720995,$insg no slides??,2020-11-05 22:23:25,1,['insg']
254720666,$insg free cash flow positive.  best quarter in 7 years.,2020-11-05 22:22:15,-69,['insg']
254720639,"$insg says 4th qtr they will concentrate on us and global sales of new platforms.
expand global customer base. best  qtr in 7 years",2020-11-05 22:22:12,1,['insg']
254720592,$insg,2020-11-05 22:22:02,1,['insg']
254719336,$insg if we could only understand the guy talking now on cc :(,2020-11-05 22:17:47,-69,['insg']
254718450,$insg ✊🏼👀✊🏼,2020-11-05 22:14:51,1,['insg']
254718121,$insg beautiful.  i&#39;m having a good day.  $vsto,2020-11-05 22:13:41,-69,"['insg', 'vsto']"
254717356,$insg did they give guidance,2020-11-05 22:10:54,-69,['insg']
254717242,$insg for the first time since i first invested i truly see the value of this company going forward,2020-11-05 22:10:29,-69,['insg']
254717174,$insg stock is still way too cheap! this is a $20 gem short term.,2020-11-05 22:10:18,1,['insg']
254716603,$insg its bout time,2020-11-05 22:08:15,-69,['insg']
254716328,"top gainers in after hours trading, 

$rmni $cthr $gluu $cndt $insg 

i’ll update in a bit! 📈✅",2020-11-05 22:07:16,-69,"['cthr', 'gluu', 'insg', 'cndt', 'rmni']"
254716128,$insg i told you . i’m rich now . remember me ? i told you i have 10 thousand shares plus some contracts,2020-11-05 22:06:36,-69,['insg']
254715488,$insg 👀,2020-11-05 22:04:32,1,['insg']
