id,body,created_at,sentiment,symbols
254810465,how will this affect the market? $ter macd histogram just turned positive. view odds of uptrend. https://srnk.us/go/2287597,2020-11-06 12:07:11,1,['ter']
254760255,"teradyne ceo mark e. jagiela sells $11,721,235.68 in $ter https://www.marketbeat.com/i/414723",2020-11-06 01:36:41,-69,['ter']
254759416,"teradyne director paul tufano sells $631,764.00 in $ter https://www.marketbeat.com/i/414720",2020-11-06 01:31:24,-69,['ter']
254749399,full tech game plan up: https://www.chartsmarter.com/2020/11/05/technology-sector-review-11-6-20/ &quot;once a month we publish entire note to show what we bring on daily basis. nasdaq higher by 9% heading into friday. $logi $sne showing international plays joining the party. &quot;old tech&quot; bifurcation running rampant.&quot; $ter $atvi $akam,2020-11-06 00:35:01,1,"['akam', 'atvi', 'logi', 'sne', 'ter']"
254738731,"$ter: new sec filing on director, paul j tufano: https://www.sec.gov/archives/edgar/data/97210/000090445420000701/xslf345x03/edgar.xml",2020-11-05 23:41:01,-69,['ter']
254722541,"teradyne director just disposed of 6,867 shares  http://www.conferencecalltranscripts.org/4/summary/?id=8523816 $ter",2020-11-05 22:28:52,-69,['ter']
254721791,"teradyne&#39;s president and ceo just disposed of 70,984 shares  http://www.conferencecalltranscripts.org/4/summary2/?id=8523784 $ter",2020-11-05 22:26:01,-69,['ter']
254717246,$ter above $100 warms my heart,2020-11-05 22:10:30,1,['ter']
254711037,"$ter $631,764.00 of shares sold by tufano paul j (director), reported in a new form 4 filed with the sec  https://newsfilter.io/a/3c6b7c7e05409f72b818e4cfc74d3074",2020-11-05 21:50:29,-69,['ter']
254709486,"$ter [15s. delayed] filed sec form 4: director tufano paul j: 
disposed 6,867 of common stock at price $92 on 2020-11-04, decreased holdin https://s.flashalert.me/hxzmbc",2020-11-05 21:45:48,-69,['ter']
254708527,"$ter [15s. delayed] filed sec form 4: president and ceo jagiela mark e: 
disposed 129,976 of common stock at average price $90.18 and conv https://s.flashalert.me/ksr21h",2020-11-05 21:43:14,-69,['ter']
254708394,"$ter $9,746,843.82 of shares sold by jagiela mark e (president and ceo), reported in a new form 4 filed with the sec  

https://newsfilter.io/a/52a9def20af661b4540a3d7799bd44e3",2020-11-05 21:42:52,-69,['ter']
254678627,"s3: screen for stocks in the s&amp;p 500 with high short positions by dollar value &amp; significant mark-to-market losses over the past week &amp; month.

$googl $ter $lrcx $tmo $idx",2020-11-05 20:22:23,-69,"['lrcx', 'idx', 'ter', 'tmo', 'googl']"
254575055,$ter moving my stop to my entry to eliminate risk on the trade.,2020-11-05 14:38:58,-69,['ter']
254513686,"$ter daily,",2020-11-05 04:11:39,-69,['ter']
254510100,"the recent semiconductor s&amp;p 500 addition, teradyne, gapped up this morning to the prior resistance level at $92.50 and kept running into the close for a bullish confirmation. $ter",2020-11-05 03:34:00,1,['ter']
254505207,"(11/04) apple suppliers stocks up 2.8% on average(mean) in a day, median return is 2.9%, top movers are $ter 6.7% $amd 6.2% $xlnx 6.2% $nvda 6.0% $mxim 5.5%, the sector return (on average) over the week is 7.0%, 
https://marketcomposite.com/topic?name=apple%20suppliers",2020-11-05 02:46:00,-69,"['mxim', 'nvda', 'xlnx', 'amd', 'ter']"
254503470,comprehensive non-correlated teradyne $ter trading report https://tinyurl.com/yxurfsdn,2020-11-05 02:30:05,-69,['ter']
254493791,$ter is the stock of the day. https://stockmine.net/daily-stocks,2020-11-05 01:10:55,-69,['ter']
254395871,$ter moving half my stop at my entry. if i&#39;m putting on new trades while the markets this far extended on a single day i want to limit any downside risk as soon as possible after entering a trade.,2020-11-04 17:33:11,-69,['ter']
254363687,$ter pilot buy here. cup and handle breaking over previous highs (no overhead). small size.,2020-11-04 15:38:51,-69,['ter']
254360132,$ter breaking out 52wk highs,2020-11-04 15:27:27,1,['ter']
254344255,"analyst comments:  

$xpev +5.1% (initiated with a buy at citigroup) 

$adtn +3.6% (upgraded to buy from hold at jefferies) 

$ter +3.5% (upgraded to buy from neutral at goldman)",2020-11-04 14:39:26,-69,"['adtn', 'ter', 'xpev']"
254329782,"$ter
ter upgraded by the goldman sachs group with price target $90.00 ➝ $107.00 and rating neutral ➝ buy
source:https://www.marketbeat.com/ratings/
view the full list of news/momentum plays on watch at : bit.ly/32gfart
[no bias / position]
[find me at https://stocktwits.com/sbiswas | https://twitter.com/soumyajyoti_b]&quot;",2020-11-04 13:35:04,-69,['ter']
254323225,$ter teradyne raised at goldman on improved growth outlook; pt to $107 from $90,2020-11-04 12:58:25,-69,['ter']
254318967,"$ter new article : teradyne upgraded at goldman sachs on valuation, industrial automation-driven growth https://www.stck.pro/news/ter/8928467",2020-11-04 12:25:47,-69,['ter']
254318776,"$ter teradyne upgraded at goldman sachs on valuation, industrial automation-driven growth 

https://newsfilter.io/a/33de4a20ea808393c930253a736e06b0",2020-11-04 12:24:12,-69,['ter']
254318074,"goldman sachs upgrades teradyne to buy, announces $107 price target

related tickers: $ter",2020-11-04 12:17:56,-69,['ter']
254316488,$ter goldman sachs upgrades to buy : pt $107.00 https://stockhoot.com/extsymbol.aspx?from=analystratingtweet&amp;symbol=ter&amp;t=712&amp;social=stocktwits,2020-11-04 12:03:05,-69,['ter']
254067962,"us breakout stocks watchlist - 2 november 2020

for the watchlist from mondays scans - $ftch, $jks, $ter, $yy

personally, i&#39;m not looking to trade much this week until the election is out of the way.

#stocks #trading #stockmarket #money #investing 

to see the charts go to: https://www.stageanalysis.net/blog/37952/us-breakout-stocks-watchlist-2-november-2020",2020-11-03 10:54:05,-69,"['ter', 'jks', 'yy', 'ftch']"
254058498,"how do you think the market will react to this? $ter enters an uptrend because momentum indicator exceeded the 0 level on october 29, 2020. view odds for this and other indicators: https://srnk.us/go/2275708",2020-11-03 06:12:16,-69,['ter']
253986031,last10k highlighted 50 positive and negative remarks in $ter&#39;s 10-q filed today. see them in the quarterly report: https://last10k.com/sec-filings/ter/0001193125-20-283796.htm?utm_source=stocktwits&amp;utm_medium=forum&amp;utm_campaign=sentiment&amp;utm_term=ter,2020-11-02 21:00:40,-69,['ter']
253966665,$ter just filed a 10-q quarterly report with 99 sections and 6 exhibits. access them all or just read their earnings: https://last10k.com/sec-filings/ter/0001193125-20-283796.htm?utm_source=stocktwits&amp;utm_medium=forum&amp;utm_campaign=10kq2040f&amp;utm_term=ter,2020-11-02 19:40:40,-69,['ter']
253966591,teradyne just filed its quarterly report: the contractual matu... http://www.conferencecalltranscripts.org/q/summary2/?id=8506258 $ter,2020-11-02 19:40:20,-69,['ter']
253966343,"$ter [15s. delayed] filed form 10-q on november 02, 14:38:16 https://s.flashalert.me/6qoss",2020-11-02 19:39:18,-69,['ter']
253966268,"$ter form 10-q (quarterly report [sections 13 or 15(d)]) filed with the sec 

https://newsfilter.io/a/b0747a999e7e014b1c0f97ae52459aa0",2020-11-02 19:38:57,-69,['ter']
253925354,$ter watching this one,2020-11-02 16:52:36,1,['ter']
253901412,$ter presence is a state of inner spaciousness. get some time and read this good information here. check disclaimer on my profile.http://psce.pw/thesurgeofecommerce,2020-11-02 15:26:29,1,['ter']
253860771,$ter terrascend preannounces strong third quarter 2020 results - net sales of $51.0 million and adjusted ebitda of $17.8 million https://www.otcdynamics.com/ter-terrascend-preannounces-strong-third-quarter-2020-results-net-sales-of-51-0-million-and-adjusted-ebitda-of-17-8-million,2020-11-02 12:26:04,-69,['ter']
253860651,$ter terrascend announces the appointment of ed schutter to its board of directors https://www.otcdynamics.com/ter-terrascend-announces-the-appointment-of-ed-schutter-to-its-board-of-directors,2020-11-02 12:24:55,-69,['ter']
253731649,"$ter, $gnrc and $cmi showing up in our technical breakout setup screen. https://www.chartmill.com/stock/stock-screener?sid=202&amp;f=v1_50b500,atrpct_a_1,sl_ta_7_x,sl_se_7_x,p_pg20,exch_us&amp;s=se&amp;v=3&amp;utm_source=stocktwits&amp;utm_medium=screener&amp;utm_content=stock_screener:_technical_breakout_setups&amp;utm_campaign=social_tracking",2020-10-31 17:28:00,-69,"['cmi', 'ter', 'gnrc']"
253482482,$ter bingo - will start a position today. superb setup here!,2020-10-30 10:53:15,1,['ter']
253449507,"diversified investment portfolio: teradyne($ter),… https://www.macroaxis.com/invest/marketcorrelation?s=ter,ntap,umpq,vlo,gt,lmt,nsc,pxd,pfe,tap,fit,vz #correlations #stocks #stockratings",2020-10-30 02:22:05,-69,['ter']
253045208,"$ter paul j tufano sold 18,000 shares [high conviction] www.insider-analysis.com/search_transactions.php?ticker=table_ter",2020-10-28 17:16:00,-69,['ter']
252992105,$ter: technipfmc?s schilling robotics selects energid technologies? actin robotic control software for gemini? rov ... https://www.chartmill.com/stock/quote/ter/news?utm_source=stocktwits&amp;utm_medium=pressrelease&amp;utm_content=ter&amp;utm_campaign=social_tracking,2020-10-28 14:35:01,-69,['ter']
252978308,$ter new article : technipfmc&#39;s schilling robotics selects energid technologies&#39; actin robotic control software for gemini™ rov system https://www.stck.pro/news/ter/8799707,2020-10-28 14:03:53,-69,['ter']
252977899,technipfmc’s schilling robotics selects energid technologies’ actin robotic control software for gemini™ rov system http://www.conferencecalltranscripts.org/summary/?id=80321&amp;pr=true $ter,2020-10-28 14:03:07,-69,['ter']
252977857,$ter technipfmc’s schilling robotics selects energid technologies’ actin robotic control software for gemini™ rov system https://www.otcdynamics.com/ter-technipfmcs-schilling-robotics-selects-energid-technologies-actin-robotic-control-software-for-gemini-rov-system,2020-10-28 14:03:02,-69,['ter']
252976858,"$ter technipfmc’s schilling robotics selects energid technologies’ actin robotic control software for gemini™ rov system 

https://newsfilter.io/a/bfd939083f2bd908e7b5af3d4ad7c4b6",2020-10-28 14:00:58,-69,['ter']
252976472,"$ter technipfmc’s schilling robotics selects energid technologies’ actin robotic control software for gemini™ rov system
https://www.stocktitan.net/news/ter/technip-fmc-s-schilling-robotics-selects-energid-technologies-actin-u33qtm9z49tc.html",2020-10-28 14:00:11,-69,['ter']
252905856,$ter new insider selling: 18000 shares. http://insiderbuyingselling.com/?t=ter,2020-10-28 03:18:34,-69,['ter']
252841335,"teradyne director just disposed of 18,000 shares  http://www.conferencecalltranscripts.org/4/summary2/?id=8480943 $ter",2020-10-27 20:40:29,-69,['ter']
252840927,"$ter [15s. delayed] filed sec form 4: director tufano paul j: 
disposed 18,000 of common stock at price $91.92 on 2020-10-23, decreased ho https://s.flashalert.me/htglw4",2020-10-27 20:39:03,-69,['ter']
252840806,"$ter $1,654,560.00 of shares sold by tufano paul j (director), reported in a new form 4 filed with the sec  

https://newsfilter.io/a/7c5a13bcd72913157524f0fbb16ad760",2020-10-27 20:38:38,-69,['ter']
252833023,$ter just filed with the sec a event for officers and a financial exhibit https://last10k.com/sec-filings/ter/0001193125-20-278388.htm?utm_source=stocktwits&amp;utm_medium=forum&amp;utm_campaign=8k&amp;utm_term=ter,2020-10-27 20:16:21,-69,['ter']
252829410,"peter herweck elected to teradynes board of directors north reading, mass.  http://www.conferencecalltranscripts.org/8/summary/?id=8480664 $ter",2020-10-27 20:08:30,-69,['ter']
252828451,"$ter [15s. delayed] filed form 8-k on october 27, 16:05:31: item5.02: departure of election 0f officers or compensatory arrangements https://s.flashalert.me/opbohb",2020-10-27 20:06:31,-69,['ter']
252828311,"$ter form 8-k: departure of directors or certain officers; election of directors; appointment of certain officers; compensatory arrangements of certain officers. on october 26, 2020, the board of dire.. 

https://newsfilter.io/a/fbb73e0d64467d1e6a3811339846e9a7",2020-10-27 20:06:12,-69,['ter']
252690711,$ter doing the c&amp;h dance.,2020-10-27 12:17:34,1,['ter']
252633675,comprehensive non-correlated teradyne $ter trading report https://tinyurl.com/y6cuxpn8,2020-10-26 23:15:03,-69,['ter']
252631113,apple upside hinted by teradyne earnings $ter $aapl https://talkmarkets.com/content/stocks--equities/apple-upside-hinted-by-teradyne-earnings?post=282917,2020-10-26 22:54:47,-69,"['aapl', 'ter']"
252601999,$ter peter herweck elected to teradyne’s board of directors https://www.otcdynamics.com/ter-peter-herweck-elected-to-teradynes-board-of-directors,2020-10-26 20:14:00,-69,['ter']
252601648,peter herweck elected to teradyne’s board of directors http://www.conferencecalltranscripts.org/summary/?id=78149&amp;pr=true $ter,2020-10-26 20:12:57,-69,['ter']
252601036,$ter new article : peter herweck elected to teradyne&#39;s board of directors https://www.stck.pro/news/ter/8756554,2020-10-26 20:10:57,-69,['ter']
252599981,"$ter [15s. delayed]: issued press release on october 26, 16:05:00: peter herweck elected to teradyne’s board of directors https://s.flashalert.me/cul9ra",2020-10-26 20:07:25,-69,['ter']
252599215,"$ter peter herweck elected to teradyne’s board of directors
https://www.stocktitan.net/news/ter/peter-herweck-elected-to-teradyne-s-board-of-t3mjof8eoa8t.html",2020-10-26 20:05:18,-69,['ter']
252404055,"updated correlation matrix for teradyne($ter),… https://www.macroaxis.com/invest/marketcorrelation?s=ter,srne,emc,cern,slb,cci,ffiv,cdglf,syy,cmi,pld,sjm #insidertrading #stocks #fintechnews",2020-10-25 17:55:02,-69,['ter']
252384315,"$ter paul j tufano sold 14,682 shares [high conviction] www.insider-analysis.com/search_transactions.php?ticker=table_ter",2020-10-25 09:13:44,-69,['ter']
252362348,$ter nearing a pivot after reporting earnings,2020-10-24 23:02:17,-69,['ter']
252283092,"teradyne director paul tufano sells $1,351,184.46 in $ter https://www.marketbeat.com/i/413163",2020-10-23 22:32:57,-69,['ter']
252275128,"$ter $ter posted slightly better earnings.. $ter posted better than expected earnings, with pead projecting a bullish s",2020-10-23 21:43:57,1,['ter']
252267406,"$ter: new sec filing on director, paul j tufano: https://www.sec.gov/archives/edgar/data/97210/000090445420000669/xslf345x03/edgar.xml",2020-10-23 20:59:02,-69,['ter']
252264898,"teradyne director just disposed of 14,682 shares  http://www.conferencecalltranscripts.org/4/summary/?id=8471257 $ter",2020-10-23 20:46:18,-69,['ter']
252264838,"$ter [15s. delayed] filed sec form 4: director tufano paul j: 
disposed 14,682 of common stock at price $92.03 on 2020-10-22, decreased ho https://s.flashalert.me/besqy",2020-10-23 20:45:56,-69,['ter']
252117769,"diversified portfolio proposal: teradyne($ter),… https://www.macroaxis.com/invest/marketriskandreturn?s=ter,ebay,usb,mkc,sun,hon,ed,trow,pll,colb,car,gsm #insidertrading #stocks #fintechnews",2020-10-23 12:22:32,-69,['ter']
252099234,teradyne $ter bidaskscore is upgraded to bought https://bidaskclub.com/news/company/2020-10-22/ter,2020-10-23 09:02:02,-69,['ter']
251942514,$ter lets break 93.67 and fly over $100 almost there!!!,2020-10-22 17:56:58,1,['ter']
251913688,upgrades &amp; downgrades: $irbt $ter $tsla $eric $agio,2020-10-22 16:26:22,-69,"['eric', 'irbt', 'ter', 'tsla', 'agio']"
251885270,"📉💣 symbol: $ter
strike price: 87.5
expiration date: 11/20/2020
predicted direction: bearish 📉💣
call/put: call
ai confidence: 63.98%
premium spent today: 153.3k
bid: 5.8
ask: 6.1
volume:  265 
open interest: 2330",2020-10-22 15:05:00,-1,['ter']
251844887,"$agio: barclays upgrades from equalweight to overweight, pt $46 
 
$ter: susquehanna upgrades from negative to neutral, pt $106 
 
$logi: alphavalue upgrades from sell to add 
 
$h: gordon haskett upgrades from underperform to hold 
 
$wpx: piper sandler upgrades from neutral to overweight; pt $8",2020-10-22 13:33:55,-69,"['logi', 'ter', 'h', 'wpx', 'agio']"
251840800,"$ter $jci 

ter- interesting earnings with no negative sentiment by it. so i can see a push to the 100$ psychological level mid term as semiconductors are still a hot sector. the potential downside is 88$ and the low 80s. so if you are wanting a mid term risky play you can try to play this. 

jci- the pattern looks good as it is trading above the trendline support and creating a possible u shape breakout. look for this to see 45 as a  breakout and the downside would be 43 near term.",2020-10-22 13:20:22,1,"['jci', 'ter']"
251833591,"$ter
&quot;&quot;susquehanna upgrades ter from negative to neutral to pt $106
source:https://www.benzinga.com/calendar/ratings&quot;&quot;
https://www.marketbeat.com/ratings/
view the full list of news/momentum plays on watch at : bit.ly/32gfart
[no bias / position]
[find me at https://stocktwits.com/sbiswas | https://twitter.com/soumyajyoti_b]",2020-10-22 12:53:27,-69,['ter']
251817986,$ter multiple upgrades,2020-10-22 11:34:35,-69,['ter']
251810229,"susquehanna upgrades teradyne to neutral, announces $106 price target

related tickers: $ter",2020-10-22 10:22:55,-69,['ter']
251809355,$ter susquehanna upgrades to neutral : pt $106.00 https://stockhoot.com/extsymbol.aspx?from=analystratingtweet&amp;symbol=ter&amp;t=731&amp;social=stocktwits,2020-10-22 10:08:42,-69,['ter']
251749634,"$mu my takeaway from the recent earnings calls, including the most recent ones from $lrcx and $ter is that we are about to enter a massive memory demand cycle with discipline production.",2020-10-21 22:34:09,-69,"['lrcx', 'mu', 'ter']"
251747815,$spy quality of stocktwits has really gone to hell. maybe they shouldn’t have banned so many accounts simple because soft people couldn’t handle having their feelings hurt. not one comment about memory or logic outlook from $lrcx or $ter calls? $mu,2020-10-21 22:24:28,-69,"['lrcx', 'mu', 'spy', 'ter']"
251725595,teradyne inc (ter) q3 2020 earnings call transcript https://marketwirenews.com/news-releases/teradyne-inc-ter-q3-2020-earnings-call-transcript-7493700627312242.html?i=c $ter news out,2020-10-21 20:47:04,-69,['ter']
251725579,$ter earnings move  4.7% vs an expected ±12.6% move  https://tinyurl.com/y4m89of7,2020-10-21 20:47:02,-69,['ter']
251722655,"updated 3q’20 post er drift watchlist. new additions: $hska $logi $ter https://finviz.com/screener.ashx?v=211&amp;t=calx,snap,logi,ter,hska",2020-10-21 20:37:06,-69,"['hska', 'logi', 'ter']"
251689511,litepoint iqgig-5g(tm) test system now enabled to test 5g small cell base stations https://marketwirenews.com/news-releases/litepoint-iqgig-5g-tm-test-system-now-enabled-to-tes-4611002059009483.html?i=c $ter news article,2020-10-21 19:04:51,-69,['ter']
251687109,$ter #ter are we finally ready to breakout after the big tease? @trendspider,2020-10-21 18:57:07,-69,['ter']
251677110,teradyne stock nears buy point on upbeat third-quarter earnings news https://www.investors.com/news/technology/teradyne-stock-nears-buy-point-upbeat-third-quarter-earnings-news/ $ter,2020-10-21 18:23:19,-69,['ter']
251670334,$lrcx $mu you learned what you needed to know in $ter earnings call this morning. risk is substantially lower if you did your homework you’ll know what to do and make a killing. $spy,2020-10-21 18:02:20,-69,"['lrcx', 'mu', 'spy', 'ter']"
251664110,$ter new article : teradyne stock nears buy point on upbeat third-quarter earnings news https://www.stck.pro/news/ter/8635004,2020-10-21 17:43:27,-69,['ter']
251642519,$ter that’s where the buck stops,2020-10-21 16:37:30,-69,['ter']
251623729,"$ter wow, we haven&#39;t even got the analyst upgrades.. stock is already rising",2020-10-21 15:42:46,1,['ter']
251612923,"$ter ter should consider acquiring the micro cap aehr for enhanced silicon photonics commercialization. on ter&#39;s conference call  mgt voiced positive and future investments in silicon. aehr has been a silicon r&amp;d facility for many years, now just beginning to run out their silicon test equipment. would be an interesting fit.",2020-10-21 15:15:45,-69,['ter']
251612302,"📉💣 symbol: $ter
strike price: 87.5
expiration date: 11/20/2020
predicted direction: bearish 📉💣
call/put: call
ai confidence: 55.73%
premium spent today: 482.5k
bid: 7.0
ask: 7.4
volume:  710 
open interest: 3348",2020-10-21 15:14:21,-1,['ter']
251600951,$ter  long here,2020-10-21 14:47:07,1,['ter']
251597025,"$ter breakout imminent. bullish

https://notrustyourbroker.com/2-stocks-that-can-give-you-10-profits-in-just-few-days/",2020-10-21 14:37:11,1,['ter']
251593220,$ter that huge q4 guidance raise can’t be ignored. this should see 100 in short order unless macro headwinds hold it back,2020-10-21 14:27:40,1,['ter']
251580197,"$ter are good growth stocks and are also showing a technical setup pattern at the moment. https://www.chartmill.com/stock/stock-screener?sid=205&amp;f=v1_50b500,p_pg20,sl_gr_8_x,sl_he_5_x,sl_pr_5_x,sl_se_7_x,exch_us&amp;s=se&amp;v=3&amp;utm_source=stocktwits&amp;utm_medium=screener&amp;utm_content=stock_screener:_strong_growth_stock_technical_setups&amp;utm_campaign=social_tracking",2020-10-21 13:57:00,-69,['ter']
251564271,$ter god i hate being right. great company and will continue to hold my 500 shares.,2020-10-21 13:14:18,-69,['ter']
251545269,"$ter beats by $0.06, beats on revs; guides q4 eps and revs well above consensus https://www.briefing.com/in-depth-analysis/content/article?articleid=in20201020170733ter",2020-10-21 11:52:10,-69,['ter']
251541126,$ter still holding in its upward wedge after earnings last night.,2020-10-21 11:24:38,-69,['ter']
251538396,"$ter earnings call today: 8:30 am est 
analyst rating: buy 
webcast: http://mmm.wallstreethorizon.com/u.asp?u=347412",2020-10-21 11:03:01,-69,['ter']
251534422,$ter just filed with the sec a earnings release and a financial exhibit https://last10k.com/sec-filings/ter/0001193125-20-273253.htm?utm_source=stocktwits&amp;utm_medium=forum&amp;utm_campaign=8k&amp;utm_term=ter,2020-10-21 10:17:12,-69,['ter']
251533701,teradyne reports third quarter 2020 results  http://www.conferencecalltranscripts.org/8/summary/?id=8461000 $ter,2020-10-21 10:07:17,-69,['ter']
251533611,"$ter [15s. delayed] filed form 8-k on october 21, 06:03:55: item2.02: results of operations &amp; financial condition https://s.flashalert.me/o3af2",2020-10-21 10:06:27,-69,['ter']
251512699,the industry average roa is -0.19%. $ter outperforms 93% of its industry peers. https://www.chartmill.com/stock/analyzer/stock/ter?view=fundamental-analysis&amp;key=5433e1f2-b0dd-49ea-a001-4bc618536bb1&amp;utm_source=stocktwits&amp;utm_medium=fa&amp;utm_content=ter&amp;utm_campaign=social_tracking,2020-10-21 03:22:00,-69,['ter']
251512215,"updated correlation matrix for teradyne($ter), wynn… https://www.macroaxis.com/invest/marketcorrelation?s=ter,wynn,glw,zicx,csco,ffiv,aes,schw,mu,ppl,urbn,ntap #canada #canadian_equities #ca",2020-10-21 03:17:32,-69,['ter']
251496080,$ter updates q4 guidance to $0.90-1.06 eps and revenue guidance to $680-740 million. https://www.marketbeat.com/g/51766,2020-10-21 01:05:12,-69,['ter']
251495442,"$ter teradyne inc. 
 keep it up! great job!",2020-10-21 01:00:40,1,['ter']
251484827,"breakout pattern shown in $ter, $pins and $mmm. https://www.chartmill.com/stock/stock-screener?sid=202&amp;f=v1_50b500,atrpct_a_1,sl_ta_7_x,sl_se_7_x,p_pg20,exch_us&amp;s=se&amp;v=3&amp;utm_source=stocktwits&amp;utm_medium=screener&amp;utm_content=stock_screener:_technical_breakout_setups&amp;utm_campaign=social_tracking",2020-10-20 23:50:00,-69,"['mmm', 'ter', 'pins']"
251479601,$cdns $ter great earnings. both are winners and more. gl,2020-10-20 23:18:22,-69,"['cdns', 'ter']"
251478385,$ter nice!,2020-10-20 23:11:14,-69,['ter']
251473165,$ter i guess we have to see what the say on the call in am,2020-10-20 22:40:51,1,['ter']
251463629,$ter new article : recap: teradyne q3 earnings https://www.stck.pro/news/ter/8613829,2020-10-20 21:51:13,-69,['ter']
251462939,$ter 100c flow outside implied move detected,2020-10-20 21:47:50,-69,['ter']
251461451,$ter targeting 95 tomorrow .. good beat .. in after hour shares,2020-10-20 21:40:37,1,['ter']
251460805,$ter new article : s&amp;p 500 newcomer teradyne&#39;s q3 sales up 41% https://www.stck.pro/news/ter/8613474,2020-10-20 21:37:06,-69,['ter']
251460685,$ter is not even firing on all cylinders... looking forward to the return of it&#39;s industrial automation business. great numbers all around.,2020-10-20 21:36:26,-69,['ter']
251460200,$ter: teradyne reports third quarter 2020 results https://www.chartmill.com/stock/quote/ter/news?utm_source=stocktwits&amp;utm_medium=pressrelease&amp;utm_content=ter&amp;utm_campaign=social_tracking,2020-10-20 21:34:00,-69,['ter']
251458752,$ter what is going on,2020-10-20 21:27:28,-69,['ter']
251457424,$ter new article : teradyne +4% after q3 beat includes strong guidance upside https://www.stck.pro/news/ter/8613101,2020-10-20 21:21:16,-69,['ter']
251457243,"teradyne q3 non-gaap eps $1.18 beats $1.12 estimate, sales $819.00m beat $770.29m estimate

related tickers: $ter",2020-10-20 21:20:28,-69,['ter']
251456733,"teradyne eps beats by $0.06, beats on revenue $ter https://bit.ly/3matbfz",2020-10-20 21:18:14,-69,['ter']
251455894,$ter 🤑🚀🚀🚀💰,2020-10-20 21:14:26,1,['ter']
251455712,$ter teradyne reports third quarter 2020 results https://www.otcdynamics.com/ter-teradyne-reports-third-quarter-2020-results,2020-10-20 21:13:40,-69,['ter']
251455172,"$ter
teradyne beats by $0.06, beats on revs; guides q4 eps and revs well above consensus 
reports q3 (sep) earnings of $1.18 per share, excluding non-recurring items, $0.06 better than the s&amp;p capital iq consensus of $1.12; revenues rose 40.8% year/year to $819.48 mln vs the $786.87 mln s&amp;p capital iq consensus.
co issues upside guidance for q4, sees eps of $0.90-1.06, excluding non-recurring items, vs. $0.45 s&amp;p capital iq consensus; sees q4 revs of $680-740 mln vs. $522.18 mln s&amp;p capital iq consensus.
co says entering q4, market conditions in its test businesses are stronger than expected and co has positioned its production capacity to respond to potential short lead time demands.",2020-10-20 21:11:09,1,['ter']
251455042,"$ter i’ve been holding tons of shares since $60. this happens every time. they crush er, it skyrockets ah, then it goes red at market open. great company but i’m not getting too excited until i see price action tomorrow",2020-10-20 21:10:35,1,['ter']
251454814,$ter $100 tomrw🤔,2020-10-20 21:09:31,1,['ter']
251454506,"$ter reported earnings of $1.18, consensus was $1.11, earnings whisper was $1.20 via @ewhispers #whispermiss http://eps.sh/d/ter",2020-10-20 21:08:05,-69,['ter']
251454365,"$ter new article : teradyne eps beats by $0.06, beats on revenue https://www.stck.pro/news/ter/8612771",2020-10-20 21:07:32,-69,['ter']
251454132,$ter love it,2020-10-20 21:06:32,1,['ter']
251453548,"$ter revenue of $ 819 million in q 3 ’20 grew   41 % from q 3 ’19 q 3 ’ 20 gaap earnings per share grew 61 % and non-gaap earnings per share grew 53 % from q 3 ’1 9 test revenue grew 46 % from q 3 ’19 on memory, storage, and system on a chip (soc) test strength industrial automation revenue was up ....

http://investors.teradyne.com/node/17376/pdf",2020-10-20 21:04:17,1,['ter']
251453483,teradyne reports third quarter 2020 results http://www.conferencecalltranscripts.org/summary/?id=73931&amp;pr=true $ter,2020-10-20 21:04:03,-69,['ter']
251453387,"$ter [15s. delayed, acc.~90%, always check] earnings release october 20, 17:02:00: q3: gaap eps of $1.21, revenue $819.48m. https://s.flashalert.me/edgb6w",2020-10-20 21:03:37,-69,['ter']
251453339,"$ter [15s. delayed]: issued press release on october 20, 17:02:00: teradyne reports third quarter 2020 results https://s.flashalert.me/iaqjgt",2020-10-20 21:03:25,-69,['ter']
251453331,$ter boom,2020-10-20 21:03:23,-69,['ter']
251452323,$ter fingers crossed for good results 🤞🤑💰,2020-10-20 20:59:30,1,['ter']
251442003,$ter earnings is at 5pm et call is tomorrow at 8:30 am et. nothing has changed scheduling wise.,2020-10-20 20:24:10,-69,['ter']
251441802,$ter where is er?,2020-10-20 20:23:32,-69,['ter']
251441678,$ter delayed earnings until tomorrow morning 10/21 anyone know why?,2020-10-20 20:23:10,-69,['ter']
251410293,"$ter #earnings after close, whisper number at 1.17, 5c ahead of analysts, 73% beat rate https://www.whispernumber.com",2020-10-20 18:47:49,-69,['ter']
251390404,$ter earnings october 20 amc. 20-nov-20 straddle implies ±12.4% move vs prev. move -0.3% https://tinyurl.com/y4m89of7,2020-10-20 17:37:30,-69,['ter']
251387596,"$nflx notable companies reporting after the market close, with earnings consensus, include netflix (nflx), consensus $2.13... texas instruments (txn), consensus $1.27... snap (snap), consensus (5c)... teradyne (ter), consensus $1.12... irobot (irbt), consensus 97c... navient (navi), consensus 78c.
$snap $ter $navi $irbt",2020-10-20 17:28:26,-69,"['irbt', 'navi', 'nflx', 'ter', 'snap']"
251362754,"$ter so an earnings beat and price drop later?!? 😂 cmon now, go up!! $92+!!",2020-10-20 16:10:51,-69,['ter']
251350483,$ter what are we expecting for earnings?,2020-10-20 15:33:53,-69,['ter']
251337653,$ter is scheduled to report #earnings after the market closes today via @ewhispers http://eps.sh/s/ter,2020-10-20 15:00:15,-69,['ter']
251337605,"$ter reports after the close, estimize consensus +0.07 eps and +13.64m revs compared to ws
http://www.estimize.com/ter/fq3-2020?utm_content=prerelease&amp;utm_medium=tweet&amp;utm_source=stocktwits",2020-10-20 15:00:09,-69,['ter']
251322350,"highly ranked stocks reporting october 20th, after market close 
 
$calx $cni $nflx $ter $irbt",2020-10-20 14:23:39,-69,"['irbt', 'nflx', 'cni', 'ter', 'calx']"
251309098,"#earnings after the close today 

http://eps.sh/cal 

$nflx  $snap  $txn  $irbt  $ter",2020-10-20 13:53:02,-69,"['irbt', 'nflx', 'ter', 'txn', 'snap']"
251263121,"teradyne, inc. ($ter) 3q20 earnings preview

https://www.stockmarketintellects.com/teradyne-inc-ter-3q20-earnings-preview/",2020-10-20 06:55:41,-69,['ter']
251244960,$ter otm flow detected ahead of earnings,2020-10-20 01:55:51,-69,['ter']
251233992,"$ter are selected by our stock screener as decent setups while having great growth fundamentals. https://www.chartmill.com/stock/stock-screener?sid=205&amp;f=v1_50b500,p_pg20,sl_gr_8_x,sl_he_5_x,sl_pr_5_x,sl_se_7_x,exch_us&amp;s=se&amp;v=3&amp;utm_source=stocktwits&amp;utm_medium=screener&amp;utm_content=stock_screener:_strong_growth_stock_technical_setups&amp;utm_campaign=social_tracking",2020-10-20 00:16:00,-69,['ter']
251211220,$ter new article : teradyne q3 2020 earnings preview https://www.stck.pro/news/ter/8586209,2020-10-19 21:37:04,-69,['ter']
251175786,"reinforced positions here today $bac , $coty , $ter , &amp; $ge .",2020-10-19 19:25:39,-69,"['bac', 'ge', 'ter', 'coty']"
251015489,"$ter to report earnings on oct 20 amc, with an expected move of ±12.1% https://tinyurl.com/y8sqbwh7",2020-10-19 01:21:06,-69,['ter']
250969355,"$ter earnings tuesday amc.  options pricing in a move of +/-7.62 pts. levels, resistance/support to trade:",2020-10-18 13:53:35,-69,['ter']
250931265,comprehensive non-correlated teradyne $ter trading report https://tinyurl.com/y58y6ovt,2020-10-17 20:00:04,-69,['ter']
250893244,teradyne to release earnings after the market closes on tuesday. analysts expect 1.11 eps. www.marketbeat.com/p/486550 $ter #ter,2020-10-17 05:03:32,-69,['ter']
250704783,$ter,2020-10-16 13:34:57,1,['ter']
250663385,"$ter is rated a buy since september 23, 2020 and is 24% above its median level. https://bit.ly/2dyon09",2020-10-16 08:00:21,-69,['ter']
250453865,$ter load up and shooooooooottttttttttt come on i know you got it!!!!!,2020-10-15 13:53:49,1,['ter']
250453367,$ter come on,2020-10-15 13:52:41,1,['ter']
250343439,"new ratings for teradyne($ter), aon plc($aon), wright… https://www.macroaxis.com/invest/marketratings?s=ter,aon,wmgi,mu,ne,wmb,amd,wy,adp,yrcw,banf,cl #canada #canadian_equities #ca",2020-10-14 22:30:32,-69,"['ter', 'aon']"
250054689,$ter it wants that $90+ again.,2020-10-13 20:37:13,-69,['ter']
249948380,$ter love my investment keep going 🚀,2020-10-13 15:18:07,1,['ter']
249749517,"updated ratings for estee lauder($el), teradyne($ter),… https://www.macroaxis.com/invest/marketratings?s=el,ter,anf,se,luv,rrd,mos,mar,brkl,nem,sigi,vwdry #correlations #stocks #stockratings",2020-10-12 18:17:02,-69,"['el', 'ter']"
249728963,$ter,2020-10-12 17:05:58,1,['ter']
249708486,"teradyne (ter) to release earnings after the market closes on tuesday, october 20. expected eps: 1.11. $ter https://www.tipranks.com/stocks/ter/earnings-calendar?ref=trearnings",2020-10-12 15:54:01,-69,['ter']
249591708,"best returns in s&amp;p 500 for 10/9/2020: 1. xilinx $xlnx (14.11%), 2. ebay $ebay (6.47%), 3. etsy $etsy (5.11%), 4. teradyne $ter (4.39%), 5. fortinet $ftnt (3.73%). average return to all stocks in the index was 0.13% #dailybest",2020-10-11 22:41:05,-69,"['ebay', 'xlnx', 'ter', 'ftnt', 'etsy']"
249485357,"$ter, $nxpi and $ego gapping up today. https://www.chartmill.com/stock/stock-screener?v=3&amp;f=s_gup,p_pg10,v1_50b500,exch_us&amp;utm_source=stocktwits&amp;utm_medium=screener&amp;utm_content=stock_screener:_gap_up&amp;utm_campaign=social_tracking",2020-10-10 10:48:00,-69,"['ego', 'ter', 'nxpi']"
249478570,tf buy $ter at 86.1 : 84.02 bigcap 50% shp 1.67 s 7.09 n 1.18 rsi 63.88% srsi 100% adxr 22.92 #stocks #trading #finance #market https://bit.ly/3iojpap,2020-10-10 05:14:29,1,['ter']
249470943,$ter i love this stock..........for now.,2020-10-10 02:54:12,-69,['ter']
249443993,short sale volume (not short interest) for $ter on 2020-10-08 is 50%. http://shortvolumes.com/?t=ter via @shortvolumes,2020-10-09 22:41:34,-69,['ter']
249397584,$ter new article : teradyne to announce third quarter 2020 results https://www.stck.pro/news/ter/8347553,2020-10-09 19:21:05,-69,['ter']
249396585,teradyne to announce third quarter 2020 results https://marketwirenews.com/articles/teradyne-to-announce-third-quarter-2020-results-8641382366558640.html?i=c $ter news out,2020-10-09 19:18:08,-69,['ter']
249391233,$ter: teradyne to announce third quarter 2020 results https://www.chartmill.com/stock/quote/ter/news?utm_source=stocktwits&amp;utm_medium=pressrelease&amp;utm_content=ter&amp;utm_campaign=social_tracking,2020-10-09 19:01:00,-69,['ter']
249390315,teradyne to announce third quarter 2020 results http://www.conferencecalltranscripts.org/summary/?id=67489&amp;pr=true $ter,2020-10-09 18:58:04,-69,['ter']
249390119,$ter teradyne to announce third quarter 2020 results https://www.otcdynamics.com/ter-teradyne-to-announce-third-quarter-2020-results,2020-10-09 18:57:22,-69,['ter']
249389701,"$ter teradyne to announce third quarter 2020 results 
https://www.stocktitan.net/news/ter/teradyne-to-announce-third-quarter-2020-dg0gb2n8q4d5.html",2020-10-09 18:56:05,-69,['ter']
249384650,"$ter new article : teradyne upgraded at stifel on semi test, industrial robotics trends https://www.stck.pro/news/ter/8347233",2020-10-09 18:40:08,-69,['ter']
249371328,$ter 🚀 forever,2020-10-09 17:58:01,1,['ter']
249351047,upgrades &amp; downgrades: $eqt $ip $rkt $ter $w,2020-10-09 16:55:11,-69,"['eqt', 'ip', 'rkt', 'ter', 'w']"
249254511,$ter next m&amp;a target? chip industry is consolidating and there’s a lot here to love,2020-10-09 12:25:03,-69,['ter']
249246020,"teradyne upgraded to buy from hold at stifel nicolaus
— marketwatch
$ter",2020-10-09 11:37:06,-69,['ter']
249237328,$ter stifel upgrades to buy : pt $115.00 https://stockhoot.com/extsymbol.aspx?from=analystratingtweet&amp;symbol=ter&amp;t=688&amp;social=stocktwits,2020-10-09 10:09:23,-69,['ter']
248800971,teradyne $ter trading report http://tinyurl.com/y2kh3kfr,2020-10-07 17:45:05,-69,['ter']
248476885,"$ter looking really nice right now, i grabbed a 95c for 1/15",2020-10-06 16:16:57,-69,['ter']
248440086,"$ter after looking at the numbers around the semi conductor industry and peer semi-equipment suppliers, i firmly believe next year’s growth estimates are conservative and will be revised upward as time passes. this could see 120 next year easily in my opinion",2020-10-06 14:33:07,1,['ter']
248431104,$ter so much growth potential and undervalued - buy!,2020-10-06 14:11:16,1,['ter']
248421405,$ter let’s go,2020-10-06 13:48:26,1,['ter']
248387105,$ter terrascend commences sales from newly expanded state flower cultivation facility https://www.otcdynamics.com/ter-terrascend-commences-sales-from-newly-expanded-state-flower-cultivation-facility,2020-10-06 11:28:27,-69,['ter']
248357271,"updated correlation matrix for teradyne($ter), morgan… https://www.macroaxis.com/invest/marketcorrelation?s=ter,ms,vz,ba,dri,hp,mo,se #insidertrading #stocks #fintechnews",2020-10-06 02:49:02,-69,['ter']
248269605,"$fvrr need some more tech/high growth stocks:

others i&#39;m invested in are $csiq and $ter",2020-10-05 19:15:59,-69,"['csiq', 'ter', 'fvrr']"
248249877,"$ter ter. muy interesante donde se ha parado este fuerte valor , formando un rango lateral junto a la media que ha acti",2020-10-05 18:13:19,1,['ter']
248144757,"$ter well run company, solid fundamentals, and excellent growth opportunities. looks very attractive at these levels.",2020-10-05 11:54:37,1,['ter']
248127428,teradyne $ter bidaskscore is #reiterated to held https://bidaskclub.com/news/company/2020-09-29/ter,2020-10-05 06:14:03,-69,['ter']
247986151,"risk-adjusted landscape for teradyne($ter), regions… https://www.macroaxis.com/invest/marketriskandreturn?s=ter,rf,pcar,fcx,fti,scg,unp,ibkr,avid,rock,kim,msft #correlations #stocks #stockratings",2020-10-03 11:42:02,-69,['ter']
247965430,"$ter: new sec filing on president, semiconductor test, richard john burns: https://www.sec.gov/archives/edgar/data/97210/000090445420000645/xslf345x03/edgar.xml",2020-10-03 01:39:02,-69,['ter']
247927035,"president of teradyne just declared owning 13,309 shares of teradyne  http://www.conferencecalltranscripts.org/5/summary2/?id=8414193 $ter",2020-10-02 21:02:11,-69,['ter']
247926942,"president of teradyne just picked up 2,953 shares  http://www.conferencecalltranscripts.org/4/summary2/?id=8414260 $ter",2020-10-02 21:01:50,-69,['ter']
247925085,"$ter [15s. delayed] filed sec form 4: president, semiconductor test burns richard john: 
granted 2,953 of common stock at price $0 on 2020 https://s.flashalert.me/hxfv6c",2020-10-02 20:52:59,-69,['ter']
247923800,"$ter [15s. delayed] filed sec form 3: president, semiconductor test burns richard john: 
 https://s.flashalert.me/2gt7iy",2020-10-02 20:46:44,-69,['ter']
247889768,$ter,2020-10-02 18:51:43,1,['ter']
247497190,$ter push!,2020-10-01 13:49:27,1,['ter']
247246447,$ter  should be up $2 bucks today.  opportunity to buy,2020-09-30 14:51:44,1,['ter']
254913430,$ter pt 155,2020-11-06 18:16:13,1,['ter']
254936537,"$ter paul j tufano sold 6,867 shares [average conviction] www.insider-analysis.com/search_transactions.php?ticker=table_ter",2020-11-06 19:44:55,-69,['ter']
254951498,$cdns $masi $ter $msci ibd long term leaders with breakouts this week. set it and forget it 🏖,2020-11-06 20:41:22,-69,"['cdns', 'masi', 'ter', 'msci']"
254968520,"$ter mark e jagiela sold 129,976 shares [very high conviction] www.insider-analysis.com/search_transactions.php?ticker=table_ter",2020-11-06 21:43:51,-69,['ter']
254988242,"$tcon $ter $tsla $snap i&#39;ll be covering the trades i made this week in each of these stocks during my livestream tonight at 7pm cst. also will be covering stocks the audience suggests to add to a watchlist for next week, so what do you got?
https://youtu.be/ctej4s4_omu",2020-11-06 23:41:58,-69,"['ter', 'tsla', 'snap', 'tcon']"
254988251,"diversified portfolio: teradyne($ter),… https://www.macroaxis.com/invest/marketriskandreturn?s=ter,slb,nee,lsi,ubsi,adbe,emr,cffn,axp,prgo,fcnca,lly #insidertrading #stocks #fintechnews",2020-11-06 23:42:03,-69,['ter']
255008105,"$ter powered right through the pivot buy point 11/4 and has consecutive closes over the upper bollinger band. i cover this trade in detail and 30 other stocks during my livestream tonight. also cover general trading tips such as buying pivot breaks, position sizing, and progressive exposure. timestamps for each stock are in the comments: https://youtu.be/ctej4s4_omu",2020-11-07 02:48:38,-69,['ter']
255042932,"new correlation matrix for teradyne($ter), f5… https://www.macroaxis.com/invest/marketcorrelation?s=ter,ffiv,zion,sbux,amd,ipg,swn,cinf,l,vfc,mo,aiv #canada #canadian_equities #ca",2020-11-07 16:35:32,-69,['ter']
255063259,"new 52 week highs for $ter, $roku and $lscc https://www.chartmill.com/stock/stock-screener?f=p_pg10,v1_50b500,s_nh,exch_us&amp;v=3&amp;utm_source=stocktwits&amp;utm_medium=screener&amp;utm_content=stock_screener:_new_52_week_high_today&amp;utm_campaign=social_tracking",2020-11-07 19:14:00,-69,"['lscc', 'ter', 'roku']"
255074799,$ter - hold teradyne and kla tencor… https://www.macroaxis.com/invest/pair-correlation/ter/klac/teradyne-vs-kla-tencor #portfolio_prospective #better_portfolio #diversify,2020-11-07 21:03:32,-69,['ter']
247114144,"most gaining stocks in the s&amp;p500 today: $ter, $nem and $vrtx https://www.chartmill.com/stock/stock-screener?v=3&amp;f=ind_22&amp;s=pt&amp;utm_source=stocktwits&amp;utm_medium=screener&amp;utm_content=stock_screener:_top_s&amp;p500_gainers&amp;utm_campaign=social_tracking",2020-09-29 23:39:00,-69,"['vrtx', 'nem', 'ter']"
247034447,$ter entered into some 80c for october. i think this will be strong and gap fill back up. any reason for the dump beyond market macro??,2020-09-29 18:48:04,-69,['ter']
246961674,$ter coming in strong for october i’m not giving up on you!!!! 🚀🚀🚀🚀,2020-09-29 15:05:13,1,['ter']
246957452,$ter keep it up my love,2020-09-29 14:53:08,1,['ter']
246934896,"$ter   looks like a buy program on level 2.    ter has been strong  for 4 days now.   before that... had a strong base. 

i wonder if something big is happening.",2020-09-29 13:55:36,1,['ter']
246933725,"$ter  has mojo.   no news that i can see.   

obviously being bought",2020-09-29 13:52:37,-69,['ter']
246814621,$ter i see so many big buys . what’s going on...,2020-09-28 21:04:21,-69,['ter']
246742051,$ter  to the moon,2020-09-28 16:46:08,1,['ter']
246663076,teradyne $ter trading report http://tinyurl.com/y4d9bcbc,2020-09-28 12:45:04,-69,['ter']
246555578,"updated ratings for teradyne($ter), edison… https://www.macroaxis.com/invest/marketratings?s=ter,eix,so,bpop,aapl,sjm,bbby,zion,hig,nwl,trmk,dow #correlations #stocks #stockratings",2020-09-27 10:54:32,-69,['ter']
246489427,$ter had approximately 22m usd go to the short side at 45 pct short  bears and bulls are fighting close  https://www.algowins.com/?wdt_column_filter[1]=ter,2020-09-26 12:13:29,-69,['ter']
246474309,"$ter teradyne was awarded a new government contract &quot;contractor logistics support services for b-1b enhanced power control assembly tester&quot;, total contract value: $6,653,189.69 

https://newsfilter.io/a/2db8c4ae53e30474319e2099db4c00b9",2020-09-26 03:48:10,-69,['ter']
246418615,$ter someone got a big chunk at close .,2020-09-25 20:32:37,-69,['ter']
246335692,$ter  whatever happen to that samsung buyout rumor in 2010 ?,2020-09-25 16:27:06,1,['ter']
246288763,$ter bear flag?,2020-09-25 14:14:48,-69,['ter']
246262776,$ter holding and upside down here. think we sre getting a bottom here.,2020-09-25 13:05:47,1,['ter']
246206326,"diversified portfolio: teradyne($ter), medtronic… https://www.macroaxis.com/invest/marketriskandreturn?s=ter,mdt,phm,brkl,umbf,cern,kr,life,nee,big,plug,so #insidertrading #stocks #fintechnews",2020-09-25 02:22:32,-69,['ter']
245900641,$ter feeling a bit bearish. no position in these choppy times.,2020-09-24 02:10:55,-69,['ter']
245700328,"$ter as of monday, they are part of the s&amp;p 500, right?  nothing but up from here!  all of the funds are going to have to buy ter!",2020-09-23 15:03:25,1,['ter']
245692710,$ter keep going 🚀,2020-09-23 14:44:23,1,['ter']
245626117,"new correlation matrix for teradyne($ter),… https://www.macroaxis.com/invest/marketcorrelation?s=ter,xlnx,adsk,wetf,cvs,wabc #correlations #stocks #stockratings",2020-09-23 09:47:34,-69,['ter']
245428212,zacks investment research lowers teradyne (nyse:ter) to hold $ter #ter https://www.marketbeat.com/n/4467673/,2020-09-22 15:43:43,-69,['ter']
245417996,$ter patently waiting for it to break below $74,2020-09-22 15:11:34,-69,['ter']
245321766,$ter had approximately 29m usd go to the short side at 58 pct short  bears and bulls are fighting close  https://www.algowins.com/?wdt_column_filter[1]=ter,2020-09-22 02:21:14,-69,['ter']
245159026,"new volatility landscape for teradyne($ter),… https://www.macroaxis.com/invest/marketriskandreturn?s=ter,ndaq,dov,axim,fsrv,mat,gnw,umbf #insidertrading #stocks #fintechnews",2020-09-21 14:47:32,-69,['ter']
245115599,$ter unbelievable,2020-09-21 12:38:00,-69,['ter']
244924809,teradyne $ter trading report http://tinyurl.com/y5ym7a7k,2020-09-19 07:45:05,-69,['ter']
244852984,$ter what are those big sales at the end of the day!,2020-09-18 20:24:20,-69,['ter']
244785058,how do you think the market will react to this? $ter in uptrend: rsi indicator exits oversold zone. view odds for this and other indicators: https://srnk.us/go/2114264,2020-09-18 17:25:09,-69,['ter']
244753999,$ter wtf is this about??  no reason,2020-09-18 15:54:41,-69,['ter']
244587216,"$ter $80-82 tomrw , $100+ by eoy",2020-09-17 21:13:35,1,['ter']
244556520,$ter this is so ridiculously cheap compared to other companies,2020-09-17 19:29:50,1,['ter']
244552342,$ter 80&#39;s tomorrow,2020-09-17 19:16:52,1,['ter']
244551376,$ter close above $78,2020-09-17 19:13:59,1,['ter']
244550416,$ter  up on a red day.  funds/etfs need to buy ter to track the s&amp;p500.,2020-09-17 19:10:46,1,['ter']
244466074,"$ter solid strength here compared to overall tech. maybe we don’t see that 200dma, glad i was impatient",2020-09-17 14:59:51,1,['ter']
244459903,$ter $80 tomrw,2020-09-17 14:44:30,1,['ter']
244367352,"$ter will be added to $spy on monday, watch for a red to green type move tomorrow and a follow through higher on friday",2020-09-17 05:12:36,1,"['spy', 'ter']"
244342982,"updated correlation matrix for teradyne($ter),… https://www.macroaxis.com/invest/marketcorrelation?s=ter,fls,gvdny,bby,nke,unh,mu,stz,vmc,wmt,amd,pgr #correlations #stocks #stockratings",2020-09-17 02:03:01,-69,['ter']
244321359,"$ter 
any chance ter will be at $ 80.00 n by next week ?",2020-09-16 23:50:47,-69,['ter']
244277262,$ter just filed with the sec a event for officers and a financial exhibit https://last10k.com/sec-filings/ter/0001193125-20-247202.htm?utm_source=stocktwits&amp;utm_medium=forum&amp;utm_campaign=8k&amp;utm_term=ter,2020-09-16 20:37:18,-69,['ter']
244275482,"$ter [15s. delayed] filed form 8-k on september 16, 16:30:54: item5.02: departure of election 0f officers or compensatory arrangements https://s.flashalert.me/i5u4e",2020-09-16 20:31:49,-69,['ter']
244275377,"$ter form 8-k: departure of directors or certain officers; election of directors; appointment of certain officers; compensatory arrangements of certain officers. on september 15, 2020, teradyne announ.. 

https://newsfilter.io/a/2995cda84ee872342e05eee0b8bb30c7",2020-09-16 20:31:29,-69,['ter']
244036907,"💰 revenue history for teradyne ($ter)️:

2020 q2 :   $0.83 b    +19.07%
2020 q1 :   $0.70 b     +7.59%
2019 q4 :   $0.65 b

more: https://companiesmarketcap.com/teradyne/revenue/",2020-09-16 01:07:38,-69,['ter']
243980335,"$ter teradyne announces senior management changes 

https://newsfilter.io/a/6644b5df1b0a09b08dfad5f44d2c55d4",2020-09-15 20:21:52,-69,['ter']
243974691,"updated correlation matrix for teradyne($ter), wells… https://www.macroaxis.com/invest/marketcorrelation?s=ter,wfc,mmm,swk,msi,ndaq,jci #insidertrading #stocks #fintechnews",2020-09-15 20:06:32,-69,['ter']
243974077,$ter new article : teradyne announces senior management changes https://www.stck.pro/news/ter/7733303,2020-09-15 20:05:09,-69,['ter']
243972977,"$ter teradyne announces senior management changes 

https://newsfilter.io/a/d4967544eb852336a2f013196029229f",2020-09-15 20:02:33,-69,['ter']
243972927,"$ter teradyne announces senior management changes
https://www.stocktitan.net/news/ter/teradyne-announces-senior-management-s2a1scg5301f.html",2020-09-15 20:02:27,-69,['ter']
243845114,"$ter inclusion into s&amp;p500 is effective september 21. i’m thinking this range is accumulation before official inclusion date, anyone else have a view on this?",2020-09-15 14:06:46,1,['ter']
243808404,$ter,2020-09-15 12:12:27,1,['ter']
243778516,"new correlation matrix for teradyne($ter), dow($dow),… https://www.macroaxis.com/invest/marketcorrelation?s=ter,dow,mchp,adi,hpq,msft,pld,dboxf,tdc,mos,unp,de #correlations #stocks #stockratings",2020-09-15 04:54:33,-69,"['dow', 'ter']"
243702528,$ter accumulate more and more for next trip to $90 plus.,2020-09-14 20:34:44,1,['ter']
243602320,$ter in s&amp;p 500 means it will be getting weekly or bi-weekly buys on every paycheck on 401k holdings tracking the s&amp;p 500 and there are millions of accounts that track it!,2020-09-14 15:35:44,1,['ter']
243593010,"cathie wood talked highly about $ter in the past but it’s fallen from $90+ to current $76.32 in just 1 month!  

hopefully she starts buying like she did with $tsla when it came down!",2020-09-14 15:09:14,-69,"['ter', 'tsla']"
243499192,"📈 market cap history for teradyne ($ter)️:

2020 : $13 b   +12.47%
2019 : $11 b   +106.02%
2018 : $6 b   -32.94%
2017 : $8 b   +60.69%

more: https://companiesmarketcap.com/teradyne/marketcap/",2020-09-14 03:33:25,-69,['ter']
243409024,"updated correlation matrix for teradyne($ter), columbia… https://www.macroaxis.com/invest/marketcorrelation?s=ter,colb,rrd,blk,aa,amzn,penn,rok,vno,adsk,ibkr,ma #correlations #stocks #stockratings",2020-09-13 02:39:04,-69,['ter']
243400379,$ter hoping for a solid rise on teradyne this upcoming week,2020-09-13 00:24:48,1,['ter']
243258566,"$ter  i like ter, wish cnbc talked about it more often.    too much air time is wasted on fang.",2020-09-11 19:13:40,1,['ter']
243224967,$ter beautiful - come fill my cup at the 200ma,2020-09-11 17:31:59,-1,['ter']
243210715,$ter i&#39;m in after the s&amp;p nod. i notice $amzn robotics is literally right across the street from $ter. can anyone verify if these two companies have any kind of relationship other than just being next door neighbors.,2020-09-11 16:52:03,-69,"['amzn', 'ter']"
243105131,investors purchase high volume of teradyne call options (nyse:ter) $ter #ter https://www.marketbeat.com/n/4457444/,2020-09-11 10:36:11,-69,['ter']
243073304,"$tsla hey st fam, join us as we go over the end of week recap for:

tsla s&amp;p, who needs em ¯\_(ツ)_/¯
$aapl i love a good gap
$pton cycling to a great earnings 🚴🏼‍♀️
$chwy pets over humans 🐶
$ter  fundamental af

&quot;protect yo chicken&quot; -confucius

https://youtu.be/taj6inxvima",2020-09-11 02:19:15,1,"['aapl', 'ter', 'tsla', 'chwy', 'pton']"
243047632,"$ter way over sold, looking for a big surge... $90 price target for 10/16 calls... should hit by the 1st",2020-09-10 23:26:48,1,['ter']
242946853,"$ter&#39;s factors to be a winner here in the next week after -13% in the last 5 days (we are due for a bounce).

1) we are sitting just 8% from the 200 sma. from a technical level there is a large wall of liquidity and buyers at 73-75, don&#39;t see any negative price action beyond that.

2) sp500 inclusion. 

3) 6,500 volume @ 98 open interest on 9/18 77.5 calls when the overall ter option chain only had 3,000 volume in total. 

tldr; load, back up the truck.",2020-09-10 17:38:14,1,['ter']
242937455,"$ter  call option volume.... 

plus being added to the s&amp;p500 index, soon.",2020-09-10 17:08:51,1,['ter']
242930646,$ter split bull sweepers  for sep 77.5 calls,2020-09-10 16:47:25,1,['ter']
242898250,$ter 200ma,2020-09-10 15:10:53,-1,['ter']
242892111,$ter i used to work on ter test equip years ago and dined with the mgt.. great product... but this stock has not kept up in the recent rally but never fails to drop! disappointing.. have a large holding which is barely turning a profit. holding on but watching very carefully. s&amp;p has had zero impact.,2020-09-10 14:55:41,1,['ter']
242886795,$ter whats happening??,2020-09-10 14:42:44,-69,['ter']
242836660,"$ter so happy this has been admitted into the s&amp;p500, otherwise imagine its performance. lol. long term holder but its on borrowed time in my portfolio.",2020-09-10 12:13:47,-69,['ter']
242806100,$ter ter:nasdaq - teradyne inc - s&amp;p 500 and 20% swing trade?. teradyne along with etsy and catalent was added to the s,2020-09-10 04:23:03,1,['ter']
242797112,teradyne $ter trading report http://tinyurl.com/y4ssbra4,2020-09-10 02:45:04,-69,['ter']
242602025,$ter should head back up to $80 resistance next,2020-09-09 14:04:27,1,['ter']
242601056,teradyne $ter bidaskscore is downgraded to held https://bidaskclub.com/news/company/2020-09-08/ter,2020-09-09 14:02:03,-69,['ter']
242558164,$ter  buying opportunity.... headed into the s&amp;p500,2020-09-09 10:59:37,1,['ter']
242555638,$ter ,2020-09-09 10:33:08,1,['ter']
242548454,a september stock market crash? $ter $qqq $aapl $tsla $dji $ctlt https://talkmarkets.com/content/us-markets/a-september-stock-market-crash?post=276536,2020-09-09 08:38:36,-69,"['aapl', 'ter', 'tsla', 'qqq', 'ctlt']"
242531625,$ter had approximately 55m usd go to the short side at 46 pct short  bears and bulls are fighting close  https://www.algowins.com/?wdt_column_filter[1]=ter,2020-09-09 03:30:03,-69,['ter']
242521886,"$ter so ter gets added to s&amp;p 500, stock down 4% and ark continues to sell. what am i missing here?",2020-09-09 02:04:02,-69,['ter']
242458810,$ter i like this at the 200ma,2020-09-08 20:38:50,-69,['ter']
242443594,"$tsla shares drop over -20% tuesday at $332.00 for its worst day in nearly 6 months, after the stock was passed over for inclusion in the $spx even after the company posted its 4th consecutive profitable quarter in july. with a market capitalization of about $390b, tesla is nearly 10x  larger than $etsy $ter &amp; $ctlt combined stock market valuation of about $40b which were instead included.  tesla stock is still up nearly 300% in 2020 &amp; over +600% in 52 weeks.",2020-09-08 19:56:43,-69,"['spx', 'ter', 'etsy', 'tsla', 'ctlt']"
242428409,$ter  umm...you all know this is going into the sp500 index?   should be up 5 today,2020-09-08 19:09:50,1,['ter']
242424867,$ter $momo $ea 😎,2020-09-08 18:59:27,1,"['ea', 'ter', 'momo']"
242423027,icymi: canadian stocks that surged highest today: $baby $crdl $ter http://dlvr.it/rgd1sf,2020-09-08 18:54:05,-69,"['baby', 'ter']"
242411898,😅 congratulations to $ter getting added to the s&amp;p 500,2020-09-08 18:17:53,1,['ter']
242391226,$ter i continue to accumulate,2020-09-08 17:09:20,1,['ter']
242388614,"$ter i think $ter  will end up today about 1%, it was brought down by market as well as big down day on oil. some are spooked. when some buying happens, this will shoot up quick enough, the sp500 bump still to take place.",2020-09-08 16:59:55,1,['ter']
242384303,"$ter i know the naz is taking a hit again today, but i’m a little surprised ter didn’t pop 3-5% on the news.",2020-09-08 16:45:41,-69,['ter']
242371928,"$ter huge beat and raise and has already factored china trade dispute into their guidance, stock should be back to the high 80&#39;s/90&#39;s by the time this correction is over.",2020-09-08 16:01:34,1,['ter']
