id,body,created_at,sentiment,symbols
254820590,"$diod
diod downgraded by wells fargo &amp; company with price target 58 and rating overweight ➝ equal weight
source:https://www.marketbeat.com/ratings/
view the full list of news/momentum plays on watch at : bit.ly/32gfart
[no bias / position]
[find me at https://stocktwits.com/sbiswas | https://twitter.com/soumyajyoti_b]&quot;",2020-11-06 13:10:23,-69,['diod']
254814101,"wells fargo downgrades diodes to equal-weight, announces $58 price target

related tickers: $diod",2020-11-06 12:32:53,-69,['diod']
254812186,$diod wells fargo downgrades to equal-weight : pt $58.00 https://stockhoot.com/extsymbol.aspx?from=analystratingtweet&amp;symbol=diod&amp;t=318&amp;social=stocktwits,2020-11-06 12:19:59,-69,['diod']
254790078,$diod - diodes incorporated vs. analog… https://www.macroaxis.com/invest/pair-correlation/diod/adi/diodes-vs-analog #portfolio_prospective #better_portfolio #diversify,2020-11-06 06:23:32,-69,['diod']
254451575,diodes incorporated to participate at the benchmark technology conference on november 12 http://www.conferencecalltranscripts.org/summary/?id=87362&amp;pr=true $diod,2020-11-04 21:23:11,-69,['diod']
254451574,diodes incorporated to participate at the benchmark technology conference on november 12 http://www.conferencecalltranscripts.org/summary/?id=87361&amp;pr=true $diod,2020-11-04 21:23:11,-69,['diod']
254447531,"$diod [15s. delayed]: issued press release on november 04, 16:05:00: diodes incorporated to participate at the benchmark technology confer https://s.flashalert.me/smlhq3",2020-11-04 21:10:47,-69,['diod']
254446633,"$diod diodes incorporated to participate at the benchmark technology conference on november 12
https://www.stocktitan.net/news/diod/diodes-incorporated-to-participate-at-the-benchmark-technology-pjfoj4ldubb2.html",2020-11-04 21:08:07,-69,['diod']
254445960,"$diod diodes incorporated to participate at the benchmark technology conference on november 12 

https://newsfilter.io/a/c02c184538296f748f4db5eea8cc83ab",2020-11-04 21:06:22,-69,['diod']
253791332,"what would you do? $diod in uptrend: price may ascend as a result of having broken its lower bollinger band on october 26, 2020. view odds for this and other indicators: https://srnk.us/go/2270236",2020-11-01 16:56:53,-69,['diod']
253695942,comprehensive non-correlated diodes $diod trading report https://tinyurl.com/y4lry4lq,2020-10-31 02:30:05,-69,['diod']
253351846,"$diod 
bought @ 38.30 &amp; 35.20 - partial profits taken @ 44.20, 56.50 
stop profit raised to 57.40 - target 65.70 
a close below control @ 58.15 could see price quickly target 52.08. 
a close above balance @ 64.27 targets synthetic @ 65.76 

(original analysis submitted: feb. 19, 2020) ",2020-10-29 19:35:38,-69,['diod']
253248854,$diod new article : single-gate logic devices from diodes incorporated target automotive applications including infotainment and adas https://www.stck.pro/news/diod/8820665,2020-10-29 14:21:55,-69,['diod']
253247423,$diod single-gate logic devices from diodes incorporated target automotive applications including infotainment and adas https://www.otcdynamics.com/diod-single-gate-logic-devices-from-diodes-incorporated-target-automotive-applications-including-infotainment-and-adas,2020-10-29 14:18:17,-69,['diod']
253247369,single-gate logic devices from diodes incorporated target automotive applications including infotainment and adas http://www.conferencecalltranscripts.org/summary/?id=81758&amp;pr=true $diod,2020-10-29 14:18:08,-69,['diod']
253247368,single-gate logic devices from diodes incorporated target automotive applications including infotainment and adas http://www.conferencecalltranscripts.org/summary/?id=81757&amp;pr=true $diod,2020-10-29 14:18:08,-69,['diod']
253246464,"$diod [15s. delayed]: issued press release on october 29, 10:14:00: single-gate logic devices from diodes incorporated target automotive a https://s.flashalert.me/3omuhe",2020-10-29 14:15:54,-69,['diod']
253246238,"$diod single-gate logic devices from diodes incorporated target automotive applications including infotainment and adas
https://www.stocktitan.net/news/diod/single-gate-logic-devices-from-diodes-incorporated-target-automotive-u722cd6hidtx.html",2020-10-29 14:15:23,-69,['diod']
253245936,"$diod single-gate logic devices from diodes incorporated target automotive applications including infotainment and adas 

https://newsfilter.io/a/03927d421c10496a15a160b643f758d6",2020-10-29 14:14:40,-69,['diod']
252639003,"$diod against last wk&#39;s hammer lows ~$60 great r/r, room to run $smh name",2020-10-26 23:57:11,1,"['smh', 'diod']"
252340081,diodes $diod bidaskscore is lowered to bought https://bidaskclub.com/news/company/2020-10-23/diod,2020-10-24 17:07:03,-69,['diod']
251868169,$diod new article : multi-camera mipi switch from diodes incorporated enables smaller product profiles https://www.stck.pro/news/diod/8655821,2020-10-22 14:25:45,-69,['diod']
251866127,multi-camera mipi switch from diodes incorporated enables smaller product profiles http://www.conferencecalltranscripts.org/summary/?id=75882&amp;pr=true $diod,2020-10-22 14:21:01,-69,['diod']
251866126,multi-camera mipi switch from diodes incorporated enables smaller product profiles http://www.conferencecalltranscripts.org/summary/?id=75883&amp;pr=true $diod,2020-10-22 14:21:01,-69,['diod']
251865467,"$diod multi-camera mipi switch from diodes incorporated enables smaller product profiles
https://www.stocktitan.net/news/diod/multi-camera-mipi-switch-from-diodes-incorporated-enables-smaller-cjdoxzp8m7lp.html",2020-10-22 14:19:31,-69,['diod']
251865353,$diod multi-camera mipi switch from diodes incorporated enables smaller product profiles https://www.otcdynamics.com/diod-multi-camera-mipi-switch-from-diodes-incorporated-enables-smaller-product-profiles,2020-10-22 14:19:12,-69,['diod']
251863866,"$diod [15s. delayed]: issued press release on october 22, 10:14:00: multi-camera mipi switch from diodes incorporated enables smaller prod https://s.flashalert.me/oyeqx",2020-10-22 14:15:57,-69,['diod']
251757460,comprehensive non-correlated diodes $diod trading report https://tinyurl.com/y63ne8b7,2020-10-21 23:15:05,-69,['diod']
251362432,"$diod 
bought @ 38.30 &amp; 35.20 - partial profits taken @ 44.20, 56.50 
stop raised to 54.85 - target 65.70 

(original analysis submitted: feb. 19, 2020)  ",2020-10-20 16:09:45,-69,['diod']
250905829,$diod new article : power management products will drive diodes&#39; stock higher https://www.stck.pro/news/diod/8536147,2020-10-17 13:24:04,-69,['diod']
250597727,$diod new article : diodes incorporated to announce third quarter 2020 financial results on november 9 https://www.stck.pro/news/diod/8498620,2020-10-15 21:31:05,-69,['diod']
250593174,$diod diodes incorporated to announce third quarter 2020 financial results on november 9 https://www.otcdynamics.com/diod-diodes-incorporated-to-announce-third-quarter-2020-financial-results-on-november-9,2020-10-15 21:10:06,-69,['diod']
250592500,$diod just filed with the sec a regulated disclosure and a financial exhibit https://last10k.com/sec-filings/diod/0001564590-20-046539.htm?utm_source=stocktwits&amp;utm_medium=forum&amp;utm_campaign=8k&amp;utm_term=diod,2020-10-15 21:07:05,-69,['diod']
250592127,"$diod [15s. delayed]: issued press release on october 15, 17:00:00: diodes incorporated to announce third quarter 2020 financial results o https://s.flashalert.me/bjqsur",2020-10-15 21:05:30,-69,['diod']
250592124,diodes incorporated to announce third quarter 2020 financial results on november 9 http://www.conferencecalltranscripts.org/summary/?id=71424&amp;pr=true $diod,2020-10-15 21:05:29,-69,['diod']
250592123,diodes incorporated to announce third quarter 2020 financial results on november 9 http://www.conferencecalltranscripts.org/summary/?id=71423&amp;pr=true $diod,2020-10-15 21:05:29,-69,['diod']
250592099,diodes: financial statements and exhibits exhibits. exhibit number description  http://www.conferencecalltranscripts.org/8/summary/?id=8448722 $diod,2020-10-15 21:05:24,-69,['diod']
250591395,"$diod diodes incorporated to announce third quarter 2020 financial results on november 9
https://www.stocktitan.net/news/diod/diodes-incorporated-to-announce-third-quarter-2020-financial-results-3hnl38lz9uv0.html",2020-10-15 21:02:12,-69,['diod']
250591263,"$diod [15s. delayed] filed form 8-k on october 15, 17:00:30: item7.01: regulation fd https://s.flashalert.me/fzblzd",2020-10-15 21:01:31,-69,['diod']
250467997,$diod new article : industry’s first automotive-compliant 40v dual mosfet in 3.3mm x 3.3mm package introduced by diodes incorporated https://www.stck.pro/news/diod/8490570,2020-10-15 14:27:15,-69,['diod']
250463558,$diod industry’s first automotive-compliant 40v dual mosfet in 3.3mm x 3.3mm package introduced by diodes incorporated https://www.otcdynamics.com/diod-industrys-first-automotive-compliant-40v-dual-mosfet-in-3-3mm-x-3-3mm-package-introduced-by-diodes-incorporated,2020-10-15 14:16:15,-69,['diod']
250463461,industry’s first automotive-compliant 40v dual mosfet in 3.3mm x 3.3mm package introduced by diodes incorporated http://www.conferencecalltranscripts.org/summary/?id=70886&amp;pr=true $diod,2020-10-15 14:16:01,-69,['diod']
250463460,industry’s first automotive-compliant 40v dual mosfet in 3.3mm x 3.3mm package introduced by diodes incorporated http://www.conferencecalltranscripts.org/summary/?id=70887&amp;pr=true $diod,2020-10-15 14:16:01,-69,['diod']
250463254,"$diod [15s. delayed]: issued press release on october 15, 10:14:00: industry’s first automotive-compliant 40v dual mosfet in 3.3mm x 3.3mm https://s.flashalert.me/nvzh7",2020-10-15 14:15:31,-69,['diod']
250463217,"$diod industry’s first automotive-compliant 40v dual mosfet in 3.3mm x 3.3mm package introduced by diodes incorporated
https://www.stocktitan.net/news/diod/industry-s-first-automotive-compliant-40v-dual-mosfet-in-3-3mm-x-3-gr6llqvjmlw0.html",2020-10-15 14:15:26,-69,['diod']
250379874,$diod - analysis of diodes incorporated upcoming quarterly report is on… https://www.macroaxis.com/invest/stock/diod/diodes-incorporated #stocks #earnings,2020-10-15 02:53:32,-69,['diod']
249766577,diodes $diod trading report http://tinyurl.com/y5ffs8mb,2020-10-12 19:15:06,-69,['diod']
249576906,"$diod francis tang sold 2,577 shares [average conviction] www.insider-analysis.com/search_transactions.php?ticker=table_diod",2020-10-11 19:08:15,-69,['diod']
249488400,diodes $diod bidaskscore is increased to stronglybought https://bidaskclub.com/news/company/2020-10-09/diod,2020-10-10 12:36:02,-69,['diod']
249480429,$diod - diodes incorporated has a strong financial… https://www.macroaxis.com/invest/stock-analysis/diod/diodes-incorporated #insidertrading #stocks #fintechnews,2020-10-10 06:16:05,-69,['diod']
249443191,"diodes vp francis tang sells $158,485.50 in $diod https://www.marketbeat.com/i/411446",2020-10-09 22:36:06,-69,['diod']
249309083,$diod https://www.aistockfinder.com/stock-forecast/diod diodes inc. the ai judges this equity will be stable in the short term with a flat long term setup,2020-10-09 14:58:36,-69,['diod']
249296222,$diod new insider selling: 2577 shares. http://insiderbuyingselling.com/?t=diod,2020-10-09 14:27:35,-69,['diod']
249293338,"vp of diodes incorporated just disposed of 2,577 shares  http://www.conferencecalltranscripts.org/4/summary2/?id=8434100 $diod",2020-10-09 14:20:32,-69,['diod']
249293141,"$diod [15s. delayed] filed sec form 4: vp,worldwide discrete products tang francis: 
disposed 2,577 of diodes incorporated common stock -  https://s.flashalert.me/6zvut",2020-10-09 14:20:06,-69,['diod']
249196681,"$diod 
bought @ 38.30 &amp; 35.20 - partial profits taken @ 44.20, 56.50 
stop raised to 51.15 - target 65.70 

(original analysis submitted: feb. 19, 2020)  ",2020-10-09 00:44:14,-69,['diod']
248950633,"$diod emily yang sold 1,522 shares [average conviction] www.insider-analysis.com/search_transactions.php?ticker=table_diod",2020-10-08 07:47:45,-69,['diod']
248943706,$diod quarterly chart. 10 year base breakout and successful retest. another 10 bagger for long term holders,2020-10-08 05:00:55,-69,['diod']
248779003,"$diod keh shew lu sold 8,848 shares [high conviction] www.insider-analysis.com/search_transactions.php?ticker=table_diod",2020-10-07 16:34:41,-69,['diod']
248634623,$diod https://www.aistockfinder.com/stock-forecast/diod diodes inc. the mathematical model has detected this equity will be stable in the short term with a flat long term setup,2020-10-07 01:17:12,-69,['diod']
248619502,"diodes vp emily yang sells $90,559.00 in $diod https://www.marketbeat.com/i/410986",2020-10-06 23:39:11,-69,['diod']
248594001,"diodes incorporated&#39;s vp worldwide sales/marketing just disposed of 1,522 shares  http://www.conferencecalltranscripts.org/4/summary2/?id=8424701 $diod",2020-10-06 21:36:34,-69,['diod']
248593619,"$diod [15s. delayed] filed sec form 4: vp worldwide sales/marketing yang emily: 
disposed 1,522 of diodes incorporated common stock at pri https://s.flashalert.me/p4rwu8",2020-10-06 21:35:13,-69,['diod']
248590028,"diodes incorporated&#39;s president &amp; ceo just picked up 1,152 shares  http://www.conferencecalltranscripts.org/4/summary2/?id=8424566 $diod",2020-10-06 21:22:26,-69,['diod']
248589898,"$diod [15s. delayed] filed sec form 4: president &amp; ceo lu keh shew: 
disposed 8,848 of diodes incorporated common stock at average price $ https://s.flashalert.me/iyubz",2020-10-06 21:21:56,-69,['diod']
248508089,"$diod keh shew lu sold 70,965 shares [very high conviction] www.insider-analysis.com/search_transactions.php?ticker=table_diod",2020-10-06 17:53:44,-69,['diod']
248361686,"$diod: new sec filing on president &amp; ceo, keh shew lu: https://www.sec.gov/archives/edgar/data/29002/000120919120053733/xslf345x03/doc4.xml",2020-10-06 03:38:03,-69,['diod']
248348128,"diodes ceo keh shew lu sells $525,868.20 in $diod https://www.marketbeat.com/i/410759",2020-10-06 01:29:03,-69,['diod']
248348122,"diodes ceo keh shew lu sells $3,607,464.96 in $diod https://www.marketbeat.com/i/410760",2020-10-06 01:29:02,-69,['diod']
248308410,"diodes incorporated&#39;s president &amp; ceo just picked up 9,035 shares  http://www.conferencecalltranscripts.org/4/summary/?id=8419742 $diod",2020-10-05 21:19:54,-69,['diod']
248306695,"$diod [15s. delayed] filed sec form 4: president &amp; ceo lu keh shew: 
disposed 70,965 of diodes incorporated common stock at average price  https://s.flashalert.me/czh43y",2020-10-05 21:12:45,-69,['diod']
248039223,the current ratio of $diod is much better than the industry average of 2.60. https://www.chartmill.com/stock/quote/diod/fundamental-analysis?key=ec6a84d7-d36a-4ed4-887f-0ebd1f42fd7a&amp;utm_source=stocktwits&amp;utm_medium=fa&amp;utm_content=diod&amp;utm_campaign=social_tracking,2020-10-04 02:17:00,-69,['diod']
248004435,$diod $smh name has been basing for 3 years and bricks were laid here closing at how. over $60 and $100 comes quick,2020-10-03 17:06:19,1,"['smh', 'diod']"
247991157,"$diod evan yu sold 13,048 shares [high conviction] www.insider-analysis.com/search_transactions.php?ticker=table_diod",2020-10-03 13:49:43,-69,['diod']
247975228,"$diod richard dallas white sold 3,500 shares [average conviction] www.insider-analysis.com/search_transactions.php?ticker=table_diod",2020-10-03 04:01:43,-69,['diod']
247974788,"$diod francis tang sold 18,365 shares [very high conviction] www.insider-analysis.com/search_transactions.php?ticker=table_diod",2020-10-03 03:53:06,-69,['diod']
247938401,"$diod michael r giordano sold 10,000 shares [high conviction] www.insider-analysis.com/search_transactions.php?ticker=table_diod",2020-10-02 21:58:32,-69,['diod']
247936832,"$diod keh shew lu sold 45,179 shares [very high conviction] www.insider-analysis.com/search_transactions.php?ticker=table_diod",2020-10-02 21:49:54,-69,['diod']
247854884,diodes $diod trading report http://tinyurl.com/y4edq2ol,2020-10-02 16:45:04,-69,['diod']
247809963,diodes $diod bidaskscore is upgraded to bought https://bidaskclub.com/news/company/2020-10-01/diod,2020-10-02 14:29:03,-69,['diod']
247742824,"$diod emily yang sold 4,354 shares [high conviction] www.insider-analysis.com/search_transactions.php?ticker=table_diod",2020-10-02 10:18:48,-69,['diod']
247701661,"#fwsells $diod white richard dallas, corporate secretary of diodes inc /del/ sold 3500 shares on 2020-10-01. https://formwhispers.com/s?t=diod",2020-10-02 03:06:16,-69,['diod']
247684281,$diod https://www.aistockfinder.com/stock-forecast/diod diodes inc. our algorithm foretells this equity has a neutral short term outlook and its stock price is in line with its long term fundamentals,2020-10-02 00:48:51,-69,['diod']
247681193,$diod https://www.aistockfinder.com/stock-forecast/diod diodes inc. our predictive algorithm calculated that this stock price will be stable in the short term and its stock price is in line with its long term fundamentals in a neutral long term market setup,2020-10-02 00:28:39,-69,['diod']
247671466,"$diod richard dallas white sold 25,000 shares [very high conviction] www.insider-analysis.com/search_transactions.php?ticker=table_diod",2020-10-01 23:29:22,-69,['diod']
247664558,"$diod [15s. delayed] filed sec form 4: corporate secretary white richard dallas: 
disposed 3,500 of diodes incorporated common stock at pr https://s.flashalert.me/2esho",2020-10-01 22:46:47,-69,['diod']
247664320,"$diod [15s. delayed] filed sec form 4: vp worldwide analog products yu evan: 
disposed 13,048 of diodes incorporated common stock at avera https://s.flashalert.me/x2c7g3",2020-10-01 22:45:13,-69,['diod']
247664275,"#fwsells $diod yu evan, vp worldwide analog products of diodes inc /del/ sold 13048 shares on 2020-10-01. https://formwhispers.com/s?t=diod",2020-10-01 22:44:56,-69,['diod']
247664251,"diodes director michael giordano sells $94,677.00 in $diod https://www.marketbeat.com/i/410316",2020-10-01 22:44:45,-69,['diod']
247664216,"vp of diodes incorporated just disposed of 18,365 shares  http://www.conferencecalltranscripts.org/4/summary/?id=8409779 $diod",2020-10-01 22:44:31,-69,['diod']
247664106,"$diod [15s. delayed] filed sec form 4: vp,worldwide discrete products tang francis: 
disposed 18,365 of diodes incorporated common stock - https://s.flashalert.me/5lt6i5",2020-10-01 22:43:56,-69,['diod']
247664061,"#fwsells $diod tang francis, vp,worldwide discrete products of diodes inc /del/ sold 18365 shares on 2020-10-01. https://formwhispers.com/s?t=diod",2020-10-01 22:43:38,-69,['diod']
247663997,"diodes incorporated&#39;s president &amp; ceo just picked up 4,821 shares  http://www.conferencecalltranscripts.org/4/summary2/?id=8409778 $diod",2020-10-01 22:43:18,-69,['diod']
247663775,"$diod [15s. delayed] filed sec form 4: president &amp; ceo lu keh shew: 
disposed 45,179 of diodes incorporated common stock at average price  https://s.flashalert.me/nq108b",2020-10-01 22:41:57,-69,['diod']
247663738,"#fwsells $diod lu keh shew, president &amp; ceo of diodes inc /del/ sold 45179 shares on 2020-09-30. https://formwhispers.com/s?t=diod",2020-10-01 22:41:44,-69,['diod']
247663596,"diodes incorporated director just disposed of 10,000 shares  http://www.conferencecalltranscripts.org/4/summary/?id=8409775 $diod",2020-10-01 22:40:54,-69,['diod']
247663515,"$diod [15s. delayed] filed sec form 4: director giordano michael r: 
disposed 10,000 of diodes incorporated common stock at average price  https://s.flashalert.me/cduifa",2020-10-01 22:40:28,-69,['diod']
247663465,"#fwsells $diod giordano michael r, director of diodes inc /del/ sold 10000 shares on 2020-10-01. https://formwhispers.com/s?t=diod",2020-10-01 22:40:13,-69,['diod']
247593855,"$diod keh shew lu sold 71,899 shares [very high conviction] www.insider-analysis.com/search_transactions.php?ticker=table_diod",2020-10-01 18:28:08,-69,['diod']
247440874,goldenstar signal alert: $diod. more insights: https://stockinvest.us/technical-analysis/diod?utm_source=stocktwits&amp;utm_medium=autopost,2020-10-01 05:38:02,1,['diod']
247431927,"diodes vp emily yang sells $68,900.00 in $diod https://www.marketbeat.com/i/410215",2020-10-01 03:29:57,-69,['diod']
247431925,"diodes insider richard dallas white sells $525,000.00 in $diod https://www.marketbeat.com/i/410216",2020-10-01 03:29:56,-69,['diod']
247431293,$diod - diodes incorporated has a strong financial position based on the… https://www.macroaxis.com/invest/stock-analysis/diod/diodes-incorporated #stocks #earnings,2020-10-01 03:23:05,-69,['diod']
247421855,"diodes ceo keh shew lu sells $3,861,695.29 in $diod https://www.marketbeat.com/i/410186",2020-10-01 01:59:57,-69,['diod']
247416767,"diodes vp emily yang sells $238,337.96 in $diod https://www.marketbeat.com/i/410173",2020-10-01 01:20:51,-69,['diod']
247416109,"diodes insider richard dallas white sells $1,350,000.00 in $diod https://www.marketbeat.com/i/410171",2020-10-01 01:16:17,-69,['diod']
247411484,$diod https://www.aistockfinder.com/stock-forecast/diod diodes inc. our model foretells this equity will be stable in the short term in a negative short term market setup with a flat long term setup,2020-10-01 00:42:56,-69,['diod']
247391822,"diodes incorporated&#39;s vp worldwide sales/marketing just disposed of 4,354 shares  http://www.conferencecalltranscripts.org/4/summary/?id=8404628 $diod",2020-09-30 22:40:24,-69,['diod']
247391670,"$diod [15s. delayed] filed sec form 4: vp worldwide sales/marketing yang emily: 
disposed 4,354 of diodes incorporated common stock at ave https://s.flashalert.me/zzlo02",2020-09-30 22:39:28,-69,['diod']
247391626,"#fwsells $diod yang emily, vp worldwide sales/marketing of diodes inc /del/ sold 4354 shares on 2020-09-30. https://formwhispers.com/s?t=diod",2020-09-30 22:39:11,-69,['diod']
247391339,"diodes incorporated&#39;s corporate secretary just cashed-in 25,000 options  http://www.conferencecalltranscripts.org/4/summary2/?id=8404616 $diod",2020-09-30 22:37:31,-69,['diod']
247391299,"$diod [15s. delayed] filed sec form 4: corporate secretary white richard dallas: 
disposed 25,000 of diodes incorporated common stock at a https://s.flashalert.me/lxkqsa",2020-09-30 22:37:17,-69,['diod']
247391261,"#fwsells $diod lu keh shew, president &amp; ceo of diodes inc /del/ sold 71899 shares on 2020-09-29. https://formwhispers.com/s?t=diod",2020-09-30 22:37:03,-69,['diod']
247391244,"#fwsells $diod white richard dallas, corporate secretary of diodes inc /del/ sold 25000 shares on 2020-09-30. https://formwhispers.com/s?t=diod",2020-09-30 22:36:59,-69,['diod']
247390406,"diodes incorporated&#39;s president &amp; ceo just disposed of 41,899 shares  http://www.conferencecalltranscripts.org/4/summary/?id=8404567 $diod",2020-09-30 22:32:18,-69,['diod']
247390289,"$diod [15s. delayed] filed sec form 4: president &amp; ceo lu keh shew: 
disposed 71,899 of diodes incorporated common stock at average price  https://s.flashalert.me/kwqoe6",2020-09-30 22:31:39,-69,['diod']
247306872,"$diod c h chen sold 40,000 shares [very high conviction] www.insider-analysis.com/search_transactions.php?ticker=table_diod",2020-09-30 17:52:08,-69,['diod']
247242771,$diod new article : high-voltage analog multiplexers from diodes incorporated provide signal distribution in industrial iot applications https://www.stck.pro/news/diod/8120367,2020-09-30 14:41:06,-69,['diod']
247235274,high-voltage analog multiplexers from diodes incorporated provide signal distribution in industrial iot applications http://www.conferencecalltranscripts.org/summary/?id=61963&amp;pr=true $diod,2020-09-30 14:21:03,-69,['diod']
247235273,high-voltage analog multiplexers from diodes incorporated provide signal distribution in industrial iot applications http://www.conferencecalltranscripts.org/summary/?id=61962&amp;pr=true $diod,2020-09-30 14:21:03,-69,['diod']
