id,body,created_at,sentiment,symbols
254796338,"$tenb stephen a riddick sold 2,420 shares [low conviction] www.insider-analysis.com/search_transactions.php?ticker=table_tenb",2020-11-06 08:53:54,-69,['tenb']
254516082,"$tenb: new sec filing on general counsel &amp; secretary, stephen a riddick: https://www.sec.gov/archives/edgar/data/1660280/000166028020000131/xslf345x03/wf-form4_160452698242548.xml",2020-11-05 04:42:01,-69,['tenb']
254463043,"tenable holdings, inc.&#39;s general counsel &amp; secretary just cashed-in 2,420 options  http://www.conferencecalltranscripts.org/4/summary/?id=8518600 $tenb",2020-11-04 22:04:40,-69,['tenb']
254461157,"$tenb [15s. delayed] filed sec form 4: general counsel &amp; secretary riddick stephen a: 
disposed 2,420 of common stock at price $34.08 and  https://s.flashalert.me/saj3i6",2020-11-04 21:57:24,-69,['tenb']
254461068,"$tenb $43,245.40 of shares sold by riddick stephen a (general counsel &amp; secretary), reported in a new form 4 filed with the sec  

https://newsfilter.io/a/88bf24a25c9bb7391aa9c0e65bb117ee",2020-11-04 21:57:05,-69,['tenb']
254307282,don’t miss out on this! $tenb rsi indicator left the oversold zone. view odds of uptrend. https://srnk.us/go/2279868,2020-11-04 09:37:41,1,['tenb']
254098636,$tenb tenable to participate in upcoming investor conferences https://www.otcdynamics.com/tenb-tenable-to-participate-in-upcoming-investor-conferences,2020-11-03 14:19:12,-69,['tenb']
254095095,$tenb new article : tenable to participate in upcoming investor conferences https://www.stck.pro/news/tenb/8908075,2020-11-03 14:04:14,-69,['tenb']
254094822,tenable to participate in upcoming investor conferences http://www.conferencecalltranscripts.org/summary/?id=85839&amp;pr=true $tenb,2020-11-03 14:03:07,-69,['tenb']
254094260,"$tenb tenable to participate in upcoming investor conferences 

https://newsfilter.io/a/95f0173d8f75587133473f62143d728e",2020-11-03 14:00:47,-69,['tenb']
254094038,"$tenb tenable to participate in upcoming investor conferences
https://www.stocktitan.net/news/tenb/tenable-to-participate-in-upcoming-investor-ry8rvm6oop5i.html",2020-11-03 14:00:03,-69,['tenb']
253208779,last10k highlighted 60 positive and negative remarks in $tenb&#39;s 10-q filed today. see them in the quarterly report: https://last10k.com/sec-filings/tenb/0001660280-20-000129.htm?utm_source=stocktwits&amp;utm_medium=forum&amp;utm_campaign=sentiment&amp;utm_term=tenb,2020-10-29 12:02:02,-69,['tenb']
253205911,"tenable holdings, inc. just filed its quarterly report: net loss per shareth... http://www.conferencecalltranscripts.org/q/summary2/?id=8489947 $tenb",2020-10-29 11:44:14,-69,['tenb']
253199305,$tenb just filed a 10-q quarterly report with 56 sections and 3 exhibits. access them all or just read their earnings: https://last10k.com/sec-filings/tenb/0001660280-20-000129.htm?utm_source=stocktwits&amp;utm_medium=forum&amp;utm_campaign=10kq2040f&amp;utm_term=tenb,2020-10-29 10:59:51,-69,['tenb']
253194893,"$tenb form 10-q (quarterly report [sections 13 or 15(d)]) filed with the sec 

https://newsfilter.io/a/2f6850587983feba108cb5968d82cebc",2020-10-29 10:11:32,-69,['tenb']
253006273,$tenb stifel maintains to buy : pt $45.00 https://stockhoot.com/extsymbol.aspx?from=analystratingtweet&amp;symbol=tenb&amp;t=351&amp;social=stocktwits,2020-10-28 15:10:25,-69,['tenb']
252942522,$tenb morgan stanley maintains to overweight : pt $47.00 https://stockhoot.com/extsymbol.aspx?from=analystratingtweet&amp;symbol=tenb&amp;t=883&amp;social=stocktwits,2020-10-28 12:18:25,-69,['tenb']
252923521,"$tenb tenable up 2% after beats, upside eps outlook 

https://newsfilter.io/a/859a8fea429ab4be2b356d177ebb2296",2020-10-28 09:43:48,-69,['tenb']
252890096,$tenb updates q4 guidance to $0.05-$0.06 eps and revenue guidance to $113-$115 million. https://www.marketbeat.com/g/52060,2020-10-28 01:02:10,-69,['tenb']
252890091,$tenb updates fy20 guidance to $0.11-$0.12 eps and revenue guidance to $435.1-$437.1 million. https://www.marketbeat.com/g/52061,2020-10-28 01:02:08,-69,['tenb']
252851511,$tenb updates fy 2020after-hours guidance to 0.11-0.12 eps and revenue guidance to $435.1-437.1 million. https://www.marketbeat.com/g/52011,2020-10-27 21:19:01,-69,['tenb']
252851502,$tenb updates q4 2020after-hours guidance to 0.05-0.06 eps and revenue guidance to $113-115 million. https://www.marketbeat.com/g/52012,2020-10-27 21:19:00,-69,['tenb']
252839406,"$tenb new article : tenable holdings eps beats by $0.06, beats on revenue https://www.stck.pro/news/tenb/8783781",2020-10-27 20:34:07,-69,['tenb']
252837888,"tenable sees q4 eps $0.05-$0.06 vs $0.03 estimates, sales $113m-$115m vs $112.49m estimates; fy20 eps $0.11-$0.12 vs $0.02 estimates, sales $435.1m-$437.1m vs $432.1m estimates

related tickers: $tenb",2020-10-27 20:29:52,-69,['tenb']
252836803,"tenable holdings q3 eps $0.09 beats $0.03 estimate, sales $112.30m beat $109.64m estimate

related tickers: $tenb",2020-10-27 20:26:17,-69,['tenb']
252836592,"$tenb reported a loss of $0.05, consensus was ($0.13) via @ewhispers #epsbeat http://eps.sh/d/tenb",2020-10-27 20:25:38,-69,['tenb']
252835366,$tenb tenable announces third quarter 2020 financial results https://www.otcdynamics.com/tenb-tenable-announces-third-quarter-2020-financial-results,2020-10-27 20:22:16,-69,['tenb']
252832723,"$tenb tenable holdings eps beats by $0.06, beats on revenue 

https://newsfilter.io/a/2e2c4ed4aafce56f2056b67cd598f2a0",2020-10-27 20:15:41,-69,['tenb']
252832084,"$tenb tenable beats by $0.06, beats on revs; guides q4 eps above consensus, revs above consensus; guides fy20 eps above consensus, revs above consensus",2020-10-27 20:14:20,-69,['tenb']
252831161,$tenb just filed with the sec a earnings release and a financial exhibit https://last10k.com/sec-filings/tenb/0001660280-20-000126.htm?utm_source=stocktwits&amp;utm_medium=forum&amp;utm_campaign=8k&amp;utm_term=tenb,2020-10-27 20:12:28,-69,['tenb']
252830530,tenable holdings: tenable announces third quarter 2020 financial results  http://www.conferencecalltranscripts.org/8/summary/?id=8480686 $tenb,2020-10-27 20:10:58,-69,['tenb']
252829801,tenable announces third quarter 2020 financial results http://www.conferencecalltranscripts.org/summary/?id=79321&amp;pr=true $tenb,2020-10-27 20:09:19,-69,['tenb']
252829493,"$tenb [15s. delayed] filed form 8-k on october 27, 16:07:31: item2.02: results of operations &amp; financial condition https://s.flashalert.me/bbqkgu",2020-10-27 20:08:42,-69,['tenb']
252829305,"$tenb form 8-k: results of operations and financial condition.on october 27, 2020, tenable holdings reported financial results for the quarter ended september 30, 2020. a copy of the press release is .. 

https://newsfilter.io/a/ad1ac7a2fb12b0c5d989ee1eb2cb2b6e",2020-10-27 20:08:18,-69,['tenb']
252828931,"$tenb [15s. delayed, acc.~90%, always check] earnings release october 27, 16:05:00: q3: non-gaap eps of $0.09, gaap eps of -$0.06, revenue https://s.flashalert.me/btes5c",2020-10-27 20:07:28,-69,['tenb']
252828899,"$tenb [15s. delayed]: issued press release on october 27, 16:05:00: tenable announces third quarter 2020 financial results https://s.flashalert.me/xhe30",2020-10-27 20:07:24,-69,['tenb']
252828207,"$tenb tenable announces third quarter 2020 financial results 

https://newsfilter.io/a/82b26927b578c743ada7a1d07701a348",2020-10-27 20:06:01,-69,['tenb']
252827757,"$tenb tenable announces third quarter 2020 financial results
https://www.stocktitan.net/news/tenb/tenable-announces-third-quarter-2020-financial-b244eqcdvp1q.html",2020-10-27 20:05:10,-69,['tenb']
252793886,"$tenb earnings call today: 4:30 pm est 
analyst rating: strong buy 
webcast: http://mmm.wallstreethorizon.com/u.asp?u=348210",2020-10-27 18:18:06,-69,['tenb']
252682961,tenableholdings $tenb bidaskscore is downgraded to held https://bidaskclub.com/news/company/2020-10-26/tenb,2020-10-27 11:25:03,-69,['tenb']
252647956,$tenb had approximately 14m usd go to the short side at 73 pct short  the bears are on the attack  https://www.algowins.com/?wdt_column_filter[1]=tenb,2020-10-27 01:08:11,-1,['tenb']
252636344,"$tenb shake and bake, won&#39;t be under $40 for long",2020-10-26 23:36:11,1,['tenb']
252620637,$tenb new article : tenable holdings q3 2020 earnings preview https://www.stck.pro/news/tenb/8758724,2020-10-26 21:43:19,-69,['tenb']
252582673,"a sneak peek at tenable holdings, inc. ($tenb) 3q20 earnings

https://www.stockmarketintellects.com/a-sneak-peek-at-tenable-holdings-inc-tenb-3q20-earnings/",2020-10-26 19:03:04,-69,['tenb']
252396363,"$tenb tenb: double top forming. double top in formation
pros:
descending volume during formation
pps below 50ma
rs desc",2020-10-25 15:42:25,-1,['tenb']
252315730,tenable to release earnings after the market closes on tuesday. analysts expect -0.12 eps. www.marketbeat.com/p/486843 $tenb #tenb,2020-10-24 05:03:23,-69,['tenb']
251294511,$tenb new article : tenable selected as first vulnerability management partner for splunk mission control https://www.stck.pro/news/tenb/8603147,2020-10-20 13:06:48,-69,['tenb']
251271862,tenableholdings $tenb bidaskscore is downgraded to bought https://bidaskclub.com/news/company/2020-10-19/tenb,2020-10-20 10:36:02,-69,['tenb']
250662628,"$tenb kimberly hammonds sold 160,073 shares [very high conviction] www.insider-analysis.com/search_transactions.php?ticker=table_tenb",2020-10-16 07:36:04,-69,['tenb']
250585633,"$tenb amit yoran sold 45,000 shares [very high conviction] www.insider-analysis.com/search_transactions.php?ticker=table_tenb",2020-10-15 20:31:48,-69,['tenb']
250340336,"tenable director kimberly hammonds sells $1,029,004.90 in $tenb https://www.marketbeat.com/i/411952",2020-10-14 22:14:08,-69,['tenb']
250334170,"$tenb: new sec filing on director, kimberly hammonds: https://www.sec.gov/archives/edgar/data/1660280/000166028020000124/xslf345x03/wf-form4_160271018121048.xml",2020-10-14 21:44:01,-69,['tenb']
250328073,"$tenb [15s. delayed] filed sec form 4: director hammonds kimberly: 
disposed 160,073 of common stock at average price $41.42 and converted https://s.flashalert.me/gmgfk",2020-10-14 21:17:28,-69,['tenb']
250327998,"$tenb [15s. delayed] filed sec form 4: president, ceo and chairman yoran amit: 
disposed 45,000 of common stock at price $41.65 and conver https://s.flashalert.me/cj5tj",2020-10-14 21:17:10,-69,['tenb']
250205843,repeat bull bet in $tenb,2020-10-14 14:41:26,1,['tenb']
250058691,$tenb: tenable announces date for its third quarter 2020 earnings conference call https://www.chartmill.com/news/tenb/globenews-2020-10-13-tenable-announces-date-for-its-third-quarter-2020-earnings-conference-call?utm_source=stocktwits&amp;utm_medium=pressrelease&amp;utm_content=tenb&amp;utm_campaign=social_tracking,2020-10-13 20:50:08,-69,['tenb']
250050037,tenable announces date for its third quarter 2020 earnings conference call http://www.conferencecalltranscripts.org/summary/?id=68815&amp;pr=true $tenb,2020-10-13 20:23:04,-69,['tenb']
250049639,$tenb tenable announces date for its third quarter 2020 earnings conference call https://www.otcdynamics.com/tenb-tenable-announces-date-for-its-third-quarter-2020-earnings-conference-call,2020-10-13 20:21:54,-69,['tenb']
250049303,$tenb new article : tenable announces date for its third quarter 2020 earnings conference call https://www.stck.pro/news/tenb/8445396,2020-10-13 20:20:53,-69,['tenb']
250047911,"$tenb [15s. delayed]: issued press release on october 13, 16:15:00: tenable announces date for its third quarter 2020 earnings conference  https://s.flashalert.me/k010ha",2020-10-13 20:16:57,-69,['tenb']
