id,body,created_at,sentiment,symbols
254839937,$expe $expe with a bearish outlook after a negative earning release. $expe posted worse than expected earnings with the,2020-11-06 14:28:56,-1,['expe']
254803282,"although $expe has an excellent technical rating, it does not offer a high quality setup at the moment. https://www.chartmill.com/stock/quote/expe/technical-analysis?key=9fe065a7-7454-44d3-ba82-25c3e5306165&amp;utm_source=stocktwits&amp;utm_medium=ta&amp;utm_content=expe&amp;utm_campaign=social_tracking",2020-11-06 11:01:06,-69,['expe']
254796529,comprehensive non-correlated expedia $expe trading report https://tinyurl.com/y67aod6m,2020-11-06 09:00:04,-69,['expe']
254793362,$expe [nov-06 102.00 calls] option volume up +164.86 % |  volume: 98 vs 37 https://www.sleekoptions.com/sleekscan.aspx?sub1=dscan,2020-11-06 07:33:25,-69,['expe']
254776530,$expe reversal starting,2020-11-06 03:42:45,1,['expe']
254722879,"$expe new article : expedia, hilton struggle as travel tries to get off the ground https://www.stck.pro/news/expe/8959834",2020-11-05 22:30:06,-69,['expe']
254698012,your daily news digest for expedia group $expe https://wsfriend.com/daily/news/expe/2020-11-05/,2020-11-05 21:17:37,-69,['expe']
254692397,"iac raises $150 million for vimeo unit, plans spinoff  $expe $lyv $iac $amzn $sbux 

https://newsfilter.io/a/cb317825400b483ce23645fd9bf1c8c1",2020-11-05 21:06:36,-69,"['amzn', 'expe', 'iac', 'sbux', 'lyv']"
254650619,"pre-market action plan today:

$upwk long 4pts
$qcom long support 4pts
$expe long 2.5pts
$hofv long 2.5pts, ss 2pts

https://t.co/63tbxt5r0",2020-11-05 18:46:07,-69,"['expe', 'qcom', 'upwk', 'hofv']"
254643171,$expe if ever there was a short during a pandemic,2020-11-05 18:20:00,-69,['expe']
254632505,"$expe nov 05, 2020
expedia (expe) received a hold rating by 5 star analyst mark mahaney from rbc capital   pt 106
watching $tcom",2020-11-05 17:41:27,-69,"['tcom', 'expe']"
254614890,$expe ubs maintains to neutral : pt $109.00 https://stockhoot.com/extsymbol.aspx?from=analystratingtweet&amp;symbol=expe&amp;t=506&amp;social=stocktwits,2020-11-05 16:36:47,-69,['expe']
254604566,$expe btig maintains to buy : pt $145.00 https://stockhoot.com/extsymbol.aspx?from=analystratingtweet&amp;symbol=expe&amp;t=443&amp;social=stocktwits,2020-11-05 16:01:50,-69,['expe']
254600388,"$expe 
target raised by mizuho securities neutral usd 85 » usd 95 
target raised by rbc capital sector perform usd 93 » usd 106 
target raised by piper sandler neutral usd 102 » usd 105
target raised by btig research buy usd 120 » usd 145 
target raised by d.a. davidson neutral usd 85 » usd 105 
maintains credit suisse outperform usd 126 » usd 136
https://www.stocktargetadvisor.com/stock/usa/nye/expe#analyst-rating-tab",2020-11-05 15:49:06,-69,['expe']
254598802,$expe benchmark maintains to buy : pt $120.00 https://stockhoot.com/extsymbol.aspx?from=analystratingtweet&amp;symbol=expe&amp;t=852&amp;social=stocktwits,2020-11-05 15:44:13,-69,['expe']
254593954,$expe stopped out -40%,2020-11-05 15:29:38,-69,['expe']
254586832,$expe long a little 104.40,2020-11-05 15:09:47,-69,['expe']
254584965,"most gaining stocks in the nasdaq 100 today: $meli, $qcom and $expe https://www.chartmill.com/stock/stock-screener?v=3&amp;f=ind_20&amp;s=pt&amp;utm_source=stocktwits&amp;utm_medium=screener&amp;utm_content=stock_screener:_top_nasdaq_100_gainers&amp;utm_campaign=social_tracking",2020-11-05 15:05:00,-69,"['expe', 'meli', 'qcom']"
254578503,breakout traders $expe breakout on daily,2020-11-05 14:48:22,-69,['expe']
254577565,$expe 107 on deck,2020-11-05 14:46:00,-69,['expe']
254576841,$expe piper sandler maintains to neutral : pt $105.00 https://stockhoot.com/extsymbol.aspx?from=analystratingtweet&amp;symbol=expe&amp;t=218&amp;social=stocktwits,2020-11-05 14:44:03,-69,['expe']
254572698,$expe - http://www.trade-ideas.com/ticky/ticky.html?symbol=expe - oh snap...... that is nice nice  pop right there...yep! - running up: +2.11 in 33 seconds,2020-11-05 14:31:51,-69,['expe']
254571167,$expe credit suisse maintains to outperform : pt $136.00 https://stockhoot.com/extsymbol.aspx?from=analystratingtweet&amp;symbol=expe&amp;t=651&amp;social=stocktwits,2020-11-05 14:26:22,-69,['expe']
254569180,$expe has an average volume of 2362170. this is a good sign as it is always nice to have a liquid stock. https://www.chartmill.com/stock/quote/expe/technical-analysis?key=9fe065a7-7454-44d3-ba82-25c3e5306165&amp;utm_source=stocktwits&amp;utm_medium=ta&amp;utm_content=expe&amp;utm_campaign=social_tracking,2020-11-05 14:19:00,-69,['expe']
254564132,$expe da davidson maintains to neutral : pt $105.00 https://stockhoot.com/extsymbol.aspx?from=analystratingtweet&amp;symbol=expe&amp;t=416&amp;social=stocktwits,2020-11-05 13:59:53,-69,['expe']
254560814,"expedia $expe gains 4% after q3 beat on travel improvement and cost cuts, leaving analysts more bullish https://loom.ly/klc2hwq",2020-11-05 13:45:23,-69,['expe']
254560742,"38 stocks moving in thursday&#39;s pre-market session

$acb $blue $hofv $tlry $expe  

https://m.benzinga.com/article/18223237",2020-11-05 13:45:04,-69,"['expe', 'blue', 'tlry', 'acb', 'hofv']"
254554286,stocks making the biggest moves pm 4: $apa $expe $znga $mtch &amp; more https://www.cnbc.com/2020/11/05/stocks-making-the-biggest-moves-in-the-premarket-general-motors-cigna-merck-regeneron-.html?__source=iosappshare%7ccom.apple.uikit.activity.copytopasteboard,2020-11-05 13:15:50,-69,"['expe', 'apa', 'znga', 'mtch']"
254553982,"$expe
expe target raised by royal bank of canada with price target $93.00 ➝ $106.00 and rating sector perform | expe reiterated by oppenheimer  and rating hold | expe target raised by barclays with price target $115.00 ➝ $120.00 and rating overweight | expe target raised by piper sandler with price target $102.00 ➝ $105.00 and rating neutral | expe target raised by mizuho with price target $85.00 ➝ $95.00 and rating neutral
source:https://www.marketbeat.com/ratings/
view the full list of news/momentum plays on watch at : bit.ly/32gfart
[no bias / position]
[find me at https://stocktwits.com/sbiswas | https://twitter.com/soumyajyoti_b]&quot;",2020-11-05 13:14:09,-69,['expe']
254551421,$expe next month should be horrible for expedia. all over europe &gt; lockdowns... no christmas holidays worldwide. omg,2020-11-05 13:01:52,-1,['expe']
254547690,"$expe (+4.1% pre) expedia posts smaller losses as pandemic’s travel shutdown continues; stock gains - mw

http://ooc.bz/l/63355",2020-11-05 12:39:45,-69,['expe']
254545414,$expe new article : here are three stocks on the rise following earnings beat https://www.stck.pro/news/expe/8948576,2020-11-05 12:26:05,-69,['expe']
254545222,38 stocks moving in thursday&#39;s pre-market session https://benzinga.com/z/18223237#.x6puu1-9hwg.twitter #premarket $hofv $acb $tlry $blue $expe,2020-11-05 12:24:36,-69,"['expe', 'blue', 'tlry', 'acb', 'hofv']"
254537378,$expe just filed a 10-q quarterly report with 53 sections and 9 exhibits. access them all or just read their earnings: https://last10k.com/sec-filings/expe/0001324424-20-000077.htm?utm_source=stocktwits&amp;utm_medium=forum&amp;utm_campaign=10kq2040f&amp;utm_term=expe,2020-11-05 11:25:32,-69,['expe']
254535257,"$expe form 10-q (quarterly report [sections 13 or 15(d)]) filed with the sec 

https://newsfilter.io/a/33a4f0589f48d01254e6ffdf3e1863c8",2020-11-05 11:03:32,-69,['expe']
254512091,$expe: the long and short term trends are both positive. this is looking good! https://www.chartmill.com/stock/quote/expe/technical-analysis?key=9fe065a7-7454-44d3-ba82-25c3e5306165&amp;utm_source=stocktwits&amp;utm_medium=ta&amp;utm_content=expe&amp;utm_campaign=social_tracking,2020-11-05 03:55:00,-69,['expe']
254511097,"$expe green to red move:  +1.94% to -0.30%  
 https://www.sleekoptions.com/sleekscan.aspx?did=expe",2020-11-05 03:44:25,-69,['expe']
254510228,double top signal alert: $expe. more insights: https://stockinvest.us/technical-analysis/expe?utm_source=stocktwits&amp;utm_medium=autopost,2020-11-05 03:35:20,-1,['expe']
254496082,"stocks making the biggest moves after hours: qualcomm, match group, expedia &amp; more

$qcom $mtch $expe

https://www.cnbc.com/2020/11/04/stocks-making-the-biggest-moves-after-hours-qualcomm-match-group-expedia-more.html",2020-11-05 01:28:13,-69,"['expe', 'qcom', 'mtch']"
254491739,$expe low expectations,2020-11-05 00:55:18,1,['expe']
254490590,"$mro: q3 eps -$0.28 misses -$0.27 estimate, sales $754m miss $761.37m estimate.
$znga: q3 eps -$0.11 misses $0.09 estimate, sales $503m miss $625.74m estimate. 
$meli: q3 eps $0.28 beats $0.17 estimate, sales $1.12b beat $971.41m estimate. 
$expe: q3 eps -$0.22 beats -$0.79 estimate, sales $1.5b beat $1.38b estimate.",2020-11-05 00:47:30,-69,"['expe', 'meli', 'mro', 'znga']"
254488966,"20 stocks moving in wednesday&#39;s after-hours sessions  $qcom $meli $expe $alb $gddy 

https://newsfilter.io/a/02778cc8b50f07ad85e4995bbf36ea07",2020-11-05 00:35:22,-69,"['expe', 'meli', 'qcom', 'alb', 'gddy']"
254484702,stocktwits trending alert: trading recent interest in expedia $expe https://wp.me/p5blgb-bkwx,2020-11-05 00:05:03,-69,['expe']
254480351,"$expe beats by $0.57, beats on revs, note: co guides on the call typically https://www.briefing.com/in-depth-analysis/content/article?articleid=in20201104160742expe",2020-11-04 23:37:57,-69,['expe']
254467029,"$expe new article : expedia group sees travel stabilizing, but revenue still down 58% in ‘bumpy and unpredictable&#39; market https://www.stck.pro/news/expe/8939857",2020-11-04 22:22:09,-69,['expe']
254467003,"in the last month $expe has a been trading in the 87.90 - 103.06 range, which is quite wide. https://www.chartmill.com/stock/quote/expe/technical-analysis?key=9fe065a7-7454-44d3-ba82-25c3e5306165&amp;utm_source=stocktwits&amp;utm_medium=ta&amp;utm_content=expe&amp;utm_campaign=social_tracking",2020-11-04 22:22:01,-69,['expe']
254461832,$expe just filed with the sec a earnings release and a financial exhibit https://last10k.com/sec-filings/expe/0001324424-20-000075.htm?utm_source=stocktwits&amp;utm_medium=forum&amp;utm_campaign=8k&amp;utm_term=expe,2020-11-04 22:00:01,-69,['expe']
254459308,"expedia earnings beat estimates on uptick in summer travel  $bkng $trip $expe 

https://newsfilter.io/a/3073a0e353de91fdcb7cc7f88597e214",2020-11-04 21:50:23,-69,"['expe', 'bkng', 'trip']"
254458205,"$expe new article : expedia posts smaller losses as covid-19 pandemic&#39;s travel shutdown continues, stock gains https://www.stck.pro/news/expe/8939049",2020-11-04 21:46:06,-69,['expe']
254452739,$expe earnings are out!!  https://stockhoot.com/earningscalendar.aspx?from=afterearningstweet&amp;symbol=expe&amp;t=442&amp;social=stocktwits,2020-11-04 21:27:00,-69,['expe']
254452327,expedia group reports third quarter 2020 results  http://www.conferencecalltranscripts.org/8/summary2/?id=8517971 $expe,2020-11-04 21:25:35,-69,['expe']
254451589,"$expe expedia +4% after earnings topper 

https://newsfilter.io/a/9d110b54280e2a2e917a02efa59c6b7f",2020-11-04 21:23:14,-69,['expe']
254450893,"expedia group q3 eps $(0.22) beats $(0.79) estimate, sales $1.50b beat $1.38b estimate

related tickers: $expe",2020-11-04 21:20:51,-69,['expe']
254450086,"$expe earnings call today: 4:30 pm est 
webcast: http://mmm.wallstreethorizon.com/u.asp?u=350666 
stockpods beta is now live. visit to find analyst ratings, stock price targets, and phone/pin for today&#39;s earnings calls: https://www.stockpods.com",2020-11-04 21:18:22,-69,['expe']
254449932,your daily news digest for expedia group $expe https://wsfriend.com/daily/news/expe/2020-11-04/,2020-11-04 21:17:54,-69,['expe']
254448059,"$expe new article : expedia eps beats by $0.57, beats on revenue https://www.stck.pro/news/expe/8938356",2020-11-04 21:12:08,-69,['expe']
254447845,$expe expedia group q3 2020 earnings release available on company’s ir site https://www.otcdynamics.com/expe-expedia-group-q3-2020-earnings-release-available-on-companys-ir-site,2020-11-04 21:11:28,-69,['expe']
254447039,"$expe reported a loss of $0.22, consensus was ($0.76) via @ewhispers #epsbeat http://eps.sh/d/expe",2020-11-04 21:09:15,-69,['expe']
254447019,expedia group q3 2020 earnings release available on company’s ir site http://www.conferencecalltranscripts.org/summary/?id=87306&amp;pr=true $expe,2020-11-04 21:09:13,-69,['expe']
254446999,expedia group q3 2020 earnings release available on company’s ir site http://www.conferencecalltranscripts.org/summary/?id=87305&amp;pr=true $expe,2020-11-04 21:09:09,-69,['expe']
