id,body,created_at,sentiment,symbols
254803057,fabrinet $fn bidaskscore is upgraded to sold https://bidaskclub.com/news/company/2020-11-05/fn,2020-11-06 10:58:05,-69,['fn']
254776665,don’t miss out on this! $fn macd histogram just turned positive. view odds of uptrend. https://srnk.us/go/2286525,2020-11-06 03:44:03,1,['fn']
254700074,$aaoi management really dun goofed relying too long on 40g/100g rather than focusing on 400g. competitors like $fn and $infn have already locked in hyperscale 400g design wins that have already materialized into revenues. aaoi had only one design win in 4q &#39;19 that has yet to materialize into revenue. 40g/100g is quickly becoming obsolete,2020-11-05 21:22:01,-69,"['infn', 'fn', 'aaoi']"
254507298,$aaoi important to note that 100g revenues for $infn and $fn were both flat quarter over quarter while 400g grew considerably. aaoi is playing catch up here with only one design win in 400g that has yet to materialize into revenues,2020-11-05 03:05:42,-69,"['infn', 'fn', 'aaoi']"
254506600,does this make you nervous? $fn price moved above its 50-day moving average. view odds of uptrend. https://srnk.us/go/2282696,2020-11-05 02:58:48,1,['fn']
254505339,"$aaoi needs 400g wins for 3q for bull thesis to hold. $fn and $infn have already started to ramp up 400g while phasing out their 100g programs. 100g is quickly becoming obsolete and once competitors ramp up 400g production, 100g revenue will be near-zero. the reason why 100g revenue spiked in q2 was because hyperscale customers were purchasing all the supply of any transceiver type available and competitors had not ramped up 400g production yet. in the prior earnings call, mgmt noted that 400g qualification efforts are being pushed out due to pandemic. this is notably false as $fn and $infn have already began to make headways into 400g hyperscale customers",2020-11-05 02:47:06,-69,"['infn', 'fn', 'aaoi']"
254238596,last10k highlighted 55 positive and negative remarks in $fn&#39;s 10-q filed today. see them in the quarterly report: https://last10k.com/sec-filings/fn/0001193125-20-284755.htm?utm_source=stocktwits&amp;utm_medium=forum&amp;utm_campaign=sentiment&amp;utm_term=fn,2020-11-03 23:08:45,-69,['fn']
254214497,$fn just filed a 10-q quarterly report with 79 sections and 3 exhibits. access them all or just read their earnings: https://last10k.com/sec-filings/fn/0001193125-20-284755.htm?utm_source=stocktwits&amp;utm_medium=forum&amp;utm_campaign=10kq2040f&amp;utm_term=fn,2020-11-03 21:07:13,-69,['fn']
254214038,fabrinet just filed its quarterly report: 4. earnings per o... http://www.conferencecalltranscripts.org/q/summary/?id=8512042 $fn,2020-11-03 21:05:56,-69,['fn']
254213185,"$fn [15s. delayed] filed form 10-q on november 03, 16:02:29 https://s.flashalert.me/40otr",2020-11-03 21:03:43,-69,['fn']
254213050,"$fn form 10-q (quarterly report [sections 13 or 15(d)]) filed with the sec 

https://newsfilter.io/a/f78889e8e363f6581eb4097f74b6d850",2020-11-03 21:03:22,-69,['fn']
254151611,big gainer alert: trading today&#39;s 8.1% move in fabrinet $fn https://wp.me/p5blgb-bka5,2020-11-03 17:06:34,-69,['fn']
254115917,$fn +4.20 -  optical$  - good er beat$,2020-11-03 15:11:08,1,['fn']
254080014,"$fn beats by $0.07, beats on revs; guides q2 eps in-line, revs in-line https://www.briefing.com/in-depth-analysis/content/article?articleid=in20201102162637fn",2020-11-03 12:51:33,-69,['fn']
254065761,"$fn new article : fabrinet reports record quarterly revenue in q1, guides eps higher https://www.stck.pro/news/fn/8903040",2020-11-03 10:04:05,-69,['fn']
254065727,"$fn fabrinet reports record quarterly revenue in q1, guides eps higher 

https://newsfilter.io/a/16903d49b2950fec22ed1a29810001ed",2020-11-03 10:03:05,-69,['fn']
254038495,$fn updates q2 guidance to $1.00-$1.07 eps and revenue guidance to $420-$440 million. https://www.marketbeat.com/g/52601,2020-11-03 02:04:28,-69,['fn']
254011889,$fn just filed with the sec a earnings release and a financial exhibit https://last10k.com/sec-filings/fn/0001193125-20-283944.htm?utm_source=stocktwits&amp;utm_medium=forum&amp;utm_campaign=8k&amp;utm_term=fn,2020-11-02 22:42:49,-69,['fn']
254011261,$fn updates q2 2021after-hours guidance to 1.00-1.07 eps and revenue guidance to $420-440 million. https://www.marketbeat.com/g/52579,2020-11-02 22:38:55,-69,['fn']
254001901,"fabrinet q1 adj. eps $1.05 beats $0.98 estimate, sales $436.60m beat $421.65m estimate

related tickers: $fn",2020-11-02 21:52:53,-69,['fn']
253998383,$fn fabrinet announces first quarter fiscal year 2021 financial results https://www.otcdynamics.com/fn-fabrinet-announces-first-quarter-fiscal-year-2021-financial-results,2020-11-02 21:37:15,-69,['fn']
253995879,"$fn reported earnings of $1.05, consensus was $0.82 via @ewhispers #epsbeat http://eps.sh/d/fn",2020-11-02 21:28:01,-69,['fn']
253995288,fabrinet announces first quarter fiscal year 2021 financial results  http://www.conferencecalltranscripts.org/8/summary2/?id=8506928 $fn,2020-11-02 21:25:52,-69,['fn']
253994755,"$fn [15s. delayed] filed form 8-k on november 02, 16:23:02: item2.02: results of operations &amp; financial condition https://s.flashalert.me/n8ok85",2020-11-02 21:24:04,-69,['fn']
253994630,"$fn form 8-k: results of operations and financial condition. on november 2, 2020, fabrinet issued a press release regarding its financial results for its fiscal quarter ended september 25, 2020. a cop.. 

https://newsfilter.io/a/00bc26c377cb31b577eb6811e6c1b539",2020-11-02 21:23:39,-69,['fn']
253993789,"$fn fabrinet eps beats by $0.09, beats on revenue 

https://newsfilter.io/a/f30f03c048f7d704e92aa5666173b88b",2020-11-02 21:21:04,-69,['fn']
253992789,"$fn [15s. delayed, acc.~90%, always check] earnings release november 02, 16:15:00: q1: gaap eps of $0.88, revenue $436.63m. https://s.flashalert.me/z7gfdz",2020-11-02 21:18:04,-69,['fn']
253992750,"$fn [15s. delayed]: issued press release on november 02, 16:15:00: fabrinet announces first quarter fiscal year 2021 financial results https://s.flashalert.me/oxprz",2020-11-02 21:17:59,-69,['fn']
253992556,"$fn earnings call today: 5:00 pm est 
webcast: http://mmm.wallstreethorizon.com/u.asp?u=348652 
stockpods beta is now live. visit to find analyst ratings, stock price targets, and phone/pin for today&#39;s earnings calls: https://www.stockpods.com",2020-11-02 21:17:24,-69,['fn']
253992349,"$fn fabrinet announces first quarter fiscal year 2021 financial results
https://www.stocktitan.net/news/fn/fabrinet-announces-first-quarter-fiscal-year-2021-financial-xjhkcvfx6j67.html",2020-11-02 21:16:55,-69,['fn']
253992041,"$fn fabrinet announces first quarter fiscal year 2021 financial results 

https://newsfilter.io/a/e16cf8a52b619fbc7ea23fd9ff892dfc",2020-11-02 21:16:11,-69,['fn']
253983528,"✅ earnings ✅
monday november 2nd
💎💎~part 3 ~💎💎
🔥after hours🔥

$evri
$rig
$espr
$fn
$med",2020-11-02 20:50:59,1,"['fn', 'med', 'rig', 'espr', 'evri']"
253910893,"$fn reports after the close, estimize consensus +0.03 eps and +4.56m revs compared to ws
http://www.estimize.com/fn/fq1-2021?utm_content=prerelease&amp;utm_medium=tweet&amp;utm_source=stocktwits",2020-11-02 16:00:16,-69,['fn']
253845082,"fabrinet ($fn) 1q21 earnings sneak peek 
 
https://www.stockmarketintellects.com/fabrinet-fn-1q21-earnings-sneak-peek/",2020-11-02 06:47:32,-69,['fn']
253814037,$fn new article : fabrinet q1 earnings preview https://www.stck.pro/news/fn/8869442,2020-11-01 22:45:03,-69,['fn']
253698515,does this make you nervous? $fn rsi indicator left the oversold zone. view odds of uptrend. https://srnk.us/go/2264223,2020-10-31 03:09:34,1,['fn']
253481207,fabrinet $fn bidaskscore is lowered to stronglysold https://bidaskclub.com/news/company/2020-10-29/fn,2020-10-30 10:41:02,-69,['fn']
253463272,fabrinet to release earnings after the market closes on monday. analysts expect 0.82 eps. www.marketbeat.com/p/487879 $fn #fn,2020-10-30 05:02:06,-69,['fn']
251996704,additional definitive proxy soliciting materials and rule 14(a)(12) material http://www.conferencecalltranscripts.org/no/summary2/?id=8467398 $fn,2020-10-22 20:35:27,-69,['fn']
251996400,"$fn [15s. delayed] filed form defa14a on october 22, 16:33:31 https://s.flashalert.me/jljtt",2020-10-22 20:34:37,-69,['fn']
251996314,fabrinet releases salary data. ceo sees compensation rise 36% http://www.conferencecalltranscripts.org/proxy/summary/?id=8467380 $fn,2020-10-22 20:34:23,-69,['fn']
251995909,"$fn [15s. delayed] filed form def 14a on october 22, 16:32:02 https://s.flashalert.me/ouhcb",2020-10-22 20:33:05,-69,['fn']
251057142,"$fn fabrinet to announce first quarter 2021 financial results on november 2, 2020 https://www.otcdynamics.com/fn-fabrinet-to-announce-first-quarter-2021-financial-results-on-november-2-2020",2020-10-19 12:29:33,-69,['fn']
251054017,"$fn new article : fabrinet to announce first quarter 2021 financial results on november 2, 2020 https://www.stck.pro/news/fn/8575130",2020-10-19 12:11:18,-69,['fn']
251052930,"$fn [15s. delayed]: issued press release on october 19, 08:00:00: fabrinet to announce first quarter 2021 financial results on november 2, https://s.flashalert.me/b4bsa3",2020-10-19 12:04:44,-69,['fn']
251052848,"$fn fabrinet to announce first quarter 2021 financial results on november 2, 2020
https://www.stocktitan.net/news/fn/fabrinet-to-announce-first-quarter-2021-financial-results-on-cmrodrei2klm.html",2020-10-19 12:04:13,-69,['fn']
249488605,fabrinet $fn bidaskscore is lowered to sold https://bidaskclub.com/news/company/2020-10-09/fn,2020-10-10 12:41:04,-69,['fn']
246170269,"$fn: new sec filing on chief executive officer, seamus grady: https://www.sec.gov/archives/edgar/data/1408710/000120919120051938/xslf345x03/doc4.xml",2020-09-24 22:35:02,-69,['fn']
246155873,"$fn [15s. delayed] filed sec form 4: chief executive officer grady seamus: 
delivered securities 6,082 of ordinary shares at price $62.05  https://s.flashalert.me/8glhp",2020-09-24 21:28:08,-69,['fn']
246155792,"$fn $377,388.10 of shares sold by grady seamus (chief executive officer), reported in a new form 4 filed with the sec  

https://newsfilter.io/a/78ac1a28df5b24924c64eab18e8ecad9",2020-09-24 21:27:47,-69,['fn']
245724606,fabrinet $fn bidaskscore is increased to held https://bidaskclub.com/news/company/2020-09-22/fn,2020-09-23 16:07:03,-69,['fn']
245338156,fabrinet (nyse:fn) receives consensus rating of &quot;buy&quot; from analysts $fn #fn https://www.marketbeat.com/n/4466844/,2020-09-22 05:47:00,-69,['fn']
245208670,"cisco likely to appear on potential chinese blacklist of u.s. firms - wsj  $csco $acia $fn $aaoi $lite 

https://newsfilter.io/a/496d05408a0422d5fb07ec109bea2af7",2020-09-21 17:32:03,-69,"['csco', 'fn', 'aaoi', 'lite', 'acia']"
244074700,what do you think of this? $fn in uptrend: rsi indicator exits oversold zone. view odds for this and other indicators: https://srnk.us/go/2106021,2020-09-16 09:59:29,-69,['fn']
243350545,fabrinet $fn bidaskscore is lowered to sold https://bidaskclub.com/news/company/2020-09-11/fn,2020-09-12 11:52:05,-69,['fn']
243331944,"td buy $fn at 59.44, supp 59.44 resis 71.34 r20  hilo 47% t1y 74 buy 2.4 pe 19.7 div n/a #fabrinet #stocks #trading #finance #market https://bit.ly/2rllsqs",2020-09-12 02:48:54,1,['fn']
242980095,$fn come to daddy.,2020-09-10 19:12:43,-69,['fn']
242493764,"$fn $809,064.04 of shares sold by ng toh-seng (evp, special projects), reported in a new form 4 filed with the sec  https://newsfilter.io/a/3377c6a87f5346804e6b1fcde2e9031e",2020-09-08 23:03:04,-69,['fn']
242492817,"$fn [15s. delayed] filed sec form 4: evp, special projects ng toh-seng: 
disposed 12,617 of ordinary shares at average price $64.13 on 202 https://s.flashalert.me/jupq1b",2020-09-08 22:58:29,-69,['fn']
242492759,"#fwsells $fn ng toh-seng, evp, special projects of fabrinet sold 12617 shares on 2020-09-04. https://formwhispers.com/s?t=fn",2020-09-08 22:58:09,-69,['fn']
241726782,"$fn: new sec filing on evp, special projects, toh-seng ng: https://www.sec.gov/archives/edgar/data/1408710/000120919120049362/xslf345x03/doc4.xml",2020-09-04 00:45:02,-69,['fn']
241652058,"#fwsells $fn ng toh-seng, evp, special projects of fabrinet sold 11000 shares on 2020-09-01. https://formwhispers.com/s?t=fn",2020-09-03 20:08:30,-69,['fn']
241649455,"$fn [15s. delayed] filed sec form 4: evp, special projects ng toh-seng: 
disposed 11,000 of ordinary shares at price $67.86 on 2020-09-01, https://s.flashalert.me/qnsmue",2020-09-03 20:02:58,-69,['fn']
241649338,"$fn $746,460.00 of shares sold by ng toh-seng (evp, special projects), reported in a new form 4 filed with the sec  

https://newsfilter.io/a/ab3c915b3a2f24ba6a172e4eb327e6b7",2020-09-03 20:02:39,-69,['fn']
241567681,$fn no material and or substantive new news here.,2020-09-03 16:26:12,-69,['fn']
240879691,"fabrinet coo harpal gill sells $1,047,450.00 in $fn https://www.marketbeat.com/i/405357",2020-09-01 16:52:55,-69,['fn']
240717104,"this is amazing! what do you think? $fn in uptrend: price expected to rise as it breaks its lower bollinger band on august 20, 2020. view odds for this and other indicators: https://srnk.us/go/2048945",2020-09-01 03:00:39,-69,['fn']
240691439,"$fn: new sec filing on president &amp; coo, harpal gill: https://www.sec.gov/archives/edgar/data/1408710/000120919120048851/xslf345x03/doc4.xml",2020-09-01 00:16:02,-69,['fn']
240680013,"$fn [15s. delayed] filed sec form 4: president &amp; coo gill harpal: 
disposed 15,000 of ordinary shares at price $69.83 on 2020-08-28, decre https://s.flashalert.me/mdhh8",2020-08-31 23:15:15,-69,['fn']
240679945,"#fwsells $fn gill harpal, president &amp; coo of fabrinet sold 15000 shares on 2020-08-28. https://formwhispers.com/s?t=fn",2020-08-31 23:14:58,-69,['fn']
240679931,"$fn $1,047,450.00 of shares sold by gill harpal (president &amp; coo), reported in a new form 4 filed with the sec  

https://newsfilter.io/a/e73bf521ca66c9fb67cd1bf31a174a20",2020-08-31 23:14:55,-69,['fn']
240193600,icymi: bullish stocks surging above their 50days moving average (50sma): $la $meq $fn http://dlvr.it/rfy9ck,2020-08-28 20:44:04,-69,['fn']
239972315,fabrinet (nyse:fn) given consensus rating of &quot;buy&quot; by brokerages $fn #fn https://www.marketbeat.com/n/4443547/,2020-08-28 06:53:36,-69,['fn']
239875890,"$fn david t. mitchell sold 9,784 shares [very high conviction] www.insider-analysis.com/search_transactions.php?ticker=table_fn",2020-08-27 21:06:46,-69,['fn']
239875129,"$fn seamus grady sold 9,500 shares [very high conviction] www.insider-analysis.com/search_transactions.php?ticker=table_fn",2020-08-27 21:03:49,-69,['fn']
239874325,"$fn edward t. archer sold 2,066 shares [average conviction] www.insider-analysis.com/search_transactions.php?ticker=table_fn",2020-08-27 21:00:52,-69,['fn']
239873518,"$fn toh-seng ng sold 4,171 shares [high conviction] www.insider-analysis.com/search_transactions.php?ticker=table_fn",2020-08-27 20:57:55,-69,['fn']
239872788,"$fn harpal gill sold 4,665 shares [high conviction] www.insider-analysis.com/search_transactions.php?ticker=table_fn",2020-08-27 20:54:58,-69,['fn']
239679286,bullish stocks surging above their 50days moving average (50sma): $la $meq $fn http://dlvr.it/rfskjz,2020-08-27 13:42:33,-69,['fn']
239611891,"fabrinet evp edward archer sells $144,186.14 in $fn https://www.marketbeat.com/i/404812",2020-08-27 03:58:30,-69,['fn']
239610948,"fabrinet ceo seamus grady sells $2,173,113.58 in $fn https://www.marketbeat.com/i/404809",2020-08-27 03:49:34,-69,['fn']
239586680,"$fn [15s. delayed] filed sec form 4: director mitchell david t.: 
disposed 9,784 of ordinary shares at price $69.61 on 2020-08-24, decreas https://s.flashalert.me/eiziwc",2020-08-27 01:11:08,-69,['fn']
239585905,"$fn $681,064.24 of shares sold by mitchell david t. (director), reported in a new form 4 filed with the sec  

https://newsfilter.io/a/fc4dff698cf80ed17cd1923886a9c683",2020-08-27 01:06:47,-69,['fn']
239578892,"$fn $2,172,967.68 of shares sold by grady seamus (chief executive officer), reported in a new form 4 filed with the sec  https://newsfilter.io/a/a08cf21261b68ac9f9dc372c3c2113b7",2020-08-27 00:28:37,-69,['fn']
239577956,"$fn [15s. delayed] filed sec form 4: chief executive officer grady seamus: 
disposed 30,547 of ordinary shares at average price $71.14 on  https://s.flashalert.me/smqpt",2020-08-27 00:24:01,-69,['fn']
239577885,"#fwsells $fn grady seamus, chief executive officer of fabrinet sold 30547 shares on 2020-08-26. https://formwhispers.com/s?t=fn",2020-08-27 00:23:41,-69,['fn']
239576249,"$fn [15s. delayed] filed sec form 4: evp, sales &amp; marketing archer edward t.: 
disposed 2,066 of ordinary shares at price $69.79 on 2020-0 https://s.flashalert.me/3giok",2020-08-27 00:15:57,-69,['fn']
239576192,"#fwsells $fn archer edward t., evp, sales &amp; marketing of fabrinet sold 2066 shares on 2020-08-25. https://formwhispers.com/s?t=fn",2020-08-27 00:15:40,-69,['fn']
239576172,"$fn $144,186.14 of shares sold by archer edward t. (evp, sales &amp; marketing), reported in a new form 4 filed with the sec  

https://newsfilter.io/a/fb2cc2f7c5a393a4a7f712e6042a0269",2020-08-27 00:15:36,-69,['fn']
239569571,"$fn $290,343.31 of shares sold by ng toh-seng (evp, special projects), reported in a new form 4 filed with the sec  https://newsfilter.io/a/b5773def50ccc809a7a5c2e2a9d23825",2020-08-26 23:46:02,-69,['fn']
239568616,"$fn [15s. delayed] filed sec form 4: evp, special projects ng toh-seng: 
delivered securities 4,171 of ordinary shares at price $69.61 on  https://s.flashalert.me/2bfjj",2020-08-26 23:41:22,-69,['fn']
239568286,"$fn [15s. delayed] filed sec form 4: president &amp; coo gill harpal: 
delivered securities 4,665 of ordinary shares at price $69.61 on 2020-0 https://s.flashalert.me/elddba",2020-08-26 23:39:28,-69,['fn']
239568212,"$fn $324,730.65 of shares sold by gill harpal (president &amp; coo), reported in a new form 4 filed with the sec  

https://newsfilter.io/a/aaf6ee481371bde0a6a42b8523ec79dd",2020-08-26 23:39:05,-69,['fn']
239562726,"$fn toh-seng ng sold 6,229 shares [high conviction] www.insider-analysis.com/search_transactions.php?ticker=table_fn",2020-08-26 23:12:46,-69,['fn']
239562140,"$fn seamus grady sold 5,163 shares [high conviction] www.insider-analysis.com/search_transactions.php?ticker=table_fn",2020-08-26 23:09:50,-69,['fn']
239561539,"$fn seamus grady sold 9,990 shares [very high conviction] www.insider-analysis.com/search_transactions.php?ticker=table_fn",2020-08-26 23:06:55,-69,['fn']
239560929,"$fn harpal gill sold 4,172 shares [high conviction] www.insider-analysis.com/search_transactions.php?ticker=table_fn",2020-08-26 23:03:58,-69,['fn']
239560291,"$fn harpal gill sold 6,468 shares [high conviction] www.insider-analysis.com/search_transactions.php?ticker=table_fn",2020-08-26 23:01:02,-69,['fn']
239559642,"$fn edward t. archer sold 2,067 shares [average conviction] www.insider-analysis.com/search_transactions.php?ticker=table_fn",2020-08-26 22:58:05,-69,['fn']
239270811,stocktwits trending alert: trading recent interest in fabrinet $fn https://wp.me/p5blgb-acsn,2020-08-26 01:44:52,-69,['fn']
239239754,"$fn  looking good

i want to see a pop to 76",2020-08-25 23:01:19,-69,['fn']
239223922,"$fn reported 3 new insider trades to the sec in the last 2 minutes.

$708,480.00 of shares sold by ng toh-seng (evp, special projects)   https://newsfilter.io/articles/4-form-9eae8fbf384847e0d15b4bedb286314c
$1,047,375.36 of shares sold by grady seamus (chief executive officer)   https://newsfilter.io/articles/4-form-9c8f675cd43f6677d08151f6751594f8
$735,436.80 of shares sold by gill harpal (president &amp; coo)   https://newsfilter.io/articles/4-form-e2fbf4340e0af1ada49c86f0fc5a62c8",2020-08-25 21:53:54,-69,['fn']
239223280,"$fn [15s. delayed] filed sec form 4: evp, special projects ng toh-seng: 
delivered securities 10,250 of ordinary shares at average price $ https://s.flashalert.me/mz0coj",2020-08-25 21:51:15,-69,['fn']
239222973,"$fn [15s. delayed] filed sec form 4: chief executive officer grady seamus: 
delivered securities 15,153 of ordinary shares at average pric https://s.flashalert.me/pthqh",2020-08-25 21:49:58,-69,['fn']
239222800,"$fn [15s. delayed] filed sec form 4: president &amp; coo gill harpal: 
delivered securities 10,640 of ordinary shares at average price $69.12  https://s.flashalert.me/weznlb",2020-08-25 21:49:14,-69,['fn']
239222654,"$fn [15s. delayed] filed sec form 4: evp, sales &amp; marketing archer edward t.: 
delivered securities 2,067 of ordinary shares at price $69. https://s.flashalert.me/cukcf",2020-08-25 21:48:42,-69,['fn']
239222575,"$fn $142,871.04 of shares sold by archer edward t. (evp, sales &amp; marketing), reported in a new form 4 filed with the sec  

https://newsfilter.io/a/5c7928c9995f79b3cb303bf20bcd8d77",2020-08-25 21:48:23,-69,['fn']
239196258,fabrinet $fn bidaskscore is downgraded to held https://bidaskclub.com/news/company/2020-08-24/fn,2020-08-25 20:18:02,-69,['fn']
238946582,fabrinet $fn bidaskscore is #reiterated to bought https://bidaskclub.com/news/company/2020-08-19/fn,2020-08-25 02:14:03,-69,['fn']
238873277,"$fn: new sec filing on evp, special projects, toh-seng ng: https://www.sec.gov/archives/edgar/data/1408710/000120919120048082/xslf345x03/doc4.xml",2020-08-24 20:34:01,-69,['fn']
238870217,"$fn reported 4 new insider trades to the sec in the last 2 minutes.

27,837 shares acquired by grady seamus (chief executive officer)   https://newsfilter.io/articles/4-form-a28c28e3c7057d4d6a3220aa56175d4a
5,448 shares acquired by ng toh-seng (evp, special projects)   https://newsfilter.io/articles/4-form-66af61ca64f7a36646cbd023c5c9081a
9,992 shares acquired by sverha csaba (chief financial officer)   https://newsfilter.io/articles/4-form-9057f7217686ccbfea56cc76b5608c9a
17,844 shares acquired by gill harpal (president &amp; coo)   https://newsfilter.io/articles/4-form-23babddd28ce382df290e321d8d4faef",2020-08-24 20:25:10,-69,['fn']
238869285,"$fn [15s. delayed] filed sec form 4: chief financial officer sverha csaba: 
granted 9,992 of ordinary shares at price $0 on 2020-08-20, in https://s.flashalert.me/3zgoem",2020-08-24 20:22:29,-69,['fn']
238869120,"$fn [15s. delayed] filed sec form 4: evp, special projects ng toh-seng: 
granted 5,448 of ordinary shares at price $0 on 2020-08-20, incre https://s.flashalert.me/147zzs",2020-08-24 20:22:01,-69,['fn']
238868809,"$fn [15s. delayed] filed sec form 4: chief executive officer grady seamus: 
granted 27,837 of ordinary shares at price $0 on 2020-08-20, i https://s.flashalert.me/kbbzi",2020-08-24 20:21:09,-69,['fn']
238868499,"$fn [15s. delayed] filed sec form 4: president &amp; coo gill harpal: 
granted 17,844 of ordinary shares at price $0 on 2020-08-20, increased  https://s.flashalert.me/u6vorz",2020-08-24 20:20:24,-69,['fn']
238868334,"$fn [15s. delayed] filed sec form 4: evp, sales &amp; marketing archer edward t.: 
granted 8,565 of ordinary shares at price $0 on 2020-08-20, https://s.flashalert.me/pio8e",2020-08-24 20:20:03,-69,['fn']
238868210,"$fn 8,565 shares acquired by archer edward t. (evp, sales &amp; marketing), reported in a new form 4 filed with the sec  

https://newsfilter.io/a/13e4818c9a8d2860ef1a8400e72e0697",2020-08-24 20:19:41,-69,['fn']
238180846,b. riley raises fabrinet fy2021 earnings estimates to $3.52 eps (previously $3.50). https://www.marketbeat.com/x/896122 $fn,2020-08-21 12:23:20,-69,['fn']
237843096,$fn is currently showing a bull flag pattern! a bull flag pattern is a pull back after a strong rise up. https://www.chartmill.com/stock/analyzer/stock/fn?key=8c6f958d-c3c2-4fe1-9055-9e6108d5e6d5&amp;utm_source=stocktwits&amp;utm_medium=ta&amp;utm_content=fn&amp;utm_campaign=social_tracking,2020-08-20 13:24:00,-69,['fn']
237814201,b. riley raises fabrinet q1 2021 earnings estimates to $0.82 eps (previously $0.79). https://www.marketbeat.com/x/895650 $fn,2020-08-20 11:30:40,-69,['fn']
237554080,"top news sentiment losers. the sentiment positive and % change are shown next to the ticker. these are picked based on news volume and sentiment deviation -  $fn(75.2 -1.2%), $fds(68.0 0.7%), $sq(79.3 -0.5%), $ma(71.7 0.1%), $intc(73.0 -0.3%",2020-08-19 14:42:55,-1,"['intc', 'fds', 'fn', 'ma', 'sq']"
237465420,"$fn today’s announcement of annual report gives a picture of the firm’s past year performance. unlike cash flows, the reported earnings include “accruals”, which is the forecast of benefits not yet collected. see the image below. the forecast, however, may have errors. some companies can even use accruals to manipulate their earnings. as a result, accruals may not be fully realized, leading to high accruals associating with low subsequent cash flows. so, supposed firms a and b have the same reported earnings. a is expected to have lower future earnings if it has high current accruals than b.",2020-08-19 03:48:32,-69,['fn']
237408455,last10k highlighted 48 positive and negative remarks in $fn&#39;s 10-k filed today. see them in the annual report: https://last10k.com/sec-filings/fn/0001193125-20-223682.htm?utm_source=stocktwits&amp;utm_medium=forum&amp;utm_campaign=sentiment&amp;utm_term=fn,2020-08-18 22:01:11,-69,['fn']
237390224,$fn just filed a 10-k annual report with 126 sections and 4 exhibits. access them all or just read their earnings: https://last10k.com/sec-filings/fn/0001193125-20-223682.htm?utm_source=stocktwits&amp;utm_medium=forum&amp;utm_campaign=10kq2040f&amp;utm_term=fn,2020-08-18 20:55:54,-69,['fn']
237390187,fabrinet just filed its annual report: 5.    earnings per o... http://www.conferencecalltranscripts.org/q/summary2/?id=8260233 $fn,2020-08-18 20:55:50,-69,['fn']
237389714,"$fn [15s. delayed] filed form 10-k on august 18, 16:52:39 https://s.flashalert.me/sdyql",2020-08-18 20:54:13,-69,['fn']
237389610,"$fn form 10-k (annual report [section 13 and 15(d), not s-k item 405]) filed with the sec 

https://newsfilter.io/a/6bc36f889ebd4df13f580193beb3b3b1",2020-08-18 20:53:53,-69,['fn']
237372695,"$fn 
target raised by needham &amp; company llc buy usd 81 » usd 85 
target raised by stifel nicolaus buy usd 68 » usd 85 
maintains jpmorgan chase neutral usd 70 » usd 80 
downgrades northland capital market perform usd 70
https://www.stocktargetadvisor.com/stock/usa/nye/fn#analyst-rating-tab",2020-08-18 20:02:56,-69,['fn']
237349436,fabrinet&#39;s pt raised by b. riley to $67.00. https://www.marketbeat.com/r/1467829 $fn,2020-08-18 19:00:55,-69,['fn']
237288259,upgrades &amp; downgrades: $bby $oxy $fn,2020-08-18 16:16:12,-69,"['bby', 'fn', 'oxy']"
237275072,$fn jp morgan maintains to neutral : pt $80.00 https://stockhoot.com/extsymbol.aspx?from=analystratingtweet&amp;symbol=fn&amp;t=468&amp;social=stocktwits,2020-08-18 15:39:30,-69,['fn']
237271355,"$fn fabrinet – fn – b. riley fbr – $59 – $67.
http://thestockmarketinfo.com/financial-analysts-august-18-2020/",2020-08-18 15:29:34,-69,['fn']
237268307,big loser alert: trading today&#39;s -8.1% move in fabrinet $fn https://wp.me/p5blgb-ay4d,2020-08-18 15:21:45,-69,['fn']
237266908,$fn northland capital markets downgrades to market perform : pt $70.00 https://stockhoot.com/extsymbol.aspx?from=analystratingtweet&amp;symbol=fn&amp;t=186&amp;social=stocktwits,2020-08-18 15:18:22,-69,['fn']
237246491,$fn coming down,2020-08-18 14:30:29,-69,['fn']
237237682,"$fn a look into fabrinet&#39;s price over earnings 

https://newsfilter.io/a/7a06efdf9f1b484322fff34204a368cb",2020-08-18 14:11:20,-69,['fn']
237207108,fabrinet&#39;s pt raised by jpmorgan chase &amp; co. to $80.00. neutral rating. https://www.marketbeat.com/r/1467672 $fn,2020-08-18 12:55:36,-69,['fn']
237197028,fabrinet&#39;s pt raised by stifel nicolaus to $85.00. buy rating. https://www.marketbeat.com/r/1467642 $fn,2020-08-18 12:15:05,-69,['fn']
237196563,"$fn   pt raise from $81 to $85, maintains buy @ needham",2020-08-18 12:12:53,-69,['fn']
237194533,fabrinet&#39;s pt raised by needham &amp; company llc to $85.00. buy rating. https://www.marketbeat.com/r/1467634 $fn,2020-08-18 12:04:20,-69,['fn']
237185727,fabrinet&#39;s hold rating reiterated at northland securities. $70.00 pt. https://www.marketbeat.com/r/1467584 $fn,2020-08-18 11:11:37,-69,['fn']
237178977,$fn needham maintains to buy : pt $85.00 https://stockhoot.com/extsymbol.aspx?from=analystratingtweet&amp;symbol=fn&amp;t=925&amp;social=stocktwits,2020-08-18 10:04:23,-69,['fn']
237176451,"$fn stifel maintained fabrinet (fn) coverage with buy and target $85 
past target price: $68 
issuance date: 2020-08-18",2020-08-18 09:15:09,-69,['fn']
237172444,an altman-z score of 7.24 indicates that $fn is not in any danger for bankruptcy at the moment. https://www.chartmill.com/stock/analyzer/stock/fn?view=fundamental-analysis&amp;key=8c6f958d-c3c2-4fe1-9055-9e6108d5e6d5&amp;utm_source=stocktwits&amp;utm_medium=fa&amp;utm_content=fn&amp;utm_campaign=social_tracking,2020-08-18 07:20:00,-69,['fn']
237158078,$fn sell the news! 💇‍♂️,2020-08-18 03:21:26,-1,['fn']
237153409,"$fn fabrinet eps beats by $0.05, beats on revenue.
http://thestockmarketinfo.com/monday-august-17-2020/",2020-08-18 02:43:33,-69,['fn']
237139258,$fn updates q1 guidance to $0.93-$1.00 eps and revenue guidance to $410-$430 million. https://www.marketbeat.com/g/51153,2020-08-18 01:05:56,-69,['fn']
237113279,$fn chart and sentiment leads me to believe this will sell-off tomorrow. pt $65 by eow,2020-08-17 22:36:34,-69,['fn']
237100897,$fn ideally this is back over 77 tomorrow,2020-08-17 21:32:27,1,['fn']
237095190,$fn updates q1 2021after-hours guidance to 0.93-1.00 eps and revenue guidance to $410-430 million. https://www.marketbeat.com/g/51149,2020-08-17 21:07:07,-69,['fn']
