id,body,created_at,sentiment,symbols
254819036,"$trip earnings call today: 8:30 am est 
webcast: http://mmm.wallstreethorizon.com/u.asp?u=346941 
stockpods beta is now live. visit to find analyst ratings, stock price targets, and phone/pin for today&#39;s earnings calls: https://www.stockpods.com",2020-11-06 13:03:07,-69,['trip']
254814972,"$trip beats by $0.08, beats on revs https://www.briefing.com/in-depth-analysis/content/article?articleid=in20201105161457trip",2020-11-06 12:38:41,-69,['trip']
254764263,$trip just filed a 10-q quarterly report with 65 sections and 4 exhibits. access them all or just read their earnings: https://last10k.com/sec-filings/trip/0001564590-20-051304.htm?utm_source=stocktwits&amp;utm_medium=forum&amp;utm_campaign=10kq2040f&amp;utm_term=trip,2020-11-06 02:05:28,-69,['trip']
254733661,$trip surprisingly quiet here....,2020-11-05 23:15:23,-69,['trip']
254721682,$trip do earnings come out today?,2020-11-05 22:25:41,-69,['trip']
254719745,$trip earnings are out!!  https://stockhoot.com/earningscalendar.aspx?from=afterearningstweet&amp;symbol=trip&amp;t=289&amp;social=stocktwits,2020-11-05 22:19:12,-69,['trip']
254716130,"$trip $bkng booking revenue beat estimates on summer lift in travel 

https://newsfilter.io/a/18148c2caed8c48123e90d06094ca1ee",2020-11-05 22:06:36,-69,"['bkng', 'trip']"
254712062,$trip just filed with the sec a earnings release and a financial exhibit https://last10k.com/sec-filings/trip/0001564590-20-051281.htm?utm_source=stocktwits&amp;utm_medium=forum&amp;utm_campaign=8k&amp;utm_term=trip,2020-11-05 21:53:57,-69,['trip']
254709928,"$trip new article : tripadvisor eps beats by $0.08, beats on revenue https://www.stck.pro/news/trip/8959112",2020-11-05 21:47:05,-69,['trip']
254706794,"$trip tripadvisor eps beats by $0.08, beats on revenue 

https://newsfilter.io/a/c0ff7dee953663efb0276490fa1819ae",2020-11-05 21:38:26,-69,['trip']
254703918,"tripadvisor q3 adj. eps $(0.17) beats $(0.26) estimate, sales $151.00m beat $143.35m estimate

related tickers: $trip",2020-11-05 21:31:24,-69,['trip']
254700141,tripadvisor just filed its quarterly report: note 4: earnings per... http://www.conferencecalltranscripts.org/q/summary/?id=8523140 $trip,2020-11-05 21:22:11,-69,['trip']
254697183,"$trip reported a loss of $0.17, consensus was ($0.42) via @ewhispers #epsbeat http://eps.sh/d/trip",2020-11-05 21:15:59,-69,['trip']
254696856,"$trip   reports q3 (sep) loss of $0.17 per share, excluding non-recurring items, $0.08 better than the s&amp;p capital iq consensus of ($0.25); revenues fell 64.7% year/year to $151 mln vs the $146.33 mln s&amp;p capital iq consensus.",2020-11-05 21:15:24,-69,['trip']
254696768,"$trip tripadvisor beats by $0.08, beats on revs",2020-11-05 21:15:13,-69,['trip']
254695821,"$trip tripadvisor earnings press release available on company&#39;s investor relations site 

https://newsfilter.io/a/a730ed6c228c2a2e56cf7e0838c64aca",2020-11-05 21:13:21,-69,['trip']
254695754,"$trip tripadvisor, inc. earnings press release available on company&#39;s investor relations site
https://www.stocktitan.net/news/trip/tripadvisor-inc-earnings-press-release-available-on-company-s-tcwf78gjkzsu.html

#earnings",2020-11-05 21:13:13,-69,['trip']
254694715,"$trip [15s. delayed] filed form 10-q on november 05, 16:07:58 https://s.flashalert.me/jremxy",2020-11-05 21:11:03,-69,['trip']
254694419,"$trip form 10-q (quarterly report [sections 13 or 15(d)]) filed with the sec 

https://newsfilter.io/a/179d698e143e8b64602643345bf1f3b5",2020-11-05 21:10:31,-69,['trip']
254690981,"$trip [15s. delayed] filed form 8-k on november 05, 16:01:59: item2.02: results of operations &amp; financial condition https://s.flashalert.me/kc3in2",2020-11-05 21:03:30,-69,['trip']
254690850,"$trip form 8-k: results of operations and financial condition. on november 5, 2020, tripadvisor issued a press release announcing its preliminary financial results for the three and nine months ended .. 

https://newsfilter.io/a/2eb19965fd17870b063222e4b92c519a",2020-11-05 21:03:08,-69,['trip']
254663811,options are priced for bigger-than-average #earnings move for $trip reporting after close via @ewhispers #volatility http://eps.sh/s/trip,2020-11-05 19:31:51,-69,['trip']
254661935,$trip anyone long or short through earnings?,2020-11-05 19:25:15,-1,['trip']
254605726,$trip is scheduled to report #earnings after the market closes today via @ewhispers http://eps.sh/s/trip,2020-11-05 16:05:17,-69,['trip']
254561660,$trip #earnings today amc   https://stockhoot.com/earningscalendar.aspx?from=individualtweet&amp;symbol=trip&amp;t=423&amp;social=stocktwits,2020-11-05 13:49:13,-69,['trip']
254523904,"street expectation from tripadvisor, inc. ($trip) 3q20 earnings?

https://www.stockmarketintellects.com/street-expectation-from-tripadvisor-inc-trip-3q20-earnings/",2020-11-05 07:13:17,-69,['trip']
254519085,comprehensive non-correlated tripadvisor $trip trading report https://tinyurl.com/y3bdmo87,2020-11-05 05:30:03,-69,['trip']
254471218,$trip new article : tripadvisor q3 2020 earnings preview https://www.stck.pro/news/trip/8940228,2020-11-04 22:42:42,-69,['trip']
254459308,"expedia earnings beat estimates on uptick in summer travel  $bkng $trip $expe 

https://newsfilter.io/a/3073a0e353de91fdcb7cc7f88597e214",2020-11-04 21:50:23,-69,"['expe', 'bkng', 'trip']"
254313915,peak profit for the last 6 expired option alerts for $trip 67.44| 40.70| 183.76| 127.27| -99.09| 88.57|,2020-11-04 11:33:33,-69,['trip']
254302556,a quick ratio of 3.43 indicates that $trip has no problem at all paying its short term obligations. https://www.chartmill.com/stock/quote/trip/fundamental-analysis?key=c2f62246-fa2b-4be7-b4e1-bb2bb863348d&amp;utm_source=stocktwits&amp;utm_medium=fa&amp;utm_content=trip&amp;utm_campaign=social_tracking,2020-11-04 08:02:00,-69,['trip']
254250033,"$trip: new sec filing on chief experience&amp;brand officer, lindsay nelson: https://www.sec.gov/archives/edgar/data/1526520/000112760220027997/xslf345x03/form4.xml",2020-11-04 00:24:01,-69,['trip']
254216067,"tripadvisor&#39;s chief experience&amp;brand officer just picked up 7,825 shares  http://www.conferencecalltranscripts.org/4/summary/?id=8512119 $trip",2020-11-03 21:12:14,-69,['trip']
254215186,"$trip [15s. delayed] filed sec form 4: insider nelson lindsay: 
delivered securities 3,252 of common stock at price $19.4 and converted se https://s.flashalert.me/z8zatd",2020-11-03 21:09:10,-69,['trip']
254215062,"$trip $63,088.80 of shares sold by nelson lindsay (chief experience&amp;brand officer), reported in a new form 4 filed with the sec  

https://newsfilter.io/a/b58ae1e2344dabc00c335f4c64022b8e",2020-11-03 21:08:51,-69,['trip']
254036579,3 stocks that need more than a vaccine to bounce back in 2021 $amc $trip $yelp https://bit.ly/3ej4pty,2020-11-03 01:46:39,-69,"['yelp', 'trip', 'amc']"
253965396,a lot of travel names look like the markets positioned in a do or die mode over these earnings $bkng $yelp $trip,2020-11-02 19:35:21,-69,"['bkng', 'yelp', 'trip']"
253939880,$trip staring down the cliff. needs an earnings miracle,2020-11-02 17:51:36,-69,['trip']
253796409,$trip tripadvisor earnings: what to watch http://dlvr.it/rkn48k,2020-11-01 18:13:33,-69,['trip']
253796061,$trip new article : tripadvisor earnings: what to watch https://www.stck.pro/news/trip/8866813,2020-11-01 18:07:06,-69,['trip']
253774671,"new ratings for tripadvisor($trip), w w($gww), flir… https://www.macroaxis.com/invest/marketratings?s=trip,gww,flir,vmc,vz,scg,mkc,aapl,msft,bll,umbf #insidertrading #stocks #fintechnews",2020-11-01 10:16:02,-69,"['gww', 'trip']"
253464164,"$trip nice engulfing bar today, see if it holds 19",2020-10-30 05:17:21,-69,['trip']
252721690,"$trip new article : check out the world&#39;s spookiest destinations, according to tripadvisor reviews https://www.stck.pro/news/trip/8777174",2020-10-27 14:17:06,-69,['trip']
252698424,$trip: tripadvisor ramps up support for hotels with launch of two new technology solutions https://www.chartmill.com/stock/quote/trip/news?utm_source=stocktwits&amp;utm_medium=pressrelease&amp;utm_content=trip&amp;utm_campaign=social_tracking,2020-10-27 13:00:01,-69,['trip']
252698202,"$trip tripadvisor ramps up support for hotels with launch of two new technology solutions 

https://newsfilter.io/a/599d0ba64f1837bebabf9e30f287573a",2020-10-27 12:58:55,-69,['trip']
252698199,"$trip tripadvisor ramps up support for hotels with launch of two new technology solutions
https://www.stocktitan.net/news/trip/tripadvisor-ramps-up-support-for-hotels-with-launch-of-two-new-5eb5lf9jcdf0.html",2020-10-27 12:58:53,-69,['trip']
252654791,comprehensive non-correlated tripadvisor $trip trading report https://tinyurl.com/y6jpkpbu,2020-10-27 02:15:04,-69,['trip']
252590269,"$trip tripadvisor. wait for $$$ and restoraration in 2021.. montly
downtrend since 2014
https://www.tradingview.com/x/c",2020-10-26 19:34:19,-69,['trip']
252555281,$trip i want to add more but i think it’s wants to bleed a bit more so i guess i’ll wait,2020-10-26 17:23:15,-69,['trip']
252385333,"tripadvisor ceo says google uses its ‘dominance in internet gatekeeping’ against travel sites

https://pageone.ng/2020/10/23/tripadvisor-ceo-says-google-uses-its-dominance-in-internet-gatekeeping-against-travel-sites/

$trip $googl $goog $opra",2020-10-25 10:36:53,-69,"['goog', 'trip', 'googl', 'opra']"
252322777,"icymi: tripadvisor ceo says google uses its ‘dominance in internet gatekeeping’ against travel sites

https://pageone.ng/2020/10/23/tripadvisor-ceo-says-google-uses-its-dominance-in-internet-gatekeeping-against-travel-sites/

$trip $googl $goog $opra",2020-10-24 11:03:48,-69,"['goog', 'trip', 'googl', 'opra']"
252315420,"icymi: tripadvisor ceo says google uses its ‘dominance in internet gatekeeping’ against travel sites

https://pageone.ng/2020/10/23/tripadvisor-ceo-says-google-uses-its-dominance-in-internet-gatekeeping-against-travel-sites/

$trip $googl $goog $opra",2020-10-24 04:56:36,-69,"['goog', 'trip', 'googl', 'opra']"
252236708,"tripadvisor ceo says google uses its &#39;dominance in internet gatekeeping&#39; against travel sites
— cnbc
$goog $trip",2020-10-23 19:06:07,-69,"['goog', 'trip']"
252194089,"tripadvisor ceo says google uses its ‘dominance in internet gatekeeping’ against travel sites

https://pageone.ng/2020/10/23/tripadvisor-ceo-says-google-uses-its-dominance-in-internet-gatekeeping-against-travel-sites/

$trip $googl $goog $opra",2020-10-23 16:29:47,-69,"['goog', 'trip', 'googl', 'opra']"
252170384,tripadvisor $trip bidaskscore is upgraded to sold https://bidaskclub.com/news/company/2020-10-22/trip,2020-10-23 15:14:05,-69,['trip']
252162639,$trip adding,2020-10-23 14:51:30,1,['trip']
252144695,$trip  21 will make me interested,2020-10-23 14:02:51,-69,['trip']
252114286,$trip symm. triangle + esix,2020-10-23 12:02:35,-69,['trip']
252008289,$trip need you to go back down to buy more,2020-10-22 21:16:38,1,['trip']
251981871,"side charts on radar tomorrow:

$jpm
$kre
$mu
$trip

explanation:

https://t.co/fxmj11wq87 https://t.co/uzzl7yqk32",2020-10-22 19:57:29,-69,"['jpm', 'kre', 'mu', 'trip']"
251965285,$trip tripadvisor call volume above normal and directionally bullish,2020-10-22 19:06:43,-69,['trip']
251954160,why is travel booming today? $expe $trip $sabr $ba $aal dal etc,2020-10-22 18:32:54,-69,"['expe', 'ba', 'trip', 'aal', 'sabr']"
251894405,$trip what&#39;s the news?,2020-10-22 15:28:00,-69,['trip']
251490421,"$trip new article : google search makes playing field uneven, says tripadvisor https://www.stck.pro/news/trip/8616363",2020-10-21 00:25:05,-69,['trip']
251322853,$yelp and $trip on watch on the filing,2020-10-20 14:24:46,-69,"['yelp', 'trip']"
251319686,peak profit for the last 6 expired option alerts for $trip 40.70| 183.76| 127.27| -99.09| 88.57| 167.03|,2020-10-20 14:17:35,-69,['trip']
251064551,$trip taking a vacation! this should moonshot after my vacation!,2020-10-19 13:07:53,1,['trip']
251052207,"$trip tripadvisor to audiocast third quarter 2020 conference call on november 6, 2020
https://www.stocktitan.net/news/trip/tripadvisor-to-audiocast-third-quarter-2020-conference-call-on-qiyuespeater.html",2020-10-19 12:00:35,-69,['trip']
250941318,comprehensive non-correlated tripadvisor $trip trading report https://tinyurl.com/yxe968y2,2020-10-17 23:00:04,-69,['trip']
250711031,short sale volume (not short interest) for $trip on 2020-10-15 is 36%. http://shortvolumes.com/?t=trip via @shortvolumes,2020-10-16 13:50:32,-69,['trip']
250709389,$trip down 4 days in a row. 21.02 | 20.08 | 19.9 | 19.78 | 19.4 |  https://www.sleekoptions.com/sleekscan.aspx?sub1=dscan,2020-10-16 13:46:37,-69,['trip']
250554968,$expe #expe with a 50% gainer midday on the break down into the 87s from 89 put $bkng #bkng $trip #trip,2020-10-15 18:58:41,-69,"['expe', 'bkng', 'trip']"
250050504,$bkng #bkng nice daytrade here if you traded the intraday break under 1790 to 1775 $expe #expe $trip #trip,2020-10-13 20:24:13,-69,"['expe', 'bkng', 'trip']"
250018848,"$trip back in. traded this 3 times last week, love this channel.",2020-10-13 18:56:59,1,['trip']
249937376,$trip have a lot of faith in this for the future.. for now i need it to drop a bit more so i can buy more at the price i originally bought at 😬,2020-10-13 14:46:34,-69,['trip']
249848424,$trip 3.19%,2020-10-13 02:58:22,-69,['trip']
249847701,$trip big trip. $trip,2020-10-13 02:51:31,-69,['trip']
249817632,"$trip sold my calls, happy as can be with being up 100% . hope those that bought my calls make more money",2020-10-12 23:05:37,-69,['trip']
249680201,$trip up 5 days in a row 19.3 | 19.7 | 20.17 | 20.22 | 20.37 | 20.45 |  https://www.sleekoptions.com/sleekscan.aspx?sub1=dscan,2020-10-12 14:27:52,-69,['trip']
249624863,peak profit for the last 6 expired option alerts for $trip 183.76| 127.27| -99.09| 88.57| 167.03| 38.10|,2020-10-12 07:51:01,-69,['trip']
249563128,"reasonable portfolio: tripadvisor($trip), jp… https://www.macroaxis.com/invest/marketriskandreturn?s=trip,jpm,trmk,ati,bxp,srcl,cats,wrld,irm #correlations #stocks #stockratings",2020-10-11 15:46:32,-69,['trip']
249553156,peak profit for the last 6 expired option alerts for $trip 183.76 | 127.27 | -99.09 | 88.57 | 167.03 | 38.10 |,2020-10-11 12:38:50,-69,['trip']
249477358,$trip option order flow sentiment has turned from bearish to bullish. http://tinyurl.com/y729hqoa,2020-10-10 04:43:32,-69,['trip']
249458272,$trip red to green move:  -1.34%  to +2.27% https://www.sleekoptions.com/sleekscan.aspx?did=trip,2020-10-10 00:31:14,-69,['trip']
249372121,$trip tripadvisor option order flow sentiment has turned from bearish to bullish. http://tinyurl.com/y729hqoa,2020-10-09 18:00:19,-69,['trip']
249370135,peak profit for the last 6 expired option alerts for $trip 183.76 | 127.27 | -99.09 | 88.57 | 167.03 | 38.10 |,2020-10-09 17:54:30,-69,['trip']
249353391,$trip about 3 x the traffic of expedia at a fraction of the mkt cap. had big traffic increase past 90 days,2020-10-09 17:02:39,1,['trip']
249348106,$trip nice bull flag on 15 min chart,2020-10-09 16:46:07,-69,['trip']
249347916,$trip you can break to 21.30 i believe!!,2020-10-09 16:45:34,1,['trip']
249135895,$trip new article : tripadvisor launches menu management platform for restaurants https://www.stck.pro/news/trip/8324796,2020-10-08 20:01:25,-69,['trip']
248906409,$trip chart is looking primed for bullish comeback,2020-10-08 00:45:30,1,['trip']
248862184,tripadvisor $trip trading report http://tinyurl.com/y3yy8w2p,2020-10-07 20:45:05,-69,['trip']
248853750,"$trip tripadvisor launches menu connect for restaurants to manage their complete online presence
https://www.stocktitan.net/news/trip/tripadvisor-launches-menu-connect-for-restaurants-to-manage-their-r7t6dsqxjia9.html",2020-10-07 20:16:24,-69,['trip']
248666938,possible runner signal alert: $trip. more insights: https://stockinvest.us/technical-analysis/trip?utm_source=stocktwits&amp;utm_medium=autopost,2020-10-07 07:49:52,1,['trip']
248241294,$trip wow just can&#39;t find a bottom here. can&#39;t believe 19 didn&#39;t hold.,2020-10-05 17:43:16,-69,['trip']
247299798,$trip one of my favorite trades right now. adding as $trip is pushing higher out of this down trending channel.,2020-09-30 17:31:13,1,['trip']
247160343,$trip green to red move:  +1.06% to -1.16% https://www.sleekoptions.com/sleekscan.aspx?did=trip,2020-09-30 03:50:03,-69,['trip']
246880454,short sale volume (not short interest) for $trip on 2020-09-28 is 49%. http://shortvolumes.com/?t=trip via @shortvolumes,2020-09-29 05:41:35,-69,['trip']
246821348,$trip $22 coming,2020-09-28 21:36:00,1,['trip']
246761592,earnings summary of #tripadvisor #trip $trip https://www.finscreener.com/title/earnings?&amp;idcp=7349,2020-09-28 17:58:15,-69,['trip']
246761564,"$trip classic epicenter name channeling lower past few weeks, but now pushing higher out of the channel. long and adding.",2020-09-28 17:58:09,1,['trip']
246751428,$trip bought more reversal coming chart looks good and is primed for a come back.,2020-09-28 17:19:59,1,['trip']
246724397,tripadvisor $trip trading report http://tinyurl.com/y33h3m7h,2020-09-28 15:45:04,-69,['trip']
246628873,"promising portfolio: tripadvisor($trip), citrix… https://www.macroaxis.com/invest/marketriskandreturn?s=trip,ctxs,pru,gci,an,cvbf,dis #insidertrading #stocks #fintechnews",2020-09-28 05:36:32,-69,['trip']
246576493,peak profit for the last 6 expired option alerts for $trip 183.76  | 127.27  | -99.09  | 88.57  | 167.03  | 38.10  |,2020-09-27 18:06:09,-69,['trip']
246539153,2020-09-25 short sale volume (not short interest) for $trip is 52%. http://shortvolumes.com/?t=trip via @shortvolumes,2020-09-27 01:23:36,-69,['trip']
246485574,peak profit for the last 6 expired option alerts for $trip 183.76  | 127.27  | -99.09  | 88.57  | 167.03  | 38.10  |,2020-09-26 09:49:09,-69,['trip']
246480983,$trip had approximately 6m usd go to the short side at 52 pct short  bears and bulls are fighting close  https://www.algowins.com/?wdt_column_filter[1]=trip,2020-09-26 06:08:48,-69,['trip']
246341000,4-star analyst elinor leung from clsa maintained a buy on $trip. elinor has a 63% success rate https://www.tipranks.com/analysts/elinor-leung,2020-09-25 16:44:00,-69,['trip']
246099677,$trip the $20 put bought on monday is up 100%😄. subscribe to get real time alert on unusual option volumes($15/month),2020-09-24 18:37:26,-69,['trip']
246048246,$trip was up $2000.00 on this one and now i’m down $2000.00 on this one should of put a stop loss but didn’t of course still holding long i think we are close to the bottom.,2020-09-24 16:03:49,1,['trip']
246042417,wow this is a big change! $trip&#39;s in downtrend: moving average convergence divergence (macd) histogram just turned negative. view odds for this and other indicators: https://srnk.us/go/2134832,2020-09-24 15:48:38,-69,['trip']
245813964,$trip been getting an ass whooping lately i think a recovery is coming.,2020-09-23 19:49:02,1,['trip']
245629855,$trip: doubletree by hilton hotel orlando airport wins 2020 tripadvisor travelers? choice award for best of the best https://www.chartmill.com/stock/quote/trip/news?utm_source=stocktwits&amp;utm_medium=pressrelease&amp;utm_content=trip&amp;utm_campaign=social_tracking,2020-09-23 10:44:00,-69,['trip']
245626799,"$trip doubletree by hilton hotel orlando airport wins 2020 tripadvisor travelers’ choice award for best of the best 

https://newsfilter.io/a/3592783962f1c2b56e6c4b4966740913",2020-09-23 10:00:20,-69,['trip']
245543809,peak profit for the last 6 expired option alerts for $trip 127.27  | -99.09  | 88.57  | 167.03  | 38.10  | 74.05  |,2020-09-22 21:44:43,-69,['trip']
245317963,$trip nasty drop grr,2020-09-22 01:49:25,-69,['trip']
245244667,$goog should sweep in and buy $trip on the dip. would be highly accretive to earnings,2020-09-21 19:44:29,1,"['goog', 'trip']"
245217122,"$wynn 2023 leaps are starting to become interesting.  they’re not where i’d take a position yet, but they’re officially on my keep an eye on them list.

$pgny is back on the list too, along with $spg and a few travel related names (cruise/portals) $nclh $trip

nothing yet to make me pull the trigger, but analyzing 2023 leaps where applicable as a way to potentially round out my portfolio for the next year or two.

the prices/risk v reward aren’t where i’d like them to be just yet.

watching w/a close 👁 though.",2020-09-21 18:04:18,-69,"['wynn', 'spg', 'nclh', 'trip', 'pgny']"
245193156,unusual options activity (a/o12:30pmest): $htht $ccxx $trip,2020-09-21 16:33:55,-69,"['htht', 'trip']"
245172205,"consider investing in october 2020: tripadvisor($trip),… https://www.macroaxis.com/invest/marketcorrelation?s=trip,isrg,eqr,snejf,trmk,jnj,gm,oiglf,fitb,fisv,qep,cvx #correlations #stocks #stockratings",2020-09-21 15:25:32,-69,['trip']
245138260,$trip i&#39;d be long here if i was you,2020-09-21 13:55:08,-69,['trip']
245112614,"updated correlation matrix for tripadvisor($trip),… https://www.macroaxis.com/invest/marketcorrelation?s=trip,t,ghm,iboc,etfc,ice,ibkr,eix,nbr,lsi,fast,ba #insidertrading #stocks #fintechnews",2020-09-21 12:25:03,-69,['trip']
245089209,an #airbnb #ipo is as much about staycations as it is about early insiders facing a stock options deadline. $expe $trip $uber https://bit.ly/3iondxe,2020-09-21 09:09:34,-69,"['expe', 'trip', 'uber']"
245060535,"$trip very oversold, nice bounce possible soon.",2020-09-21 02:14:16,-69,['trip']
244928217,tripadvisor $trip trading report http://tinyurl.com/y5lnp9ab,2020-09-19 10:45:04,-69,['trip']
244212085,$trip i think a rebound is coming it’s been way over sold and beat up a lot lately. i think it’s extremely undervalued and could easily see 30+ in 2021.,2020-09-16 17:43:43,1,['trip']
244171578,"$trip    holding, stop at 21.28 

travel stocks up today",2020-09-16 15:59:32,-69,['trip']
244088981,tripadvisor $trip bidaskscore is lowered to stronglysold https://bidaskclub.com/news/company/2020-09-15/trip,2020-09-16 12:02:05,-69,['trip']
244081044,"updated ratings for tripadvisor($trip), agnc… https://www.macroaxis.com/invest/marketratings?s=trip,agnc,mmc,blk,ndaq,r,aig,stmp,ppl,hes,bxp,ne #insidertrading #stocks #fintechnews",2020-09-16 11:13:04,-69,['trip']
244065777,bidaskclub downgrades tripadvisor (nasdaq:trip) to strong sell $trip #trip https://www.marketbeat.com/n/4461578/,2020-09-16 06:23:54,-69,['trip']
244065001,tripadvisor downgraded by bidaskclub to strong sell. https://www.marketbeat.com/r/1478116 $trip,2020-09-16 06:09:07,-69,['trip']
244064168,"💰 revenue history for tripadvisor ($trip)️:

2020 q2 :   $0.05 b    -78.78%
2020 q1 :   $0.27 b    -17.01%
2019 q4 :   $0.33 b

more: https://companiesmarketcap.com/tripadvisor/revenue/",2020-09-16 05:53:35,-69,['trip']
244052614,"td buy $trip at 21.04, supp 21.04 resis 24.56 r17  hilo 26% t1y 22 hold 3.0 fwdpe 39.7 div n/a #tripadviso #stocks #trading #finance #market https://bit.ly/2fanbiv",2020-09-16 03:16:46,1,['trip']
243902294,$trip boring as heck lately,2020-09-15 16:42:49,1,['trip']
243797482,"$trip utilizing‌ ‌tripadvisor&#39;s‌ ‌new‌ ‌proprietary‌ ‌first-party‌ ‌data‌ ‌platform,‌ ‌tripadvisor‌ ‌navigator,‌ ‌abu‌ ‌dhabi‌ partners‌ ‌with‌ ‌tripadvisor‌ ‌in launching‌ ‌new‌ ‌campaign‌ ‌to‌ ‌driv.. 

https://newsfilter.io/a/a0fb67b3549c4726de2dc81a0450b592",2020-09-15 11:00:40,-69,['trip']
243797468,"$trip utilizing‌ ‌tripadvisor&#39;s‌ ‌new‌ ‌proprietary‌ ‌first-party‌ ‌data‌ ‌platform,‌ ‌tripadvisor‌ ‌navigator,‌ ‌abu‌ ‌dhabi (dct abu dhabi)‌ partners‌ ‌with‌ ‌tripadvisor‌ ‌in launching‌ ‌new‌ ‌campaign‌ ‌to‌ ‌drive‌ traveler ‌inspiration‌ ‌and‌ ‌high‌ ‌return on advertising spend ‌‌
https://www.stocktitan.net/news/trip/utilizing-tripadvisor-s-new-proprietary-first-party-data-platform-56m9mxpo13b2.html",2020-09-15 11:00:35,-69,['trip']
243739564,$trip  the bull pattern is not confirmed. a new bull pattern is detected. https://bit.ly/1vbwoy4,2020-09-14 23:31:32,-69,['trip']
243660996,$trip close over 22 and gap up tomorrow,2020-09-14 18:33:19,1,['trip']
243655693,"travelzoo rated outperform on better peer-play performance; stable outlook  $tzoo $trip $trvg 

https://newsfilter.io/a/d01b6d420cff3e216f8158c320f575c5",2020-09-14 18:16:41,-69,"['tzoo', 'trip', 'trvg']"
243628063,short sale volume (not short interest) for $trip on 2020-09-11 is 40%. http://shortvolumes.com/?t=trip via @shortvolumes,2020-09-14 16:50:34,-69,['trip']
243581050,"$trip just bought 4200, hoping for a rally here",2020-09-14 14:36:08,1,['trip']
243570229,$trip dragging ass here,2020-09-14 14:09:28,1,['trip']
243493774,"what do you think of this? $trip in downtrend: its price may decline as a result of having broken its higher bollinger band on august 27, 2020. view odds for this and other indicators: https://srnk.us/go/2098538",2020-09-14 02:35:07,-69,['trip']
243398835,stocktwits trending alert: trading recent interest in tripadvisor $trip https://wp.me/p5blgb-amof,2020-09-13 00:02:14,-69,['trip']
243386681,stocktwits trending alert: trading recent interest in tripadvisor $trip https://wp.me/p5blgb-ammf,2020-09-12 21:03:57,-69,['trip']
243380633,"pandemic pushes travel ecosystem to change course as consumer preferences pivot to home  $trip $mar $hlt $h $ccl 

https://newsfilter.io/a/9c1e03eb49a4f03240d96c155502c863",2020-09-12 19:41:03,-69,"['ccl', 'mar', 'h', 'trip', 'hlt']"
243371504,icymi: three canada stocks whose volume surged on bullish signals: $mos $bes $trip http://dlvr.it/rgtb8p,2020-09-12 17:32:32,-69,"['mos', 'trip']"
243350411,do you agree with the a.i. prediction? $trip price exceeded its 50-day moving average. view odds of downtrend. https://srnk.us/go/2093225,2020-09-12 11:48:11,-1,['trip']
243104777,three canada stocks whose volume surged on bullish signals: $mos $bes $trip http://dlvr.it/rgpqjt,2020-09-11 10:31:05,-69,"['mos', 'trip']"
