id,body,created_at,sentiment,symbols
254859233,"#update recent swing trade alerts! $net 
 $ddog $panw $wix $etsy 
✔ follow and turn on notifications for more amazing trade ideas! 
✔ we are also streaming our proprietary trade idea&#39;s scanner for free!!!
https://www.youtube.com/unitedtraderschannel/live",2020-11-06 15:19:50,1,"['etsy', 'panw', 'wix', 'net', 'ddog']"
254823358,short sale volume (not short interest) for $panw on 2020-11-05 is 67%. http://shortvolumes.com/?t=panw via @shortvolumes,2020-11-06 13:23:36,-69,['panw']
254788604,paloaltonetworks $panw bidaskscore is upgraded to sold https://bidaskclub.com/news/company/2020-11-05/panw,2020-11-06 06:02:04,-69,['panw']
254776834,$panw new insider selling: 1378 shares. http://insiderbuyingselling.com/?t=panw,2020-11-06 03:45:37,-69,['panw']
254733651,"palo alto networks&#39;s president just disposed of 1,378 shares  http://www.conferencecalltranscripts.org/4/summary/?id=8524717 $panw",2020-11-05 23:15:20,-69,['panw']
254733047,"$panw [15s. delayed] filed sec form 4: president singh amit k.: 
disposed 1,378 of common stock at average price $235.59 on 2020-11-04, de https://s.flashalert.me/dsjix",2020-11-05 23:12:32,-69,['panw']
254732961,"$panw $324,637.24 of shares sold by singh amit k. (president), reported in a new form 4 filed with the sec  

https://newsfilter.io/a/536eb535a01d847c18470cd4252e561c",2020-11-05 23:12:10,-69,['panw']
254668205,"#update recent swing trade alerts! $mime
 $zm $panw $wix $etsy 
✔ follow and turn on notifications for more amazing trade ideas! 
✔ we are also streaming our proprietary tradeidea&#39;s scanner for free!
https://www.youtube.com/unitedtraderschannel/live",2020-11-05 19:46:38,1,"['etsy', 'panw', 'wix', 'mime', 'zm']"
254667412,"#update recent swing trade alerts! $fvrr
 $ddog $panw $wix $etsy 
✔ follow and turn on notifications for more amazing trade ideas! 
✔ we are also streaming our proprietary tradeidea&#39;s scanner for free!!!
https://www.youtube.com/unitedtraderschannel/live",2020-11-05 19:44:12,-69,"['etsy', 'panw', 'wix', 'fvrr', 'ddog']"
254666833,"#update recent swing trade alerts! $etsy
 &gt; $zm $panw $wix $ddog 
✔ follow and turn on notifications for more amazing trade ideas! 
✔ we are also streaming our proprietary trade idea&#39;s scanner for free!!!
https://www.youtube.com/unitedtraderschannel/live",2020-11-05 19:42:22,-69,"['etsy', 'panw', 'wix', 'zm', 'ddog']"
254666303,"#update recent swing trade alerts! $panw
 $zm $ddog $wix $etsy 
✔ follow and turn on notifications for more amazing trade ideas! 
✔ we are also streaming our trade idea&#39;s scanner for free!!!
https://www.youtube.com/unitedtraderschannel/live",2020-11-05 19:40:38,1,"['etsy', 'panw', 'wix', 'zm', 'ddog']"
254665819,"#update easy swing trade alerts! $panw
 $zm $ddog $wix $etsy 
✔ follow and turn on notifications for more amazing trade ideas! 
✔ we are also streaming our proprietary trade idea&#39;s scanner for free!!!
https://www.youtube.com/unitedtraderschannel/live",2020-11-05 19:38:57,1,"['etsy', 'panw', 'wix', 'zm', 'ddog']"
254665685,"#update recent swing trade alerts! $ddog
 $zm $panw $wix $etsy 
✔ follow and turn on notifications for more amazing trade ideas! 
✔ we are also streaming our proprietary trade idea&#39;s scanner for free!!
https://www.youtube.com/unitedtraderschannel/live",2020-11-05 19:38:26,1,"['etsy', 'panw', 'wix', 'zm', 'ddog']"
254664307,"#update recent swing trade alerts! $zm
 $ddog $panw $wix $etsy 
✔ follow and turn on notifications for more amazing trade ideas! 
✔ we are also streaming our proprietary trade idea&#39;s scanner for free!!!
https://www.youtube.com/unitedtraderschannel/live",2020-11-05 19:33:35,1,"['etsy', 'panw', 'wix', 'zm', 'ddog']"
254474089,3 #stocks to buy now as markets get into rally mode $phm $msft $panw https://talkmarkets.com/content/stocks--equities/3-stocks-to-buy-now-as-markets-get-into-rally-mode?post=284282,2020-11-04 22:58:42,-69,"['msft', 'phm', 'panw']"
254464485,this is amazing! what do you think? $panw&#39;s in downtrend: moving average convergence divergence (macd) histogram crosses below signal line. view odds for this and other indicators: https://srnk.us/go/2282005,2020-11-04 22:10:52,-69,['panw']
254435568,"$panw nir zuk sold 12,000 shares [high conviction] www.insider-analysis.com/search_transactions.php?ticker=table_panw",2020-11-04 20:25:15,-69,['panw']
254422525,this is amazing! what do you think? $panw rsi indicator left the oversold zone. view odds of uptrend. https://srnk.us/go/2281559,2020-11-04 19:26:19,1,['panw']
254387926,$panw  wa wa wee wa!,2020-11-04 17:04:05,1,['panw']
254293097,"palo alto networks evp nir zuk sells $2,672,640.00 in $panw https://www.marketbeat.com/i/414392",2020-11-04 05:51:02,-69,['panw']
254249718,just sit back and wait for the alerts to come through all big winners $panw $isrg $cvna $wkhs,2020-11-04 00:21:41,-69,"['isrg', 'panw', 'wkhs', 'cvna']"
254246820,peak profit for the last 6 expired option alerts for $panw 63.90| 24.29| 14.84| -83.75| -70.69| 52.33|,2020-11-04 00:01:28,-69,['panw']
254246593,"$panw: new sec filing on evp, chief technology officer, nir zuk: https://www.sec.gov/archives/edgar/data/1327567/000120919120056758/xslf345x03/doc4.xml",2020-11-04 00:00:01,-69,['panw']
254243036,"$panw $2,672,612.88 of shares sold by zuk nir (evp, chief technology officer), reported in a new form 4 filed with the sec  https://newsfilter.io/a/2ce49e1cc8349c0679877167afd3f012",2020-11-03 23:36:28,-69,['panw']
254242880,"evp of palo alto networks just disposed of 12,000 shares  http://www.conferencecalltranscripts.org/4/summary2/?id=8513384 $panw",2020-11-03 23:35:34,-69,['panw']
254242834,"palo alto networks&#39;s president just disposed of 2,953 shares  http://www.conferencecalltranscripts.org/4/summary/?id=8513380 $panw",2020-11-03 23:35:19,-69,['panw']
254242330,"$panw [15s. delayed] filed sec form 4: evp, chief technology officer zuk nir: 
disposed 12,000 of common stock at average price $222.72 on https://s.flashalert.me/alwxdg",2020-11-03 23:31:51,-69,['panw']
254242079,"$panw [15s. delayed] filed sec form 4: president singh amit k.: 
delivered securities 2,953 of common stock at price $221.85 on 2020-11-02 https://s.flashalert.me/lqfvn",2020-11-03 23:30:05,-69,['panw']
254242028,"$panw $655,123.05 of shares sold by singh amit k. (president), reported in a new form 4 filed with the sec  

https://newsfilter.io/a/764651cf97c0374e64867bb245f88667",2020-11-03 23:29:44,-69,['panw']
254197613,"6 cybersecurity stock ideas for election season  $vmw $splk $panw $cybr $rdwr 

https://newsfilter.io/a/a39d436aa4287462c28c5ecfad7f2dbf",2020-11-03 20:09:15,-69,"['rdwr', 'vmw', 'splk', 'panw', 'cybr']"
254118807,$panw,2020-11-03 15:19:15,1,['panw']
254087850,4 safe stocks to buy and hold for the next 4 years $kl $amzn $exel $panw https://bit.ly/3opnboa,2020-11-03 13:34:48,-69,"['amzn', 'exel', 'panw', 'kl']"
254086036,"$panw new article : palo alto networks to announce fiscal first quarter 2021 financial results on monday, november 16, 2020 https://www.stck.pro/news/panw/8907209",2020-11-03 13:25:14,-69,['panw']
254085111,"palo alto networks to announce fiscal first quarter 2021 financial results on monday, november 16, 2020 http://www.conferencecalltranscripts.org/summary/?id=85723&amp;pr=true $panw",2020-11-03 13:20:12,-69,['panw']
254081454,"$panw palo alto networks to announce fiscal first quarter 2021 financial results on monday, november 16, 2020
https://www.stocktitan.net/news/panw/palo-alto-networks-to-announce-fiscal-first-quarter-2021-financial-3kn7t3vji5qn.html",2020-11-03 13:00:37,-69,['panw']
254081453,"$panw palo alto networks to announce fiscal first quarter 2021 financial results on monday, november 16, 2020 

https://newsfilter.io/a/6ba1dc7a2192baf949226f4b2d7709ad",2020-11-03 13:00:37,-69,['panw']
253997976,"top it security companies by market cap 🔒 (as of today)

1. crowdstrike ( $crwd ) $26.90 b
2. palo alto networks ( $panw ) $21.12 b
3. zscaler ( $zs ) $17.90 b
4. fortinet ( $ftnt ) $17.86 b
5. cloudflare ( $net ) $15.89 b

more: https://companiesmarketcap.com/it-security/largest-companies-by-market-cap/",2020-11-02 21:35:43,-69,"['ftnt', 'panw', 'zs', 'crwd', 'net']"
253981018,$panw head scratcher,2020-11-02 20:40:34,1,['panw']
253882345,$panw #swing #tradealert long over 220 earnings run-up. .,2020-11-02 14:24:09,1,['panw']
253691471,"(10/30) cybersecurity stocks down 3.4% on average(mean) in a day, median return is -2.9%, top movers are $pfpt -7.2% $ftnt -6.5% $okta -3.9% $panw -3.3% $feye -2.9%, the sector return (on average) over the week is -6.9%, 
https://marketcomposite.com/topic?name=cybersecurity",2020-10-31 01:27:40,-69,"['ftnt', 'pfpt', 'panw', 'feye', 'okta']"
253377181,$panw held the sept. low yest/today.  two sources i use recommending this one and i liked what i heard on @jimcramer&#39;s show recently from the ceo.  started a position into close which is -0.4% at the moment.  buy in steps if you do...commissions are zero and there are possible bumps left to traverse.,2020-10-29 20:34:07,-69,['panw']
253301149,"$panw come on baby, go up so i can start a position here!",2020-10-29 16:54:17,1,['panw']
253287716,$panw new article : palo alto networks and pwc join forces to boost cybersecurity defenses https://www.stck.pro/news/panw/8823009,2020-10-29 16:11:14,-69,['panw']
253286418,$panw palo alto networks and pwc join forces to boost cybersecurity defenses https://www.otcdynamics.com/panw-palo-alto-networks-and-pwc-join-forces-to-boost-cybersecurity-defenses,2020-10-29 16:07:05,-69,['panw']
253285955,"$panw [15s. delayed]: issued press release on october 29, 12:00:00: palo alto networks and pwc join forces to boost cybersecurity defenses https://s.flashalert.me/qrjmv",2020-10-29 16:05:27,-69,['panw']
253284409,"$panw palo alto networks and pwc join forces to boost cybersecurity defenses
https://www.stocktitan.net/news/panw/palo-alto-networks-and-pw-c-join-forces-to-boost-cybersecurity-no9snaccmt3g.html",2020-10-29 16:00:32,-69,['panw']
253284397,"$panw palo alto networks and pwc join forces to boost cybersecurity defenses 

https://newsfilter.io/a/9ee377ed99e05f77e790c9304e578221",2020-10-29 16:00:31,-69,['panw']
253215060,$panw happiness depends upon ourselves.,2020-10-29 12:34:30,1,['panw']
253027031,$panw new article : crowdstrike: sizing the cloud security opportunity https://www.stck.pro/news/panw/8802475,2020-10-28 16:12:10,-69,['panw']
252917868,$panw was analyzed by 27 analysts. the buy consensus is at 89%. so analysts seem to be very confident about $panw. https://www.chartmill.com/stock/quote/panw/analyst-ratings?utm_source=stocktwits&amp;utm_medium=analyst&amp;utm_content=panw&amp;utm_campaign=social_tracking,2020-10-28 07:22:00,-69,['panw']
252910130,"td buy $panw at 231.54, supp 231.54 resis 256.10 r11  hilo 71% t1y 293 buy 1.9 fwdpe 33.7 div n/a #palo alto  #stocks #trading #finance #market https://tinyurl.com/y2kb3apy",2020-10-28 04:14:50,1,['panw']
252896785,$panw think this will dip a bit further before it goes green,2020-10-28 01:55:42,-1,['panw']
252722425,$panw added,2020-10-27 14:19:26,1,['panw']
252682999,$panw,2020-10-27 11:25:21,1,['panw']
252652267,$panw,2020-10-27 01:49:49,1,['panw']
252607590,they sent $panw back to 200d.  ill pass til we get a 200ish,2020-10-26 20:34:59,-69,['panw']
252533532,$panw new article : were hedge funds right about embracing palo alto networks inc (panw)? https://www.stck.pro/news/panw/8751674,2020-10-26 16:07:31,-69,['panw']
252424963,"earnings this week $ip who makes all those boxes that amazon uses; $ffiv  ,too.
i have a partial interest in ffiv    inasmuch  as   i like to trade $panw",2020-10-25 23:18:53,-69,"['ffiv', 'ip', 'panw']"
252317925,@jewell69  any advice on $panw  next week? i can’t figure out why it’s not past $250 am i missing something?,2020-10-24 06:14:41,-69,['panw']
252251685,"$panw decided to take a quick few bucks and sell it right f. now. using this money for  more  $bgafx
filled buy 18  panw limit 236.15  --  -- 14:55:00 10/23/20
 filled buy 2  panw limit 236.15  --  -- 14:55:00 10/23/20
filled sell 20  panw limit 236.60",2020-10-23 19:56:04,-69,['panw']
252235756,$panw trying to sell 20 at 237.33 now b/a is 236.12 x 236.25,2020-10-23 19:02:43,-69,['panw']
252186833,"$panw ok, right now, trying to buy
open buy 
20  panw   limit    236.15",2020-10-23 16:04:44,-69,['panw']
251802372,paloaltonetworks $panw bidaskscore is lowered to stronglysold https://bidaskclub.com/news/company/2020-10-21/panw,2020-10-22 07:01:03,-69,['panw']
251746195,"evp of palo alto networks just disposed of 3,885 shares  http://www.conferencecalltranscripts.org/4/summary2/?id=8463845 $panw",2020-10-21 22:16:19,-69,['panw']
251745994,"$panw [15s. delayed] filed sec form 4: evp, chief technology officer zuk nir: 
delivered securities 3,885 of common stock at price $239.28 https://s.flashalert.me/a6qwog",2020-10-21 22:15:25,-69,['panw']
251732735,"got $10,000? 3 surefire winners to hold for 20 years $amzn $panw $isrg https://bit.ly/2hmlult",2020-10-21 21:15:35,-69,"['amzn', 'isrg', 'panw']"
251681596,"got $10,000? 3 surefire winners to hold for 20 years

$panw $amzn $isrg

https://www.fool.com/investing/2020/10/21/got-10000-3-surefire-winners-to-hold-for-20-years/",2020-10-21 18:38:03,-69,"['amzn', 'isrg', 'panw']"
251608323,$panw  any news? insider selling?,2020-10-21 15:05:02,-69,['panw']
251550656,$panw down 5 days in a row. 251.82 | 251.82 | 246.36 | 242.34 | 239.28 | 237.56 |  https://www.sleekoptions.com/sleekscan.aspx?sub1=dscan,2020-10-21 12:19:29,-69,['panw']
251504092,stocktwits trending alert: trading recent interest in palo alto networks $panw https://wp.me/p5blgb-bbq9,2020-10-21 02:06:01,-69,['panw']
251495515,"$panw [15s. delayed] filed sec form 4: evp, chief technology officer zuk nir: 
granted 12,153 of common stock at price $0 on 2020-10-20, i https://s.flashalert.me/3fd2s",2020-10-21 01:01:15,-69,['panw']
251485474,"$panw: new sec filing on chief accounting officer, jean compeau: https://www.sec.gov/archives/edgar/data/1327567/000120919120055411/xslf345x03/doc4.xml",2020-10-20 23:54:01,-69,['panw']
251484388,"$panw [15s. delayed] filed sec form 4: president singh amit k.: 
delivered securities 4,637 of common stock at price $239.28 and granted 4 https://s.flashalert.me/tprsi",2020-10-20 23:47:23,-69,['panw']
251484122,"$panw [15s. delayed] filed sec form 4: director mclaughlin mark d: 
delivered securities 4,983 of common stock at price $239.28 on 2020-10 https://s.flashalert.me/lvvbmd",2020-10-20 23:45:45,-69,['panw']
251484033,"$panw [15s. delayed] filed sec form 4: evp, chief product officer klarich lee: 
delivered securities 7,257 of common stock at price $239.2 https://s.flashalert.me/4aptwr",2020-10-20 23:45:13,-69,['panw']
251483855,"palo alto networks&#39;s chief executive officer just picked up 78,121 shares  http://www.conferencecalltranscripts.org/4/summary2/?id=8460131 $panw",2020-10-20 23:44:20,-69,['panw']
251483825,"$panw [15s. delayed] filed sec form 4: chief accounting officer compeau jean: 
delivered securities 1,234 of common stock at price $239.28 https://s.flashalert.me/gvzb3",2020-10-20 23:44:08,-69,['panw']
251483738,"$panw [15s. delayed] filed sec form 4: chief executive officer arora nikesh: 
delivered securities 6,950 of common stock at price $239.28  https://s.flashalert.me/l0ueds",2020-10-20 23:43:36,-69,['panw']
251442956,"palo alto: form, schedule or registration statement no filing party: date filed:  http://www.conferencecalltranscripts.org/proxya/summary2/?id=8459449 $panw",2020-10-20 20:27:22,-69,['panw']
251442532,"$panw [15s. delayed] filed form defa14a on october 20, 16:25:00 https://s.flashalert.me/8mv3q",2020-10-20 20:25:57,-69,['panw']
251442088,palo alto networks releases salary data. ceo sees compensation fall -90% http://www.conferencecalltranscripts.org/proxy/summary2/?id=8459434 $panw,2020-10-20 20:24:27,-69,['panw']
251441891,"$panw [15s. delayed] filed form def 14a on october 20, 16:22:54 https://s.flashalert.me/rfdhsl",2020-10-20 20:23:47,-69,['panw']
251194902,$panw just filed with the sec a event for officers https://last10k.com/sec-filings/panw/0001193125-20-272060.htm?utm_source=stocktwits&amp;utm_medium=forum&amp;utm_campaign=8k&amp;utm_term=panw,2020-10-19 20:25:37,-69,['panw']
251194745,"$panw [15s. delayed] filed form 8-k on october 19, 16:24:02: item5.02: departure of election 0f officers or compensatory arrangements https://s.flashalert.me/mos2qt",2020-10-19 20:25:01,-69,['panw']
251113952,d/w $panw look like another leg lower but monthly looks aiight. have a 220.20 and 260 alert set.,2020-10-19 15:42:15,-69,['panw']
251015952,"$panw broke down below its wedge pattern.  failed to hold the 100% fib along with the 20sma on friday. levels, supports/resistance to trade:",2020-10-19 01:26:37,-69,['panw']
250921159,"$panw my top picks for october!
panw cldr dgx opk nio spaq",2020-10-17 17:25:03,1,['panw']
250795127,$panw let&#39;s go garbage company. let&#39;s hit 205 already so i can make tons of free cash. thank you,2020-10-16 17:57:31,-69,['panw']
250791626,$panw  any news?  weak in decent tech tape,2020-10-16 17:45:16,-69,['panw']
250759643,$panw see you at 205,2020-10-16 15:55:40,-1,['panw']
250660225,palo alto or crowdstrike: which cybersecurity stock is a safer bet? $panw $crwd https://yhoo.it/3loj0uu $hack,2020-10-16 06:17:33,-69,"['panw', 'hack', 'crwd']"
250656605,$panw watching,2020-10-16 04:59:22,1,['panw']
250620433,"$panw as dependence on technology has been increasing due to the coronavirus, data and network security has become… https://stocknews.com/news/panw-zs-net-chkp-4-cybersecurity-stocks-to-protect-your-portfolio-from-a-second/",2020-10-15 23:35:38,-69,['panw']
250466268,"top it security companies by market cap 🔒 (as of today)

1. crowdstrike ( $crwd ) $31.63 b
2. palo alto networks ( $panw ) $24.52 b
3. fortinet ( $ftnt ) $20.94 b
4. zscaler ( $zs ) $20.13 b
5. akamai ( $akam ) $17.98 b

more: https://companiesmarketcap.com/it-security/largest-companies-by-market-cap/",2020-10-15 14:22:57,-69,"['akam', 'ftnt', 'panw', 'zs', 'crwd']"
250401858,2020-10-14 short sale volume (not short interest) for $panw is 62%. http://shortvolumes.com/?t=panw via @shortvolumes,2020-10-15 09:23:34,-69,['panw']
250184426,$panw slow grind higher = buy 💲💲💲,2020-10-14 13:48:05,1,['panw']
250019510,"current positions: $capr / $coup /$imgn / $gh / $panw 

lt holds: $capr  $20+ with multiple catalyst prior to year end

st holds: 
coup - $330 
imgn- $5.45
gh- $125
panw - $265

no short positions but watch banks this week - could have us in bear territory until after election",2020-10-13 18:59:06,1,"['imgn', 'panw', 'coup', 'capr', 'gh']"
249981300,$panw up 3 days in a row 249.51 | 252.52 | 253.1 | 254.46 |  https://www.sleekoptions.com/sleekscan.aspx?sub1=dscan,2020-10-13 17:01:10,-69,['panw']
249962030,"$panw been in a swing postion for over 2 weeks, where&#39;s the love?💚💚  bullish uptrend intact, but volume/price action is most disappointing.  keep the position for now, moving up stop loss.",2020-10-13 15:59:28,1,['panw']
249884398,"$panw palo alto networks announces prisma cloud 2.0, the industry&#39;s only comprehensive cloud native security platform
https://www.stocktitan.net/news/panw/palo-alto-networks-announces-prisma-cloud-2-0-the-industry-s-only-mt9fumlmpr98.html",2020-10-13 12:00:51,-69,['panw']
249877593,palo alto networks ($panw) piotroski f score: 6. healthy https://www.macroaxis.com/invest/stock/panw/palo-alto-networks,2020-10-13 11:10:03,-69,['panw']
249876211,"$panw please move with open, wanna sell :)",2020-10-13 10:59:02,1,['panw']
249866798,$panw always selling out at the end. when will it break the double top?,2020-10-13 08:22:05,1,['panw']
249841729,"smartoptions® unusual activity alert
(delayed)

$panw $240 calls
jan 15 2021 exp 

trade volume: 369 contracts

$1,033,200 was traded just now.

follow the money &amp; trade options with our smartoptions® artificial intelligence.  
smartoptions.ai",2020-10-13 02:00:44,1,['panw']
249832885,paloaltonetworks $panw bidaskscore is #reiterated to sold https://bidaskclub.com/news/company/2020-10-07/panw,2020-10-13 00:52:03,-69,['panw']
249761563,"smartoptions® unusual activity alert
(delayed)

$panw $240 calls
jan 15 2021 exp 

trade volume: 369 contracts

$1,033,200 was traded just now.

follow the money &amp; trade options with our smartoptions® artificial intelligence.  
smartoptions.ai",2020-10-12 18:57:45,1,['panw']
249697621,$panw hopefully this rises a little bit more above the 50mda,2020-10-12 15:19:45,1,['panw']
249686500,long on $panw $shw $pypl details of the setup such as entry and target are called out in my vlog.  https://youtu.be/irlizv4s3ug,2020-10-12 14:46:20,1,"['shw', 'panw', 'pypl']"
249682285,"$panw swing trade working, could use some volume",2020-10-12 14:33:52,1,['panw']
249671136,"$net with today&#39;s product announcement, they are now competing directly with the likes of $zs $panw. in short, this should continue to accelerate their growth / market cap.

longer term, they will likely get acquired by one of these companies.",2020-10-12 14:02:22,1,"['panw', 'zs', 'net']"
249580551,"$panw closed above the 50sma and 100% fib.  long/swing trade.  levels, resistance/support to trade:",2020-10-11 20:03:52,1,['panw']
249562598,$panw gotta go long on this.,2020-10-11 15:37:57,1,['panw']
249310902,$panw new article : is palo alto networks stock a buy? https://www.stck.pro/news/panw/8343188,2020-10-09 15:03:15,-69,['panw']
249288810,"$panw convert a better buy than the stock?  this portfolio manager thinks so:
https://www.twst.com/interview/considering-an-investments-downside-risk-first
&quot;a good example of a convert we own is palo alto networks (nyse:panw), which is a global cybersecurity company. they’re the leader in network firewalls. 

the company a couple of years ago brought in a new ceo, nikesh arora from google, and he’s been transitioning the company to more provide the full suite of security products. as companies move to the cloud, it’s become necessary to transition their strategy a bit. 

they seem to be executing well, and they actually should be aided by the whole work-from-home trend as cybersecurity becomes even more of a priority.

the convert matures july 2023, and right now, it’s trading around $111 or $112. but we like the fact that the company has a rock-solid balance sheet, about $300 million of net cash on the balance sheet, and they produce over $1 billion of free cash flow per year.",2020-10-09 14:09:41,1,['panw']
249280650,"trades today sold 200 $pei-c  4.98 paid 4.74 on 10/2
trying to buy $sava 11.98
just now sold $panw 23 shares 253.37 paid 249.19 on 10/7

trying to buy 1000,  yes 1-0-0-0   !! $ihi    at 308.80
trying to buy 300 $pgny 28.11",2020-10-09 13:51:31,-69,"['sava', 'ihi', 'panw', 'pgny']"
249174719,"$panw amit k. singh sold 1,378 shares [low conviction] www.insider-analysis.com/search_transactions.php?ticker=table_panw",2020-10-08 22:31:15,-69,['panw']
249145454,securities to be offered to employees in employee benefit plans http://www.conferencecalltranscripts.org/no/summary/?id=8431167 $panw,2020-10-08 20:27:41,-69,['panw']
249145338,"$panw [15s. delayed] filed form s-8 on october 08, 16:26:21 https://s.flashalert.me/iuph44",2020-10-08 20:27:15,-69,['panw']
248983211,$panw break 250 please! 50 mda,2020-10-08 12:56:48,1,['panw']
248893085,"palo alto networks president amit singh sells $341,578.64 in $panw https://www.marketbeat.com/i/411136",2020-10-07 23:21:45,-69,['panw']
248892601,$panw new insider selling: 1378 shares. http://insiderbuyingselling.com/?t=panw,2020-10-07 23:18:35,-69,['panw']
248883214,"$panw: new sec filing on president, amit k. singh: https://www.sec.gov/archives/edgar/data/1327567/000120919120054185/xslf345x03/doc4.xml",2020-10-07 22:24:02,-69,['panw']
248880500,"palo alto networks&#39;s president just disposed of 1,378 shares  http://www.conferencecalltranscripts.org/4/summary/?id=8428139 $panw",2020-10-07 22:09:50,-69,['panw']
248878869,"$panw [15s. delayed] filed sec form 4: president singh amit k.: 
disposed 1,378 of common stock at average price $247.88 on 2020-10-06, de https://s.flashalert.me/sqidq",2020-10-07 22:01:13,-69,['panw']
248874982,"besides having an excellent technical rating, $panw also presents a decent setup pattern. https://www.chartmill.com/stock/quote/panw/technical-analysis?key=b65767e6-b955-442c-88b5-874b2d775b2d&amp;utm_source=stocktwits&amp;utm_medium=ta&amp;utm_content=panw&amp;utm_campaign=social_tracking",2020-10-07 21:41:01,-69,['panw']
248745754,going back to $panw trying to buy 23 at 249.19,2020-10-07 15:01:33,-69,['panw']
248720069,"traded $panw 
10/06/2020  15:46:02  bought 20 panw @ 247.55  -4,951.00  
 
10/07/2020  09:57:51  sold 20 panw @ 249.3038  4,985.97",2020-10-07 13:59:14,-69,['panw']
248688853,palo alto networks accelerates its investments in canada with new cloud location http://www.conferencecalltranscripts.org/summary/?id=65743&amp;pr=true $panw,2020-10-07 12:16:09,-69,['panw']
248668728,short sale volume (not short interest) for $panw at 2020-10-06 is 40%. http://shortvolumes.com/?t=panw via @shortvolumes,2020-10-07 08:32:34,-69,['panw']
248556109,"$panw ok, bought it on the cheap ! now all i have to do is to w-i-l-l it to go up !     10/06/2020  15:46:02  bought 20 panw @ 247.55
 
-4,951.00",2020-10-06 19:47:49,-69,['panw']
248554006,$panw trying to buy 20 at 247.55 last trade 247.90,2020-10-06 19:42:54,-69,['panw']
248438732,$ayx is booming today after it hires a new ceo that investors hope can take ayx to the next level $panw https://www.briefing.com/#in20201006101957ayx,2020-10-06 14:29:47,-69,"['panw', 'ayx']"
248330515,$ayx i don’t need to google mark anderson. he made me a tidy profit when i was invested in $panw.,2020-10-05 23:21:00,1,"['panw', 'ayx']"
248327992,$panw wth has happened here?? :-(,2020-10-05 23:05:30,1,['panw']
248302823,$panw,2020-10-05 20:56:06,1,['panw']
248191043,"$csco  - cisco systems-  amazing: forward p/e  12.5,   4% dividend. a favorite of money managers. 
tech titan- held back from nasdaq advance.  45 eoy. 
$qqq $xlk $crm $panw",2020-10-05 14:50:22,1,"['csco', 'crm', 'xlk', 'qqq', 'panw']"
248146988,$panw - over 82.0% of the company shares are owned by… https://www.macroaxis.com/invest/stock-analysis/panw/palo-alto-networks #insidertrading #stocks #fintechnews,2020-10-05 12:09:02,-69,['panw']
248094093,"$panw pinned between the rising support line and the 100% fib.  closed below the 50sma.  levels, supports/resistance to trade:",2020-10-04 22:30:57,-69,['panw']
248087869,"5 must-own stocks for the new bull market

$panw $tdoc $isrg

https://www.fool.com/investing/2020/10/04/5-must-own-stocks-for-the-new-bull-market/",2020-10-04 21:20:57,-69,"['isrg', 'panw', 'tdoc']"
248062969,5 must-own stocks for the new bull market https://bit.ly/3jtjrto $sq $pins $tdoc $isrg $panw,2020-10-04 15:14:49,-69,"['isrg', 'sq', 'panw', 'pins', 'tdoc']"
248051211,"$panw nir zuk sold 12,000 shares [high conviction] www.insider-analysis.com/search_transactions.php?ticker=table_panw",2020-10-04 09:07:43,-69,['panw']
248022346,"7 cybersecurity stocks to buy for the 5g wave

$crwd $panw $mrvl  

https://investorplace.com/2020/10/7-cybersecurity-stocks-to-buy-for-the-5g-wave/",2020-10-03 21:34:10,-69,"['mrvl', 'panw', 'crwd']"
247967521,"palo alto networks evp nir zuk sells $3,006,960.00 in $panw https://www.marketbeat.com/i/410524",2020-10-03 02:04:43,-69,['panw']
247967077,"$panw: new sec filing on evp, chief technology officer, nir zuk: https://www.sec.gov/archives/edgar/data/1327567/000120919120053331/xslf345x03/doc4.xml",2020-10-03 01:59:03,-69,['panw']
247942414,"evp of palo alto networks just disposed of 12,000 shares  http://www.conferencecalltranscripts.org/4/summary2/?id=8414976 $panw",2020-10-02 22:21:01,-69,['panw']
247942259,"#fwsells $panw zuk nir, evp, chief technology officer of palo alto networks inc sold 12000 shares on 2020-10-01. https://formwhispers.com/s?t=panw",2020-10-02 22:20:08,-69,['panw']
247942177,"$panw [15s. delayed] filed sec form 4: evp, chief technology officer zuk nir: 
disposed 12,000 of common stock at average price $250.58 on https://s.flashalert.me/myii3e",2020-10-02 22:19:40,-69,['panw']
247884590,7 cybersecurity stocks to buy for the 5g wave $panw $mrvl $crwd ... https://investorplace.com/2020/09/7-cybersecurity-stocks-to-buy-for-the-5g-wave/,2020-10-02 18:32:56,-69,"['mrvl', 'panw', 'crwd']"
247709765,peak profit for the last 6 expired option alerts for $panw 14.84  | -68.75  | -51.39  | 52.33  | 46.25  | 266.35  |,2020-10-02 04:34:24,-69,['panw']
247709027,$panw [oct-02 252.50 calls] option volume up +103.23 % |  volume: 63 vs 31 https://www.sleekoptions.com/sleekscan.aspx?sub1=dscan,2020-10-02 04:24:18,-69,['panw']
247693243,"top it security companies by market cap 🔒 (as of today)

1. crowdstrike ( $crwd ) $31.57 b
2. palo alto networks ( $panw ) $24.04 b
3. zscaler ( $zs ) $19.32 b
4. fortinet ( $ftnt ) $19.32 b
5. akamai ( $akam ) $17.87 b

more: https://companiesmarketcap.com/it-security/largest-companies-by-market-cap/",2020-10-02 01:54:24,-69,"['akam', 'ftnt', 'panw', 'zs', 'crwd']"
247610388,$panw new article : goldman&#39;s brooke dane discusses the tech boom in 2020 https://www.stck.pro/news/panw/8152368,2020-10-01 19:21:07,-69,['panw']
247573975,$panw goldman sachs dude was bullish. said we are in period of transition from being a hardware company to becoming software. expecting good returns come new year. good entry here.,2020-10-01 17:23:57,-69,['panw']
247492474,$panw don&#39;t sleep on this one,2020-10-01 13:38:25,-69,['panw']
246992365,$panw: palo alto networks positioned as a leader in 2020 gartner magic quadrant for wan edge infrastructure https://www.chartmill.com/news/panw/prnews-2020-9-29-palo-alto-networks-positioned-as-a-leader-in-2020-gartner-magic-quadrant-for-wan-edge-infrastructure?utm_source=stocktwits&amp;utm_medium=pressrelease&amp;utm_content=panw&amp;utm_campaign=social_tracking,2020-09-29 16:34:00,-69,['panw']
246990769,$panw new article : palo alto networks positioned as a leader in 2020 gartner magic quadrant for wan edge infrastructure https://www.stck.pro/news/panw/8093414,2020-09-29 16:29:14,-69,['panw']
246987804,"$panw [15s. delayed]: issued press release on september 29, 12:10:00: palo alto networks positioned as a leader in 2020 gartner magic quad https://s.flashalert.me/2qc3v6",2020-09-29 16:20:08,-69,['panw']
246984733,"$panw palo alto networks positioned as a leader in 2020 gartner magic quadrant for wan edge infrastructure
https://www.stocktitan.net/news/panw/palo-alto-networks-positioned-as-a-leader-in-2020-gartner-magic-fmpb35ne1rne.html",2020-09-29 16:10:31,-69,['panw']
246917300,$panw oversell bullish,2020-09-29 13:04:06,1,['panw']
246874552,$panw,2020-09-29 04:10:45,1,['panw']
246871355,paloaltonetworks $panw bidaskscore is #reiterated to sold https://bidaskclub.com/news/company/2020-09-23/panw,2020-09-29 03:36:03,-69,['panw']
246805239,oh wow this is big! $panw in uptrend: rsi indicator exits oversold zone. view odds for this and other indicators: https://srnk.us/go/2149679,2020-09-28 20:25:01,-69,['panw']
246746120,"$csco  cisco a rating-  pe 14.89, forward pe  12.25.  4% dividend. growth will rise with economies. pretty safe bet here. 
$xlk $qqq $panw",2020-09-28 17:00:55,1,"['csco', 'xlk', 'qqq', 'panw']"
246574229,4 stocks to buy if the stock market tech wreck continues $amzn $fsly $panw $fb https://bit.ly/2sgs6ed,2020-09-27 17:30:16,-69,"['amzn', 'fb', 'panw', 'fsly']"
246572017,"$panw showed its first day of outperformance vs the market since 8/25.  still below its 9/20/50sma.  hasn&#39;t traded right since earnings.  levels, support/resistance to trade:",2020-09-27 16:56:42,-69,['panw']
246561546,$panw $300 call 1-2021 add 🤑🥳,2020-09-27 14:06:57,1,['panw']
246559097,"4 stocks to buy if the stock market tech wreck continues

$amzn $fsly $fb $panw

https://www.fool.com/investing/2020/09/27/4-stocks-to-buy-if-the-stock-market-tech-wreck-con/",2020-09-27 13:07:24,-69,"['amzn', 'fb', 'panw', 'fsly']"
246485188,$panw had approximately 83m usd go to the short side at 66 pct short  the bears are on the attack  https://www.algowins.com/?wdt_column_filter[1]=panw,2020-09-26 09:26:41,-1,['panw']
246470110,"$panw 
i like this ticket but i think all these internet stocks are overbought. a correction is coming. i&#39;ll buy later or lose out.",2020-09-26 02:53:18,-69,['panw']
246390091,$panw new article : palo alto networks positioned as a leader in zero trust report https://www.stck.pro/news/panw/8000067,2020-09-25 19:11:07,-69,['panw']
246388771,"$panw [15s. delayed]: issued press release on september 25, 14:52:00: palo alto networks positioned as a leader in zero trust report https://s.flashalert.me/2z4vrk",2020-09-25 19:07:44,-69,['panw']
246386693,$panw: palo alto networks positioned as a leader in zero trust report https://www.chartmill.com/news/panw/prnews-2020-9-25-palo-alto-networks-positioned-as-a-leader-in-zero-trust-report?utm_source=stocktwits&amp;utm_medium=pressrelease&amp;utm_content=panw&amp;utm_campaign=social_tracking,2020-09-25 19:02:00,-69,['panw']
246383569,"$panw palo alto networks positioned as a leader in zero trust report
https://www.stocktitan.net/news/panw/palo-alto-networks-positioned-as-a-leader-in-zero-trust-3yuj3un6lnrq.html",2020-09-25 18:53:18,-69,['panw']
246383528,"$panw palo alto networks positioned as a leader in zero trust report 

https://newsfilter.io/a/77bc0c86f6f7ad72698f751b0dd19219",2020-09-25 18:53:13,-69,['panw']
246241943,$panw down 3 days in a row. 246.5 | 239.13 | 237.99 | 236.3 |  https://www.sleekoptions.com/sleekscan.aspx?sub1=dscan,2020-09-25 11:23:59,-69,['panw']
246208051,$panw,2020-09-25 02:36:38,1,['panw']
245602291,"$panw 
much better and safer play in this",2020-09-23 02:58:14,-69,['panw']
245556970,$panw https://www.google.com/amp/s/thehill.com/policy/cybersecurity/517662-fbi-dhs-warn-that-foreign-hackers-will-likely-spread-disinformation%3famp,2020-09-22 22:38:51,-69,['panw']
245360176,"$bgfv conference calls going on today...
$mrk $panw $box $prts",2020-09-22 12:03:31,1,"['bgfv', 'prts', 'mrk', 'panw', 'box']"
245332822,$panw red to green move:  -1.98 percentage  to +0.42 percentage https://www.sleekoptions.com/sleekscan.aspx?did=panw,2020-09-22 04:13:03,-69,['panw']
