id,body,created_at,sentiment,symbols
254697385,"$jbl [15s. delayed]: issued press release on november 05, 16:10:00: jabil to present at upcoming conference https://s.flashalert.me/0yprwx",2020-11-05 21:16:20,-69,['jbl']
254697244,jabil to present at upcoming conference http://www.conferencecalltranscripts.org/summary/?id=88241&amp;pr=true $jbl,2020-11-05 21:16:05,-69,['jbl']
254697230,jabil to present at upcoming conference http://www.conferencecalltranscripts.org/summary/?id=88240&amp;pr=true $jbl,2020-11-05 21:16:04,-69,['jbl']
254695091,"$jbl jabil to present at upcoming conference
https://www.stocktitan.net/news/jbl/jabil-to-present-at-upcoming-e922z8rl5wot.html",2020-11-05 21:11:52,-69,['jbl']
254694596,"$jbl jabil to present at upcoming conference 

https://newsfilter.io/a/5dde9c783887350e9ba2ac9aa2293b3b",2020-11-05 21:10:50,-69,['jbl']
254575550,"#gsector #buy wk44 $mksi, $jbl, $mu, $amat, $mrvl, ter, lrcx, iphi, saic, amd  #tech #technology vgt ixn ftec xt igm xlk cqqq #growthstocks #stocks #finance #investment https://bit.ly/2jumujp",2020-11-05 14:40:20,1,"['amat', 'mksi', 'mrvl', 'jbl', 'mu']"
254043172,jabil $jbl bidaskscore is #reiterated to held https://bidaskclub.com/news/company/2020-10-27/jbl,2020-11-03 02:47:03,-69,['jbl']
253870938,"$jbl the more it is senseful, the more it is helpful",2020-11-02 13:31:23,1,['jbl']
253800333,comprehensive non-correlated jabil inc $jbl trading report https://tinyurl.com/y2j54fsv,2020-11-01 19:15:04,-69,['jbl']
253721108,$jbl new article : jabil inc.: quality selling for cheap https://www.stck.pro/news/jbl/8857438,2020-10-31 14:46:07,-69,['jbl']
253688233,"new correlation matrix for jabil($jbl), united… https://www.macroaxis.com/invest/marketcorrelation?s=jbl,ups,leg,akam,trow,igt,tx,dgx,amat,irm,cb,etr #correlations #stocks #stockratings",2020-10-31 00:48:03,-69,['jbl']
253673122,pivotpoint bottom signal alert: $jbl. more insights: https://stockinvest.us/technical-analysis/jbl?utm_source=stocktwits&amp;utm_medium=autopost,2020-10-30 22:31:22,1,['jbl']
253520126,"$jbl this company is in trouble, i wanted to believe they’d be strong through 2021 but it looks like they can’t keep with with the competition.",2020-10-30 13:53:09,-69,['jbl']
253440430,"apple suppliers stocks up 2.6% on average(mean) in a day, median return is 2.6%, top movers are $axti 9.2% $klac 6.0% $nxpi 4.9% $jbl 4.9% $lite 4.7%, 1m daily vol. at 2%, 1m average correlation at 52%, 
https://marketcomposite.com/topic?name=apple%20suppliers",2020-10-30 01:12:54,-69,"['axti', 'klac', 'jbl', 'nxpi', 'lite']"
253390106,"cirrus logic, lumentum among apple suppliers declining after muted fq4 iphone sales  $swks $crus $qrvo $lite $jbl 

https://newsfilter.io/a/e2f0bacc33d91d44801eeabdf3f8e858",2020-10-29 21:07:08,-69,"['crus', 'swks', 'jbl', 'qrvo', 'lite']"
253256181,"#gsector #buy wk43 $mksi, $jbl, $amat, $mu, $iphi, mrvl, saic, lrcx, infn, atvi  #tech #technology vgt ixn ftec xt igm xlk cqqq #growthstocks #stocks #finance #investment https://tinyurl.com/y38e5r78",2020-10-29 14:40:21,1,"['amat', 'mksi', 'jbl', 'mu', 'iphi']"
253179787,$jbl was analyzed by 6 analysts. the buy consensus is at 87%. so analysts seem to be very confident about $jbl. https://www.chartmill.com/stock/analyzer/stock/jbl?view=analyst-ratings&amp;utm_source=stocktwits&amp;utm_medium=analyst&amp;utm_content=jbl&amp;utm_campaign=social_tracking,2020-10-29 04:18:00,-69,['jbl']
253011515,"$jbl anousheh ansari sold 3,500 shares [low conviction] www.insider-analysis.com/search_transactions.php?ticker=table_jbl",2020-10-28 15:25:13,-69,['jbl']
253003320,$jbl this is less than 8x earnings - this is absurd,2020-10-28 15:02:43,-69,['jbl']
252896067,"jabil director anousheh ansari sells $120,330.00 in $jbl https://www.marketbeat.com/i/413537",2020-10-28 01:49:28,-69,['jbl']
252882980,$jbl new insider selling: 3500 shares. http://insiderbuyingselling.com/?t=jbl,2020-10-28 00:09:34,-69,['jbl']
252855156,"jabil circuit director just disposed of 3,500 shares  http://www.conferencecalltranscripts.org/4/summary/?id=8481444 $jbl",2020-10-27 21:34:20,-69,['jbl']
252854985,"$jbl [15s. delayed] filed sec form 4: insider ansari anousheh: 
disposed 3,500 of common stock at average price $34.38 on 2020-10-26, decr https://s.flashalert.me/j17yr",2020-10-27 21:33:36,-69,['jbl']
252854911,"$jbl $120,297.27 of shares sold by ansari anousheh (director), reported in a new form 4 filed with the sec  

https://newsfilter.io/a/be1916dd2279454a908f9257c17dc2d8",2020-10-27 21:33:16,-69,['jbl']
252660503,"$jbl daryn g. smith sold 1,809 shares [low conviction] www.insider-analysis.com/search_transactions.php?ticker=table_jbl",2020-10-27 03:19:59,-69,['jbl']
252650827,"$jbl kenneth s wilson sold 9,639 shares [very low conviction] www.insider-analysis.com/search_transactions.php?ticker=table_jbl",2020-10-27 01:35:02,-69,['jbl']
252585760,design-to-dust trademark filing with uspto. filed by jabil inc. https://uspto.report/tm/90271152 #designtodust $jbl #design #dust,2020-10-26 19:15:50,-69,['jbl']
252575952,"$jbl michael j loparco sold 10,326 shares [very low conviction] www.insider-analysis.com/search_transactions.php?ticker=table_jbl",2020-10-26 18:34:10,-69,['jbl']
252446294,$jbl - payment of 560 shares by daryn smith of jabil… https://www.macroaxis.com/invest/story/jbl/20240811/payment-of-560-shares-by-daryn-smith-of-jabil-subject-to-rule-16b-3 #insidertrading #stocks #fintechnews,2020-10-26 05:03:32,-69,['jbl']
252429653,"$jbl robert l katz sold 8,261 shares [high conviction] www.insider-analysis.com/search_transactions.php?ticker=table_jbl",2020-10-26 00:24:25,-69,['jbl']
252424628,"$jbl sergio cadavid sold 1,935 shares [very low conviction] www.insider-analysis.com/search_transactions.php?ticker=table_jbl",2020-10-25 23:14:25,-69,['jbl']
252396228,"$jbl michael dastoor sold 3,617 shares [average conviction] www.insider-analysis.com/search_transactions.php?ticker=table_jbl",2020-10-25 15:39:38,-69,['jbl']
252390837,"$jbl bruce allan johnson sold 8,261 shares [average conviction] www.insider-analysis.com/search_transactions.php?ticker=table_jbl",2020-10-25 13:54:40,-69,['jbl']
252383558,"$jbl mark t mondello sold 59,385 shares [high conviction] www.insider-analysis.com/search_transactions.php?ticker=table_jbl",2020-10-25 08:02:45,-69,['jbl']
252383021,"$jbl steven d borges sold 8,261 shares [average conviction] www.insider-analysis.com/search_transactions.php?ticker=table_jbl",2020-10-25 07:27:45,-69,['jbl']
252277905,"$jbl [15s. delayed] filed sec form 4: insider wilson kenneth s: 
disposed 26,919 of common stock at average price $22.83 on 2020-10-21, de https://s.flashalert.me/c9erhg",2020-10-23 21:59:53,-69,['jbl']
252277697,"$jbl [15s. delayed] filed sec form 4: insider smith daryn g.: 
disposed 3,815 of common stock at average price $18.7 on 2020-10-21, decrea https://s.flashalert.me/w4wdkk",2020-10-23 21:58:50,-69,['jbl']
252277438,"$jbl [15s. delayed] filed sec form 4: insider loparco michael j: 
disposed 26,539 of common stock at average price $21.72 on 2020-10-21, d https://s.flashalert.me/rzr34",2020-10-23 21:57:28,-69,['jbl']
252276872,"$jbl [15s. delayed] filed sec form 3/a: insider smith daryn g.: 
 https://s.flashalert.me/c942ax",2020-10-23 21:54:13,-69,['jbl']
252276712,"evp of jabil circuit just declared owning 120,528 shares of jabil circuit  http://www.conferencecalltranscripts.org/5/summary/?id=8471645 $jbl",2020-10-23 21:53:15,-69,['jbl']
252276536,"$jbl [15s. delayed] filed sec form 3/a: insider wilson kenneth s: 
 https://s.flashalert.me/c9xjtm",2020-10-23 21:52:06,-69,['jbl']
252276310,"$jbl [15s. delayed] filed sec form 4: insider mondello mark t: 
disposed 165,838 of common stock at average price $22.83 on 2020-10-21, de https://s.flashalert.me/02s3f",2020-10-23 21:50:47,-69,['jbl']
252276308,"$jbl [15s. delayed] filed sec form 4: insider johnson bruce allan: 
disposed 22,158 of common stock at average price $22.3 on 2020-10-21,  https://s.flashalert.me/2ga5s",2020-10-23 21:50:46,-69,['jbl']
252276307,"$jbl [15s. delayed] filed sec form 4: insider cadavid sergio: 
disposed 4,082 of common stock at average price $18.7 on 2020-10-21, decrea https://s.flashalert.me/bewhia",2020-10-23 21:50:46,-69,['jbl']
252276294,"$jbl [15s. delayed] filed sec form 4: insider dastoor michael: 
disposed 6,264 of common stock at average price $9.8 between 2017-01-23 an https://s.flashalert.me/tupfci",2020-10-23 21:50:41,-69,['jbl']
252276217,"evp of jabil circuit just disposed of 20,697 shares  http://www.conferencecalltranscripts.org/4/summary/?id=8471640 $jbl",2020-10-23 21:50:16,-69,['jbl']
252276068,"$jbl [15s. delayed] filed sec form 4: insider borges steven d: 
disposed 20,697 of common stock at average price $21.37 on 2020-10-21, dec https://s.flashalert.me/dzmvb4",2020-10-23 21:49:29,-69,['jbl']
252276031,"evp of jabil circuit just disposed of 22,562 shares  http://www.conferencecalltranscripts.org/4/summary2/?id=8471639 $jbl",2020-10-23 21:49:13,-69,['jbl']
252275902,"$jbl [15s. delayed] filed sec form 4: insider katz robert l: 
disposed 22,562 of common stock at average price $22.54 on 2020-10-21, decre https://s.flashalert.me/wqgim",2020-10-23 21:48:32,-69,['jbl']
252185385,comprehensive non-correlated jabil inc $jbl trading report https://tinyurl.com/y6tbwz44,2020-10-23 16:00:04,-69,['jbl']
252080882,"$jbl filed its annual report today. a company may report high earnings but actually have low cash flows. this difference is called &quot;accruals&quot;, which represents a firm’s estimation of future financial benefits and obligations. see the image below. the estimation, in any case, isn&#39;t great and as a rule has mistakes. sometimes, companies may increase accruals to inflate profits. as such, high accruals may be a signal of low future income. we thus can conclude that firms with high accruals in the reported earnings have a lower chance of performing well next period.",2020-10-23 03:46:03,-69,['jbl']
252019453,last10k highlighted 68 positive and negative remarks in $jbl&#39;s 10-k filed today. see them in the annual report: https://last10k.com/sec-filings/jbl/0001193125-20-274411.htm?utm_source=stocktwits&amp;utm_medium=forum&amp;utm_campaign=sentiment&amp;utm_term=jbl,2020-10-22 22:02:43,-69,['jbl']
251999493,$jbl just filed a 10-k annual report with 123 sections and 6 exhibits. access them all or just read their earnings: https://last10k.com/sec-filings/jbl/0001193125-20-274411.htm?utm_source=stocktwits&amp;utm_medium=forum&amp;utm_campaign=10kq2040f&amp;utm_term=jbl,2020-10-22 20:44:43,-69,['jbl']
251993598,jabil circuit just filed its annual report: earnings per shareth... http://www.conferencecalltranscripts.org/q/summary2/?id=8467305 $jbl,2020-10-22 20:26:17,-69,['jbl']
251993231,"$jbl [15s. delayed] filed form 10-k on october 22, 16:23:26 https://s.flashalert.me/tefqc",2020-10-22 20:25:11,-69,['jbl']
251892650,short sale volume (not short interest) for $jbl on 2020-10-21 is 42%. http://shortvolumes.com/?t=jbl via @shortvolumes,2020-10-22 15:23:33,-69,['jbl']
251847594,"#gsector #buy wk42 $mksi, $jbl, $mu, $amat, $iphi, mrvl, saic, lrcx, atvi, infn  #tech #technology vgt ixn ftec xt igm xlk cqqq #growthstocks #stocks #finance #investment https://tinyurl.com/yxdarxxm",2020-10-22 13:40:22,1,"['amat', 'mksi', 'jbl', 'mu', 'iphi']"
251538804,the short sale volume (not short interest) for $jbl on 2020-10-20 is 48%. http://shortvolumes.com/?t=jbl via @shortvolumes,2020-10-21 11:05:35,-69,['jbl']
251516969,"diversified portfolio: fluor($flr), jabil($jbl), harman… https://www.macroaxis.com/invest/marketriskandreturn?s=flr,jbl,har,unh,wetf,gd,wy,hznp,mat,cme,cci,mar #correlations #stocks #stockratings",2020-10-21 04:09:04,-69,"['flr', 'jbl']"
251460657,"evp of jabil circuit just disposed of 2,312 shares  http://www.conferencecalltranscripts.org/4/summary2/?id=8459822 $jbl",2020-10-20 21:36:19,-69,['jbl']
255063665,what do you think of this? $jbl macd histogram just turned positive. view odds of uptrend. https://srnk.us/go/2292690,2020-11-07 19:17:36,1,['jbl']
255124831,"updated correlation matrix for jabil($jbl), first… https://www.macroaxis.com/invest/marketcorrelation?s=jbl,fcnca,exc,homb,emc,leg,nwsa,amzn,cnx,cci,hot,ice #canada #canadian_equities #ca",2020-11-08 08:23:06,-69,['jbl']
251460650,"svp of jabil circuit just disposed of 1,006 shares  http://www.conferencecalltranscripts.org/4/summary2/?id=8459821 $jbl",2020-10-20 21:36:17,-69,['jbl']
251460646,"evp of jabil circuit just disposed of 2,303 shares  http://www.conferencecalltranscripts.org/4/summary2/?id=8459820 $jbl",2020-10-20 21:36:16,-69,['jbl']
251460632,"$jbl [15s. delayed] filed sec form 4: insider wilson kenneth s: 
delivered securities 2,954 of common stock at average price $36.31 betwee https://s.flashalert.me/ldhqvc",2020-10-20 21:36:13,-69,['jbl']
251460615,"$jbl [15s. delayed] filed sec form 4: insider mondello mark t: 
delivered securities 21,642 of common stock at average price $36.31 betwee https://s.flashalert.me/gchkxq",2020-10-20 21:36:08,-69,['jbl']
251460601,"$jbl [15s. delayed] filed sec form 4: insider loparco michael j: 
delivered securities 3,050 of common stock at average price $36.31 betwe https://s.flashalert.me/zo6wv",2020-10-20 21:36:05,-69,['jbl']
251460592,"$jbl [15s. delayed] filed sec form 4: insider smith daryn g.: 
delivered securities 1,265 of common stock at average price $36.31 between  https://s.flashalert.me/awctr",2020-10-20 21:36:02,-69,['jbl']
251460578,"$jbl [15s. delayed] filed sec form 4: insider katz robert l: 
delivered securities 2,871 of common stock at average price $36.31 between 2 https://s.flashalert.me/xvxc0",2020-10-20 21:35:58,-69,['jbl']
251460552,"$jbl [15s. delayed] filed sec form 4: insider johnson bruce allan: 
delivered securities 2,303 of common stock at average price $36.31 bet https://s.flashalert.me/gccigz",2020-10-20 21:35:47,-69,['jbl']
251460549,"$jbl [15s. delayed] filed sec form 4: insider cadavid sergio: 
delivered securities 1,006 of common stock at average price $36.31 between  https://s.flashalert.me/12ilk",2020-10-20 21:35:46,-69,['jbl']
251460501,"$jbl [15s. delayed] filed sec form 4: insider borges steven d: 
delivered securities 2,312 of common stock at average price $36.31 between https://s.flashalert.me/qvfgeq",2020-10-20 21:35:31,-69,['jbl']
251396266,"$jbl steven a raymund sold 24,180 shares [high conviction] www.insider-analysis.com/search_transactions.php?ticker=table_jbl",2020-10-20 17:57:00,-69,['jbl']
251230132,$jbl new insider selling: 24180 shares. http://insiderbuyingselling.com/?t=jbl,2020-10-19 23:45:36,-69,['jbl']
251224375,jabil $jbl bidaskscore is #reiterated to held https://bidaskclub.com/news/company/2020-10-13/jbl,2020-10-19 23:01:03,-69,['jbl']
251221540,$jbl wooot congratz to all the bulls and bears here!!! im super psyched glad to be part of our amazing community profiting together! yall ready for the next super duper gapper slapper??? look at that macd watch close yall!,2020-10-19 22:42:02,1,['jbl']
251219566,"$jbl: new sec filing on evp, ceo, regulated industries, steven d borges: https://www.sec.gov/archives/edgar/data/898293/000122520820012595/xslf345x03/doc4.xml",2020-10-19 22:30:01,-69,['jbl']
251216250,"$jbl [15s. delayed] filed sec form 4: insider mondello mark t: 
granted 414,000 of common stock at average price $0 on 2020-10-15, increas https://s.flashalert.me/a9htt",2020-10-19 22:07:35,-69,['jbl']
251216233,"$jbl [15s. delayed] filed sec form 4: insider smith daryn g.: 
granted 22,770 of common stock at average price $0 on 2020-10-15, increased https://s.flashalert.me/nxsaeu",2020-10-19 22:07:29,-69,['jbl']
251216224,"$jbl [15s. delayed] filed sec form 4: insider loparco michael j: 
granted 76,590 of common stock at average price $0 on 2020-10-15, increa https://s.flashalert.me/vo5mp",2020-10-19 22:07:27,-69,['jbl']
251216216,"$jbl [15s. delayed] filed sec form 4: insider dastoor michael: 
granted 76,590 of common stock at average price $0 on 2020-10-15, increase https://s.flashalert.me/jj91e8",2020-10-19 22:07:24,-69,['jbl']
251216213,"$jbl [15s. delayed] filed sec form 4: insider katz robert l: 
granted 45,540 of common stock at average price $0 on 2020-10-15, increased  https://s.flashalert.me/0qhce",2020-10-19 22:07:23,-69,['jbl']
251216210,"$jbl [15s. delayed] filed sec form 4: insider johnson bruce allan: 
granted 53,820 of common stock at average price $0 on 2020-10-15, incr https://s.flashalert.me/trmrj",2020-10-19 22:07:22,-69,['jbl']
251216154,"$jbl [15s. delayed] filed sec form 4: insider cadavid sergio: 
granted 13,280 of common stock at average price $0 on 2020-10-15, increased https://s.flashalert.me/ao1nhl",2020-10-19 22:07:01,-69,['jbl']
251216131,"$jbl [15s. delayed] filed sec form 4: insider wilson kenneth s: 
granted 72,450 of common stock at average price $0 on 2020-10-15, increas https://s.flashalert.me/pt9aww",2020-10-19 22:06:51,-69,['jbl']
251216128,"$jbl [15s. delayed] filed sec form 4: insider borges steven d: 
granted 72,450 of common stock at average price $0 on 2020-10-15, increase https://s.flashalert.me/yn05pg",2020-10-19 22:06:50,-69,['jbl']
251213787,"$jbl [15s. delayed] filed sec form 4: insider walters kathleen a: 
granted 5,800 of common stock at price $0 on 2020-10-15, increased hold https://s.flashalert.me/7krga",2020-10-19 21:52:26,-69,['jbl']
251213764,"$jbl [15s. delayed] filed sec form 4: insider stout david m: 
granted 5,800 of common stock at price $0 on 2020-10-15, increased holding b https://s.flashalert.me/yvyhz",2020-10-19 21:52:21,-69,['jbl']
251213740,"$jbl [15s. delayed] filed sec form 4: insider sansone thomas a: 
granted 5,800 of common stock at price $0 on 2020-10-15, increased holdin https://s.flashalert.me/ytwag",2020-10-19 21:52:13,-69,['jbl']
251213734,"$jbl [15s. delayed] filed sec form 4: insider raymund steven a: 
disposed 24,180 of common stock at price $41.51 and granted 5,800 of comm https://s.flashalert.me/emnkka",2020-10-19 21:52:12,-69,['jbl']
251213725,"$jbl [15s. delayed] filed sec form 4: insider holland christopher s: 
granted 5,800 of common stock at price $0 on 2020-10-15, increased h https://s.flashalert.me/7cxw9y",2020-10-19 21:52:08,-69,['jbl']
251213719,"$jbl [15s. delayed] filed sec form 4: insider plant john c: 
granted 5,800 of common stock at price $0 on 2020-10-15, increased holding by https://s.flashalert.me/dwnnoi",2020-10-19 21:52:07,-69,['jbl']
251213710,"$jbl [15s. delayed] filed sec form 4: insider main timothy l: 
granted 5,800 of common stock at price $0 on 2020-10-15, increased holding  https://s.flashalert.me/loswav",2020-10-19 21:52:03,-69,['jbl']
251213672,"$jbl [15s. delayed] filed sec form 4: insider brooks martha: 
granted 5,800 of common stock at price $0 on 2020-10-15, increased holding b https://s.flashalert.me/cmwued",2020-10-19 21:51:51,-69,['jbl']
251212448,"jabil circuit director just picked up 5,800 shares  http://www.conferencecalltranscripts.org/4/summary/?id=8456004 $jbl",2020-10-19 21:44:13,-69,['jbl']
251212320,"$jbl [15s. delayed] filed sec form 4: insider ansari anousheh: 
granted 5,800 of common stock at price $0 on 2020-10-15, increased holding https://s.flashalert.me/1kdw5",2020-10-19 21:43:29,-69,['jbl']
250657273,"updated correlation matrix for jabil($jbl), sei… https://www.macroaxis.com/invest/marketcorrelation?s=jbl,seic,fdmf,amgn,praa,adsk,fslr,whr #correlations #stocks #stockratings",2020-10-16 05:10:02,-69,['jbl']
250654411,short sale volume (not short interest) for $jbl on 2020-10-15 is 39%. http://shortvolumes.com/?t=jbl via @shortvolumes,2020-10-16 04:23:32,-69,['jbl']
250627370,$jbl announced a dividend (jabil inc) https://www.dividendinvestor.com/dn/2878825,2020-10-16 00:21:24,-69,['jbl']
250582935,$jbl jabil declares quarterly dividend https://www.otcdynamics.com/jbl-jabil-declares-quarterly-dividend,2020-10-15 20:22:01,-69,['jbl']
250580895,"$jbl [15s. delayed]: issued press release on october 15, 16:10:00: jabil declares quarterly dividend https://s.flashalert.me/gri123",2020-10-15 20:15:37,-69,['jbl']
250580442,"$jbl jabil declares quarterly dividend
https://www.stocktitan.net/news/jbl/jabil-declares-quarterly-c4xo5w8tjjnp.html

#dividends",2020-10-15 20:14:19,-69,['jbl']
250580316,jabil declares quarterly dividend http://www.conferencecalltranscripts.org/summary/?id=71207&amp;pr=true $jbl,2020-10-15 20:13:54,-69,['jbl']
250580303,jabil declares quarterly dividend http://www.conferencecalltranscripts.org/summary/?id=71206&amp;pr=true $jbl,2020-10-15 20:13:53,-69,['jbl']
250447685,"#gsector #buy wk41 $mksi, $jbl, $amat, $iphi, $mrvl, lrcx, saic, mu, atvi, infn  #tech #technology vgt ixn ftec xt igm xlk cqqq #growthstocks #stocks #finance #investment https://bit.ly/34zl8ja",2020-10-15 13:40:21,1,"['amat', 'mksi', 'mrvl', 'jbl', 'iphi']"
250274729,"consider investing in november 2020: jabil($jbl),… https://www.macroaxis.com/invest/marketcorrelation?s=jbl,syy,chrw,mmi,gpc,trow,schw,flir,xlnx,cats,ew,agco #correlations #stocks #stockratings",2020-10-14 18:21:02,-69,['jbl']
250162053,jabil inc $jbl trading report http://tinyurl.com/yyyabew3,2020-10-14 12:30:04,-69,['jbl']
249571792,"updated ratings for jabil($jbl), nio($nio),… https://www.macroaxis.com/invest/marketratings?s=jbl,nio,phm,rok,seic,ms,cost,vz,dow,mco #canada #canadian_equities #ca",2020-10-11 17:54:33,-69,"['jbl', 'nio']"
249325178,"check this portfolio in november 2020: jabil($jbl), c… https://www.macroaxis.com/invest/marketriskandreturn?s=jbl,chrw,r,gww,dis,aee,fhn,nndm,ndaq,hrl,trv,nwl #insidertrading #stocks #fintechnews",2020-10-09 15:42:02,-69,['jbl']
249249962,jabil circuit (nyse: jbl) stock is a backdoor recovery play $jbl #jbl https://www.marketbeat.com/n/4484617/,2020-10-09 12:01:22,-69,['jbl']
249094336,"new correlation matrix for jabil($jbl), pioneer… https://www.macroaxis.com/invest/marketcorrelation?s=jbl,pxd,stt,vno,nndm,nbr,rop,flr,fsrv,myl #canada #canadian_equities #ca",2020-10-08 18:01:04,-69,['jbl']
249040946,4 electronics stocks to buy right now amid coronavirus woes $keys $jbl $aosl $entg https://bit.ly/36ndmec,2020-10-08 15:23:32,-69,"['entg', 'jbl', 'aosl', 'keys']"
248998324,"#gsector #buy wk40 $mksi, $jbl, $amat, $iphi, $mrvl, lrcx, saic, mu, infn, flex  #tech #technology vgt ixn ftec xt igm xlk cqqq #growthstocks #stocks #finance #investment https://bit.ly/3iinqbu",2020-10-08 13:40:21,1,"['amat', 'mksi', 'mrvl', 'jbl', 'iphi']"
248708489,"today&#39;s bull and bear of the day are jabil $jbl, and harley davidson $hog. https://youtu.be/45ntahgyyu0",2020-10-07 13:31:51,-69,"['hog', 'jbl']"
248585429,"$ba this will go $&lt;100. airlines with weak balance sheets likely will go bankrupt. $aal, $jbl .",2020-10-06 21:06:05,-1,"['ba', 'jbl', 'aal']"
248515148,"this week&#39;s top stock picks are best buy $bby, and jabil $jbl. https://www.zacks.com/stock/news/1071827/top-stock-picks-for-week-of-october-5-2020",2020-10-06 18:16:29,-69,"['bby', 'jbl']"
248351850,"$jbl 4 month #ascendingtraingle #chartpattern
nyse:jbl forming a well defined 4 months ascending triangle chart pattern with $35.75 acting as resistance that has been tested multiple times. volume pattern shows heavy accumulation that started couple weeks ago. the stock closed just below that price level in today&#39;s session and looks ready to break out soon.",2020-10-06 02:01:18,1,['jbl']
248165838,$jbl need this to get above $36 and it&#39;s off to the races.   super cheap way to play the apple upgrade cycle,2020-10-05 13:39:29,-69,['jbl']
248129438,$jbl - next fiscal quarter end is on 30th of november 2020. jabil is estimated to stay… https://www.macroaxis.com/invest/priceprobability/jbl/35.0?a=less,2020-10-05 07:26:32,-69,['jbl']
248082682,"consider investing in november 2020: jabil($jbl), bed… https://www.macroaxis.com/invest/marketcorrelation?s=jbl,bbby,cnx,agnc,hst,life,hon,plxs,fslr,se,dhr,cvx #insidertrading #stocks #fintechnews",2020-10-04 20:02:02,-69,['jbl']
248051787,jabil inc $jbl trading report http://tinyurl.com/y6dlryy3,2020-10-04 10:00:04,-69,['jbl']
247999681,"updated correlation matrix for jabil($jbl), dentsply… https://www.macroaxis.com/invest/marketcorrelation?s=jbl,xray,hd,ppg,apa,col,cvbf,cms,dis,akam,txn,trow #correlations #stocks #stockratings",2020-10-03 16:05:02,-69,['jbl']
