id,body,created_at,sentiment,symbols
254802530,$dlb is better placed than average in its industry to meet its short term obligations. https://www.chartmill.com/stock/quote/dlb/fundamental-analysis?key=0d81b644-d7f6-4970-b795-0317483a17ba&amp;utm_source=stocktwits&amp;utm_medium=fa&amp;utm_content=dlb&amp;utm_campaign=social_tracking,2020-11-06 10:49:00,-69,['dlb']
254767555,"dolby laboratories ceo kevin j. yeaman sells $2,400,000.00 in $dlb https://www.marketbeat.com/i/414740",2020-11-06 02:29:45,-69,['dlb']
254764772,$dlb new insider selling: 25000 shares. http://insiderbuyingselling.com/?t=dlb,2020-11-06 02:09:37,-69,['dlb']
254753511,"$dlb: new sec filing on evp, gen. coun. &amp; secrty, mark andrew sherman: https://www.sec.gov/archives/edgar/data/1308547/000120919120057140/xslf345x03/doc4.xml",2020-11-06 00:57:02,-69,['dlb']
254712459,"evp of dolby laboratories just cashed-in 25,000 options  http://www.conferencecalltranscripts.org/4/summary/?id=8523447 $dlb",2020-11-05 21:55:15,-69,['dlb']
254712328,"dolby laboratories&#39;s president and ceo just cashed-in 30,000 options  http://www.conferencecalltranscripts.org/4/summary2/?id=8523441 $dlb",2020-11-05 21:54:47,-69,['dlb']
254706101,"$dlb $1,376,608.20 of shares sold by yeaman kevin j (president and ceo), reported in a new form 4 filed with the sec  https://newsfilter.io/a/c93e9a1b745b7f04b578979910e12748",2020-11-05 21:36:42,-69,['dlb']
254704196,"$dlb [15s. delayed] filed sec form 4: president and ceo yeaman kevin j: 
disposed 30,000 of class a common stock at average price $80 and  https://s.flashalert.me/wteyde",2020-11-05 21:32:02,-69,['dlb']
254704018,"$dlb [15s. delayed] filed sec form 4: evp, gen. coun. &amp; secrty sherman mark andrew: 
disposed 25,000 of class a common stock at average pr https://s.flashalert.me/hrnqr",2020-11-05 21:31:37,-69,['dlb']
254703857,"$dlb $921,513.36 of shares sold by sherman mark andrew (evp, gen. coun. &amp; secrty), reported in a new form 4 filed with the sec  

https://newsfilter.io/a/ea387b3f67fe92dbbf97996521ac6425",2020-11-05 21:31:16,-69,['dlb']
254559906,$dlb: dolby laboratories announces conference call and webcast for q4 fiscal 2020 financial results https://www.chartmill.com/stock/quote/dlb/news?utm_source=stocktwits&amp;utm_medium=pressrelease&amp;utm_content=dlb&amp;utm_campaign=social_tracking,2020-11-05 13:41:04,-69,['dlb']
254559073,$dlb new article : dolby laboratories announces conference call and webcast for q4 fiscal 2020 financial results https://www.stck.pro/news/dlb/8949960,2020-11-05 13:37:11,-69,['dlb']
254557932,"$dlb [15s. delayed]: issued press release on november 05, 08:30:00: dolby laboratories announces conference call and webcast for q4 fiscal https://s.flashalert.me/t1gm2",2020-11-05 13:32:05,-69,['dlb']
254557704,"$dlb dolby laboratories announces conference call and webcast for q4 fiscal 2020 financial results 

https://newsfilter.io/a/f534eb53ee5a95bcf00de35d57d6ed38",2020-11-05 13:31:15,-69,['dlb']
254557417,"$dlb dolby laboratories announces conference call and webcast for q4 fiscal 2020 financial results
https://www.stocktitan.net/news/dlb/dolby-laboratories-announces-conference-call-and-webcast-for-q4-u904p5hz9gmr.html",2020-11-05 13:30:04,-69,['dlb']
254509796,"$dlb all swings with plenty of time to get in, congrats 👏 https://youtu.be/cjtmmcqhfxs",2020-11-05 03:30:50,1,['dlb']
254443126,"$dlb mark andrew sherman sold 25,000 shares [very high conviction] www.insider-analysis.com/search_transactions.php?ticker=table_dlb",2020-11-04 20:57:32,-69,['dlb']
254415451,"$dlb kevin j yeaman sold 30,000 shares [very high conviction] www.insider-analysis.com/search_transactions.php?ticker=table_dlb",2020-11-04 18:54:57,-69,['dlb']
254308456,dolbylaboratories $dlb bidaskscore is increased to bought https://bidaskclub.com/news/company/2020-11-03/dlb,2020-11-04 10:01:04,-69,['dlb']
254287550,$dlb new insider selling: 25000 shares. http://insiderbuyingselling.com/?t=dlb,2020-11-04 04:54:36,-69,['dlb']
254251224,"dolby laboratories evp mark andrew sherman sells $1,900,000.00 in $dlb https://www.marketbeat.com/i/414286",2020-11-04 00:33:20,-69,['dlb']
254250678,"dolby laboratories ceo kevin j. yeaman sells $2,250,000.00 in $dlb https://www.marketbeat.com/i/414284",2020-11-04 00:29:06,-69,['dlb']
254226045,"$dlb: new sec filing on president and ceo, kevin j yeaman: https://www.sec.gov/archives/edgar/data/1308547/000120919120056640/xslf345x03/doc4.xml",2020-11-03 21:54:02,-69,['dlb']
254223493,"$dlb $1,255,500.00 of shares sold by yeaman kevin j (president and ceo), reported in a new form 4 filed with the sec  https://newsfilter.io/a/add0e4bd95699b3dee1446cc7285530a",2020-11-03 21:41:10,-69,['dlb']
254223320,"dolby laboratories&#39;s president and ceo just cashed-in 30,000 options  http://www.conferencecalltranscripts.org/4/summary/?id=8512536 $dlb",2020-11-03 21:40:19,-69,['dlb']
254222822,"evp of dolby laboratories just cashed-in 25,000 options  http://www.conferencecalltranscripts.org/4/summary2/?id=8512499 $dlb",2020-11-03 21:37:58,-69,['dlb']
254222456,"$dlb [15s. delayed] filed sec form 4: president and ceo yeaman kevin j: 
disposed 30,000 of class a common stock at price $75 and converte https://s.flashalert.me/mjfwt",2020-11-03 21:36:31,-69,['dlb']
254222384,"$dlb [15s. delayed] filed sec form 4: evp, gen. coun. &amp; secrty sherman mark andrew: 
disposed 25,000 of class a common stock at price $76  https://s.flashalert.me/lwwsi",2020-11-03 21:36:11,-69,['dlb']
254222276,"$dlb $825,500.00 of shares sold by sherman mark andrew (evp, gen. coun. &amp; secrty), reported in a new form 4 filed with the sec  

https://newsfilter.io/a/06004b0be9e43d64f544201d36b00dd0",2020-11-03 21:35:51,-69,['dlb']
254196577,$dlb look at all of the insiders cashing out on this very very silent parabola lololol,2020-11-03 20:05:19,-1,['dlb']
253725383,"$dlb can&#39;t post multiple photos here, follow on twitter for details https://youtu.be/cjtmmcqhfxs https://twitter.com/sergdjb?s=09 looking interesting here after this multi-yr resistance break. watch for a pull closer the low 70s sl below $72. er &amp; sales beat, like it here for swing. $study $qqq",2020-10-31 15:51:13,1,"['dlb', 'study', 'qqq']"
253655924,lg cap all-time high list = only 6 stocks today with 5 being earnings beaters: $cl $bio $zen $fivn $dlb,2020-10-30 20:43:33,-69,"['bio', 'cl', 'dlb', 'fivn', 'zen']"
253568875,$dlb - continues to move higher,2020-10-30 15:49:44,-69,['dlb']
253218538,$dlb you should do as you say.,2020-10-29 12:50:39,1,['dlb']
253088658,$dlb - audio and imaging technologies - company looks strong to me,2020-10-28 19:49:47,-69,['dlb']
252325696,dolbylaboratories $dlb bidaskscore is upgraded to held https://bidaskclub.com/news/company/2020-10-23/dlb,2020-10-24 12:47:04,-69,['dlb']
252048234,double bottom signal alert: $dlb. more insights: https://stockinvest.us/technical-analysis/dlb?utm_source=stocktwits&amp;utm_medium=autopost,2020-10-23 00:42:39,1,['dlb']
251770547,double bottom signal alert: $dlb. more insights: https://stockinvest.us/technical-analysis/dlb?utm_source=stocktwits&amp;utm_medium=autopost,2020-10-22 00:33:27,1,['dlb']
251435666,$dlb steven e forshay sold 833 shares [low conviction] www.insider-analysis.com/search_transactions.php?ticker=table_dlb,2020-10-20 20:07:27,-69,['dlb']
251216453,"dolby laboratories svp steven e. forshay sells $58,151.73 in $dlb https://www.marketbeat.com/i/412524",2020-10-19 22:08:59,-69,['dlb']
251214121,$dlb new insider selling: 833 shares. http://insiderbuyingselling.com/?t=dlb,2020-10-19 21:54:36,-69,['dlb']
251205269,svp of dolby laboratories just cashed-in 833 options  http://www.conferencecalltranscripts.org/4/summary/?id=8455786 $dlb,2020-10-19 21:06:24,-69,['dlb']
251205103,"$dlb [15s. delayed] filed sec form 4: svp, advanced technology group forshay steven e: 
disposed 833 of class a common stock at price $69. https://s.flashalert.me/8gjn6l",2020-10-19 21:05:36,-69,['dlb']
250941377,dolbylaboratories $dlb bidaskscore is #reiterated to sold https://bidaskclub.com/news/company/2020-10-16/dlb,2020-10-17 23:01:02,-69,['dlb']
250307992,$dlb steven e forshay sold 834 shares [low conviction] www.insider-analysis.com/search_transactions.php?ticker=table_dlb,2020-10-14 20:08:52,-69,['dlb']
250094435,$dlb new insider selling: 834 shares. http://insiderbuyingselling.com/?t=dlb,2020-10-13 23:36:36,-69,['dlb']
250080153,"$dlb: new sec filing on svp, advanced technology group, steven e forshay: https://www.sec.gov/archives/edgar/data/1308547/000120919120054636/xslf345x03/doc4.xml",2020-10-13 22:16:02,-69,['dlb']
250050943,svp of dolby laboratories just cashed-in 834 options  http://www.conferencecalltranscripts.org/4/summary/?id=8440677 $dlb,2020-10-13 20:25:23,-69,['dlb']
250050652,"$dlb [15s. delayed] filed sec form 4: svp, advanced technology group forshay steven e: 
disposed 834 of class a common stock at price $68. https://s.flashalert.me/o9ovu",2020-10-13 20:24:35,-69,['dlb']
250026022,$dlb wants to rocket from this base,2020-10-13 19:18:14,-69,['dlb']
250012029,"$dlb new article : skyworks, cirrus logic among apple suppliers dropping after iphone event https://www.stck.pro/news/dlb/8443225",2020-10-13 18:36:05,-69,['dlb']
249764347,$dlb new article : dolby: wally weitz sees &#39;additional upside optionality&#39; https://www.stck.pro/news/dlb/8417819,2020-10-12 19:07:13,-69,['dlb']
249243641,"$udr and $dlb are being bought by large players and show a pocket pivot signal today. https://www.chartmill.com/stock/stock-screener?sid=31&amp;f=smlev20v_b_lev,smlev20v_r,p_pg10,pp_1,v1_50b200,cu_a_sm50v,der5_a_0.03,s_ppt,exch_us&amp;v=3&amp;timeframe=daily&amp;type=candles&amp;o1=17&amp;op1=10%252c2,16711680&amp;i1=49&amp;ia1=on&amp;cl=f&amp;months=0.05&amp;o2=3&amp;op2=50,255&amp;width=720&amp;o3=3&amp;op3=10,65280&amp;utm_source=stocktwits&amp;utm_medium=screener&amp;utm_content=stock_screener:_large_effective_volume_+_pocket_pivot_today&amp;utm_campaign=social_tracking",2020-10-09 11:20:00,-69,"['dlb', 'udr']"
249128456,2020-10-07 short sale volume (not short interest) for $dlb is 33%. http://shortvolumes.com/?t=dlb via @shortvolumes,2020-10-08 19:41:34,-69,['dlb']
248928007,$dlb dolby.io 👌🏻📈,2020-10-08 02:44:14,-69,['dlb']
246889245,dolbylaboratories $dlb bidaskscore is lowered to sold https://bidaskclub.com/news/company/2020-09-28/dlb,2020-09-29 09:14:05,-69,['dlb']
246643310,$batrk $fox $dlb $dish suggested for media - value screen: https://bit.ly/30dyntj,2020-09-28 10:49:38,-69,"['dish', 'dlb', 'batrk']"
246640192,david e. dolby just provided an update on activist position in dolby laboratories http://www.conferencecalltranscripts.org/13d/summary/?id=8390330 $dlb,2020-09-28 10:08:52,-69,['dlb']
246635810,the short sale volume (not short interest) for $dlb on 2020-09-25 is 35%. http://shortvolumes.com/?t=dlb via @shortvolumes,2020-09-28 08:41:33,-69,['dlb']
246464937,"$dlb: new sec filing on 10%+ owner, dolby dagmar: https://www.sec.gov/archives/edgar/data/1308547/000120919120052161/xslf345x03/doc4.xml",2020-09-26 01:54:02,-69,['dlb']
