id,body,created_at,sentiment,symbols
254774885,$dell not a good one for options,2020-11-06 03:29:08,-69,['dell']
254640880,$dell---turning up,2020-11-05 18:11:33,-69,['dell']
254381383,wow this is a big change! $dell&#39;s in downtrend: moving average convergence divergence (macd) histogram crosses below signal line. view odds for this and other indicators: https://srnk.us/go/2281098,2020-11-04 16:40:20,-69,['dell']
254284258,"lenovo profit beats expectations, helped by remote working trend

https://pageone.ng/2020/11/03/lenovo-profit-beats-expectations-helped-by-remote-working-trend/

$hpe $dell $aapl $msft",2020-11-04 04:27:04,-69,"['aapl', 'dell', 'msft', 'hpe']"
254248675,2020-11-02 short sale volume (not short interest) for $dell is 52%. http://shortvolumes.com/?t=dell via @shortvolumes,2020-11-04 00:14:36,-69,['dell']
254199621,"$dell #tradeidea-389 [nov-20 62.5 calls] at $2.19 
  https://sleekoptions.com/st.aspx?ald=d51dcf90-3854-4b58-a2fb-b8824e99753d",2020-11-03 20:17:15,-69,['dell']
254190492,"lenovo profit beats expectations, helped by remote working trend

https://pageone.ng/2020/11/03/lenovo-profit-beats-expectations-helped-by-remote-working-trend/

$hpe $dell $aapl $msft",2020-11-03 19:41:21,-69,"['aapl', 'dell', 'msft', 'hpe']"
254164357,$dell--60.00 holding on the daily,2020-11-03 17:55:10,-69,['dell']
254125230,"lenovo profit beats expectations, helped by remote working trend

https://pageone.ng/2020/11/03/lenovo-profit-beats-expectations-helped-by-remote-working-trend/

$hpe $dell $aapl $msft",2020-11-03 15:38:06,-69,"['aapl', 'dell', 'msft', 'hpe']"
254091557,"$nvda $dell $amd $sne $msft so guys, burger king and sony partnered up to give out 1,000 free ps5 consoles and many other prices, like digital game downloads. 

check out more info here for details on how to win: https://m.youtube.com/watch?v=ravpcdirl_e&amp;t=9s",2020-11-03 13:51:08,1,"['dell', 'msft', 'nvda', 'amd', 'sne']"
254061858,"lenovo profit beats expectations, helped by remote working trend

https://pageone.ng/2020/11/03/lenovo-profit-beats-expectations-helped-by-remote-working-trend/

$hpe $dell $aapl $msft",2020-11-03 07:59:21,-69,"['aapl', 'dell', 'msft', 'hpe']"
254049217,$dell ceo playing the retail guys you go on cnbc any new wire and come out with concrete news we will spin off xyz at this price this time . what&#39;s this we will spin it off sometime somewhere in a year or two bullshit. vmware could be $40 a share by than . gaap earnings were not that good non gaap non sense another financial engineering those earnings looks closely,2020-11-03 03:47:41,1,['dell']
254048832,$dell feel like the stocks ace the ceo has lost some credibility his cnbc pumps fake smile bs .he might of started to look as a manipulater no clarity financial engineering ceo. dell still has extreme debt after paying blocks off . large block sales keep dumping on every rise even a point down down,2020-11-03 03:42:56,1,['dell']
254048396,"$dell large dumps on every rise let it down to 55 that&#39;s being nice . no clarity on vmware insiders sell non stop, vmware stock has been beaten down",2020-11-03 03:37:43,1,['dell']
254036430,$vmw this is the worst stock of the century majority owned by $dell  worst company,2020-11-03 01:45:09,-1,"['dell', 'vmw']"
253995696,"$dell green to red move:  +1.99% to -0.22%  
 https://www.sleekoptions.com/sleekscan.aspx?did=dell",2020-11-02 21:27:22,-69,['dell']
253986171,$dell new article : woolworths selects dell technologies cloud to deploy hybrid cloud strategy https://www.stck.pro/news/dell/8893440,2020-11-02 21:01:06,-69,['dell']
253979207,$dell: woolworths selects dell technologies cloud to deploy hybrid cloud strategy https://www.chartmill.com/news/dell/prnews-2020-11-2-woolworths-selects-dell-technologies-cloud-to-deploy-hybrid-cloud-strategy?utm_source=stocktwits&amp;utm_medium=pressrelease&amp;utm_content=dell&amp;utm_campaign=social_tracking,2020-11-02 20:33:01,-69,['dell']
253978352,"$dell petition for rulemaking to permit mvdds use of the 12.2-12.7 ghz band for two-way mobile broadband service 

https://newsfilter.io/a/af40a1e62ea51469a49474738f6ca2c6",2020-11-02 20:29:00,-69,['dell']
253978028,$dell woolworths selects dell technologies cloud to deploy hybrid cloud strategy https://www.otcdynamics.com/dell-woolworths-selects-dell-technologies-cloud-to-deploy-hybrid-cloud-strategy,2020-11-02 20:27:38,-69,['dell']
253976056,"$dell woolworths selects dell technologies cloud to deploy hybrid cloud strategy 

https://newsfilter.io/a/bab03187fcd14a1cd4363ebba35f8e31",2020-11-02 20:19:53,-69,['dell']
253976022,"$dell woolworths selects dell technologies cloud to deploy hybrid cloud strategy
https://www.stocktitan.net/news/dell/woolworths-selects-dell-technologies-cloud-to-deploy-hybrid-cloud-qpjkmvcci9n0.html",2020-11-02 20:19:45,-69,['dell']
253947315,"$dell if you&#39;re still holding, think about the fact that all leadership sold tens of millions of $s .......",2020-11-02 18:21:46,-69,"['dell', 's']"
253864341,"$dell $amd $msft $sne $nvda 
if y&#39;all like a free xbox series x, taco bell and xbox partnered up to away 4,032 free xbox series x consoles. 

my friend won one yesterday.

offer is going on till november 4th.

details to enter is below: 
https://m.youtube.com/watch?v=tg-nkgcuidi&amp;t=164s",2020-11-02 12:49:47,1,"['dell', 'msft', 'nvda', 'amd', 'sne']"
253579597,$dell back to support levels where planned $vmw spinoff was announced presenting a second chance entry. i am a buyer here.,2020-10-30 16:22:20,1,"['dell', 'vmw']"
253429928,"$dell thomas w sweet sold 33,519 shares [low conviction] www.insider-analysis.com/search_transactions.php?ticker=table_dell",2020-10-30 00:05:20,-69,['dell']
253421293,"$dell $nvda $amd if you&#39;re planning to buy a dell computer or alienware computer and want a decent discount, then check this video out.

https://m.youtube.com/watch?v=ypj0cc_symw",2020-10-29 23:17:06,1,"['dell', 'nvda', 'amd']"
253285966,$dell hm when to rebuy here,2020-10-29 16:05:32,-69,['dell']
253255468,$dell   the only thing i get  out of all these posts are that all the insiders are  selling.      not a good sign if your a long time  investor.,2020-10-29 14:38:31,-69,['dell']
253168552,"dell cfo thomas sweet sells $2,216,276.28 in $dell https://www.marketbeat.com/i/413678",2020-10-29 02:20:17,-69,['dell']
253162214,"computer processing hardware stocks down 4.6% on average(mean) in a day, median return is -4.0%, top movers are $ncr -10.7% $hpe -4.9% $dell -4.5% $par -4.1% $cts -3.8%, 1m daily vol. at 2%, 1m average correlation at 39%, 
https://marketcomposite.com/topic?name=computer%20processing%20hardware",2020-10-29 01:25:27,-69,"['dell', 'cts', 'ncr', 'par', 'hpe']"
253155243,"$dell 
bought @ 51.80 - profits taken @ 60.90, 65.40 &amp; 61.60 
stop profit triggered. 
current status: flat. 
break below 61.80 now targeting 58.05- 57.12 

(original analysis submitted: june 24, 2020)  ",2020-10-29 00:34:53,-69,['dell']
253143674,$dell new insider selling: 33519 shares. http://insiderbuyingselling.com/?t=dell,2020-10-28 23:18:36,-69,['dell']
253134301,"$dell $1,755,236.02 of shares sold by sweet thomas w (chief financial officer), reported in a new form 4 filed with the sec  https://newsfilter.io/a/9fd7b4a9304b63b82e23262a8f029799",2020-10-28 22:25:57,-69,['dell']
253133418,"$dell [15s. delayed] filed sec form 4: chief financial officer sweet thomas w: 
disposed 33,519 of class c common stock at average price $ https://s.flashalert.me/nngh8w",2020-10-28 22:21:14,-69,['dell']
253072160,"$dell $nvda $amd if you&#39;re planning to get an alienware computer or just a regular dell computer, this is how you can get a discount. 

check out more details here: https://m.youtube.com/watch?v=ypj0cc_symw",2020-10-28 18:53:47,-69,"['dell', 'nvda', 'amd']"
253057640,"$dell jeffrey w clarke sold 133,418 shares [average conviction] www.insider-analysis.com/search_transactions.php?ticker=table_dell",2020-10-28 17:59:30,-69,['dell']
253015689,"$dell did microsoft earnings mention something bad for dell, everyone?",2020-10-28 15:37:52,-69,['dell']
252996523,$dell the king of commercial tech. $100 pt,2020-10-28 14:45:21,1,['dell']
252914456,"$arc arc document, back to growth, benefiting from growing use of signage in malls, hospitals, schools, etc. 
selling at 2x ev/ adj. ebitda, 5x cf in a quarter.
results next week, already pre-announced positive nos.

$hpq $dell 
pls read our detailed note
https://www.purnha.com/arc-document-solutions-if-you-loved-seabiscuit/",2020-10-28 05:39:17,1,"['dell', 'hpq', 'arc']"
252895900,"risk-adjusted landscape for fossil($fosl), dell($dell),… https://www.macroaxis.com/invest/marketriskandreturn?s=fosl,dell,urbn,emc,vmc,trmk,etm,bxp,ctsh,hrb,etr,se #correlations #stocks #stockratings",2020-10-28 01:48:03,-69,"['dell', 'fosl']"
252886791,"dell coo jeffrey clarke sells $2,209,598.16 in $dell https://www.marketbeat.com/i/413512",2020-10-28 00:37:05,-69,['dell']
252886056,"dell coo jeffrey clarke sells $6,827,000.00 in $dell https://www.marketbeat.com/i/413511",2020-10-28 00:32:07,-69,['dell']
252885531,"$dell: new sec filing on coo &amp; vice chairman, jeffrey w clarke: https://www.sec.gov/archives/edgar/data/1571996/000112329220001144/xslf345x03/edgar.xml",2020-10-28 00:28:02,-69,['dell']
252882552,"$dell [15s. delayed] filed sec form 4: coo &amp; vice chairman clarke jeffrey w: 
disposed 133,418 of class c common stock at average price $6 https://s.flashalert.me/4uzvty",2020-10-28 00:06:39,-69,['dell']
252882496,"$dell $7,202,204.16 of shares sold by clarke jeffrey w (coo &amp; vice chairman), reported in a new form 4 filed with the sec  

https://newsfilter.io/a/62fdcd570202033ff2b91f12cab5200f",2020-10-28 00:06:19,-69,['dell']
252882287,"$dell $nvda $amd the release date for the alienware aurora r11 with the rtx 3080  for the european market has been unveiled.

check out more details here: https://m.youtube.com/watch?v=a0n6xyzjm6q&amp;t=30s",2020-10-28 00:04:54,1,"['dell', 'nvda', 'amd']"
252839944,$dell boom up two tomorrow back to 70 i just bought earlier today as i said,2020-10-27 20:35:42,1,['dell']
252807341,$dell buying here some,2020-10-27 19:03:44,1,['dell']
252717403,$dell - over 76.0% of the company shares are held by… https://www.macroaxis.com/stock-analysis/dell/dell #insidertrading #stocks #fintechnews,2020-10-27 14:04:33,-69,['dell']
252665984,delltechnologies $dell bidaskscore is lowered to held https://bidaskclub.com/news/company/2020-10-26/dell,2020-10-27 04:47:04,-69,['dell']
252652446,"computer processing hardware stocks down 3.8% on average(mean) in a day, median return is -4.5%, top movers are $ncr -5.3% $dell -5.0% $tdc -4.7% $hpq -4.6% $hpe -4.4%, 1m daily vol. at 1%, 1m average correlation at 36%, 
https://marketcomposite.com/topic?name=computer%20processing%20hardware",2020-10-27 01:51:34,-69,"['dell', 'hpq', 'ncr', 'tdc', 'hpe']"
252648500,$dell had approximately 30m usd go to the short side at 59 pct short  bears and bulls are fighting close  https://www.algowins.com/?wdt_column_filter[1]=dell,2020-10-27 01:13:00,-69,['dell']
252619934,"$dell $nvda $amd so intel is joining the gaming gpu market with their new second generation xe dg2 dedicated graphics card. 

it&#39;s supposed to challenge the nvidia rtx 3070 card.

check out more details here: https://m.youtube.com/watch?v=5nxqzeb051u",2020-10-26 21:39:01,1,"['dell', 'nvda', 'amd']"
252569795,"ignore intel: here are 3 better stocks

$dell $ntnx $wdc

https://www.fool.com/investing/2020/10/26/ignore-intel-here-are-3-better-stocks/",2020-10-26 18:09:11,-69,"['dell', 'wdc', 'ntnx']"
252567169,"$dell dell technologies put volume heavy and directionally bearish 13:55 dell dell technologies $64.09 / -4.01 (-5.89%) bearish flow noted in dell technologies with 2,614 puts trading, or 4x expected. most active are nov-20 62.5 puts and nov-20 70 calls, with total volume in those strikes near 2,100 contracts. the put/call ratio is 2.21, while atm iv is up over 5 points on the day. earnings are expected on november 24th.",2020-10-26 18:00:01,-69,['dell']
252557384,$dell new article : was the smart money right about embracing dell technologies inc. (dell)? https://www.stck.pro/news/dell/8753422,2020-10-26 17:29:32,-69,['dell']
252545349,"portfolio prediction for next week: dell($dell),… https://www.macroaxis.com/invest/marketratings?s=dell,kmx,lpla,hrl,fcfs,mu #canada #canadian_equities #ca",2020-10-26 16:50:03,-69,['dell']
252531980,$dell glad i sold at peak last week,2020-10-26 16:01:58,-69,['dell']
252515937,$dell $hpq why are pc makers down today?,2020-10-26 15:09:19,-69,"['dell', 'hpq']"
252417077,"$dell short

dell recently broke it&#39;s major support on both the chart and the rsi graph (red trend line). possible gap fill (purple levels) down to it&#39;s previous prices in september. bearish engulfment on the daily.

optimal entry
break of 67.1 (green level). with the loss of both the red support and the green level there will be very big downside potential. you can of course enter immediately on monday but it might reject the level and regain bullishness, so that&#39;s the risk that comes.
pt1 63.7
pt2 59.4
sl 68.4
contracts
11/20 67.5/60p bear spread
buy the 67.5p and sell the 60p. net debit should be around 2.5 at the entry point.
a cheap play would be the 65/62.5p bear spread.

i&#39;ll most likely close all of my contracts after the gap fill. you can also buy the dip after the gap fill for an er run up (11/26 ah). manage your risks set stop losses. stay green!",2020-10-25 21:31:36,-1,['dell']
252382559,$dell - next fiscal quarter end is on 31st of october 2020. shift in historical average true range detected,2020-10-25 07:02:03,-69,['dell']
252375566,"icymi: logitech reports 75% jump in quarterly sales, raises full-year outlook

https://pageone.ng/2020/10/20/logitech-reports-75-jump-in-quarterly-sales-raises-full-year-outlook/

$aapl $logi $dell $msft $sono",2020-10-25 03:16:26,-69,"['aapl', 'dell', 'logi', 'msft', 'sono']"
252362511,alienware galaxy weave is under trademark application by dell inc. https://uspto.report/tm/90269057 #alienwaregalaxyweave $dell #alienware #galaxy #weave,2020-10-24 23:05:09,-69,['dell']
252305967,dell technologies apex is pending trademark approval; filing by dell inc. https://uspto.report/tm/90266503 #delltechnologiesapex $dell #dell #technologies #apex,2020-10-24 02:07:54,-69,['dell']
252136954,$dell seeing what happened to #intc i am rethinking whether i should hold dell through er,2020-10-23 13:43:20,-69,['dell']
252112360,"$dell so alienware finally updated their website to show rtx 3080 prebuilds.

check out more here: https://m.youtube.com/watch?v=lyoscjpjzc8",2020-10-23 11:50:29,1,['dell']
251988038,"$dell $hpe be interesting to see how these guys do v. $intc  
 
$amd",2020-10-22 20:11:55,-69,"['dell', 'intc', 'amd', 'hpe']"
251929590,$dell starting to get close to a double on this one. are higher prices coming? pe still looks reasonable.,2020-10-22 17:16:08,1,['dell']
251803826,$dell new article : dell: the growth is coming https://www.stck.pro/news/dell/8647551,2020-10-22 07:48:04,-69,['dell']
251792827,"$dell volume up by +189.73 % | 2,137,951 vs 737,904 
  https://www.sleekoptions.com/sleekscan.aspx?did=dell",2020-10-22 03:46:19,-69,['dell']
251693443,alerts placed at 70.25 on $dell may consider longs there,2020-10-21 19:18:56,-69,['dell']
251653166,$dell announces expansion of as-a-service capabilities through project apex https://www.briefing.com/in-depth-analysis/content/article?articleid=in20201021110453dell,2020-10-21 17:09:58,-69,['dell']
251637879,$dell new article : ten ways dell technologies&#39; innovation engine is modernizing it https://www.stck.pro/news/dell/8632822,2020-10-21 16:24:07,-69,['dell']
251623839,$dell new article : dell technologies project apex accelerates as-a-service strategy https://www.stck.pro/news/dell/8632823,2020-10-21 15:43:05,-69,['dell']
251622368,$dell: dell technologies project apex accelerates as-a-service strategy https://www.chartmill.com/stock/quote/dell/news?utm_source=stocktwits&amp;utm_medium=pressrelease&amp;utm_content=dell&amp;utm_campaign=social_tracking,2020-10-21 15:39:00,-69,['dell']
251622029,$dell: ten ways dell technologies&#39; innovation engine is modernizing it https://www.chartmill.com/stock/quote/dell/news?utm_source=stocktwits&amp;utm_medium=pressrelease&amp;utm_content=dell&amp;utm_campaign=social_tracking,2020-10-21 15:38:00,-69,['dell']
251608946,$dell dell technologies project apex accelerates as-a-service strategy https://www.otcdynamics.com/dell-dell-technologies-project-apex-accelerates-as-a-service-strategy,2020-10-21 15:06:27,-69,['dell']
251608802,$dell ten ways dell technologies&#39; innovation engine is modernizing it https://www.otcdynamics.com/dell-ten-ways-dell-technologies-innovation-engine-is-modernizing-it,2020-10-21 15:06:05,-69,['dell']
251606470,"$dell ten ways dell technologies&#39; innovation engine is modernizing it
https://www.stocktitan.net/news/dell/ten-ways-dell-technologies-innovation-engine-is-modernizing-d6u7j90ybucv.html",2020-10-21 15:00:35,-69,['dell']
251606465,"$dell dell technologies project apex accelerates as-a-service strategy
https://www.stocktitan.net/news/dell/dell-technologies-project-apex-accelerates-as-a-service-h9ov0m6qzn1p.html",2020-10-21 15:00:35,-69,['dell']
251522061,"icymi: logitech reports 75% jump in quarterly sales, raises full-year outlook

https://pageone.ng/2020/10/20/logitech-reports-75-jump-in-quarterly-sales-raises-full-year-outlook/

$aapl $logi $dell $msft $sono",2020-10-21 05:28:01,-69,"['aapl', 'dell', 'logi', 'msft', 'sono']"
251455293,$vmw ok $dell are you going to sell this any time soon? (asking for a friend),2020-10-20 21:11:41,-69,"['dell', 'vmw']"
251312824,trade ideas $dell (delayed) dec18 70c/72.5c #swing - still actionable,2020-10-20 14:01:21,1,['dell']
251258990,"logitech reports 75% jump in quarterly sales, raises full-year outlook

https://pageone.ng/2020/10/20/logitech-reports-75-jump-in-quarterly-sales-raises-full-year-outlook/

$aapl $logi $dell $msft $sono",2020-10-20 04:58:38,-69,"['aapl', 'dell', 'logi', 'msft', 'sono']"
251256781,$dell - next fiscal quarter end is on 31st of october 2020. dell is projected to stay under… https://www.macroaxis.com/invest/priceprobability/dell/71.0?a=less,2020-10-20 04:17:05,-69,['dell']
251245348,"$dell looking to place my first option trade, what should i consider with dell? im buying calls for jan",2020-10-20 01:59:27,-69,['dell']
251204878,"bullish portfolio proposal: dell($dell), sysco($syy),… https://www.macroaxis.com/invest/marketriskandreturn?s=dell,syy,pnw,vmc,kmx,all,wmt,bwa,beam,acgl,azo,usb #insidertrading #stocks #fintechnews",2020-10-19 21:04:32,-69,"['dell', 'syy']"
251046931,"$dell richard j rothberg sold 63,653 shares [average conviction] www.insider-analysis.com/search_transactions.php?ticker=table_dell",2020-10-19 11:19:06,-69,['dell']
250927784,$dell - next fiscal quarter end is on 31st of october 2020. new value at risk is at -2.09 https://www.macroaxis.com/invest/technicalindicator/dell/value-at-risk,2020-10-17 19:06:03,-69,['dell']
250899326,$dell waiting for black friday deals to come thru for the new dell xps 15 laptop. 😍,2020-10-17 09:34:44,1,['dell']
250870279,"dell general counsel richard rothberg sells $4,505,359.34 in $dell https://www.marketbeat.com/i/412324",2020-10-16 23:46:38,-69,['dell']
250860317,"$dell: new sec filing on general counsel &amp; secretary, richard j rothberg: https://www.sec.gov/archives/edgar/data/1571996/000112329220001138/xslf345x03/edgar.xml",2020-10-16 22:20:01,-69,['dell']
250840127,"$dell [15s. delayed] filed sec form 4: general counsel &amp; secretary rothberg richard j: 
disposed 63,653 of class c common stock at average https://s.flashalert.me/g8vte9",2020-10-16 20:30:29,-69,['dell']
250785125,"$dell biden win would be positive for oil price, activist dell says http://dlvr.it/rjlhhf",2020-10-16 17:23:02,-69,['dell']
250761979,"$dell new article : biden win would be positive for oil price, activist dell says https://www.stck.pro/news/dell/8516406",2020-10-16 16:03:06,-69,['dell']
250758623,"$dell should i wait for the price too cool off, it’s still around it’s new high",2020-10-16 15:52:33,-69,['dell']
250733510,$ibm should follow $dell ‘s path to re-org. there is too much pressure to take bold action to reform blue giant in open market. take it private and forget about the bullsh quarterly report.,2020-10-16 14:42:30,-69,"['dell', 'ibm']"
250677913,$dell new article : dell missed out on the pc sales boom -- again https://www.stck.pro/news/dell/8510835,2020-10-16 11:39:07,-69,['dell']
250660208,"$dell 
bought @ 51.80 - partial profits taken @ 60.90, &amp; 65.40 
stop profit raised to 61.60 
target: 74.29- 75.50 

(original analysis submitted: june 24, 2020) ",2020-10-16 06:16:55,-69,['dell']
250558072,$dell you could probably get on at this station and ride it to the next one,2020-10-15 19:08:27,1,['dell']
250539826,"$dell 
target raised by jpmorgan chase overweight usd 70 » usd 80
https://www.stocktargetadvisor.com/stock/usa/nye/dell#analyst-rating-tab",2020-10-15 18:06:18,-69,['dell']
250475162,$dell we did it again bulls!,2020-10-15 14:45:16,1,['dell']
250433555,"$dell dell technologies brings added convenience and flexibility to the holiday shopping season
https://www.stocktitan.net/news/dell/dell-technologies-brings-added-convenience-and-flexibility-to-the-l48qq6aecry6.html",2020-10-15 13:01:15,-69,['dell']
250300912,$dell picked some unusual activity and buying a 70/75 call spread for 2.07....,2020-10-14 19:49:03,1,['dell']
250245514,$dell near all time high.  tell me why i should not sell it now.,2020-10-14 16:41:01,-69,['dell']
250092067,"$dell dell technologies stock with a confirmed breakout above 69.83 , see https://stockconsultant.com/?dell",2020-10-13 23:21:32,-69,['dell']
250059890,"$vmw $dell $dvmt   some can explain to me how the spin off actually benefit dell? as i understand it, they will give share holders shares of vmware, how will it benefit them?",2020-10-13 20:54:04,-69,"['dell', 'vmw', 'dvmt']"
249963403,$dell 82,2020-10-13 16:03:50,1,['dell']
249919243,$dell good job dell!,2020-10-13 14:00:26,1,['dell']
249897647,$dell -  dell technologies is maintained at overweight by morgan stanley &#39;,2020-10-13 12:58:45,-69,['dell']
249895186,$dell morgan stanley maintains to overweight : pt $82.00 https://stockhoot.com/extsymbol.aspx?from=analystratingtweet&amp;symbol=dell&amp;t=865&amp;social=stocktwits,2020-10-13 12:49:07,-69,['dell']
249861907,$dell global pandemic accelerates digital transformation according to latest study from dell technologies https://www.otcdynamics.com/dell-global-pandemic-accelerates-digital-transformation-according-to-latest-study-from-dell-technologies,2020-10-13 06:07:26,-69,['dell']
249856594,$dell: global pandemic accelerates digital transformation according to latest study from dell technologies https://www.chartmill.com/news/dell/prnews-2020-10-13-global-pandemic-accelerates-digital-transformation-according-to-latest-study-from-dell-technologies?utm_source=stocktwits&amp;utm_medium=pressrelease&amp;utm_content=dell&amp;utm_campaign=social_tracking,2020-10-13 04:34:00,-69,['dell']
249855659,$dell global pandemic accelerates digital transformation according to latest study from dell technologies https://www.otcdynamics.com/dell-global-pandemic-accelerates-digital-transformation-according-to-latest-study-from-dell-technologies,2020-10-13 04:20:33,-69,['dell']
249854168,"$dell global pandemic accelerates digital transformation according to latest study from dell technologies
https://www.stocktitan.net/news/dell/global-pandemic-accelerates-digital-transformation-according-to-3dvf6jvnrmqd.html",2020-10-13 04:01:28,-69,['dell']
249804630,$dell nice close. finally broke recent resistance. $69.80 is the all-time daily closing high since the 2019 ipo.  just a few cents higher,2020-10-12 21:45:34,1,['dell']
249784558,$hpq $lnvgy $dell $aapl $igm pc shipments surge to 81.3m in q3 - idc,2020-10-12 20:12:33,-69,"['aapl', 'dell', 'hpq', 'igm']"
249703323,$dell new article : 7 value stocks to buy that are outperforming growth plays https://www.stck.pro/news/dell/8413808,2020-10-12 15:37:14,-69,['dell']
249697843,7 value stocks to buy that are outperforming growth plays $dell $pag $pfsi ... https://investorplace.com/2020/10/7-value-stocks-to-buy-that-are-outperforming-growth-plays/,2020-10-12 15:20:29,-69,"['dell', 'pag', 'pfsi']"
249662294,$dell new article : dell stock looks like a bargain compared to apple https://www.stck.pro/news/dell/8411847,2020-10-12 13:38:48,-69,['dell']
249638878,"$dell $hpq $aapl    

[oct 10]
lenovo, hp, and dell led pcs to 10-year shipment high in q3
https://seekingalpha.com/news/3621267-lenovo-hp-and-dell-led-pcs-to-10-year-shipment-high-in-q3

view the full list of news/momentum plays on watch at : bit.ly/32gfart
[no bias / position]
[find me at https://stocktwits.com/sbiswas | https://twitter.com/soumyajyoti_b]",2020-10-12 11:42:36,-69,"['aapl', 'dell', 'hpq']"
249638571,"$dell سهم dell: مثلث صاعد. 
سهم dell يتحرك في اتجاه صاعد منذ مار الماضي.

السهم شكل نموذج المثلث الصاعد، كسر هذا الأخير",2020-10-12 11:39:52,-69,['dell']
249632352,"$dell william f scannell sold 126,001 shares [average conviction] www.insider-analysis.com/search_transactions.php?ticker=table_dell",2020-10-12 10:28:11,-69,['dell']
249576291,$dell looking like it wants to breakout... may start a position once confirmed 🚀,2020-10-11 18:59:09,1,['dell']
249521090,"breakout pattern shown in $ulta, $ntr and $dell. https://www.chartmill.com/stock/stock-screener?sid=202&amp;f=v1_50b500,atrpct_a_1,sl_ta_7_x,sl_se_7_x,p_pg20,exch_us&amp;s=se&amp;v=3&amp;utm_source=stocktwits&amp;utm_medium=screener&amp;utm_content=stock_screener:_technical_breakout_setups&amp;utm_campaign=social_tracking",2020-10-10 21:29:00,-69,"['dell', 'ulta', 'ntr']"
249507881,$dell - next fiscal quarter end is on 31st of october 2020. dell has a small chance to… https://www.macroaxis.com/invest/priceprobability/dell/70.0?a=less,2020-10-10 18:04:03,-69,['dell']
249505699,"$hpq $dell $aapl lenovo, hp, and dell led pcs to 10-year shipment high in q3 https://seekingalpha.com/news/3621267",2020-10-10 17:32:49,-69,"['aapl', 'dell', 'hpq']"
249505121,"bullish portfolio: dell($dell), texas… https://www.macroaxis.com/invest/marketriskandreturn?s=dell,txn,xom,ndaq,t,asps,orly,dis,aig,ctl,xel,noc #insidertrading #stocks #fintechnews",2020-10-10 17:23:32,-69,['dell']
249503828,"bullish investment portfolio: dell($dell), synaptics… https://www.macroaxis.com/invest/marketcorrelation?s=dell,syna,pch,amgn,so,hsy,cmi,ci,fti,slm,aep,lsi #correlations #stocks #stockratings",2020-10-10 17:04:05,-69,['dell']
249484600,"new volatility landscape for dell($dell), general… https://www.macroaxis.com/invest/marketriskandreturn?s=dell,gd,rsg,saft,glw,eog,anf,kmx,wrld,aon,ups,gs #insidertrading #stocks #fintechnews",2020-10-10 10:07:34,-69,['dell']
249465179,$dell new insider selling: 126001 shares. http://insiderbuyingselling.com/?t=dell,2020-10-10 01:45:34,-69,['dell']
249443200,"$dell thomas w sweet sold 100,000 shares [average conviction] www.insider-analysis.com/search_transactions.php?ticker=table_dell",2020-10-09 22:36:11,-69,['dell']
249430036,$dell https://www.aistockfinder.com/stock-forecast/dell dell technologies inc class c. our artificial intelligence estimates this equity has an undetermined short term setup and has a neutral long term outlook in a neutral long term market setup,2020-10-09 21:15:28,-69,['dell']
249418956,"$dell [15s. delayed] filed sec form 4: president, global sales scannell william f: 
disposed 126,001 of class c common stock at price $67. https://s.flashalert.me/azlihu",2020-10-09 20:25:07,-69,['dell']
249402278,"$hpq  $dell, $lnvgy, $aapl - 3q pc shipments record highest growth in a decade - the pc shipments rebound that&#39;s benefited from a surge in remote work carried into the latest quarter w/ a 12.7% increase yoy, the highest growth in a decade, according to research firm canalys.
dj",2020-10-09 19:34:52,-69,"['aapl', 'dell', 'hpq']"
249181595,$dell new insider selling: 100000 shares. http://insiderbuyingselling.com/?t=dell,2020-10-08 23:09:36,-69,['dell']
249161792,"$dell: new sec filing on chief financial officer, thomas w sweet: https://www.sec.gov/archives/edgar/data/1571996/000112329220001129/xslf345x03/edgar.xml",2020-10-08 21:29:02,-69,['dell']
249153507,"$dell [15s. delayed] filed sec form 4: chief financial officer sweet thomas w: 
disposed 100,000 of class c common stock at average price  https://s.flashalert.me/kknbg",2020-10-08 20:56:08,-69,['dell']
249085539,"$dell i&#39;m glad dell&#39;s alienware brand took out the rtx 2080ti from their build configuration. 

selling it would be very difficult with the new rtx 3080 cards, which are faster and cheaper.

checkout more info here:

https://m.youtube.com/watch?v=9fttgvg1nuc",2020-10-08 17:34:39,1,['dell']
249058245,52-week high alert: trading today&#39;s movement in dell technologies inc $dell https://wp.me/p5blgb-b3nj,2020-10-08 16:09:40,-69,['dell']
248908294,$dell green to red move:  +1.30% to -0.10% https://www.sleekoptions.com/sleekscan.aspx?did=dell,2020-10-08 00:58:53,-69,['dell']
248871366,$dell may 2019 highs to be tested?  waiting to see a breakout...,2020-10-07 21:22:20,-69,['dell']
248814044,"$dell dell technologies participates in a conference call with evercore isi
technology analyst daryanani holds a conference call with dell financial services president wavro, cfo keaney and dell technologies&#39; treasurer johnson on october 7 at 3 pm hosted by evercore isi. https://zoom.us/webinar/register/wn_ljjzmx_psnu6m6w_zbm0lg",2020-10-07 18:25:41,-69,['dell']
248654716,$dell red to green move:  -1.03 percentage  to +0.15 percentage https://www.sleekoptions.com/sleekscan.aspx?did=dell,2020-10-07 03:49:13,-69,['dell']
248585778,"$dell events happening tomorrow, wednesday october 7th, 2020...📆🤑
$aim $dare $celh $mdla",2020-10-06 21:07:19,-69,"['aim', 'dell', 'celh', 'dare', 'mdla']"
248566091,$dell red to green move:  -1.03 percentage  to +0.15 percentage https://www.sleekoptions.com/sleekscan.aspx?did=dell,2020-10-06 20:09:19,-69,['dell']
248426614,"$dell new dell ultrasharp monitors and meeting space solutions enhance productivity and comfort for workers anywhere
https://www.stocktitan.net/news/dell/new-dell-ultra-sharp-monitors-and-meeting-space-solutions-enhance-6hi81tihm3sd.html",2020-10-06 14:00:35,-69,['dell']
248359722,$dell $100 next year,2020-10-06 03:14:35,1,['dell']
248204170,"$nvda one of the easiest swing trades! still holding in 4 of my portfolios! $amd $tsm
$dell nvidia lays out plan to create new kind of data center chip
$azn nvidia building uk supercomputer to boost covid-19 research
nvda nvidia announces omniverse open beta, letting designers collaborate in real time — from home or around the world
nvidia announces ready-made nvidia dgx superpods, offered by global network of certified partners
nvidia announces cloud-ai video-streaming platform to better connect millions working and studying remotely
nvidia unveils jetson nano 2gb: the ultimate ai and robotics starter kit for students, educators, robotics hobbyists
nvidia announces partnership with gsk’s ai-powered lab for discovery of medicines and vaccines",2020-10-05 15:32:55,1,"['dell', 'nvda', 'amd', 'azn', 'tsm']"
248143659,$dell down 4 days in a row. 68.4 | 67.69 | 67.54 | 67.16 | 67.14 |  https://www.sleekoptions.com/sleekscan.aspx?sub1=dscan,2020-10-05 11:45:17,-69,['dell']
248128236,$dell - keep dell and 3d systems ($ddd)… https://www.macroaxis.com/invest/competition/dell/ddd/dell-vs-3d-systems #portfolio_prospective #better_portfolio #diversify,2020-10-05 06:42:04,-69,"['ddd', 'dell']"
248052753,$dell - next fiscal quarter end is on 31st of october 2020. the downside variance is down… https://www.macroaxis.com/invest/technicalindicator/dell/downside-variance,2020-10-04 11:01:04,-69,['dell']
248008275,"$uuu, $iaa and $dell are showing a squeeze play pattern today. they could be ready for breakout. https://www.chartmill.com/stock/stock-screener?sid=12&amp;f=sqds,v1_50b300,sl_ti_105_x,exch_us&amp;v=3&amp;timeframe=daily&amp;type=candles&amp;months=0.05&amp;width=400&amp;cl=f&amp;o1=0&amp;o2=57&amp;op1=14&amp;op2=20,1.5,10&amp;utm_source=stocktwits&amp;utm_medium=screener&amp;utm_content=stock_screener:_momentum_squeeze_play_setups&amp;utm_campaign=social_tracking",2020-10-03 17:56:00,-69,"['uuu', 'dell', 'iaa']"
247966685,"$dell: new sec filing on president, services &amp; digital, howard d elias: https://www.sec.gov/archives/edgar/data/1571996/000112329220001119/xslf345x03/edgar.xml",2020-10-03 01:54:02,-69,['dell']
247944414,"$dell [15s. delayed] filed sec form 4: president, services &amp; digital elias howard d: 
gifted 77,000 of class c common stock at price $0 on https://s.flashalert.me/vlecwb",2020-10-02 22:32:47,-69,['dell']
247849398,$dell new article : selling vmware would be big for dell stock https://www.stck.pro/news/dell/8177330,2020-10-02 16:27:08,-69,['dell']
247821663,$dell $m $epr $iyr discord dark pool equity buy/sells can be checked on the daily chart 1 minute candle. check the time with eastern market time +1 minute. in most cases the order will stand out and are easy to spot as a large red or green candle. orders print day before or same day so both need to be checked,2020-10-02 15:02:58,-69,"['dell', 'epr', 'iyr', 'm']"
247651929,$dell: dell technologies announces investor call on dell financial services https://www.chartmill.com/news/dell/prnews-2020-10-1-dell-technologies-announces-investor-call-on-dell-financial-services?utm_source=stocktwits&amp;utm_medium=pressrelease&amp;utm_content=dell&amp;utm_campaign=social_tracking,2020-10-01 21:39:00,-69,['dell']
247645882,dell technologies announces investor call on dell financial services http://www.conferencecalltranscripts.org/summary/?id=63305&amp;pr=true $dell,2020-10-01 21:13:04,-69,['dell']
247645861,"$dell [15s. delayed]: issued press release on october 01, 17:00:00: dell technologies announces investor call on dell financial services https://s.flashalert.me/9eykx",2020-10-01 21:12:58,-69,['dell']
247645480,$dell new article : dell technologies announces investor call on dell financial services https://www.stck.pro/news/dell/8154817,2020-10-01 21:11:14,-69,['dell']
247642803,"$dell dell technologies announces investor call on dell financial services
https://www.stocktitan.net/news/dell/dell-technologies-announces-investor-call-on-dell-financial-pog4k75zyiyr.html",2020-10-01 21:00:31,-69,['dell']
247458725,$dell stop being soft and raise those asks. nice chart set up but needs some help from the holders. 52w high is around the corner and 70+ should get interesting.,2020-10-01 11:13:36,1,['dell']
247417981,"$vuzi look at previous disruptive tech. pcs, software, cell phones, smart phones etc the growth is astronomical. winners soared 10,000%+ in a short time. as vuzix expands &amp; increases volume to profitability, all the partnerships etc, a sell limit of $85 looks too cheap. we could be a $10b+ co. within 5 years. the precedents r there for all to see. $msft $aapl $dell  intel &amp; so many others started the same way.",2020-10-01 01:30:01,1,"['aapl', 'dell', 'msft', 'vuzi']"
247239866,52-week high alert: trading today&#39;s movement in dell technologies inc $dell https://wp.me/p5blgb-ayfr,2020-09-30 14:33:10,-69,['dell']
247176573,$dell - dell vs exeo entertainment… https://www.macroaxis.com/invest/competition/dell/exeo/dell-vs-exeo-entertainment #portfolio_prospective #better_portfolio #diversify,2020-09-30 08:01:32,-69,['dell']
247170800,"evolution trading swings/ text alerts/ watchlist
options:

$tsla pushed right to our pennant finishing pattern pt posted!, congrats on those calls to tp
$low $zs text alert booom&#39;d , congrats team
$spy debate and now gdp in morn pm, whew!!!! 50d sma trust
$dell check the bull flag daily at resis, break =&#39;s free money calls on confirmation

i put our technical alerts on large caps up against anyones!! 
on predicting future trends and technicals.

most the big named pumpers all grab followings so they can line their pockets off # count of crap pump stocks.

large caps belong to trade icon yeee haw",2020-09-30 05:43:54,1,"['dell', 'low', 'spy', 'tsla', 'zs']"
247146358,"$dell $spy $xlk $iwm $qqq 

trade alert 🚨 

ticker: dell 

👀 free trade alerts and analysis on our fb/ig pages, links below 
ig link: https://bit.ly/3jbcnbw
fb link: https://bit.ly/2zoycwo 

dell is setting up for a big move! for the past month it has been consolidating between our support and breakout levels. it recently bounced from the bottom of the channel and is going for a 3rd attempt to get above our breakout level ($68.61). 

i favor this breaking out tomorrow or in the next few days. once it does, this will take off and push up to our price targets!

🎯 1st target: $71.13
🎯  2nd target: $74.35",2020-09-30 02:38:40,1,"['dell', 'iwm', 'spy', 'xlk', 'qqq']"
247112770,$dell new article : vmware ceo says markets will view dell spinoff favorably https://www.stck.pro/news/dell/8102220,2020-09-29 23:31:05,-69,['dell']
247109066,$dell most stable tech stock i own. ❤️,2020-09-29 23:10:13,1,['dell']
247102403,"$dell [15s. delayed] filed sec form 4: director green william d: 
granted 5,324 of class c common stock at price $0 on 2020-09-25, increas https://s.flashalert.me/ouh8b",2020-09-29 22:34:23,-69,['dell']
247100615,"$dell: new sec filing on director, david w dorman: https://www.sec.gov/archives/edgar/data/1571996/000112329220001111/xslf345x03/edgar.xml",2020-09-29 22:25:02,-69,['dell']
247091190,"$dell [15s. delayed] filed sec form 4: director dorman david w: 
granted 4,944 of class c common stock at price $0 on 2020-09-25, increase https://s.flashalert.me/5trre",2020-09-29 21:39:57,-69,['dell']
247090389,"$dell [15s. delayed] filed sec form 4: director kullman ellen jamison: 
granted 4,943 of class c common stock at price $0 on 2020-09-25, i https://s.flashalert.me/6bm4c",2020-09-29 21:36:20,-69,['dell']
247089968,"$dell [15s. delayed] filed sec form 4: director dorman david w: 
granted 4,944 of class c common stock at price $0 on 2020-09-25, increase https://s.flashalert.me/nz9mu",2020-09-29 21:34:24,-69,['dell']
247089893,"$dell [15s. delayed] filed sec form 4: director vojvodich lynn m: 
granted 4,944 of class c common stock at price $0 on 2020-09-25, increa https://s.flashalert.me/pjtgly",2020-09-29 21:34:01,-69,['dell']
247025701,"$dell i have more than 50,000 shares with avg under 54.

up more than 7,00,000.00 so far on this beauty alone.",2020-09-29 18:19:58,-69,['dell']
246997596,"$dell new article : dell technologies innovations advance management, automation and protection of vmware environments https://www.stck.pro/news/dell/8093374",2020-09-29 16:50:27,-69,['dell']
246991447,"$dell dell technologies innovations advance management, automation and protection of vmware environments",2020-09-29 16:31:11,-69,['dell']
246984285,$dell new article : vmware ceo pat gelsinger says a dell spinoff could give him freedom to work with more manufacturers https://www.stck.pro/news/dell/8092966,2020-09-29 16:09:13,-69,['dell']
246981385,"$dell dell technologies innovations advance management, automation and protection of vmware environments
https://www.stocktitan.net/news/dell/dell-technologies-innovations-advance-management-automation-and-obs36llfabdc.html",2020-09-29 16:00:36,-69,['dell']
246910068,"$dell dell technologies stock with a narrow range breakout watch above 68.35 , see https://stockconsultant.com/?dell",2020-09-29 12:31:16,-69,['dell']
246868744,$zm worth 3x $dell ??,2020-09-29 03:09:32,-69,"['dell', 'zm']"
246846488,"$dell $blin $ntn my next 3 swing trades: a big cap, a small cap, and potential 100% trade. subscribe for nightly picks before market open!

https://youtu.be/chmpqetulkg",2020-09-29 00:09:23,1,"['ntn', 'dell', 'blin']"
246828678,peak profit for the last 6 expired option alerts for $dell 34.76  | 129.96  | 216.92  | 186.67  | 12.90  | 87.35  |,2020-09-28 22:15:41,-69,['dell']
246826882,$dell [oct-16 70.00 calls] option volume up +271.43 % |  volume: 208 vs 56 https://www.sleekoptions.com/sleekscan.aspx?sub1=dscan,2020-09-28 22:05:35,-69,['dell']
246819043,"$dell volume up by +110.98 % | 1,879,259 vs 890,741 
  https://www.sleekoptions.com/sleekscan.aspx?did=dell",2020-09-28 21:24:32,-69,['dell']
246755221,$dell the tech-heavy nasdaq fell 9.5% from its all-time high due to strong selling this month. lesser traded tech … https://stocknews.com/news/dell-glob-ttgt-3-strong-buy-tech-stocks-bucking-the-markets-bearish-trend/,2020-09-28 17:34:30,-69,['dell']
246708280,$dell new article : dell launches new xps 13 laptops with intel&#39;s tiger lake https://www.stck.pro/news/dell/8066046,2020-09-28 14:58:06,-69,['dell']
246668371,"i need to buy a new laptop.. my dell xps from 2013 is finally crapping out.  😂 i’ve looked around but my old laptop has an i7 chip and i’d rather not downgrade on anything.

but at the same time, i’m a sucker for a good deal and i like value so i’d prefer &lt;$800.  my girlfriend has the new macbook and i like it, but it won’t let me set price alerts on think or swim.  i’d prefer windows.  is my best bet the $dell xps 13?

(i’m not a gamer or anything so the chip might not even be that important.. just want something fast &amp; reliable for trading).  any tech people have recommendations?",2020-09-28 13:05:49,-69,['dell']
246598372,$dell favorite long gong into next week,2020-09-27 23:11:51,1,['dell']
246454190,"$wmt $dell $zg $cost $nke if you had to choose one of these to hold for a whole year, what would you pick?

https://youtu.be/z54xztcpu2q",2020-09-26 00:08:12,1,"['cost', 'dell', 'nke', 'wmt', 'zg']"
246366594,$dell red to green move:  -1.12 percentage  to +0.08 percentage https://www.sleekoptions.com/sleekscan.aspx?did=dell,2020-09-25 18:04:24,-69,['dell']
246209598,$dell always long here.,2020-09-25 02:49:21,1,['dell']
246048156,$amd all $dell  servers have amd in them :) growth will explode,2020-09-24 16:03:36,1,"['dell', 'amd']"
245923457,"does this make you nervous? $dell in +0.78% uptrend, advancing for three consecutive days on september 16, 2020. view odds for this and other indicators: https://srnk.us/go/2133326",2020-09-24 06:39:31,-69,['dell']
245774755,dell (nyse:dell) upgraded to &quot;buy&quot; at ubs group $dell #dell https://www.marketbeat.com/n/4469020/,2020-09-23 18:23:22,-69,['dell']
245767809,$dell new article : why hp and dell both can outperform apple stock heading into 2021 https://www.stck.pro/news/dell/7947369,2020-09-23 18:09:07,-69,['dell']
245731604,coverage resumptions &amp; pt changes: $anet $dell $nke $tsla $de,2020-09-23 16:26:20,-69,"['dell', 'de', 'nke', 'tsla', 'anet']"
245634573,"&quot;$dell 
 
dell (dell) resumed/upgraded with a buy from neutral at ubs; tgt raised to $80 
 
https://atom.finance/?news=4b55de83-c6a0-4b8f-b835-6567425c4e3e 
 
view the full list of news/momentum plays on watch at : bit.ly/32gfart 
[no bias / position] 
[find me at https://stocktwits.com/sbiswas | https://twitter.com/soumyajyoti_b]&quot;",2020-09-23 11:28:11,-69,['dell']
245535066,"$hpq $dell hp, dell get bullish starts at ubs on valuation 

https://newsfilter.io/a/3f411153defae88f95fdb32db6ea4dd9",2020-09-22 21:11:21,-69,"['dell', 'hpq']"
245394394,dell ($dell) moves indifferently to market moves with average analyst rating of buy from 9… https://www.macroaxis.com/invest/stock/dell/dell,2020-09-22 14:08:32,-69,['dell']
245377188,$dell down 4 days in a row. 67.37 | 66.56 | 66.37 | 65.5 | 63.82 |  https://www.sleekoptions.com/sleekscan.aspx?sub1=dscan,2020-09-22 13:21:53,-69,['dell']
245237249,"updated correlation matrix for dell($dell), cms… https://www.macroaxis.com/invest/marketcorrelation?s=dell,cms,dgx,aee,pfg,nvda,pg,lly,len,trip,fdx,iff #correlations #stocks #stockratings",2020-09-21 19:20:33,-69,['dell']
245228512,"snowflake drops as summit says ‘violent selloff’ possible  $frog $sumo $dell $snow 

https://newsfilter.io/a/610b30380153e410944537ecf40abf69",2020-09-21 18:50:07,-69,"['dell', 'snow', 'sumo', 'frog']"
245208126,china&#39;s blacklist : $csco $lmt $hpq $dell $col,2020-09-21 17:30:03,-69,"['csco', 'dell', 'col', 'hpq', 'lmt']"
245181431,"$dell while the pandemic may have slowed the pace of building next-generation infrastructure, the technology indus… https://stocknews.com/news/dell-aph-arw-acia-4-strong-buy-tech-stocks-to-buy-now-for-2021/",2020-09-21 15:54:54,-69,['dell']
245174247,"breaking down in the morning 
$hon $hal $dis $dell $ecl  
 
+95 more results 
stockbeep.com/bd-sep21a",2020-09-21 15:31:55,-69,"['dell', 'dis', 'ecl', 'hal', 'hon']"
245165850,"$glw $dell via optronics, dell display solutions provider, updates ipo to $15-17/ads 

https://newsfilter.io/a/b9a61d221542e83d21af35382e9c9890",2020-09-21 15:06:02,-69,"['dell', 'glw']"
245128567,$dell - http://www.trade-ideas.com/ticky/ticky.html?symbol=dell - might need a medic...we have a bleeder - running down: -0.86 in 46 seconds,2020-09-21 13:31:25,-69,['dell']
245040622,"$dell why one analyst thinks that dell is undervalued - interest expense reduction from reduced rates and opportunity to refinance

https://www.barrons.com/articles/why-one-analyst-thinks-that-dell-is-undervalued-51600479132",2020-09-20 22:35:39,1,['dell']
245034192,how to play snowflake stock now $snow also $f $gm $amzn $dell https://talkmarkets.com/content/options/how-to-play-snowflake-stock-now?post=278065,2020-09-20 21:13:00,-69,"['amzn', 'dell', 'f', 'gm', 'snow']"
244573717,$dell - next fiscal quarter end is on 31st of october 2020. dell has a small chance to… https://www.macroaxis.com/invest/priceprobability/dell/68.0?a=less,2020-09-17 20:20:04,-69,['dell']
244303259,galaxy weave new trademark application by dell inc. https://uspto.report/tm/90171713 #galaxyweave $dell #galaxy #weave,2020-09-16 22:24:52,-69,['dell']
244171074,"$snow at this evaluation it makes it worth more than $dell,  $sq, not a snowball chance in hell is it worth above $200/a share. can&#39;t believe that spacs are now more legit than a traditional ipo.",2020-09-16 15:58:12,-1,"['dell', 'sq', 'snow']"
244065792,"pure storage nears deal to acquire portworx  $dell $hpe $csco $amzn $pstg 

https://newsfilter.io/a/f591b77e56225c68ecdda03336ec5d63",2020-09-16 06:24:01,-69,"['amzn', 'csco', 'dell', 'pstg', 'hpe']"
244050650,"$frog $dell jfrog prices initial public offering at $44, valuing company at $4 billion 

https://newsfilter.io/a/8bf67fdbd33bd65a67dc3fe44a75eeab",2020-09-16 02:57:01,-69,"['dell', 'frog']"
243957263,$dell new article : tierpoint announces cloud to cloud recovery powered by dell emc recoverpoint https://www.stck.pro/news/dell/7732496,2020-09-15 19:21:14,-69,['dell']
243918929,$dell all out on 200% profit,2020-09-15 17:32:47,-69,['dell']
243807761,"$dell new article : total broadband access equipment revenue rebounds from anemic q1, led by strong investments in pon infrastructure, according to dell&#39;oro group https://www.stck.pro/news/dell/7723491",2020-09-15 12:09:07,-69,['dell']
243786781,$dell had approximately 28m usd go to the short side at 56 pct short  bears and bulls are fighting close  https://www.algowins.com/?wdt_column_filter[1]=dell,2020-09-15 07:49:59,-69,['dell']
243756729,"updated correlation matrix for dell($dell), advanced… https://www.macroaxis.com/invest/marketcorrelation?s=dell,amd,lpla,rrc,zion,vrsn,mas,nflx,mu,pcg,ctsh,txn #correlations #stocks #stockratings",2020-09-15 01:26:33,-69,['dell']
243708493,"$dell [15s. delayed] filed sec form 4/a: president, global sales scannell william f: 
 https://s.flashalert.me/3nfde",2020-09-14 20:57:28,-69,['dell']
243708401,"$dell form 4/a (statement of changes in beneficial ownership of securities) filed with the sec 

https://newsfilter.io/a/c898e2c08c9082d3b7b8712e7c701930",2020-09-14 20:57:08,-69,['dell']
243697825,"$dell dell planning layoff round this week - bloomberg 

https://newsfilter.io/a/0f18a4400827e1492613a4c276dd6408",2020-09-14 20:18:41,-69,['dell']
243692584,"$vmw $dell dell to trim workforce this week in move to stay competitive 

https://newsfilter.io/a/00d02c4177f12923d1621ec567a3eb64",2020-09-14 20:04:45,-69,"['dell', 'vmw']"
243662225,$dell technologies (dell) is to cut jobs this week as part of an organizational review,2020-09-14 18:37:19,-69,['dell']
243659297,"dell o cut jobs next week as part of organizational review
https://faws.com/news/27269222
$dell",2020-09-14 18:28:06,-69,['dell']
243658867,$dell dell to cut jobs as part of organizational review,2020-09-14 18:26:45,-69,['dell']
243655411,$dell taking profit gradually on the oct-16 $60 call,2020-09-14 18:15:50,-69,['dell']
243547733,"$dell dell technologies stock with a narrow range breakout above 67.46 , see https://stockconsultant.com/?dell",2020-09-14 13:06:38,-69,['dell']
243546148,"l3harris to lead the team transforming flight simulator training  $lhx $dell $ldos 

https://newsfilter.io/a/82652f3ea7bad4a9ac7341df56989edb",2020-09-14 13:00:41,-69,"['dell', 'ldos', 'lhx']"
243510774,"diversified investment portfolio: dell($dell),… https://www.macroaxis.com/invest/marketcorrelation?s=dell,akam,pico,whr,aee,dri,banf,xom,shldq,pgr,x,vno #insidertrading #stocks #fintechnews",2020-09-14 06:59:30,-69,['dell']
243500852,"new correlation matrix for dell($dell),… https://www.macroaxis.com/invest/marketcorrelation?s=dell,mcd,ntrs,hig,kim,xel,all,pgr,ctxs,wtfc,ndaq,gis #correlations #stocks #stockratings",2020-09-14 03:53:32,-69,['dell']
243435765,"📈 market cap history for dell ($dell)️:

2020 : $50 b   +31.7%
2019 : $38 b   +7.94%
2018 : $35 b

more: https://companiesmarketcap.com/dell/marketcap/",2020-09-13 15:17:23,-69,['dell']
243430680,$dell upcoming event september 14: deutsche bank 2020 technology conference. options expiring on september 18 that cover the event have an implied move of ±4.3% http://tinyurl.com/y6e9bdtm,2020-09-13 13:56:29,-69,['dell']
243424001,"dividend power week in review – odds of becoming a millionaire $csco $fb $orcl $msft $dell  
 
https://www.dividendpower.org/2020/09/13/dividend-power-week-in-review-odds-of-becoming-a-millionaire/",2020-09-13 11:03:35,-69,"['csco', 'dell', 'msft', 'orcl', 'fb']"
243409258,dell ($dell) new market volatility is 2.54. maybe a bit risky to… https://www.macroaxis.com/invest/stock/dell/dell #trading #ideas #stocks,2020-09-13 02:43:02,-69,['dell']
243342802,"$dell
partial profits taken
long @ 51.80 - liquidated (35%) @ 60.90, (35%) @ 65.40
stop profit raised to 58.80
new target: 74.29- 75.50

(original analysis submitted: june 24, 2020) ",2020-09-12 06:08:14,-69,['dell']
