id,body,created_at,sentiment,symbols
254877794,$grpn hahahahahahaha still hate this company! just checking in cause i love seeing the &quot;$60 price target&quot; lol just wait its going down more,2020-11-06 16:10:59,-1,['grpn']
254876810,"well well well who is the jabroni now? oh, still me?  ah shit. $grpn",2020-11-06 16:08:04,-69,['grpn']
254867286,$grpn oversold!!!! pfizer and moderna covid19 vaccine results are coming out soon. hopefully before the end of the month!,2020-11-06 15:42:17,1,['grpn']
254865695,$grpn...was a nice discount this am.  easy buy if you have another qtr to wait.  this will be a $60 stock by end of 2021.,2020-11-06 15:37:57,-69,['grpn']
254858052,"$grpn this will go back to 21
idk why people panic sell",2020-11-06 15:16:15,1,['grpn']
254857847,$grpn trading at basically $1 pre r/s !!!!!,2020-11-06 15:15:39,-69,['grpn']
254853833,$grpn they just poopon the bed,2020-11-06 15:04:48,-69,['grpn']
254849565,$grpn this is sell the news! 🤦‍♂️,2020-11-06 14:54:09,-69,['grpn']
254849332,$grpn never disappoints to fall they need to buy bk some stock!!!,2020-11-06 14:53:36,-69,['grpn']
254847038,$grpn i dont get it. the earnings were not -11% bad,2020-11-06 14:47:57,-69,['grpn']
254846621,$grpn where this heading?,2020-11-06 14:46:48,-69,['grpn']
254846441,$grpn stop loss raid?,2020-11-06 14:46:23,-69,['grpn']
254845351,$grpn strong buy. imagine next er. they will do so well,2020-11-06 14:43:27,1,['grpn']
254843266,buy $grpn $gps sell $googl,2020-11-06 14:38:13,-69,"['gps', 'grpn', 'googl']"
254842755,$grpn why was good earning?,2020-11-06 14:36:59,-69,['grpn']
254841631,$grpn didn’t expect this at all,2020-11-06 14:34:06,-69,['grpn']
254840683,$grpn - http://www.trade-ideas.com/ticky/ticky.html?symbol=grpn - ouch .. that is going to leave a mark - down 10% for the day.,2020-11-06 14:31:22,-69,['grpn']
254836688,$grpn price target cuts already coming in!!! this is headed towards $17 !!!,2020-11-06 14:18:24,-69,['grpn']
254824564,$grpn poopin groupin,2020-11-06 13:29:26,-69,['grpn']
254821553,"$grpn earnings call today: 10:00 am est 
webcast: http://mmm.wallstreethorizon.com/u.asp?u=349993 
stockpods beta is now live. visit to find analyst ratings, stock price targets, and phone/pin for today&#39;s earnings calls: https://www.stockpods.com",2020-11-06 13:15:09,-69,['grpn']
254820192,"$grpn beats by $0.55, misses on revs https://www.briefing.com/in-depth-analysis/content/article?articleid=in20201105163810grpn",2020-11-06 13:08:35,-69,['grpn']
254815021,"$grpn (-1.8% pre) groupon (grpn) surpasses q3 earnings and revenue estimates - zacks

http://ooc.bz/l/63455",2020-11-06 12:39:03,-69,['grpn']
254800404,$grpn ready to gap-up to $28,2020-11-06 10:13:26,1,['grpn']
254787155,"$grpn revenues fell nearly 39%, to $304m, ouch! 
ebitda was down to $0.8m from $50m, double ouch!!",2020-11-06 05:40:55,-1,['grpn']
254770952,"$grpn 
nice report but could be a bit better.
options trader l/s don&#39;t like is since 
premium was too high and the stock stayed constant after earning, e(v) will probably will cut off by 20-30 %...

hope that volume will increase volatility in u direction and it will get to 25-27 until the eom",2020-11-06 02:57:12,-69,['grpn']
254758186,"$grpn beat eps by 116 %, a 1,400% increase over eps of $0.01  from the same period *last year*. missed sale only by 5%. it was up 5% ah on news then it dropped to -0.45%",2020-11-06 01:23:46,1,['grpn']
254757201,"$grpn i got $23 calls for 11/20. they should be in the money tomorrow. 
it bounced off the gap (purple), broke through 21 and orange rectangle is the resistance area. i&#39;m looking at 26.5 to 28.5 as the pt range",2020-11-06 01:18:32,1,['grpn']
254756362,last10k highlighted 42 positive and negative remarks in $grpn&#39;s 10-q filed today. see them in the quarterly report: https://last10k.com/sec-filings/grpn/0001490281-20-000128.htm?utm_source=stocktwits&amp;utm_medium=forum&amp;utm_campaign=sentiment&amp;utm_term=grpn,2020-11-06 01:13:37,-69,['grpn']
254737689,$grpn my iron condors gonna pay out 500% ❤️,2020-11-05 23:35:52,-69,['grpn']
254736009,$grpn just filed with the sec a earnings release and a financial exhibit https://last10k.com/sec-filings/grpn/0001490281-20-000127.htm?utm_source=stocktwits&amp;utm_medium=forum&amp;utm_campaign=8k&amp;utm_term=grpn,2020-11-05 23:26:59,-69,['grpn']
254735133,"$grpn groupon ticks up after q3 losses look better than expected 

https://newsfilter.io/a/439c64abbe9ff2be0338b9dc0f720efc",2020-11-05 23:22:26,-69,['grpn']
254734684,$grpn new article : groupon ticks up after q3 losses look better than expected https://www.stck.pro/news/grpn/8960767,2020-11-05 23:20:06,-69,['grpn']
254733866,$grpn how about the er ?,2020-11-05 23:16:22,-69,['grpn']
254733592,$grpn just filed a 10-q quarterly report with 77 sections and 4 exhibits. access them all or just read their earnings: https://last10k.com/sec-filings/grpn/0001490281-20-000128.htm?utm_source=stocktwits&amp;utm_medium=forum&amp;utm_campaign=10kq2040f&amp;utm_term=grpn,2020-11-05 23:15:02,-69,['grpn']
254729584,"$grpn looks like call buyer yesterday closed out all the calls this morning, likely flat or moderately down tomrw",2020-11-05 22:57:44,-69,['grpn']
254721075,registration of securities [section 12(b)] http://www.conferencecalltranscripts.org/no/summary2/?id=8523761 $grpn,2020-11-05 22:23:38,-69,['grpn']
254720900,groupon just filed its quarterly report: income (loss) per sh... http://www.conferencecalltranscripts.org/q/summary/?id=8523753 $grpn,2020-11-05 22:23:04,-69,['grpn']
254719033,$grpn back to $35 👍🏽,2020-11-05 22:16:47,1,['grpn']
254718073,$grpn $15 after hours,2020-11-05 22:13:33,-1,['grpn']
254717342,groupon announces third quarter 2020 results third quarter adjusted ebitda above company expect http://www.conferencecalltranscripts.org/8/summary2/?id=8523693 $grpn,2020-11-05 22:10:52,-69,['grpn']
254716628,$grpn guidance in the morning on cc??,2020-11-05 22:08:21,1,['grpn']
254715157,"$grpn “groupon going bk” 
 
yeah with their $779m bank account stfu",2020-11-05 22:03:29,1,['grpn']
254714977,$grpn groupon announces third quarter 2020 results https://www.otcdynamics.com/grpn-groupon-announces-third-quarter-2020-results,2020-11-05 22:02:56,-69,['grpn']
254713663,$grpn new article : groupon announces third quarter 2020 results https://www.stck.pro/news/grpn/8959138,2020-11-05 21:58:57,-69,['grpn']
254711138,$grpn earnings look good to me. sell of because of revenue miss? they beat on earnings. earnings mean more than revenue..,2020-11-05 21:50:49,1,['grpn']
254711120,$grpn this was a great er. only negative is the slight revenue miss. people trying to fear monger because they&#39;re short here are full of shit,2020-11-05 21:50:44,1,['grpn']
254709948,"$grpn looks like some big cost cuts happening - so if revenue turns around down the road, they are in good shape",2020-11-05 21:47:09,-69,['grpn']
254709543,$grpn eventual bk here....back to single digits,2020-11-05 21:45:59,-69,['grpn']
254709124,$grpn seeing people complaining about the slight revenue miss. are you guys delusional? they barely missed revenue yet crushed eps and had positive ebitda. wtf are you talking about,2020-11-05 21:44:50,-69,['grpn']
254709011,"$grpn great er 
 
they really are turning this business around  
 
gross profit 160m (137m in q2) 
loss from operations 17m (73m in q2) 
779m inn cash (more than market cap)",2020-11-05 21:44:33,1,['grpn']
254708308,"$grpn [15s. delayed] filed form 8-a12b/a on november 05, 16:41:31 https://s.flashalert.me/ks9b2x",2020-11-05 21:42:35,-69,['grpn']
254708168,"$grpn form 8-a12b/a (registration of securities [section 12(b)]) filed with the sec 

https://newsfilter.io/a/b8880ec574939cec552308e4e73bb08b",2020-11-05 21:42:11,-69,['grpn']
254708118,"$grpn [15s. delayed] filed form 10-q on november 05, 16:40:18 https://s.flashalert.me/9nion8",2020-11-05 21:42:02,-69,['grpn']
254707998,"$grpn form 10-q (quarterly report [sections 13 or 15(d)]) filed with the sec 

https://newsfilter.io/a/26a8e3e942e157065dc5fb39a127a7d2",2020-11-05 21:41:41,-69,['grpn']
254707720,$grpn big dump tomorrow,2020-11-05 21:40:58,-69,['grpn']
254707077,$grpn a big miss on revenue. that’s what caused the stock to skyrocket last quarter.,2020-11-05 21:39:13,-69,['grpn']
254706994,"$grpn reported a loss of $0.15, consensus was ($0.67), earnings whisper was ($0.55) via @ewhispers #whisperbeat http://eps.sh/d/grpn",2020-11-05 21:39:00,-69,['grpn']
254706974,"$grpn [15s. delayed]: issued press release on november 05, 16:33:00: groupon announces third quarter 2020 results https://s.flashalert.me/dfvg4",2020-11-05 21:38:58,-69,['grpn']
254706793,$grpn big revenue miss...,2020-11-05 21:38:26,-69,['grpn']
254706748,"$grpn [15s. delayed] filed form 8-k on november 05, 16:37:02: item2.02: results of operations &amp; financial condition https://s.flashalert.me/lkj75b",2020-11-05 21:38:21,-69,['grpn']
254706530,"$grpn form 8-k: results of operations and financial condition.on november 5, 2020, groupon issued a press release announcing its financial results for its fiscal quarter ended september 30, 2020. a co.. 

https://newsfilter.io/a/c5a2ce9a9dec8654bed1152de7dd3a8a",2020-11-05 21:37:53,-69,['grpn']
254706506,groupon announces third quarter 2020 results http://www.conferencecalltranscripts.org/summary/?id=88427&amp;pr=true $grpn,2020-11-05 21:37:49,-69,['grpn']
254706387,groupon announces third quarter 2020 results http://www.conferencecalltranscripts.org/summary/?id=88426&amp;pr=true $grpn,2020-11-05 21:37:28,-69,['grpn']
254706360,"$grpn groupon eps beats by $0.85, misses on revenue 

https://newsfilter.io/a/3f09fc804fa8b84e83ce1c732cb5f296",2020-11-05 21:37:25,-69,['grpn']
254706335,$grpn worth to hold after these earnings??,2020-11-05 21:37:19,1,['grpn']
254706323,"$grpn groupon announces third quarter 2020 results
https://www.stocktitan.net/news/grpn/groupon-announces-third-quarter-2020-bzaf3iyo5pq7.html",2020-11-05 21:37:17,-69,['grpn']
254705875,$grpn i am out with a profit. gl to everyone!,2020-11-05 21:36:05,1,['grpn']
254704885,"$grpn $grpn groupon announces third quarter 2020 results 

https://newsfilter.io/a/f87450f41cd7d10722023260808e8756",2020-11-05 21:33:37,-69,['grpn']
254704166,$grpn results are in,2020-11-05 21:31:58,-69,['grpn']
254702396,$grpn so 5pm i guess?,2020-11-05 21:27:33,1,['grpn']
254700983,$grpn when is earnings out? today right?,2020-11-05 21:24:10,-69,['grpn']
254700868,$grpn https://investor.groupon.com/home/default.aspx,2020-11-05 21:23:50,-69,['grpn']
254700268,$grpn ,2020-11-05 21:22:26,-69,['grpn']
254696732,$grpn are tomorrow or today?,2020-11-05 21:15:08,-69,['grpn']
254695328,$grpn poopon another 💩 quarter,2020-11-05 21:12:24,-1,['grpn']
254690259,$grpn results in?,2020-11-05 21:01:43,-69,['grpn']
254687318,$grpn restraunts killed during covid. earnings are not good. don&#39;t hold,2020-11-05 20:52:45,-1,['grpn']
254681188,$grpn crap i&#39;m holding on but it&#39;s starting too tank down,2020-11-05 20:31:36,-1,['grpn']
254648390,$grpn anyone holding through er,2020-11-05 18:38:19,-69,['grpn']
254648292,$grpn earnings today ah ?,2020-11-05 18:37:59,1,['grpn']
254631356,$grpn this has been down trending in popularity,2020-11-05 17:37:10,-1,['grpn']
254631264,"$grpn i&#39;m holding the bag, but too many bulls here and very bad sell off .... i&#39;m worried.",2020-11-05 17:36:53,-69,['grpn']
254629459,"$grpn downtrend of death on the 5 min 😕, come on a doji or some kind of reversal candlestick.",2020-11-05 17:29:54,-69,['grpn']
254604457,$grpn is scheduled to report #earnings after the market closes today via @ewhispers http://eps.sh/s/grpn,2020-11-05 16:01:30,-69,['grpn']
254592440,$grpn is it to buy?,2020-11-05 15:25:22,-69,['grpn']
254588740,$grpn buy buy buy    https://www.cweb.com/groupon-is-an-excellent-buy-earnings-will-report-nov-5-2020/,2020-11-05 15:14:57,1,['grpn']
254588525,$grpn up 8% moving profits to others,2020-11-05 15:14:19,-69,['grpn']
254579370,$grpn nice move toward earnings.,2020-11-05 14:50:37,1,['grpn']
254578504,$stmp $grpn $azpn strong earning continuation tonight ...👍,2020-11-05 14:48:22,1,"['azpn', 'stmp', 'grpn']"
254572185,$grpn i think grpn is gonna crush earnings but i’ve been wrong before 🤔,2020-11-05 14:30:01,-69,['grpn']
254570159,"$grpn expected move tomorrow +/-18.5%.
do we bet which way will be? lol
https://marketchameleon.com/overview/grpn/earnings/earnings-dates/",2020-11-05 14:22:46,-69,['grpn']
254540735,$qcom was the bigger winner here! $spt should still hit and $grpn being patient. $qcom should be deep in the money today.,2020-11-05 11:56:43,1,"['qcom', 'grpn', 'spt']"
254528869,strong pm earnings continuation  tonight...$sail $grpn $pgny $bgs $otrk ...long story is strong...long 👍,2020-11-05 09:09:09,1,"['bgs', 'grpn', 'otrk', 'sail', 'pgny']"
254525604,"a sneak peek at groupon, inc. ($grpn) 3q20 earnings

https://www.stockmarketintellects.com/a-sneak-peek-at-groupon-inc-grpn-3q20-earnings/",2020-11-05 07:47:05,-69,['grpn']
254524989,$grpn $30 by friday very possible,2020-11-05 07:33:32,1,['grpn']
254498658,"$grpn ya baby, up we go!!!",2020-11-05 01:49:07,1,['grpn']
254492105,"$grpn be careful, guys.  a bitter trump will not sign a stimulus.",2020-11-05 00:58:01,-69,['grpn']
254483148,$grpn hold!,2020-11-04 23:55:25,-69,['grpn']
254480750,groupon q3 earnings preview $grpn @groupon https://bit.ly/3kzc6mc,2020-11-04 23:40:28,-69,['grpn']
254479260,$grpn big day for groupon tomorrow. buy buy buy  https://www.cweb.com/groupon-is-an-excellent-buy-earnings-will-report-nov-5-2020/,2020-11-04 23:30:35,1,['grpn']
254443442,$grpn 12/18 $22c sweeps hitting above ask going into the close.,2020-11-04 20:58:51,-69,['grpn']
254310027,"today er targets
$qcom 130+
$vapo 37.50+
$spt 50+
$grpn 25+",2020-11-04 10:31:32,1,"['qcom', 'grpn', 'vapo', 'spt']"
254261776,"$grpn---long trade: target 1: 27.29
                                             target 2: 29.60",2020-11-04 01:53:46,-69,['grpn']
254204429,$grpn let&#39;s get into the mid twenties,2020-11-03 20:35:33,1,['grpn']
254184768,$grpn just getting started,2020-11-03 19:18:06,1,['grpn']
254164510,$grpn---still looks good earnings coming up.,2020-11-03 17:55:41,-69,['grpn']
254062296,$grpn - upcoming quarterly report is on 5th of november 2020. ta alert: groupon price pattern may cross doji star…,2020-11-03 08:15:01,-69,['grpn']
254061144,$grpn - upcoming quarterly report is on 5th of november 2020. persistent technical event triggered for groupon:…,2020-11-03 07:33:02,-69,['grpn']
254016710,"$grpn 

buy high sell low 
😆
this is a girls dream for a bargain right now 🤪",2020-11-02 23:12:11,1,['grpn']
253968979,$odp $grpn more earnings do or die,2020-11-02 19:49:54,-69,"['odp', 'grpn']"
253952302,"$grpn 
target lowered by wedbush neutral usd 27 » usd 21
https://www.stocktargetadvisor.com/stock/usa/nye/grpn#analyst-rating-tab",2020-11-02 18:41:35,-69,['grpn']
253911540,$grpn nice. 😎👍,2020-11-02 16:02:08,1,['grpn']
253904199,$grpn surround yourself with good vibes,2020-11-02 15:36:15,1,['grpn']
253892495,$grpn https://wallstreetrace.com/2020/11/02/lets-take-a-look-at-groupon-inc-grpn-stock/,2020-11-02 14:58:21,-69,['grpn']
253888204,$grpn why&#39;s this down when the market is up big? earnings should be good too.,2020-11-02 14:45:07,1,['grpn']
253883130,$grpn wedbush maintains to neutral : pt $21.00 https://stockhoot.com/extsymbol.aspx?from=analystratingtweet&amp;symbol=grpn&amp;t=678&amp;social=stocktwits,2020-11-02 14:27:06,-69,['grpn']
253845843,$grpn who thinks good er?,2020-11-02 07:14:24,-69,['grpn']
253828088,$grpn chart looks ready for a 50% move up,2020-11-02 01:37:22,1,['grpn']
253769437,comprehensive non-correlated groupon inc $grpn trading report https://tinyurl.com/y2hellbz,2020-11-01 05:30:04,-69,['grpn']
253650437,$grpn would love some ah action,2020-10-30 20:20:54,1,['grpn']
253645449,$grpn $15,2020-10-30 20:05:21,-69,['grpn']
253611079,$grpn next week...,2020-10-30 18:11:21,1,['grpn']
253607990,$grpn https://dbtnews.com/2020/10/30/groupon-inc-grpn-is-currently-8-05-below-its-200-period-moving-avg-what-dose-this-mean/,2020-10-30 18:01:46,1,['grpn']
253581000,$grpn be patient everyone.  whole market is red.  earnings and stimulus will rocket this back up.,2020-10-30 16:26:56,1,['grpn']
253577549,$grpn---tried to turn up but the market is not helping at all.,2020-10-30 16:15:54,-69,['grpn']
253527969,"$grpn has been a dumpster fire, to be sure. had to have a reverse split to stay listed after last march. but a fair bit of short interest and a beat could squeeze. might be worth a very small spec call position. earnings on 11/5",2020-10-30 14:11:07,-69,['grpn']
253424819,$grpn is the er on monday?,2020-10-29 23:35:50,1,['grpn']
253417867,"$grpn will run up into earnings on 11/1 as places continue to open up, businesses will need to operate at limited capacity - this means reservations or passes will be required. solution: groupon",2020-10-29 22:58:32,-69,['grpn']
253389866,$pins surging like crazy this week off increased interest and diy projects. as folks struggle to find things to do in their local area - watch for $grpn to also destroy their earnings in a few weeks.,2020-10-29 21:06:30,-69,"['grpn', 'pins']"
253335174,$grpn so happy for longs.  y&#39;all stuck through some serious shit showage.,2020-10-29 18:41:50,-69,['grpn']
253329459,"$grpn 
still sidelined. 
just missed our entry &amp; getting some lift off the mar. 2020 tl. immediate resistance 22.15- 24.02 with sma 200 @ 26.36 but a close above control @ 33.09 for bullishness.",2020-10-29 18:23:57,-69,['grpn']
253322378,$grpn holy crap!  it&#39;s about effing time!!!,2020-10-29 18:02:32,-69,['grpn']
253294494,$grpn---stochastics going up on the daily chart. nice move today.,2020-10-29 16:32:20,-69,['grpn']
253268379,$grpn next stop 30,2020-10-29 15:12:41,1,['grpn']
253265689,$grpn interesting.,2020-10-29 15:05:17,-69,['grpn']
253264643,$grpn walk this back towards $30+😉,2020-10-29 15:02:27,1,['grpn']
253213866,$grpn tell the people the truth.,2020-10-29 12:29:19,1,['grpn']
252982127,$grpn might be time to jump back in!,2020-10-28 14:12:24,1,['grpn']
252956410,$grpn $etsy on the watch groupon will explode soon   https://www.cweb.com/groupon-is-an-excellent-buy-earnings-will-report-nov-5-2020/,2020-10-28 13:10:29,1,"['etsy', 'grpn']"
252771163,$grpn---no movement yet,2020-10-27 17:01:49,-69,['grpn']
252757495,"$grpn you know what? i&#39;ve been looking at the market cap for a ton of major tech names, and they&#39;re all 10+ billion.. sometimes closer or over a trillion. this is at 571 million, and has a lot of potential for a growth recovery story with the stay at home economy. i&#39;ll take a small position and see what happens from here.",2020-10-27 16:17:01,1,['grpn']
252734372,"$grpn be ready for another bold move!. since march, grpn reached this support level 3 times, in the last 2, it was foll",2020-10-27 14:59:40,1,['grpn']
252695643,$grpn i think it&#39;s working hard to go higher than before,2020-10-27 12:45:23,1,['grpn']
252652487,groupon $grpn bidaskscore is #reiterated to stronglysold https://bidaskclub.com/news/company/2020-10-21/grpn,2020-10-27 01:52:02,-69,['grpn']
252324127,$grpn i am thinking there could be a huge lawsuit against them. taking advantage of small businesses. not paying out used vouchers,2020-10-24 12:00:52,-1,['grpn']
252323135,stocktwits trending alert: trading recent interest in groupon inc $grpn https://wp.me/p5blgb-bdnf,2020-10-24 11:21:53,-69,['grpn']
252323134,stocktwits trending alert: trading recent interest in groupon inc $grpn https://wp.me/p5blgb-bdmv,2020-10-24 11:21:53,-69,['grpn']
252322189,"$grpn
get loose fellow addicts
take a minute

https://anchor.fm/stephen-lennon9",2020-10-24 10:32:27,1,['grpn']
252296719,$wwr $spy $grpn https://www.tradingview.com/chart/wwr/eotswari-wwr/,2020-10-24 00:23:55,-69,"['wwr', 'spy', 'grpn']"
252262377,$grpn new position today.  bot dec 20s (calls) @ 3.05,2020-10-23 20:34:06,-69,['grpn']
