id,body,created_at,sentiment,symbols
254801733,acaciacommunications $acia bidaskscore is lowered to stronglysold https://bidaskclub.com/news/company/2020-11-05/acia,2020-11-06 10:36:04,-69,['acia']
254796311,goldenstar signal alert: $acia. more insights: https://stockinvest.us/technical-analysis/acia?utm_source=stocktwits&amp;utm_medium=autopost,2020-11-06 08:53:06,1,['acia']
254053014,pivotpoint bottom signal alert: $acia. more insights: https://stockinvest.us/technical-analysis/acia?utm_source=stocktwits&amp;utm_medium=autopost,2020-11-03 04:35:07,1,['acia']
254041230,goldenstar signal alert: $acia. more insights: https://stockinvest.us/technical-analysis/acia?utm_source=stocktwits&amp;utm_medium=autopost,2020-11-03 02:30:03,1,['acia']
253825956,good move or bad move? $acia in uptrend: rsi indicator exits oversold zone. view odds for this and other indicators: https://srnk.us/go/2271455,2020-11-02 01:13:07,-69,['acia']
253681080,have you seen this? $acia in uptrend: rsi indicator exits oversold zone. view odds for this and other indicators: https://srnk.us/go/2263719,2020-10-30 23:36:28,-69,['acia']
253435607,double bottom signal alert: $acia. more insights: https://stockinvest.us/technical-analysis/acia?utm_source=stocktwits&amp;utm_medium=autopost,2020-10-30 00:40:00,1,['acia']
253208791,acaciacommunications $acia bidaskscore is upgraded to sold https://bidaskclub.com/news/company/2020-10-28/acia,2020-10-29 12:02:04,-69,['acia']
252465993,$acia new article : acacia communications and inphi successfully demonstrate interoperability of 400zr over 120 km https://www.stck.pro/news/acia/8746779,2020-10-26 12:07:20,-69,['acia']
252465868,"$acia [15s. delayed]: issued press release on october 26, 08:00:00: acacia communications and inphi successfully demonstrate interoperabil https://s.flashalert.me/jtio9h",2020-10-26 12:06:21,-69,['acia']
252464907,"$acia acacia communications and inphi successfully demonstrate interoperability of 400zr over 120 km
https://www.stocktitan.net/news/acia/acacia-communications-and-inphi-successfully-demonstrate-brsrw6rk8tui.html",2020-10-26 12:00:17,-69,['acia']
251414839,$nls parabolic! starting to remind me of $tlry $acia and many others,2020-10-20 19:03:33,-69,"['nls', 'acia', 'tlry']"
250808511,$acia new article : acacia communications dips on report china sitting on deal approvals https://www.stck.pro/news/acia/8519448,2020-10-16 18:46:05,-69,['acia']
250186117,"when comparing the current ratio to the industry average of 2.60, $acia has a better ratio. https://www.chartmill.com/stock/analyzer/stock/acia?view=fundamental-analysis&amp;key=eb5a02ef-f569-41de-968a-4d34fec03b5b&amp;utm_source=stocktwits&amp;utm_medium=fa&amp;utm_content=acia&amp;utm_campaign=social_tracking",2020-10-14 13:52:04,-69,['acia']
249954201,acaciacommunications $acia bidaskscore is downgraded to stronglysold https://bidaskclub.com/news/company/2020-10-12/acia,2020-10-13 15:36:02,-69,['acia']
249830411,double bottom signal alert: $acia. more insights: https://stockinvest.us/technical-analysis/acia?utm_source=stocktwits&amp;utm_medium=autopost,2020-10-13 00:33:27,1,['acia']
249298090,"$acia #mergerarb offers lucrative options opportunity with nov/feb 65 puts having :  

iv30 &gt;3 times hv30. 

#options #trading #trade #puts #bullish #impliedvol #iv",2020-10-09 14:32:08,1,['acia']
249287215,"$acia #bullish : 
acacia strengthens edge and access network portfolio with new coherent bi-directional pluggables for cable and 5g wireless x-haul applications ; leverages 3d siliconization approach!

https://acacia-inc.com/blog/cable-tech-is-hot-this-month-lets-talk-coherent/",2020-10-09 14:06:05,1,['acia']
249224414,$acia new article : merger arbitrage - q3 2020 ends with a big bang https://www.stck.pro/news/acia/8332937,2020-10-09 05:01:05,-69,['acia']
248972036,acacia strengthens edge and access network portfolio with new coherent bi-directional pluggables for cable and 5g wireless x-haul applications http://www.conferencecalltranscripts.org/summary/?id=66529&amp;pr=true $acia,2020-10-08 12:09:43,-69,['acia']
248971949,$acia new article : acacia strengthens edge and access network portfolio with new coherent bi-directional pluggables for cable and 5g wireless x-haul applications https://www.stck.pro/news/acia/8314920,2020-10-08 12:09:19,-69,['acia']
248969981,"$acia acacia strengthens edge and access network portfolio with new coherent bi-directional pluggables for cable and 5g wireless x-haul applications
https://www.stocktitan.net/news/acia/acacia-strengthens-edge-and-access-network-portfolio-with-new-h1xqd8t2385t.html",2020-10-08 12:00:14,-69,['acia']
248938304,"$acia francis j murphy sold 5,027 shares [high conviction] www.insider-analysis.com/search_transactions.php?ticker=table_acia",2020-10-08 03:55:12,-69,['acia']
248696823,$acia: acacia drives coherent dwdm technology to service provider edge and access networks https://www.chartmill.com/stock/quote/acia/news?utm_source=stocktwits&amp;utm_medium=pressrelease&amp;utm_content=acia&amp;utm_campaign=social_tracking,2020-10-07 12:50:00,-69,['acia']
248693629,$acia acacia drives coherent dwdm technology to service provider edge and access networks https://www.otcdynamics.com/acia-acacia-drives-coherent-dwdm-technology-to-service-provider-edge-and-access-networks,2020-10-07 12:36:47,-69,['acia']
248639621,"acacia communications vp francis j. murphy sells $188,793.32 in $acia https://www.marketbeat.com/i/411031",2020-10-07 01:54:10,-69,['acia']
248639049,"acacia communications vp francis j. murphy sells $148,874.31 in $acia https://www.marketbeat.com/i/411030",2020-10-07 01:49:39,-69,['acia']
248570999,"$acia: new sec filing on vp, finance and pao, francis j murphy: https://www.sec.gov/archives/edgar/data/1651235/000165123520000085/xslf345x03/wf-form4_160201496082292.xml",2020-10-06 20:21:36,-69,['acia']
248567006,"vp of acacia communications, inc. just disposed of 5,027 shares  http://www.conferencecalltranscripts.org/4/summary/?id=8424076 $acia",2020-10-06 20:11:23,-69,['acia']
248566568,"$acia [15s. delayed] filed sec form 4: vp, finance and pao murphy francis j: 
disposed 5,027 of common stock at average price $67.17 betwe https://s.flashalert.me/sqrxwk",2020-10-06 20:10:27,-69,['acia']
248553061,$acia longest merger in history! blame china!,2020-10-06 19:40:46,-69,['acia']
248375225,double bottom signal alert: $acia. more insights: https://stockinvest.us/technical-analysis/acia?utm_source=stocktwits&amp;utm_medium=autopost,2020-10-06 08:38:33,1,['acia']
248174110,"unusual #options activity alert. 

$acia :  massive #bullish options move. 

150 oct 65 puts dumped (trading at at 46% lesser than fri close) as iv crashes. 

hv30 &lt; 8 while iv &gt; 25 on nov/feb 65 puts. 
iv about to crash on nov/feb 65 puts. 

great #mergerarb opportunity as $csco buys #5g player acacia communications !",2020-10-05 14:01:42,1,"['csco', 'acia']"
247900296,"$acia unusual options activity alert:  
massive bullish call flow in  nov 65/70 call verticals. 
c/p ratio at 3:1 in aggregate
c/p ratio at 6: 1  in 90 day time frame.

great #mergerarb opportunity for potential imminent deal closure.",2020-10-02 19:28:40,1,['acia']
247581949,$acia deal soon?,2020-10-01 17:51:08,-69,['acia']
247580943,$acia 70.00 soon,2020-10-01 17:47:35,-69,['acia']
247575116,$acia unusual options activity with massive #bullish deal flow on 65/70 call verticals for acacia communications as deal closure on $csco- $acia gets close !,2020-10-01 17:27:40,1,"['csco', 'acia']"
247476925,$acia: acacia communications and ntt electronics announce successful interoperability testing of 400zr and openzr+ https://www.chartmill.com/news/acia/globenews-2020-10-1-acacia-communications-and-ntt-electronics-announce-successful-interoperability-testing-of-400zr-and-openzr?utm_source=stocktwits&amp;utm_medium=pressrelease&amp;utm_content=acia&amp;utm_campaign=social_tracking,2020-10-01 12:47:04,-69,['acia']
247271170,$acia: massive #bullish flow in nov 2020 call verticals (~300) as deal closure nears !,2020-09-30 16:01:59,1,['acia']
247249844,"$acia - massive #bullish call flow this week as deal closure nears. 

@mariogabelli style #mergerarb opportunity with a nov 65 put-buying robot gone wild! 

hv30 ~8 with 65puts going at iv=20-25+",2020-09-30 15:01:15,1,['acia']
247194835,acaciacommunications $acia bidaskscore is downgraded to sold https://bidaskclub.com/news/company/2020-09-29/acia,2020-09-30 12:07:03,-69,['acia']
246985134,"massive #bullish flow in nov 65/70 call verticals (339 today and more yesterday) as deal closure nears.  

$csco acquiring $acia at $70! $fit action shows #mergerarb bears running for cover! 

#mergerarb opportunity with nov/feb puts trading at iv&gt;25 while hv30 is at 8.3.",2020-09-29 16:11:39,1,"['csco', 'fit', 'acia']"
246796368,"$acia 65 puts are at juicy with iv &gt; 20 where hv30 is 8.26. excellent opportunity for short condors with 65/60 put verticals and 70/75 call verticals at nov and feb expiry  

#bullish on this #mergerarb !",2020-09-28 19:58:43,1,['acia']
246790248,"$acia recorded a massive #bullish tradeflow in nov 65/70 call verticals with an expectation of the deal closure. 
 #mergerarb with $csco buying $acia",2020-09-28 19:39:37,1,"['csco', 'acia']"
246561588,"what do you think of this? $acia in -0.53% downtrend, declining for three consecutive days on september 25, 2020. view odds for this and other indicators: https://srnk.us/go/2145349",2020-09-27 14:07:56,-69,['acia']
246491054,$acia had approximately 13m usd go to the short side at 61 pct short  the bears are on the attack  https://www.algowins.com/?wdt_column_filter[1]=acia,2020-09-26 12:53:09,-1,['acia']
246479636,double top signal alert: $acia. more insights: https://stockinvest.us/technical-analysis/acia?utm_source=stocktwits&amp;utm_medium=autopost,2020-09-26 05:33:41,-1,['acia']
245944825,double top signal alert: $acia. more insights: https://stockinvest.us/technical-analysis/acia?utm_source=stocktwits&amp;utm_medium=autopost,2020-09-24 11:34:43,-1,['acia']
245926848,$acia francis j murphy sold 422 shares [low conviction] www.insider-analysis.com/search_transactions.php?ticker=table_acia,2020-09-24 08:04:48,-69,['acia']
245781558,$acia new article : acacia gains as dealreporter suggests cisco buyout still progressing in china https://www.stck.pro/news/acia/7947935,2020-09-23 18:37:13,-69,['acia']
245780764,"$acia $csco acacia gains as dealreporter suggests cisco buyout still progressing in china 

https://newsfilter.io/a/fb92d0b8f60dd3fd27277c2ac5ddadc5",2020-09-23 18:35:35,-69,"['csco', 'acia']"
245625967,double top signal alert: $acia. more insights: https://stockinvest.us/technical-analysis/acia?utm_source=stocktwits&amp;utm_medium=autopost,2020-09-23 09:44:40,-1,['acia']
245600839,"acacia communications vp francis j. murphy sells $18,949.57 in $acia https://www.marketbeat.com/i/409160",2020-09-23 02:45:45,-69,['acia']
245600831,"acacia communications vp francis j. murphy sells $9,903.50 in $acia https://www.marketbeat.com/i/409161",2020-09-23 02:45:44,-69,['acia']
245586438,"china &#39;blacklist&#39; likely to have minimal impact on cisco $csco , but could impact acacia 
$acia deal - bofa securities

https://www.streetinsider.com/dr/news.php?id=17381625",2020-09-23 01:01:49,-69,"['csco', 'acia']"
245567119,"acacia communications, inc. (nasdaq:acia) vp sells $18,949.57 in stock $acia #acia https://www.marketbeat.com/n/4468081/",2020-09-22 23:21:09,-69,['acia']
245519058,"$acia: new sec filing on vp, finance and pao, francis j murphy: https://www.sec.gov/archives/edgar/data/1651235/000165123520000083/xslf345x03/wf-form4_160080549571683.xml",2020-09-22 20:22:01,-69,['acia']
245515718,"$acia [15s. delayed] filed sec form 4: vp, finance and pao murphy francis j: 
disposed 422 of common stock at average price $68.37 between https://s.flashalert.me/obxi70",2020-09-22 20:12:44,-69,['acia']
245515595,"#fwsells $acia murphy francis j, vp, finance and pao of acacia communications, inc. sold 422 shares on 2020-09-21. https://formwhispers.com/s?t=acia",2020-09-22 20:12:23,-69,['acia']
245515576,"$acia $28,853.07 of shares sold by murphy francis j (vp, finance and pao), reported in a new form 4 filed with the sec  

https://newsfilter.io/a/4092fb7bec0001897cb1336dd6dc7740",2020-09-22 20:12:20,-69,['acia']
245309834,double top signal alert: $acia. more insights: https://stockinvest.us/technical-analysis/acia?utm_source=stocktwits&amp;utm_medium=autopost,2020-09-22 00:49:12,-1,['acia']
245231960,not too many things would make me happier than the $acia deal being nixed.  oh boyyy ... well assuming it drops enuf which i firmly believe it would.,2020-09-21 19:02:30,-69,['acia']
245208749,$acia can see pressure here after that $csco headline. worth noting next few days.,2020-09-21 17:32:20,-69,"['csco', 'acia']"
245208670,"cisco likely to appear on potential chinese blacklist of u.s. firms - wsj  $csco $acia $fn $aaoi $lite 

https://newsfilter.io/a/496d05408a0422d5fb07ec109bea2af7",2020-09-21 17:32:03,-69,"['csco', 'fn', 'aaoi', 'lite', 'acia']"
244956435,acaciacommunications $acia bidaskscore is increased to held https://bidaskclub.com/news/company/2020-09-18/acia,2020-09-19 19:01:06,-69,['acia']
244926157,acacia communications upgraded by bidaskclub to hold. https://www.marketbeat.com/r/1479365 $acia,2020-09-19 09:04:12,-69,['acia']
244656342,double top signal alert: $acia. more insights: https://stockinvest.us/technical-analysis/acia?utm_source=stocktwits&amp;utm_medium=autopost,2020-09-18 06:42:31,-1,['acia']
244500959,"merger arbitrage performance review. this latest report focusses on $acia, $adsw, $hud &amp; $tif",2020-09-17 16:34:34,-69,"['tif', 'adsw', 'acia', 'hud']"
244380270,double bottom signal alert: $acia. more insights: https://stockinvest.us/technical-analysis/acia?utm_source=stocktwits&amp;utm_medium=autopost,2020-09-17 08:42:02,1,['acia']
244070499,double bottom signal alert: $acia. more insights: https://stockinvest.us/technical-analysis/acia?utm_source=stocktwits&amp;utm_medium=autopost,2020-09-16 08:31:12,1,['acia']
243791753,overvalued signal alert: $acia. more insights: https://stockinvest.us/technical-analysis/acia?utm_source=stocktwits&amp;utm_medium=autopost,2020-09-15 09:40:02,-1,['acia']
243771352,$acia new article : merger arbitrage mondays - gilead sciences acquires immunomedics at a high premium https://www.stck.pro/news/acia/7713863,2020-09-15 03:25:05,-69,['acia']
243649342,oh wow this is big! $acia in uptrend: rsi indicator exits oversold zone. view odds for this and other indicators: https://srnk.us/go/2100663,2020-09-14 17:56:42,-69,['acia']
243112552,$acia  done deal soon?,2020-09-11 11:45:57,-69,['acia']
243101113,short sale volume (not short interest) for $acia on 2020-09-10 is 58%. http://shortvolumes.com/?t=acia via @shortvolumes,2020-09-11 09:23:36,-69,['acia']
242787523,double bottom signal alert: $acia. more insights: https://stockinvest.us/technical-analysis/acia?utm_source=stocktwits&amp;utm_medium=autopost,2020-09-10 01:30:03,1,['acia']
242780849,possible runner signal alert: $acia. more insights: https://stockinvest.us/technical-analysis/acia?utm_source=stocktwits&amp;utm_medium=autopost,2020-09-10 00:40:57,1,['acia']
242764727,acaciacommunications $acia bidaskscore is upgraded to sold https://bidaskclub.com/news/company/2020-09-08/acia,2020-09-09 23:07:02,-69,['acia']
242619320,acacia communications (nasdaq:acia) lifted to sell at bidaskclub $acia #acia https://www.marketbeat.com/n/4455240/,2020-09-09 14:47:51,-69,['acia']
242602452,acacia communications upgraded by bidaskclub to sell. https://www.marketbeat.com/r/1475610 $acia,2020-09-09 14:05:25,-69,['acia']
242516382,"watch 5 stocks on nasdaq:  $spro, $oprt, $acia, $aveo, $bbio  http://www.nna100.com/stock_ranking.php?p=nasdaq-top-100-buy-rating-stocks&amp;d=2020-09-08",2020-09-09 01:20:40,-69,"['spro', 'aveo', 'acia', 'bbio', 'oprt']"
242509916,double bottom signal alert: $acia. more insights: https://stockinvest.us/technical-analysis/acia?utm_source=stocktwits&amp;utm_medium=autopost,2020-09-09 00:37:37,1,['acia']
242509422,possible runner signal alert: $acia. more insights: https://stockinvest.us/technical-analysis/acia?utm_source=stocktwits&amp;utm_medium=autopost,2020-09-09 00:34:11,1,['acia']
242328033,short sale volume (not short interest) for $acia at 2020-09-04 is 52%. http://shortvolumes.com/?t=acia via @shortvolumes,2020-09-08 13:50:35,-69,['acia']
242327732,"risk arbitrage spread now at 3.38%
dedicated $acia merger news and deal cheat sheet at https://mergerarbitragelimited.com/acacia-communications-acia/",2020-09-08 13:49:48,-69,['acia']
242024679,"does this make you nervous? $acia&#39;s 10-day moving average broke below its 50-day moving average on august 26, 2020. view odds for this and other indicators: https://srnk.us/go/2065412",2020-09-05 01:48:12,-69,['acia']
241909325,$acia this is taking forever?,2020-09-04 17:15:19,-69,['acia']
241892503,"$acia $csco higher volume, looks like $70 - $80 acquisition happening any day now.",2020-09-04 16:25:37,1,"['csco', 'acia']"
241733330,"acacia communications vp francis j. murphy sells $8,101.20 in $acia https://www.marketbeat.com/i/406099",2020-09-04 01:26:19,-69,['acia']
241669841,"$acia: new sec filing on vp, finance and pao, francis j murphy: https://www.sec.gov/archives/edgar/data/1651235/000165123520000081/xslf345x03/wf-form4_159916529508860.xml",2020-09-03 20:55:02,-69,['acia']
241663440,"$acia [15s. delayed] filed sec form 4: vp, finance and pao murphy francis j: 
disposed 120 of common stock at price $67.51 on 2020-09-02,  https://s.flashalert.me/s8ulsr",2020-09-03 20:36:05,-69,['acia']
241663349,"#fwsells $acia murphy francis j, vp, finance and pao of acacia communications, inc. sold 120 shares on 2020-09-02. https://formwhispers.com/s?t=acia",2020-09-03 20:35:50,-69,['acia']
241663328,"$acia $8,101.20 of shares sold by murphy francis j (vp, finance and pao), reported in a new form 4 filed with the sec  

https://newsfilter.io/a/ba563c0f150f215ee4883591321323d3",2020-09-03 20:35:47,-69,['acia']
241272351,$acia is there time to get in,2020-09-02 18:55:11,-69,['acia']
241265991,"$acia $csco does anyone know when the acquisition will be finalized, i know awaiting chinese regulatory approval, but how much longer?",2020-09-02 18:40:12,1,"['csco', 'acia']"
238683701,acaciacommunications $acia bidaskscore is #reiterated to stronglysold https://bidaskclub.com/news/company/2020-08-20/acia,2020-08-24 12:58:03,-69,['acia']
238145353,$acia francis j murphy sold 936 shares [low conviction] www.insider-analysis.com/search_transactions.php?ticker=table_acia,2020-08-21 05:41:28,-69,['acia']
237773726,"acacia communications vp francis j. murphy sells $63,610.56 in $acia https://www.marketbeat.com/i/403577",2020-08-20 02:23:17,-69,['acia']
237767406,double top signal alert: $acia. more insights: https://stockinvest.us/technical-analysis/acia?utm_source=stocktwits&amp;utm_medium=autopost,2020-08-20 01:42:33,-1,['acia']
237736600,"$acia: new sec filing on vp, finance and pao, francis j murphy: https://www.sec.gov/archives/edgar/data/1651235/000165123520000079/xslf345x03/wf-form4_159786813934171.xml",2020-08-19 23:07:01,-69,['acia']
237686419,"$acia [15s. delayed] filed sec form 4: vp, finance and pao murphy francis j: 
disposed 936 of common stock at price $67.96 on 2020-08-17,  https://s.flashalert.me/ykujg",2020-08-19 20:16:51,-69,['acia']
237686375,"#fwsells $acia murphy francis j, vp, finance and pao of acacia communications, inc. sold 936 shares on 2020-08-17. https://formwhispers.com/s?t=acia",2020-08-19 20:16:45,-69,['acia']
237686276,"$acia $63,610.56 of shares sold by murphy francis j (vp, finance and pao), reported in a new form 4 filed with the sec  

https://newsfilter.io/a/634af2997b8f1af514541868c0103e61",2020-08-19 20:16:31,-69,['acia']
237394810,"vivaldi asset management llc,has filed form 13f for q2 2020.opened new positions in $acam $acia $alus/u $amci $amtd $anda $apxtu $brew",2020-08-18 21:10:37,-69,"['amtd', 'brew', 'acia', 'amci', 'anda']"
237313132,"$lite $acia $csco $sne 

https://www.youtube.com/watch?v=avafiwrv1qi",2020-08-18 17:20:58,-69,"['csco', 'sne', 'lite', 'acia']"
237281247,"$acia dear bulls, after three long years and having passed through the 24$ low.. i just gave up exhausted from this trashy side movement , it helped me a lot to save money during the march crash but on the other hand in these last months i missed a lot of opportunities and lost a significant portion of my gain due to the dollar strength... so i&#39;m totally sure that by the end of this week the closing will be reached...100% sure!!!",2020-08-18 15:56:16,1,['acia']
237084372,confidential treatment order http://www.conferencecalltranscripts.org/no/summary2/?id=8254676 $acia,2020-08-17 20:28:12,-69,['acia']
237083822,"$acia form ct order (confidential treatment order) filed with the sec 

https://newsfilter.io/a/d52208da29ccb549e3dcf20e967f8f52",2020-08-17 20:26:20,-69,['acia']
237052265,$acia more than 1 year passed and still not at the agreed price... never seen something like this...,2020-08-17 18:59:08,-69,['acia']
236954593,"$acia new article : top merger stocks held by fund managers, mid-q3 2020 https://www.stck.pro/news/acia/7030812",2020-08-17 14:20:06,-69,['acia']
236654333,"twin securities inc.,has filed form 13f for q2 2020.opened new positions in $acia $fsct $ptla $wmgi",2020-08-14 21:11:00,-69,"['wmgi', 'ptla', 'acia', 'fsct']"
236396018,"$csco $acia 

sip technology is the future. this will be a part of many industries moving forward and will have a bigger role several years from now as the economy gets up to pace with the research that is out there on silicon photonics. 

from telecommunications to data centers and autonomous driving to healthcare. sip technology is a game changer.

sin pics are in particular very well suited for the detection of biological molecules. these biosensors are or will be applied in a multitude of areas, like towards health-related targets (e.g. glucose monitoring in diabetes patients, early detection of the onset of cancer or of infectious diseases), environmental applications (e.g. the detection of pesticides and pollutants), and the food industry (e.g. determination of antibiotics or hormone residues in food, early detection of infectious diseases).

https://minacned.nl/how-integrated-photonics-accelerate-the-roll-out-of-point-of-care-diagnostics-for-covid-19-cancer-and-other-diseases/

https://www.lightcounting.com/light-trends/adoption-silicon-photonics-reaching-inflection-point/",2020-08-14 02:00:59,-69,"['csco', 'acia']"
235801659,"$csco $acia how long does this have to wait chinese regulatory approval, acquisition started almost 2 years ago. gud gawd. acia buyout $80",2020-08-12 15:34:20,1,"['csco', 'acia']"
235706507,$acia new article : acacia drives coherent technology to new point-to-point edge and access networks https://www.stck.pro/news/acia/6914140,2020-08-12 12:05:06,-69,['acia']
235706297,acacia drives coherent technology to new point-to-point edge and access networks http://www.conferencecalltranscripts.org/include?location=http://www.globenewswire.com/news-release/2020/08/12/2077086/0/en/acacia-drives-coherent-technology-to-new-point-to-point-edge-and-access-networks.html $acia,2020-08-12 12:04:12,-69,['acia']
235706024,"$acia [15s. delayed]: issued press release on august 12, 08:00:00: acacia drives coherent technology to new point-to-point edge and access https://s.flashalert.me/wvz9ux",2020-08-12 12:02:57,-69,['acia']
235705707,"$acia acacia drives coherent technology to new point-to-point edge and access networks 

https://newsfilter.io/a/0aca5aa04c795059ceb5355cebf2dc75",2020-08-12 12:01:38,-69,['acia']
235430528,$acia even if deal does not go through stock should be 75.00,2020-08-11 15:37:09,-69,['acia']
235323168,$acia load at $50.42 then take it back to $64.32🤑🤑,2020-08-11 11:25:12,-1,['acia']
235287353,$acia after so long wait and having performed so well cisco should add a premium once the deal is completed.. what do you think?,2020-08-11 04:03:43,1,['acia']
