id,body,created_at,sentiment,symbols
254775701,$wu some upgrades yet fundamentals are questionable,2020-11-06 03:35:31,-69,['wu']
254625465,upgrades &amp; downgrades 2: $wen $zi $trex $psx $wu,2020-11-05 17:15:43,-69,"['wen', 'wu', 'trex', 'psx', 'zi']"
254582143,fly intel: top five analyst upgrades - $wu - http://thefly.com/permalinks/entry.php/wuid3190105,2020-11-05 14:58:00,-69,['wu']
254576281,"analyst comments:  

$wu +2.7% (upgraded to neutral from sell at citigroup) 

$pypl +2.6% (upgraded to buy from hold at dz bank) 

$vz +1.3% (upgraded to overweight from neutral at jp morgan)",2020-11-05 14:42:30,-69,"['vz', 'wu', 'pypl']"
254555383,"$wu
wu upgraded by citigroup inc. with price target $21.00 ➝ $22.00 and rating sell ➝ neutral
source:https://www.marketbeat.com/ratings/
view the full list of news/momentum plays on watch at : bit.ly/32gfart
[no bias / position]
[find me at https://stocktwits.com/sbiswas | https://twitter.com/soumyajyoti_b]",2020-11-05 13:20:26,-69,['wu']
254552069,"citigroup upgrades the western union to neutral, raises price target to $22

related tickers: $wu",2020-11-05 13:04:32,-69,['wu']
254549511,$wu citigroup upgrades to neutral : pt $22.00 https://stockhoot.com/extsymbol.aspx?from=analystratingtweet&amp;symbol=wu&amp;t=43&amp;social=stocktwits,2020-11-05 12:51:08,-69,['wu']
254442721,$mgi at least $wu is down -.41 at this time also.,2020-11-04 20:55:58,1,"['mgi', 'wu']"
254382225,"$wu didn&#39;t even retest yesterday&#39;s high, even with indexes ripping. this is doomed.",2020-11-04 16:43:06,-1,['wu']
254192022,"$wu new article : western union expects better 2021 after covid-19 hit, says cfo https://www.stck.pro/news/wu/8914079",2020-11-03 19:47:07,-69,['wu']
253985807,trade ideas $wu (delayed) dec18 20p #swing - still actionable,2020-11-02 20:59:51,-1,['wu']
253893632,$wu https://wallstreetrace.com/2020/11/02/the-western-union-company-wu-important-key-factors-of-financial-stock/,2020-11-02 15:01:54,-69,['wu']
253884629,$wu new article : western union&#39;s cash flow increases the safety of its dividend yield https://www.stck.pro/news/wu/8886855,2020-11-02 14:33:16,-69,['wu']
253851414,$wu new article : western union cfo: pandemic tailwinds fuel digital remittances https://www.stck.pro/news/wu/8881381,2020-11-02 10:19:06,-69,['wu']
253758963,"$mgi the question we need to know is :  

&quot; when will debt be restructured ? &quot;
 more than one analyst on the call asked this question . 

 (+) on the conference call they said they would wait and hinted they were waiting on something to potentially close , imo.  usage increasing on most fundamental metrics .  $v  and $wmt are positive catalyst.  

(-)   however the fact they don&#39;t release user numbers, and they have a questionable method ( 3-month ~ 12 month)  on how customer retention is calculated and classified. cant forget the debt load . no real clarity provided on $wu .

still holding",2020-11-01 01:17:35,-69,"['mgi', 'v', 'wmt', 'wu']"
253754644,"$mgi mgi was profitable last quarter... that means mgi brought in more money than all these companies below. this is a big deal, mgi showing profitability is huge! i only expect this growth to continue, whats the ceiling here..i mean all the new partnerships they made last quarter haven&#39;t even begin to payout yet. this is only the begining. so for all the people who talk s*** about their debt and them not being profitable.. take a look at the companies below who are also not profitable...mgi is gonna be fine. $wu better hurry!",2020-11-01 00:00:50,1,"['mgi', 'wu']"
253744698,"new volatility landscape for western union($wu), slm… https://www.macroaxis.com/invest/marketriskandreturn?s=wu,slm,nrg,colb,swk,ati,ed,pxd,ma,mmc,tctzf,phm #correlations #stocks #stockratings",2020-10-31 21:06:32,-69,['wu']
253725793,"worst returns in s&amp;p 500 for 10/30/2020: 1. twitter $twtr (-21.11%), 2. etsy $etsy (-8.18%), 3. archer-daniels-midland co $adm (-7.37%), 4. illumina inc $ilmn (-7.05%), 5. western union co $wu (-6.99%). 285 stocks in the index had negative returns for the day #dailyworst",2020-10-31 15:57:20,-69,"['ilmn', 'adm', 'wu', 'twtr', 'etsy']"
253661586,$mgi i think many things will happen once we know who&#39;s gonna win the election because $mgi has been blocked from purchase to a few companies over the past few years with trump and companies may be concerned with moving fwd and not knowing if it will stand up.  alilbaba being one of the companies... not to mention $wu could be looked at as almost a monopoly in remittance being that both companies are almost identical. no one wants to have a bo blocked or in limbo for months because that puts you in an idle state of mind because you don&#39;t know what may happen. especially if a company is gonna buy mgi because of a platform change completely..,2020-10-30 21:12:11,1,"['mgi', 'wu']"
253644296,$mgi i&#39;m gonna say this. after really thinking im gonna say now that the only 1 company that would have the motive to pull the trigger on a bo is $wu...this earnings disappointed investors and the stock hasn&#39;t moved anywhere but down all year... they are literally being left in the dust.... and after the ceo talked up m&amp;a he has a responsibility to his investors to follow through.  remember he said he wouldn&#39;t even wait for a vaccine to acquire a company! vaccine almost here.... where you at $wu time to pay the fuck up or drown!! thank you for your time!,2020-10-30 20:02:25,1,"['mgi', 'wu']"
253636087,$mgi interesting on the western union call cfo was asked about share buybacks and said &quot;m&amp;a is a higher priority than buybacks&quot; .. and today on the cc with alex holmes when he was asked about paying down debt..&quot; we have other things we wanna take care of first&quot;. 😳 mgi value is only 25%  of what other start up fintechs are and doing 4 times the revenue . this gotta make them the biggest m&amp;a target out there.. alex has said many times they are always for sale for the right price. i am changing my tune and believe $wu gets the deal done! wu is down 8% they need this!,2020-10-30 19:36:56,1,"['mgi', 'wu']"
253553581,"$mgi mgi - pe ratio -7(thats right, negative 7)
$sq. pe ratio 310 
$pypl. pe ratio 92 
$wu pe ratio 14

these companies are trading and almost a hundred times their value and here is mgi trading at -7 times their value . .",2020-10-30 15:08:37,1,"['mgi', 'wu', 'sq', 'pypl']"
253500697,"$mgi we are witnessing the big turnaround right in front of our eyes.!!  tutes and whales see the numbers..they know whats up...mgi was profitable... am i dreaming?  we need price upgrades and a new valuation..3 billion sounds good!! ($40 a share) ..this price is a damned gift!! i am betting they got the attention of some big boys!!!   $wu and $baba are on the clock, their move!! $sq $v",2020-10-30 12:46:33,1,"['mgi', 'v', 'wu', 'sq', 'baba']"
253463548,"western union eps beats by $0.11, beats on revenue https://seekingalpha.com/news/3628554-western-union-eps-beats-0_11-beats-on-revenue $wu",2020-10-30 05:06:38,-69,['wu']
253459388,$mgi and what was all that buying late in the day with $wu? they beat earnings and hasn&#39;t gone anywhere so why all the buying?? bo maybe??,2020-10-30 04:05:35,1,"['mgi', 'wu']"
253458537,"$mgi 
consensus revenue $309.83: eps $0.02 vs actual revenue $323.20; eps  $.16: 
revenue 13.37m better than expected: eps .14 better than expected                  

1st time profitable in forever...we are profitable!! 
mgi 🔝   $wu⬇  get in or miss out

$sq $pypl $v",2020-10-30 03:54:41,1,"['mgi', 'v', 'wu', 'sq', 'pypl']"
253439104,$wu updates fy20 guidance to $1.80-1.85 eps. https://www.marketbeat.com/g/52457,2020-10-30 01:03:38,-69,['wu']
253436429,$wu new article : western union&#39;s remittances and digitization drive positive outlook for q4 https://www.stck.pro/news/wu/8832046,2020-10-30 00:45:14,-69,['wu']
253408151,"$wu new article : western union eps beats by $0.11, beats on revenue https://www.stck.pro/news/wu/8827376",2020-10-29 22:12:32,-69,['wu']
253403764,"$wu earnings are out!! - get chart, ratings, trade ideas https://stockhoot.com/earningscalendar.aspx?from=afterearningstweet&amp;symbol=wu&amp;t=266&amp;social=stocktwits",2020-10-29 21:54:15,-69,['wu']
