id,body,created_at,sentiment,symbols
254725011,your daily news digest for netapp $ntap https://wsfriend.com/daily/news/ntap/2020-11-05/,2020-11-05 22:38:26,-69,['ntap']
254723416,$ntap new article : netapp hosts second quarter of fiscal year 2021 financial results webcast https://www.stck.pro/news/ntap/8959881,2020-11-05 22:32:06,-69,['ntap']
254718363,$ntap netapp hosts second quarter of fiscal year 2021 financial results webcast https://www.otcdynamics.com/ntap-netapp-hosts-second-quarter-of-fiscal-year-2021-financial-results-webcast,2020-11-05 22:14:31,-69,['ntap']
254715467,"$ntap netapp hosts second quarter of fiscal year 2021 financial results webcast 

https://newsfilter.io/a/36567367abcea651a9bc1002d35c41e3",2020-11-05 22:04:29,-69,['ntap']
254493336,$ntap - upcoming quarterly report is on 11th of november 2020. momentum alert: price may cross relative strength…,2020-11-05 01:07:02,-69,['ntap']
254470647,your daily news digest for netapp $ntap https://wsfriend.com/daily/news/ntap/2020-11-04/,2020-11-04 22:39:39,-69,['ntap']
254313912,how does this make you feel? $ntap price moved above its 50-day moving average. view odds of uptrend. https://srnk.us/go/2280044,2020-11-04 11:33:32,1,['ntap']
254233670,your daily news digest for netapp $ntap https://wsfriend.com/daily/news/ntap/2020-11-03/,2020-11-03 22:36:36,-69,['ntap']
254195902,($ntap) found momentum gainer 10minute.,2020-11-03 20:02:37,-69,['ntap']
254010797,your daily news digest for netapp $ntap https://wsfriend.com/daily/news/ntap/2020-11-02/,2020-11-02 22:35:57,-69,['ntap']
253945794,3 stock picks for the value investor https://www.gurufocus.com/news/1274082    $atvi $stm $ntap,2020-11-02 18:15:57,-69,"['atvi', 'ntap', 'stm']"
253884069,netapp (nasdaq: ntap) stock is a defensive buy at these levels $ntap #ntap https://www.marketbeat.com/n/4509483/,2020-11-02 14:31:00,-69,['ntap']
253858044,"#levermann #us #midcap #sell wk44 $ally (-2), $alb (-1), $ipgp (3), $wrk (-2), $ntap (3), lkq (-3), tech (1), disca (2), mpw (-3), wb (0) https://bit.ly/3kqtjoh",2020-11-02 12:01:51,-1,"['ipgp', 'ntap', 'alb', 'ally', 'wrk']"
253845182,short sale volume (not short interest) for $ntap on 2020-10-30 is 70%. http://shortvolumes.com/?t=ntap via @shortvolumes,2020-11-02 06:50:35,-69,['ntap']
253813327,your daily news digest for netapp $ntap https://wsfriend.com/daily/news/ntap/2020-11-01/,2020-11-01 22:35:46,-69,['ntap']
253806055,"#levermann #global #midcap #sell wk44 $ally (-2), $alb (-1), $ipgp (3), $wrk (-2), $ntap (3), lkq (-3), tech (1), disca (2), mpw (-3), wb (0) https://bit.ly/3omnmvd",2020-11-01 20:46:50,-1,"['ipgp', 'ntap', 'alb', 'ally', 'wrk']"
253787482,"updated correlation matrix for netapp($ntap),… https://www.macroaxis.com/invest/marketcorrelation?s=ntap,banf,v,var,iboc,d,rl,aiv,bby,lh,gis,nwl #insidertrading #stocks #fintechnews",2020-11-01 15:56:32,-69,['ntap']
253749905,your daily news digest for netapp $ntap https://wsfriend.com/daily/news/ntap/2020-10-31/,2020-10-31 22:34:12,-69,['ntap']
253673594,your daily news digest for netapp $ntap https://wsfriend.com/daily/news/ntap/2020-10-30/,2020-10-30 22:35:20,-69,['ntap']
253517187,"$ntap -
long and strong on netapp. they are transitioning into a cloud solution company... cloud company multiples are 😲!

super —--&gt;",2020-10-30 13:46:15,1,['ntap']
253483028,$ntap buy signal + setup = i am in! will start a position in the opening.,2020-10-30 10:59:04,1,['ntap']
253461912,short sale volume (not short interest) for $ntap on 2020-10-29 is 54%. http://shortvolumes.com/?t=ntap via @shortvolumes,2020-10-30 04:41:34,-69,['ntap']
253444229,possible runner signal alert: $ntap. more insights: https://stockinvest.us/technical-analysis/ntap?utm_source=stocktwits&amp;utm_medium=autopost,2020-10-30 01:40:02,1,['ntap']
253443110,peak profit for the last 6 expired option alerts for $ntap -96.75| 176.98| 250.81| 81.92| 116.53| 77.78|,2020-10-30 01:32:06,-69,['ntap']
253413314,your daily news digest for netapp $ntap https://wsfriend.com/daily/news/ntap/2020-10-29/,2020-10-29 22:36:23,-69,['ntap']
253256925,($ntap) found possible cup and handle on 10minute.,2020-10-29 14:42:08,-69,['ntap']
253256922,($ntap) found possible cup and handle on 10minute.,2020-10-29 14:42:08,-69,['ntap']
253252772,$ntap setting up for golden bullish cross. it could cause some algos to start buying.,2020-10-29 14:31:59,-69,['ntap']
253211688,$ntap good day bulls,2020-10-29 12:17:25,1,['ntap']
253209340,"updated correlation matrix for netapp($ntap),… https://www.macroaxis.com/invest/marketcorrelation?s=ntap,acn,fe,jmia,hban,zts,iboc,exc,ge,mrk,rsg,dte #insidertrading #stocks #fintechnews",2020-10-29 12:05:05,-69,['ntap']
