id,body,created_at,sentiment,symbols
254881332,big gainer alert: trading today&#39;s 20.5% move in cloudflare inc $net https://wp.me/p5blgb-bmbf,2020-11-06 16:21:48,-69,['net']
254881084,$net finally trending,2020-11-06 16:21:05,1,['net']
254880743,$net and this one is running nonstop. all my stocks run crazy today 🤷‍♀️,2020-11-06 16:20:00,1,['net']
254880620,$net $fsly  can we get to sp parity? thank you,2020-11-06 16:19:36,1,"['fsly', 'net']"
254880505,"$net -analyst actions: 
goldman sachs adjusts cloudflare&#39;s price target to $49

what a clown.",2020-11-06 16:19:18,1,['net']
254880451,$net so grateful for these gains! (though part of me wishes i had the cash to buy more) 😃,2020-11-06 16:19:08,1,['net']
254880365,$net 100 is near.,2020-11-06 16:18:51,1,['net']
254879835,"$net not going to lie, i&#39;m a total mess right now 🤣 will keep holding to 100+  it&#39;s coming at some point. in the meantime, i don&#39;t mind if the price slides down a bit here and there. the potential is there. my emotions are running crazy, good thing i received emotional training from roku lol.. missed that boat, because i didn&#39;t know how to trust when it ran down.",2020-11-06 16:17:17,-69,['net']
254879690,"$net $pltr my portfolio is strong but took a hit with $llnw - just a temporary one though, have tons of $3.49 shares that i am holding for the long term.",2020-11-06 16:16:52,-69,"['llnw', 'pltr', 'net']"
254878693,$net woooow,2020-11-06 16:13:55,-69,['net']
254878163,$net not a bad 16 hour performance 🤷🏼‍♂️,2020-11-06 16:12:14,1,['net']
254878162,$net wowza!,2020-11-06 16:12:14,1,['net']
254877962,$net taking some profits off (+54%) - ht to the folks at @marketsmith and @ibdinvestors  @investorsbusinessdaily highlighted $net on oct 15 https://bit.ly/2suae8v love the #blue_dot_scan #winner  #ibdpartner,2020-11-06 16:11:30,1,['net']
254876843,$net nice trade,2020-11-06 16:08:10,-69,['net']
254876570,$net $fb $roku amazing day,2020-11-06 16:07:24,-69,"['fb', 'roku', 'net']"
254876556,"$net hey, do you think we&#39;ve finally broken the sympathy with fsly yet? lol.  
 
if you&#39;re from the low 30s feel free to take your profit, you deserve it guys!",2020-11-06 16:07:22,1,['net']
254875574,$net this is for everyone that hold on the battle with 40 and the dip to low 30s couple months back. amazing to see this,2020-11-06 16:04:36,1,['net']
254875199,"$net nice move!  took my original money out, playing with house money now.  don&#39;t mind it blow to +100!",2020-11-06 16:03:31,-69,['net']
254875017,$net this,2020-11-06 16:03:03,1,['net']
254874801,$net added a $70 nov put for $3.6 here. let’s see if 70.85 is a dbbl top for the day.,2020-11-06 16:02:26,-69,['net']
254874219,"10:00am cst  update

my top players 
$cgc   $ttd   $net",2020-11-06 16:00:56,-69,"['cgc', 'ttd', 'net']"
254873816,$pltr $mgni $ftch $net added,2020-11-06 15:59:53,1,"['pltr', 'ftch', 'net', 'mgni']"
254873059,$net too many weed stocks rocketing today for this one to be trending here,2020-11-06 15:57:46,1,['net']
254872114,$net sold out for $12k profit. love this baby. will buy back in at dip,2020-11-06 15:55:21,-69,['net']
254871078,"$net congrats, longs
i was watching since $29 and never bought 
😞",2020-11-06 15:52:32,-69,['net']
254870792,$rkt need to run like $net,2020-11-06 15:51:46,1,"['rkt', 'net']"
254870646,$net rookies selling,2020-11-06 15:51:21,1,['net']
254870621,$net 🤤🤤🤤🤤🤤 what a ripper. glad i held strong.,2020-11-06 15:51:16,1,['net']
254870264,$net i’m out 🔥❤️ good luck bulls. this one is a lowkey gem 💎,2020-11-06 15:50:18,1,['net']
254870175,"$net analyst actions
jefferies adjusts cloudflare&#39;s price target to $80 from $70
jp morgan adjusts cloudflare&#39;s price target to $83",2020-11-06 15:50:02,-69,['net']
254869759,$net i&#39;ve held since $21. i am finally out. good luck all,2020-11-06 15:49:01,-69,['net']
254869544,$net so $70 is the new support?,2020-11-06 15:48:33,-69,['net']
254868964,$net,2020-11-06 15:46:48,1,['net']
254868543,$net holding my net,2020-11-06 15:45:43,-69,['net']
254868001,$net still holding will not sell a single share . not going to sell just to regret months from now,2020-11-06 15:44:17,1,['net']
254867587,$net taking profit,2020-11-06 15:43:05,-1,['net']
254867378,$fsly - if naz goes green then this will take a run at $80. $net has proven there cdns requirements are growing faster then expected in this new pandemic tech period.,2020-11-06 15:42:31,1,"['fsly', 'net']"
254867238,$net holy snikeys batman!!!!,2020-11-06 15:42:10,-69,['net']
254865754,$net 😍🚀,2020-11-06 15:38:08,1,['net']
254865705,$net just want to say thank you to all those bears along the way. if it wasn’t for them i wouldn’t be here today 😂,2020-11-06 15:37:58,1,['net']
254865570,$net omfg!!!,2020-11-06 15:37:37,-69,['net']
254865568,$net beautiful friday 💰💰🙏🏻💰🙏🏻💰🙏🏻💰🍀🍀,2020-11-06 15:37:36,-69,['net']
254865527,$net fly!,2020-11-06 15:37:29,-69,['net']
254865384,$net i voted for matt prince on my 2020 ballot,2020-11-06 15:37:07,1,['net']
254865061,$net holding to 100+,2020-11-06 15:36:11,1,['net']
254864992,$net ripping,2020-11-06 15:35:59,-69,['net']
254864579,$net sold half.. good luck boys,2020-11-06 15:34:56,-69,['net']
254864449,"fri nov 6th
gaining stocks this morning:

acb: +58.5%
cps: +31.7%
mod: +28.0%
gpro: +25.3%
ttd: +24.6%
$arry: +22.2%
$tlry: +21.1%
$gluu: +20.7%
$net: +20.4%

click here for a visual version:
https://thebubbleboard.com/?tickers=acb,cps,mod,gpro,ttd,arry,tlry,gluu,net&amp;name=nov%206th%20gainers&amp;utm_medium=bot-post",2020-11-06 15:34:33,-69,"['arry', 'gluu', 'tlry', 'net']"
254863821,$net i have been saying that for a long time now.  i believe it blows right past fastly.,2020-11-06 15:32:50,1,['net']
254863539,"$net 

took of 2/3rds at 200% - runners now bringing home the bacon",2020-11-06 15:31:58,-69,['net']
254863524,"9:30am  update

my strongest 5 at the moment

$net  

$nio     $snap   $sq    $pton",2020-11-06 15:31:56,-69,"['nio', 'sq', 'snap', 'net', 'pton']"
254863343,$net i sold at $56... should i fomo buy in now guys? 🥺😭 seriously congratulations kong’s,2020-11-06 15:31:28,1,['net']
254863314,$net sold 90% of my calls good luck boys!,2020-11-06 15:31:22,1,['net']
254863199,i don’t own any $net ... big no no,2020-11-06 15:31:04,-69,['net']
254862737,$net going above $fsly,2020-11-06 15:29:53,1,"['fsly', 'net']"
254862622,$net #justgettingstarted 🚀🌙,2020-11-06 15:29:34,1,['net']
254862620,"$net who is the king? yep cloudflare is. 
sorry fsly boyz 😂",2020-11-06 15:29:34,1,['net']
254862610,$net unbelievable,2020-11-06 15:29:32,1,['net']
254862505,$net don&#39;t panic guys. it&#39;s only going to get better from here. are you ready?,2020-11-06 15:29:16,1,['net']
254862481,$net here we go!!,2020-11-06 15:29:12,1,['net']
254862146,"bullish sentiment in $net nov-27 calls at $80 strike price. 1k contracts, $200k premium.  https://www.swaggystocks.com/dashboard/stocklabs/option-flow/net",2020-11-06 15:28:14,-69,['net']
254861824,$net don&#39;t panic guys. it&#39;s only going to get better from here.  are you ready?,2020-11-06 15:27:22,1,['net']
254861655,$net going bananas today on er release.,2020-11-06 15:26:55,1,['net']
254861525,$ttd $net $roku 😮😍,2020-11-06 15:26:35,-69,"['roku', 'ttd', 'net']"
254861427,$net congrats y&#39;all!,2020-11-06 15:26:17,-69,['net']
254861097,$net absolute monster,2020-11-06 15:25:13,1,['net']
254860836,"up with high relative vol in the opening hour 
$gpro $coty $aihs $net $irwd  
 
+6 more results 
stockbeep.com/uvg-nov6a",2020-11-06 15:24:26,-69,"['gpro', 'irwd', 'coty', 'aihs', 'net']"
254860681,$net my shares won&#39;t stop printing 🔥🔥🔥,2020-11-06 15:23:57,1,['net']
254860604,$net 😳,2020-11-06 15:23:42,1,['net']
254860590,$net why is this not trending 🤔,2020-11-06 15:23:40,1,['net']
254860334,$net,2020-11-06 15:22:57,1,['net']
254860275,$net wow,2020-11-06 15:22:47,1,['net']
254859914,$net,2020-11-06 15:21:50,1,['net']
254859233,"#update recent swing trade alerts! $net 
 $ddog $panw $wix $etsy 
✔ follow and turn on notifications for more amazing trade ideas! 
✔ we are also streaming our proprietary trade idea&#39;s scanner for free!!!
https://www.youtube.com/unitedtraderschannel/live",2020-11-06 15:19:50,1,"['etsy', 'panw', 'wix', 'net', 'ddog']"
254858926,$net @nastynate1 been saying $100 stock since it was ~$20...,2020-11-06 15:18:53,-69,['net']
254858808,$net $65 strike for this great option alert at our open house...all traders welcome...l,2020-11-06 15:18:30,-69,['net']
254858741,$net i sold my positions. i am sure this will run more but i&#39;m good. great company and widely used!,2020-11-06 15:18:21,1,['net']
254858537,$net and $ftch making me look smart in a red tape today.,2020-11-06 15:17:43,-69,"['ftch', 'net']"
254858207,"$pltr our members had very nice entry 🐝. dis you trade ? 

we locked in our first winner in challenge account $net slowly but surely .

added $ddog in challenge account",2020-11-06 15:16:44,1,"['pltr', 'net', 'ddog']"
254858161,$net new high on tap,2020-11-06 15:16:35,1,['net']
254857531,$net,2020-11-06 15:14:46,1,['net']
254856124,"$pton $roku $baba $sq $net all top plays right now for calls . (wl sorted by &quot;volume accumulation &quot;)

see full strategy on profile. 👍",2020-11-06 15:10:47,1,"['sq', 'roku', 'baba', 'net', 'pton']"
254855143,"my top 3 players this morning

$ttd 
$pton
$net",2020-11-06 15:08:04,-69,"['ttd', 'net', 'pton']"
254854897,top 10 net gainers part 3: $ui $zg $net $cps $prsc,2020-11-06 15:07:27,-69,"['prsc', 'ui', 'zg', 'cps', 'net']"
254854455,$net $pltr incredible day today for my darlings,2020-11-06 15:06:23,1,"['pltr', 'net']"
254853990,$net nothing buy net! just the beginning slow and steady,2020-11-06 15:05:13,1,['net']
254852893,$net very very,2020-11-06 15:02:14,1,['net']
254851443,$net this should be trending!,2020-11-06 14:58:35,1,['net']
254851310,$net $fsly looking like craply,2020-11-06 14:58:18,1,"['fsly', 'net']"
254850974,$net might fail to hit 70,2020-11-06 14:57:31,-69,['net']
254850829,$ttd $net $roku your exuberance shall be punished,2020-11-06 14:57:11,-69,"['roku', 'ttd', 'net']"
254850735,"$net long and strong 💪🦾💥

(actually very long)",2020-11-06 14:57:00,1,['net']
254850654,$net told ya before...... this is a 100$ stock..... then a 300$ one,2020-11-06 14:56:44,1,['net']
254849956,$net trimmed 1/3 here,2020-11-06 14:55:03,-69,['net']
254849351,$net 67.60  nailed it.,2020-11-06 14:53:38,-69,['net']
254848761,$pltr this stock and $net are the two best positions to be in long-term. these things are ripping!,2020-11-06 14:52:07,1,"['pltr', 'net']"
254848692,$net glad i got in at 53 few days before stellar er yesterday!🚀🚀 fastly who??,2020-11-06 14:51:58,1,['net']
254848205,"20 minutes into the game today ... open positions include

$net  $nio  $jks  $ttd  $pton  
if market turns green, nio will touch 50",2020-11-06 14:50:48,-69,"['nio', 'jks', 'ttd', 'net', 'pton']"
254848020,$net don’t you dare tease me with $69,2020-11-06 14:50:20,-69,['net']
254847689,$net over 70 this goes to 75 today.,2020-11-06 14:49:32,1,['net']
254847343,$net what a fucking ripper,2020-11-06 14:48:42,-69,['net']
254847323,$net ,2020-11-06 14:48:39,-69,['net']
254846907,nothin&#39; but $net. pt raised to $76. bought yesterday.,2020-11-06 14:47:29,1,['net']
254846860,"$net someone hold me, i’m scared of heights",2020-11-06 14:47:22,-69,['net']
254846774,$net on fire!,2020-11-06 14:47:09,-69,['net']
254846655,$net 😍,2020-11-06 14:46:52,-69,['net']
254846611,$net pump baby pump!!!!!!!!,2020-11-06 14:46:47,1,['net']
254845901,$net wow,2020-11-06 14:44:56,-69,['net']
254845545,$net i’m going to faint 66.21,2020-11-06 14:43:56,1,['net']
254845255,$net  it was not even last year i alert this one around $18 area... what a great company... i knew they will be strong in their field,2020-11-06 14:43:13,1,['net']
254844455,$net volume isn’t that nuts and it’s way up. this bitch might actually pump close to 70 today,2020-11-06 14:41:12,1,['net']
254843984,$net going over 70.,2020-11-06 14:40:00,-69,['net']
254842733,$net set your limit orders to 66 or 67.,2020-11-06 14:36:57,1,['net']
254842490,"$net  $nio  $cgc  $jks  
four to open today",2020-11-06 14:36:19,-69,"['nio', 'cgc', 'jks', 'net']"
254841180,$net,2020-11-06 14:32:50,-69,['net']
254841078,$net should head to the moon today once we shake out all the weak hands.,2020-11-06 14:32:32,1,['net']
254840670,$net let’s go. this is still fairly undervalued,2020-11-06 14:31:19,-69,['net']
254840616,$net ath 🤣,2020-11-06 14:31:08,-69,['net']
254840556,"$net we might have a little bit of volatility today,  but net is going to be heading north. look forward to nice gains in the next week.  hang on guys. you will be rewarded.",2020-11-06 14:30:57,1,['net']
254840117,"$net analyst actions: rbc capital adjusts cloudflare&#39;s price target to $70 from $55, maintains outperform rating",2020-11-06 14:29:31,1,['net']
254839243,price target for $net 65 achieved ✅,2020-11-06 14:26:36,-69,['net']
254838744,$net                                           67.60,2020-11-06 14:25:05,-69,['net']
254835770,$net unloading half at open and letting the rest run until mid day,2020-11-06 14:15:18,1,['net']
254835616,$net thinking to exercise my call option with net. first time doing this though. any pros and cons to this idea you guys can give me? thanks in advance,2020-11-06 14:14:42,-69,['net']
254834586,$net this is going to run today,2020-11-06 14:10:56,-69,['net']
254833883,$net let’s hit 70 this month yea?,2020-11-06 14:08:13,1,['net']
254833437,"premarket gainers 
$roku $sq $tmo $tmus $net  
 
track today&#39;s gainers. live scans start 930am et 
stockbeep.com/pregain-nov6",2020-11-06 14:06:29,-69,"['tmo', 'sq', 'roku', 'tmus', 'net']"
254831281,"$net
$70 from $55 rbc capital
$70 from $50 wells fargo
$76 from btig",2020-11-06 13:58:24,-69,['net']
254830170,$net what&#39;s the target of the day here?,2020-11-06 13:53:56,-69,['net']
254829381,"vector intelligence (vi) is an algorithm designed to predict potential outsized intraday moves.  vi will select up to 4 stocks per day.  today&#39;s vi stocks:  $net, $pton, $roku, $zg.  to learn more, visit www.getvec.com, watch the video, and sign up for free!",2020-11-06 13:50:39,-69,"['roku', 'zg', 'net', 'pton']"
254828627,$hubs $net just bought millions of shares for customers. buy at any price!!,2020-11-06 13:47:25,1,"['hubs', 'net']"
254826250,$net this is going to $100 and beyond easy.,2020-11-06 13:36:50,1,['net']
254826235,$net like i said since $17... $100 club coming very soon. locked in at an average of $20. 🤑,2020-11-06 13:36:44,1,['net']
254826149,$net power earnings gap?,2020-11-06 13:36:20,1,['net']
254824323,$net let’s go parabolic today to $70,2020-11-06 13:28:17,1,['net']
254822696,"$net should see $68,$69 today
imo",2020-11-06 13:20:33,1,['net']
254821289,"$net
net upgraded by btig research with price target 76 and rating neutral ➝ buy
source:https://www.marketbeat.com/ratings/
view the full list of news/momentum plays on watch at : bit.ly/32gfart
[no bias / position]
[find me at https://stocktwits.com/sbiswas | https://twitter.com/soumyajyoti_b]&quot;",2020-11-06 13:13:52,-69,['net']
254820744,$net market movers. https://youtu.be/l6vbtgauuqg,2020-11-06 13:11:05,-69,['net']
254818699,"$net: 

- $114m rev (+54% yoy) vs $103m consensus (11% beat)
- $118m next q guidance vs $113m consensus (5% raise)",2020-11-06 13:01:27,1,['net']
254817117,"$net beats by $0.03, beats on revs; guides q4 eps above consensus, revs above consensus https://www.briefing.com/in-depth-analysis/content/article?articleid=in20201105162411net",2020-11-06 12:52:39,-69,['net']
254815873,"$ttd, $aaxn and $net are amongst the strongest stocks in the market, nearing a new high. https://www.chartmill.com//stock/stock-screener?sid=16&amp;f=p_pg10,v1_50b500,s_str,s_nnh,exch_us&amp;v=3&amp;timeframe=daily&amp;type=candles&amp;months=0.05&amp;width=720&amp;cl=f&amp;o1=3&amp;o2=3&amp;o3=1&amp;op1=200,16711680&amp;op2=50,255&amp;utm_source=stocktwits&amp;utm_medium=screener&amp;utm_content=stock_screener:_strong_stocks_near_new_high&amp;utm_campaign=social_tracking",2020-11-06 12:45:01,-69,"['aaxn', 'ttd', 'net']"
254815544,"$net (+11.2% pre) cloudflare stock rallies on better-than-expected results, outlook - mw

http://ooc.bz/l/63460",2020-11-06 12:42:46,-69,['net']
254815468,own both $fsly and $net. strong net earnings should run up fsly as well. cdn&#39;s market is growing fast and both will benefit.,2020-11-06 12:42:12,1,"['fsly', 'net']"
254811733,$net just a matter of time before it flies higher than $fsly,2020-11-06 12:16:38,1,"['fsly', 'net']"
254811182,$net baeee’n,2020-11-06 12:12:32,-69,['net']
254811053,$net does not stop. sky’s the limit.,2020-11-06 12:11:32,1,['net']
254810957,pre market movers part 1: $gld $acb $net $sqqq $tlry,2020-11-06 12:10:45,-69,"['gld', 'sqqq', 'tlry', 'acb', 'net']"
254809821,$net needham maintains to buy : pt $75.00 https://stockhoot.com/extsymbol.aspx?from=analystratingtweet&amp;symbol=net&amp;t=314&amp;social=stocktwits,2020-11-06 12:02:41,-69,['net']
254806241,"btig upgrades cloudflare to buy

related tickers: $net",2020-11-06 11:32:50,-69,['net']
254802471,$net upd: nice. fresh ath,2020-11-06 10:48:08,1,['net']
