id,body,created_at,sentiment,symbols
254687404,csg systems international (csgs) announces earnings. $0.62 eps. misses estimates. 22.17m earnings. $csgs https://www.tipranks.com/stocks/csgs/earnings-calendar?ref=trearnings,2020-11-05 20:53:01,-69,['csgs']
254638121,last10k highlighted 23 positive and negative remarks in $csgs&#39;s 10-q filed today. see them in the quarterly report: https://last10k.com/sec-filings/csgs/0001564590-20-051017.htm?utm_source=stocktwits&amp;utm_medium=forum&amp;utm_campaign=sentiment&amp;utm_term=csgs,2020-11-05 18:01:09,-69,['csgs']
254615092,$csgs just filed a 10-q quarterly report with 44 sections and 7 exhibits. access them all or just read their earnings: https://last10k.com/sec-filings/csgs/0001564590-20-051017.htm?utm_source=stocktwits&amp;utm_medium=forum&amp;utm_campaign=10kq2040f&amp;utm_term=csgs,2020-11-05 16:37:29,-69,['csgs']
254613463,"$csgs [15s. delayed] filed form 10-q on november 05, 11:30:25 https://s.flashalert.me/3tuij",2020-11-05 16:31:48,-69,['csgs']
254613382,"$csgs form 10-q (quarterly report [sections 13 or 15(d)]) filed with the sec 

https://newsfilter.io/a/34acd125f573f91f04de7570c6f2822c",2020-11-05 16:31:29,-69,['csgs']
254500437,$csgs updates q4 guidance to $0.32-0.55 eps and revenue guidance to $211-244 million. https://www.marketbeat.com/g/52768,2020-11-05 02:03:47,-69,['csgs']
254463055,$csgs updates fy 2020after-hours guidance to 2.87-3.10 eps and revenue guidance to $891-924 million. https://www.marketbeat.com/g/52677,2020-11-04 22:04:42,-69,['csgs']
254456075,$csgs just filed with the sec a earnings release and a financial exhibit https://last10k.com/sec-filings/csgs/0001564590-20-050480.htm?utm_source=stocktwits&amp;utm_medium=forum&amp;utm_campaign=8k&amp;utm_term=csgs,2020-11-04 21:38:07,-69,['csgs']
254454015,"$csgs csg systems international eps misses by $0.01, beats on revenue 

https://newsfilter.io/a/d189ac1ad85ba5654b72b7c2f519067e",2020-11-04 21:31:17,-69,['csgs']
254452602,"$csgs earnings call today: 5:00 pm est 
webcast: http://mmm.wallstreethorizon.com/u.asp?u=346584 
stockpods beta is now live. visit to find analyst ratings, stock price targets, and phone/pin for today&#39;s earnings calls: https://www.stockpods.com",2020-11-04 21:26:31,-69,['csgs']
254451285,"$csgs reported earnings of $0.76, consensus was $0.67 via @ewhispers #epsbeat http://eps.sh/d/csgs",2020-11-04 21:22:07,-69,['csgs']
254449273,"$csgs [15s. delayed] filed form 8-k on november 04, 16:14:57: item2.02: results of operations &amp; financial condition https://s.flashalert.me/morwu",2020-11-04 21:16:01,-69,['csgs']
254449113,"$csgs form 8-k: results of operations and financial condition. the following information is furnished pursuant to item 2.02. this information shall not be deemed “filed” for purposes of section 18 of .. 

https://newsfilter.io/a/c4f531a652397490e372831bed5a0457",2020-11-04 21:15:39,-69,['csgs']
254447684,"$csgs [15s. delayed, acc.~90%, always check] earnings release november 04, 16:05:00: q3: gaap eps of $0.42, revenue $244.10m. https://s.flashalert.me/dbmvl",2020-11-04 21:11:06,-69,['csgs']
254447623,"$csgs [15s. delayed]: issued press release on november 04, 16:05:00: csg systems international reports third quarter 2020 results https://s.flashalert.me/wbxq5",2020-11-04 21:10:59,-69,['csgs']
254446861,csg systems international reports third quarter 2020 results http://www.conferencecalltranscripts.org/summary/?id=87291&amp;pr=true $csgs,2020-11-04 21:08:43,-69,['csgs']
254446551,"$csgs csg systems international reports third quarter 2020 results
https://www.stocktitan.net/news/csgs/csg-systems-international-reports-third-quarter-2020-mxyrfig74dks.html",2020-11-04 21:07:53,-69,['csgs']
254445753,"$csgs csg systems international reports third quarter 2020 results 

https://newsfilter.io/a/71081d778d92a7c795010224a7916f21",2020-11-04 21:05:56,-69,['csgs']
254445451,$csgs - http://www.trade-ideas.com/ticky/ticky.html?symbol=csgs - trading down pretty good in the post market - new postmarket low.  next support 37.54 from 11/2/2020.,2020-11-04 21:05:10,-69,['csgs']
254442768,"$csgs [15s. delayed]: issued press release on november 04, 15:53:00: inmarsat erweitert partnerschaft mit csg zur ermöglichung der cloud-b https://s.flashalert.me/mx6krk",2020-11-04 20:56:09,-69,['csgs']
254440164,"$csgs [15s. delayed]: issued press release on november 04, 15:40:00: inmarsat étend son partenariat avec csg afin de permettre une monétis https://s.flashalert.me/nzjmqj",2020-11-04 20:45:41,-69,['csgs']
254374431,"$csgs [15s. delayed]: issued press release on november 04, 11:14:00: resumen: inmarsat amplía su asociación con csg para potenciar la mone https://s.flashalert.me/qox9ke",2020-11-04 16:15:40,-69,['csgs']
254373045,"$csgs [15s. delayed]: issued press release on november 04, 11:09:00: samenvatting: inmarsat breidt partnerschap met csg uit om cloudgebase https://s.flashalert.me/0dojh",2020-11-04 16:10:43,-69,['csgs']
254319648,"$csgs [15s. delayed]: issued press release on november 04, 07:29:00: riassunto: inmarsat amplia la partnership con csg per consentire la m https://s.flashalert.me/96yby1",2020-11-04 12:31:21,-69,['csgs']
254302816,$csgs inmarsat extends partnership with csg to empower cloud-based monetisation of its mobile broadband services https://www.otcdynamics.com/csgs-inmarsat-extends-partnership-with-csg-to-empower-cloud-based-monetisation-of-its-mobile-broadband-services,2020-11-04 08:06:08,-69,['csgs']
254302704,"$csgs [15s. delayed]: issued press release on november 04, 03:00:00: inmarsat extends partnership with csg to empower cloud-based monetisa https://s.flashalert.me/m2qyp",2020-11-04 08:04:16,-69,['csgs']
254302657,"$csgs inmarsat extends partnership with csg to empower cloud-based monetisation of its mobile broadband services
https://www.stocktitan.net/news/csgs/inmarsat-extends-partnership-with-csg-to-empower-cloud-based-ikfyvkto88ov.html",2020-11-04 08:03:22,-69,['csgs']
254302468,"$csgs inmarsat extends partnership with csg to empower cloud-based monetisation of its mobile broadband services 

https://newsfilter.io/a/74c52baf988b81ca1cc2b40afbebc2ef",2020-11-04 08:00:30,-69,['csgs']
254180470,"$csgs reports before the open tomorrow, estimize consensus +0.02 eps and +2.27m revs compared to ws
http://www.estimize.com/csgs/fq3-2020?utm_content=prerelease&amp;utm_medium=tweet&amp;utm_source=stocktwits",2020-11-03 19:00:15,-69,['csgs']
253764294,$csgs - should i get into csg systems in short-horizon? upcoming… https://www.macroaxis.com/stock-analysis/csgs/csg-systems-international #stocks #earnings,2020-11-01 03:12:32,-69,['csgs']
253629671,comprehensive non-correlated csg systems international $csgs trading report https://tinyurl.com/yyaprgvq,2020-10-30 19:15:05,-69,['csgs']
252263905,csgsystemsintl $csgs bidaskscore is downgraded to stronglysold https://bidaskclub.com/news/company/2020-10-22/csgs,2020-10-23 20:41:03,-69,['csgs']
251629559,comprehensive non-correlated csg systems international $csgs trading report https://tinyurl.com/y6qxlhcm,2020-10-21 16:00:04,-69,['csgs']
250724270,$csgs new article : csg revenue management solutions recognised by frost &amp; sullivan https://www.stck.pro/news/csgs/8514310,2020-10-16 14:21:05,-69,['csgs']
250722927,csg revenue management solutions recognised by frost &amp; sullivan http://www.conferencecalltranscripts.org/summary/?id=71941&amp;pr=true $csgs,2020-10-16 14:18:02,-69,['csgs']
250721467,$csgs csg revenue management solutions recognised by frost &amp; sullivan https://www.otcdynamics.com/csgs-csg-revenue-management-solutions-recognised-by-frost-sullivan,2020-10-16 14:14:38,-69,['csgs']
250721423,"$csgs [15s. delayed]: issued press release on october 16, 10:10:00: csg revenue management solutions recognised by frost &amp;amp; sullivan https://s.flashalert.me/ej7kf",2020-10-16 14:14:32,-69,['csgs']
250721169,"$csgs csg revenue management solutions recognised by frost &amp; sullivan
https://www.stocktitan.net/news/csgs/csg-revenue-management-solutions-recognised-by-frost-s6xwedtgjk9w.html",2020-10-16 14:13:54,-69,['csgs']
249887594,$csgs new article : csg joins innovation corridor to help proliferate the global development of smart cities https://www.stck.pro/news/csgs/8435122,2020-10-13 12:16:36,-69,['csgs']
249885473,csg joins innovation corridor to help proliferate the global development of smart cities http://www.conferencecalltranscripts.org/summary/?id=68387&amp;pr=true $csgs,2020-10-13 12:05:47,-69,['csgs']
249885265,"$csgs [15s. delayed]: issued press release on october 13, 08:00:00: csg joins innovation corridor to help proliferate the global developme https://s.flashalert.me/cxuri0",2020-10-13 12:04:48,-69,['csgs']
249884646,"$csgs csg joins innovation corridor to help proliferate the global development of smart cities
https://www.stocktitan.net/news/csgs/csg-joins-innovation-corridor-to-help-proliferate-the-global-zy1h56zer1s5.html",2020-10-13 12:01:47,-69,['csgs']
249640978,csg systems international $csgs trading report http://tinyurl.com/y3gpyn8s,2020-10-12 12:00:08,-69,['csgs']
249549802,csgsystemsintl $csgs bidaskscore is #reiterated to sold https://bidaskclub.com/news/company/2020-10-09/csgs,2020-10-11 10:07:05,-69,['csgs']
247941358,"csg systems international (csgs) to release earnings after the market closes on wednesday, november 4. expected eps: 0.67. $csgs https://www.tipranks.com/stocks/csgs/earnings-calendar?ref=trearnings",2020-10-02 22:15:01,-69,['csgs']
247738191,csg systems international $csgs trading report http://tinyurl.com/y4kwtkvw,2020-10-02 09:30:04,-69,['csgs']
247469977,$csgs new article : csg systems international to hold 2020 third quarter earnings conference call on november 4 https://www.stck.pro/news/csgs/8144341,2020-10-01 12:17:14,-69,['csgs']
247467636,"$csgs csg systems international to hold 2020 third quarter earnings conference call on november 4
https://www.stocktitan.net/news/csgs/csg-systems-international-to-hold-2020-third-quarter-earnings-iwabmww4mw1d.html

#earnings",2020-10-01 12:05:50,-69,['csgs']
247467088,csg systems international to hold 2020 third quarter earnings conference call on november 4 http://www.conferencecalltranscripts.org/summary/?id=62648&amp;pr=true $csgs,2020-10-01 12:03:14,-69,['csgs']
247467049,"$csgs [15s. delayed]: issued press release on october 01, 08:00:00: csg systems international to hold 2020 third quarter earnings conferen https://s.flashalert.me/1hmnc",2020-10-01 12:03:09,-69,['csgs']
246907802,$csgs new article : forte partners with accela to deliver cloud-based payments solutions for state and local governments https://www.stck.pro/news/csgs/8088168,2020-09-29 12:19:06,-69,['csgs']
246905785,forte partners with accela to deliver cloud-based payments solutions for state and local governments http://www.conferencecalltranscripts.org/summary/?id=61038&amp;pr=true $csgs,2020-09-29 12:07:20,-69,['csgs']
246904896,"$csgs [15s. delayed]: issued press release on september 29, 08:00:00: forte partners with accela to deliver cloud-based payments solutions https://s.flashalert.me/pt3gm",2020-09-29 12:02:44,-69,['csgs']
246904555,"$csgs forte partners with accela to deliver cloud-based payments solutions for state and local governments
https://www.stocktitan.net/news/csgs/forte-partners-with-accela-to-deliver-cloud-based-payments-solutions-xr7amklf0zdz.html",2020-09-29 12:01:04,-69,['csgs']
246557315,$csgs was analyzed by 3 analysts. the buy consensus is at 100%. so analysts seem to be very confident about $csgs. https://www.chartmill.com/stock/quote/csgs/analyst-ratings?utm_source=stocktwits&amp;utm_medium=analyst&amp;utm_content=csgs&amp;utm_campaign=social_tracking,2020-09-27 12:12:00,-69,['csgs']
246241110,"brokerages expect csg systems international, inc. (nasdaq:csgs) will post earnings of $0.79 per share $csgs #csgs https://www.marketbeat.co",2020-09-25 11:18:05,-69,['csgs']
245610990,csg systems international $csgs trading report http://tinyurl.com/y2wxzwg4,2020-09-23 04:30:04,-69,['csgs']
244976320,csgsystemsintl $csgs bidaskscore is increased to sold https://bidaskclub.com/news/company/2020-09-18/csgs,2020-09-20 00:02:04,-69,['csgs']
244926362,csg systems international upgraded by bidaskclub to sell. https://www.marketbeat.com/r/1479413 $csgs,2020-09-19 09:10:50,-69,['csgs']
244926249,csg systems international (nasdaq:csgs) stock rating upgraded by bidaskclub $csgs #csgs https://www.marketbeat.com/n/4465278/,2020-09-19 09:09:00,-69,['csgs']
244685442,$csgs 40.85 coming,2020-09-18 12:43:28,1,['csgs']
244685355,$csgs i’m here to make some $$$,2020-09-18 12:43:05,1,['csgs']
244570307,$csgs new article : 4 software stocks trading below the gf value line https://www.stck.pro/news/csgs/7789002,2020-09-17 20:10:27,-69,['csgs']
244403017,$csgs new article : csg to present at the sidoti &amp; co. fall 2020 conference https://www.stck.pro/news/csgs/7779514,2020-09-17 12:13:31,-69,['csgs']
244401307,"$csgs [15s. delayed]: issued press release on september 17, 08:00:00: csg to present at the sidoti &amp;amp; co. fall 2020 conference https://s.flashalert.me/1fulib",2020-09-17 12:05:46,-69,['csgs']
244400008,"$csgs csg to present at the sidoti &amp; fall 2020 conference 

https://newsfilter.io/a/ea330f8986950e3d95b1618eab9f27ee",2020-09-17 12:00:32,-69,['csgs']
244382737,what do you think of this? $csgs&#39;s in downtrend: moving average convergence divergence (macd) histogram crosses below signal line. view odds for this and other indicators: https://srnk.us/go/2109412,2020-09-17 09:19:18,-69,['csgs']
244326643,$csgs - sale by kenneth kennedy of 4247 shares of csg… https://www.macroaxis.com/invest/story/csgs/20012200/sale-by-kenneth-kennedy-of-4247-shares-of-csg-systems #insidertrading #stocks #fintechnews,2020-09-17 00:19:02,-69,['csgs']
244091610,$csgs new article : csg systems international adjusts convertible debt conversion rate for 2016 convertible notes as a result of dividend https://www.stck.pro/news/csgs/7751516,2020-09-16 12:15:15,-69,['csgs']
244089571,"$csgs [15s. delayed]: issued press release on september 16, 08:00:00: csg systems international adjusts convertible debt conversion rate f https://s.flashalert.me/eebyd6",2020-09-16 12:04:43,-69,['csgs']
244088920,"$csgs csg systems international adjusts convertible debt conversion rate for 2016 convertible notes as a result of dividend 

https://newsfilter.io/a/ecfdb272eb0e70110617701f550e8ccd",2020-09-16 12:01:46,-69,['csgs']
243726880,"$csgs [15s. delayed] filed sec form 4: insider shepherd brian a.: 
granted 93,633 of common stock at average price $0 on 2020-09-10, incre https://s.flashalert.me/gofng",2020-09-14 22:17:08,-69,['csgs']
243726817,"$csgs shepherd brian a. (evp &amp; group president) acquired new securities, reported in a new form 4 filed with the sec  

https://newsfilter.io/a/167e4efbb08852bad033129c21ab8ee8",2020-09-14 22:16:47,-69,['csgs']
243726126,"$csgs [15s. delayed] filed sec form 4: insider kennedy kenneth m: 
granted 46,817 of common stock at average price $0 on 2020-09-10, incre https://s.flashalert.me/s4qazi",2020-09-14 22:13:16,-69,['csgs']
243726066,"$csgs reported 2 new insider trades to the sec in the last 2 minutes.

4,096 shares acquired by unruh james a (director)   https://newsfilter.io/articles/4-form-7912d59852b200ec9039d4e55c62ba3c
kennedy kenneth m (evp &amp; pres, technlgy &amp; product) acquired new securities https://newsfilter.io/articles/4-form-387147b3741f65ad3079bee9ba2312dc",2020-09-14 22:12:55,-69,['csgs']
243725210,"$csgs [15s. delayed] filed sec form 4: insider unruh james a: 
granted 4,096 of common stock at price $0 on 2020-09-10, increased holding  https://s.flashalert.me/4te70",2020-09-14 22:08:18,-69,['csgs']
243724044,"$csgs [15s. delayed] filed sec form 4: insider sica frank v: 
granted 4,096 of common stock at price $0 on 2020-09-10, increased holding b https://s.flashalert.me/gfxd3y",2020-09-14 22:02:07,-69,['csgs']
243723975,"$csgs 4,096 shares acquired by sica frank v (director), reported in a new form 4 filed with the sec  

https://newsfilter.io/a/799397ce2ee9249c16ab6eaea2f6f424",2020-09-14 22:01:46,-69,['csgs']
243723818,"$csgs 4,096 shares acquired by tavares silvio (director), reported in a new form 4 filed with the sec  https://newsfilter.io/a/75f328819bdd7ec7128f98d4053bbd86",2020-09-14 22:01:03,-69,['csgs']
243722830,"$csgs [15s. delayed] filed sec form 4: insider tavares silvio: 
granted 4,096 of common stock at price $0 on 2020-09-10, holding 4,096 sha https://s.flashalert.me/kx98bf",2020-09-14 21:56:21,-69,['csgs']
243718450,"$csgs [15s. delayed] filed sec form 4: insider song haiyan: 
granted 4,096 of common stock at price $0 on 2020-09-10, holding 4,096 shares https://s.flashalert.me/mhc61y",2020-09-14 21:35:55,-69,['csgs']
243718391,"$csgs 4,096 shares acquired by song haiyan (director), reported in a new form 4 filed with the sec  

https://newsfilter.io/a/dd3b639fe1e29b98e5cd6534c610b43d",2020-09-14 21:35:35,-69,['csgs']
243715945,"$csgs reported 2 new insider trades to the sec in the last 2 minutes.

4,096 shares acquired by obuchowski janice i (director)   https://newsfilter.io/articles/4-form-12811565ede01d728178e3194be0615d
4,096 shares acquired by reed donald (director)   https://newsfilter.io/articles/4-form-513e636dde2a8a9f0ed660e6b4e8882a",2020-09-14 21:25:18,-69,['csgs']
243715531,"$csgs [15s. delayed] filed sec form 4: insider reed donald: 
granted 4,096 of common stock at price $0 on 2020-09-10, increased holding by https://s.flashalert.me/vctaop",2020-09-14 21:23:28,-69,['csgs']
243714862,"$csgs [15s. delayed] filed sec form 4: insider obuchowski janice i: 
granted 4,096 of common stock at price $0 on 2020-09-10, increased ho https://s.flashalert.me/uxxjn",2020-09-14 21:20:38,-69,['csgs']
243714056,"$csgs [15s. delayed] filed sec form 4: insider naik rajan: 
granted 4,096 of common stock at price $0 on 2020-09-10, increased holding by  https://s.flashalert.me/eto9r",2020-09-14 21:17:43,-69,['csgs']
243713945,"$csgs 4,096 shares acquired by naik rajan (director), reported in a new form 4 filed with the sec  

https://newsfilter.io/a/95adafafd60e340ecd6787f3731c01ca",2020-09-14 21:17:21,-69,['csgs']
243713207,"$csgs reported 2 new insider trades to the sec in the last 2 minutes.

4,096 shares acquired by fawaz marwan (director)   https://newsfilter.io/articles/4-form-20362b5d923db03a93d045a2526bed08
4,096 shares acquired by cooper ronald (director)   https://newsfilter.io/articles/4-form-ac5e1ce5e24b52d2ae41511078b29181",2020-09-14 21:14:23,-69,['csgs']
243712967,"$csgs [15s. delayed] filed sec form 4: insider fawaz marwan: 
granted 4,096 of common stock at price $0 on 2020-09-10, increased holding b https://s.flashalert.me/l2yir",2020-09-14 21:13:28,-69,['csgs']
243711929,"$csgs [15s. delayed] filed sec form 4: insider cooper ronald: 
granted 4,096 of common stock at price $0 on 2020-09-10, increased holding  https://s.flashalert.me/mll3x4",2020-09-14 21:09:44,-69,['csgs']
243710756,"$csgs [15s. delayed] filed sec form 4: insider barnes david g: 
granted 4,096 of common stock at price $0 on 2020-09-10, increased holding https://s.flashalert.me/vzql7",2020-09-14 21:05:25,-69,['csgs']
243710675,"$csgs 4,096 shares acquired by barnes david g (director), reported in a new form 4 filed with the sec  

https://newsfilter.io/a/95a38f7fc6d9b0c93afb5754c28129c3",2020-09-14 21:05:05,-69,['csgs']
243473527,csg systems international $csgs trading report http://tinyurl.com/y2qmve72,2020-09-13 23:30:04,-69,['csgs']
243148005,"csg systems international, inc. ($csgs) ex-dividend date scheduled for september 14, 2020

https://www.stockmarketintellects.com/csg-systems-international-inc-csgs-ex-dividend-date-scheduled-for-september-14-2020/",2020-09-11 13:59:51,-69,['csgs']
242048074,$csgs has a better profit margin than the industry average profit margin of -5.04%. https://www.chartmill.com/stock/quote/csgs/fundamental-analysis?key=cedfef1f-7d6d-45f9-8121-2a6692796657&amp;utm_source=stocktwits&amp;utm_medium=fa&amp;utm_content=csgs&amp;utm_campaign=social_tracking,2020-09-05 12:23:00,-69,['csgs']
241932217,csg systems international $csgs trading report http://tinyurl.com/y4od357o,2020-09-04 18:30:04,-69,['csgs']
241221220,"oh wow this is big! $csgs enters a downtrend as momentum indicator dropped below the 0 level on august 21, 2020. view odds for this and other indicators: https://srnk.us/go/2056001",2020-09-02 16:47:43,-69,['csgs']
240466373,"$csgs just filed with the sec a new agreement, a event for officers and a financial exhibit https://last10k.com/sec-filings/csgs/0001564590-20-041893.htm?utm_source=stocktwits&amp;utm_medium=forum&amp;utm_campaign=8k&amp;utm_term=csgs",2020-08-31 12:35:26,-69,['csgs']
240466248,"$csgs [15s. delayed]: issued press release on august 31, 08:30:00: csg names brian shepherd president &amp;amp; ceo; bret griess steps down https://s.flashalert.me/apbi2",2020-08-31 12:34:55,-69,['csgs']
240466058,"$csgs [15s. delayed] filed form 8-k on august 31, 08:32:58: item1.01: entry into a material definitive agreement https://s.flashalert.me/sxbl6",2020-08-31 12:34:09,-69,['csgs']
240465964,"$csgs form 8-k: entry into a material definitive agreement. on august 26, 2020, csg systems international’s board of directors approved changes to its executive management team described in section 5... 

https://newsfilter.io/a/b1b10e0312be171704726fbe795623fd",2020-08-31 12:33:48,-69,['csgs']
240465293,"$csgs csg names brian shepherd president &amp; ceo; bret griess steps down 

https://newsfilter.io/a/0036bff7d4dc8defc654e38382fc6d06",2020-08-31 12:30:57,-69,['csgs']
239352239,csg systems international $csgs trading report http://tinyurl.com/y5s2emre,2020-08-26 13:30:04,-69,['csgs']
239228971,csgsystemsintl $csgs bidaskscore is downgraded to stronglysold https://bidaskclub.com/news/company/2020-08-24/csgs,2020-08-25 22:14:04,-69,['csgs']
239002509,$csgs new article : forte and seamlessdocs form strategic partnership to streamline payments for government agencies https://www.stck.pro/news/csgs/7219646,2020-08-25 12:21:05,-69,['csgs']
238998549,"$csgs [15s. delayed]: issued press release on august 25, 08:00:00: forte and seamlessdocs form strategic partnership to streamline payment https://s.flashalert.me/dkdw5h",2020-08-25 12:03:16,-69,['csgs']
238997881,"$csgs forte and seamlessdocs form strategic partnership to streamline payments for government agencies 

https://newsfilter.io/a/3e50c15cd3782a68e483cbdab8ba3a61",2020-08-25 12:00:35,-69,['csgs']
238980259,csg systems international (nasdaq:csgs) downgraded to strong sell at bidaskclub $csgs #csgs https://www.marketbeat.com/n/4440143/,2020-08-25 09:23:38,-69,['csgs']
238980106,csg systems international downgraded by bidaskclub to strong sell. https://www.marketbeat.com/r/1470200 $csgs,2020-08-25 09:21:04,-69,['csgs']
238343366,"$csgs [15s. delayed] filed form s-8 on august 21, 14:59:52 https://s.flashalert.me/sv93eq",2020-08-21 19:00:47,-69,['csgs']
238343254,"$csgs form s-8 (securities to be offered to employees in employee benefit plans) filed with the sec 

https://newsfilter.io/a/93b2e1e172dcaa28c00a495a44e032cd",2020-08-21 19:00:29,-69,['csgs']
238208243,"csg systems international, inc. declares quarterly dividend of $0.24 (nasdaq:csgs) $csgs #csgs https://www.marketbeat.com/n/4437430/",2020-08-21 13:44:35,-69,['csgs']
237954729,$csgs announced a dividend (csg systems international inc.) https://www.dividendinvestor.com/dn/2734334,2020-08-20 17:18:54,-69,['csgs']
237825266,$csgs new article : csg systems international approves quarterly dividend https://www.stck.pro/news/csgs/7107529,2020-08-20 12:25:30,-69,['csgs']
237820106,"$csgs [15s. delayed]: issued press release on august 20, 08:00:00: csg systems international approves quarterly dividend https://s.flashalert.me/prnpci",2020-08-20 12:03:16,-69,['csgs']
237819622,"$csgs csg systems international approves quarterly dividend 

https://newsfilter.io/a/1fea6918700dff5afe7d1824a5ba70fc",2020-08-20 12:01:14,-69,['csgs']
236894577,csg systems international $csgs trading report http://tinyurl.com/y3lgtlbb,2020-08-17 08:30:04,-69,['csgs']
235677768,csg systems international upgraded by bidaskclub to sell. https://www.marketbeat.com/r/1464127 $csgs,2020-08-12 06:12:04,-69,['csgs']
235331960,csg teams with colorado smart cities alliance to advance technology innovation across the state http://www.conferencecalltranscripts.org/include?location=http://www.businesswire.com/news/home/20200811005485/en/csg-teams-colorado-smart-cities-alliance-advance/?feedref=zd8jjkgyuzbwdixoadxmjgt1albrg1eq4maevp39211kzpny4nusb_qpy_g-4zdhevrmp3sigu8q3wq1of24lt93qbezrwa15hgblqmobxyoy3ch5vgwf9d0wb9dzp5ttt_uavxl_cpergzmcyu-rw== $csgs,2020-08-11 12:04:54,-69,['csgs']
235331757,"$csgs [15s. delayed]: issued press release on august 11, 08:00:00: csg teams with colorado smart cities alliance to advance technology inn https://s.flashalert.me/krazb",2020-08-11 12:04:14,-69,['csgs']
