id,body,created_at,sentiment,symbols
254893040,$newr morgan stanley maintains to equal-weight : pt $65.00 https://stockhoot.com/extsymbol.aspx?from=analystratingtweet&amp;symbol=newr&amp;t=81&amp;social=stocktwits,2020-11-06 16:58:51,-69,['newr']
254841893,$newr why hasn’t this company been sold for parts and scrap? they have been outcompeted for awhile now.,2020-11-06 14:34:47,-69,['newr']
254837256,$newr this company is a joke - lew should just keep dumping all his shares and fuckin quit,2020-11-06 14:20:13,-69,['newr']
254830857,$newr bmo capital maintains to market perform : pt $64.00 https://stockhoot.com/extsymbol.aspx?from=analystratingtweet&amp;symbol=newr&amp;t=849&amp;social=stocktwits,2020-11-06 13:56:41,-69,['newr']
254827228,$newr new article : new relic downgraded after pricing model pressure drives fq2 profit miss https://www.stck.pro/news/newr/8969982,2020-11-06 13:41:08,-69,['newr']
254826875,"$newr new relic downgraded after pricing model pressure drives fq2 profit miss 

https://newsfilter.io/a/1c2102b5ee8a60b1a848381bcce6ba79",2020-11-06 13:39:35,-69,['newr']
254823032,"$newr
jpm downgrades from neutral to underweight with price target of $59 | needham maintains buy lowers pt to $72
view the full list of news/momentum plays on watch at : bit.ly/32gfart
[no bias / position]
[find me at https://stocktwits.com/sbiswas | https://twitter.com/soumyajyoti_b]&quot;",2020-11-06 13:22:05,-69,['newr']
254821787,"$newr misses by $0.08, beats on revs; guides q3 eps below consensus, revs below consensus https://www.briefing.com/in-depth-analysis/content/article?articleid=in20201105164456newr",2020-11-06 13:16:11,-69,['newr']
254819501,last10k highlighted 82 positive and negative remarks in $newr&#39;s 10-q filed today. see them in the quarterly report: https://last10k.com/sec-filings/newr/0001448056-20-000041.htm?utm_source=stocktwits&amp;utm_medium=forum&amp;utm_campaign=sentiment&amp;utm_term=newr,2020-11-06 13:05:26,-69,['newr']
254815094,"jp morgan downgrades new relic to underweight

related tickers: $newr",2020-11-06 12:39:35,-69,['newr']
254810522,$newr just filed a 10-q quarterly report with 66 sections and 3 exhibits. access them all or just read their earnings: https://last10k.com/sec-filings/newr/0001448056-20-000041.htm?utm_source=stocktwits&amp;utm_medium=forum&amp;utm_campaign=10kq2040f&amp;utm_term=newr,2020-11-06 12:07:33,-69,['newr']
254808598,$newr needham maintains to buy : pt $72.00 https://stockhoot.com/extsymbol.aspx?from=analystratingtweet&amp;symbol=newr&amp;t=557&amp;social=stocktwits,2020-11-06 11:53:51,-69,['newr']
254806566,new relic inc just filed its quarterly report: net loss per shareba... http://www.conferencecalltranscripts.org/q/summary2/?id=8527473 $newr,2020-11-06 11:35:45,-69,['newr']
254803896,"$newr form 10-q (quarterly report [sections 13 or 15(d)]) filed with the sec 

https://newsfilter.io/a/91663b5dac06a160b97af0565dd38771",2020-11-06 11:07:53,-69,['newr']
254786125,5-star analyst ittai kidron from oppenheimer maintained a buy on $newr.  https://www.tipranks.com/analysts/ittai-kidron,2020-11-06 05:26:00,-69,['newr']
254775049,$newr need more bulls,2020-11-06 03:30:31,-69,['newr']
254766282,"$newr lewis cirne sold 35,500 shares [very high conviction] www.insider-analysis.com/search_transactions.php?ticker=table_newr",2020-11-06 02:20:49,-69,['newr']
254762493,"$newr just filed with the sec a earnings release, a event for officers and a financial exhibit https://last10k.com/sec-filings/newr/0001448056-20-000039.htm?utm_source=stocktwits&amp;utm_medium=forum&amp;utm_campaign=8k&amp;utm_term=newr",2020-11-06 01:52:35,-69,['newr']
254746334,$newr updates q3 2021after-hours guidance to -0.17--0.13 eps and revenue guidance to $163-165 million. https://www.marketbeat.com/g/52984,2020-11-06 00:18:39,-69,['newr']
254721343,"$newr new article : new relic eps misses by $0.08, beats on revenue https://www.stck.pro/news/newr/8958269",2020-11-05 22:24:31,-69,['newr']
254721187,$newr tired of being stuck in this pig - refuse to take the loss,2020-11-05 22:24:01,-69,['newr']
254716023,"$newr earnings call today: 5:00 pm est 
webcast: http://mmm.wallstreethorizon.com/u.asp?u=152063 
stockpods beta is now live. visit to find analyst ratings, stock price targets, and phone/pin for today&#39;s earnings calls: https://www.stockpods.com",2020-11-05 22:06:18,-69,['newr']
254713508,"$newr - new relic (nyse:newr): q2 non-gaap eps of -$0.07 misses by $0.08; gaap eps of -$0.79 misses by $0.29.revenue of $166m (+13.8% y/y) beats by $2.5m.gaap gross margin of 73% and non-gaap gross margin of 75%.
https://seekingalpha.com/news/3632446-new-relic-eps-misses-0_08-beats-on-revenue",2020-11-05 21:58:29,-69,['newr']
254705547,new relic announces second quarter fiscal year 2021 results  http://www.conferencecalltranscripts.org/8/summary2/?id=8523186 $newr,2020-11-05 21:35:16,-69,['newr']
254703275,$newr halted?,2020-11-05 21:29:45,-69,['newr']
254701063,"$newr reports q2 eps (7c), consensus 1c; sees q3 adjusted eps (17c)-(13c), consensus (2c)",2020-11-05 21:24:23,-69,['newr']
254700564,"new relic eps misses by $0.08, beats on revenue $newr @newrelic https://bit.ly/32f0yze",2020-11-05 21:23:07,-69,['newr']
254698333,"$newr reported a loss of $0.07, consensus was ($0.45) via @ewhispers #epsbeat http://eps.sh/d/newr",2020-11-05 21:18:18,-69,['newr']
254696721,"$newr [15s. delayed]: issued press release on november 05, 16:05:00: new relic announces second quarter fiscal year 2021 results https://s.flashalert.me/mpk6yy",2020-11-05 21:15:07,-69,['newr']
254696657,"$newr [15s. delayed] filed form 8-k on november 05, 16:11:58: item2.02: results of operations &amp; financial condition https://s.flashalert.me/j01uz",2020-11-05 21:15:01,-69,['newr']
254695427,"$newr form 8-k: results of operations and financial conditionon november 5, 2020, new relic issued a press release announcing its financial results for the second fiscal quarter ended september 30, 20.. 

https://newsfilter.io/a/6aee4eb593b0160ef8dc5a7ea2763a6b",2020-11-05 21:12:39,-69,['newr']
254695242,"$newr [15s. delayed, acc.~90%, always check] earnings release november 05, 16:05:00: q2: gaap eps of -$0.07, revenue $649m. https://s.flashalert.me/na6as",2020-11-05 21:12:12,-69,['newr']
254694360,"$newr new relic eps misses by $0.08, beats on revenue 

https://newsfilter.io/a/5f042835502b4cf28779c622122a64da",2020-11-05 21:10:24,-69,['newr']
254693111,"$newr new relic announces second quarter fiscal year 2021 results 

https://newsfilter.io/a/28f70d482eae650dae4ff79733840a61",2020-11-05 21:08:01,-69,['newr']
254657736,$newr https://www.aistockfinder.com/stock-forecast/newr new relic inc. our artificial intelligence is forecasting this company s stock price has an undetermined short term setup and has a neutral long term outlook,2020-11-05 19:10:40,-69,['newr']
254605435,$newr is scheduled to report #earnings after the market closes today via @ewhispers http://eps.sh/s/newr,2020-11-05 16:04:26,-69,['newr']
254530983,"new relic, inc. ($newr) 2q21 investor call on 5th november 2020 at 5:00 pm eastern time

https://www.stockmarketintellects.com/new-relic-inc-newr-2q21-investor-call-on-5th-november-2020-at-500-pm-eastern-time/",2020-11-05 09:52:40,-69,['newr']
254524694,"street expectation from new relic, inc. ($newr) 2q21 earnings?

https://www.stockmarketintellects.com/street-expectation-from-new-relic-inc-newr-2q21-earnings/",2020-11-05 07:28:20,-69,['newr']
254507753,"$newr: new sec filing on ceo, lewis cirne: https://www.sec.gov/archives/edgar/data/1448056/000120919120056917/xslf345x03/doc4.xml",2020-11-05 03:10:03,-69,['newr']
254464037,"major owner of new relic inc just disposed of 35,500 shares  http://www.conferencecalltranscripts.org/4/summary2/?id=8518629 $newr",2020-11-04 22:08:47,-69,['newr']
254462908,"$newr [15s. delayed] filed sec form 4: ceo cirne lewis: 
disposed 35,500 of common stock at average price $58.92 on 2020-11-02, decreased  https://s.flashalert.me/vd9an",2020-11-04 22:04:11,-69,['newr']
254462805,"$newr $2,091,842.92 of shares sold by cirne lewis (ceo), reported in a new form 4 filed with the sec  

https://newsfilter.io/a/d242cd11d4bd03ac510e8d51628ed6ec",2020-11-04 22:03:49,-69,['newr']
253230106,"$newr announced a five-year strategic collaboration agreement with amazon web services. under the terms of the agreement, the companies commit to increased product integrations and development and joint go-to-market activities designed to help customers accelerate and de-risk.",2020-10-29 13:34:25,-69,['newr']
253210643,new relic expands global strategic collaboration agreement with aws to help companies accelerate their cloud adoption journey http://www.conferencecalltranscripts.org/summary/?id=81450&amp;pr=true $newr,2020-10-29 12:11:38,-69,['newr']
253209580,"$newr [15s. delayed]: issued press release on october 29, 08:00:00: new relic expands global strategic collaboration agreement with aws to https://s.flashalert.me/stiwz1",2020-10-29 12:06:06,-69,['newr']
253209185,"$newr new relic expands global strategic collaboration agreement with aws to help companies accelerate their cloud adoption journey
https://www.stocktitan.net/news/newr/new-relic-expands-global-strategic-collaboration-agreement-with-aws-mb5p8ecg4d2f.html",2020-10-29 12:04:17,-69,['newr']
253208768,"$newr new relic expands global strategic collaboration agreement with aws to help companies accelerate their cloud adoption journey 

https://newsfilter.io/a/16eeb74f2b349b49d02191ffa00cc2e9",2020-10-29 12:02:00,-69,['newr']
252318743,"$sumo this is behaving same way as $ddog and $newr  ipo, it would easily reach mid 20&#39;s in nov. buy and load it.",2020-10-24 06:58:58,1,"['newr', 'ddog', 'sumo']"
251707544,trade ideas $newr (delayed) nov20 70c/75c #swing - still actionable,2020-10-21 19:59:57,1,['newr']
251656306,$newr holds a pop like a 80 yo with parkinsons.,2020-10-21 17:19:39,-69,['newr']
251653975,$newr ....,2020-10-21 17:12:33,1,['newr']
251644934,$newr $amzn   read news of picture,2020-10-21 16:44:41,1,"['amzn', 'newr']"
251644599,"$newr  reached deal with $amzn   possible aws, rumors. volume coming in on those  news.",2020-10-21 16:43:46,1,"['amzn', 'newr']"
251643514,$newr  rumors has it that reached /merge deal with amazon,2020-10-21 16:40:32,1,['newr']
251641033,"$newr $amzn  

new relic (newr) announces partnership with amazon (amzn) aws",2020-10-21 16:33:15,-69,"['amzn', 'newr']"
251065483,$newr new article : new relic rated highest in 2020 gartner peer insights ‘voice of the customer&#39;: application performance monitoring suites https://www.stck.pro/news/newr/8576382,2020-10-19 13:12:10,-69,['newr']
251064010,$newr new relic rated highest in 2020 gartner peer insights ‘voice of the customer’: application performance monitoring suites https://www.otcdynamics.com/newr-new-relic-rated-highest-in-2020-gartner-peer-insights-voice-of-the-customer-application-performance-monitoring-suites,2020-10-19 13:05:36,-69,['newr']
251063731,"$newr [15s. delayed]: issued press release on october 19, 09:00:00: new relic rated highest in 2020 gartner peer insights ‘voice of the cu https://s.flashalert.me/dy4svx",2020-10-19 13:04:23,-69,['newr']
251063078,"$newr new relic rated highest in 2020 gartner peer insights ‘voice of the customer’: application performance monitoring suites
https://www.stocktitan.net/news/newr/new-relic-rated-highest-in-2020-gartner-peer-insights-voice-of-the-icb3b8d7vtuf.html",2020-10-19 13:01:15,-69,['newr']
250365985,"$newr 
bought @ 55.40 stop profit @ 57.65 target 85.40, 100.80 
all add-ons cancelled. 
struggling to close above control @ 64.59 

(original analysis submitted: may 15, 2020)",2020-10-15 00:56:08,-69,['newr']
249902902,$newr new article : new relic introduces “observability for good” nonprofit donation program https://www.stck.pro/news/newr/8436637,2020-10-13 13:17:39,-69,['newr']
249899749,new relic introduces “observability for good” nonprofit donation program http://www.conferencecalltranscripts.org/summary/?id=68536&amp;pr=true $newr,2020-10-13 13:06:17,-69,['newr']
249899731,new relic introduces “observability for good” nonprofit donation program http://www.conferencecalltranscripts.org/summary/?id=68535&amp;pr=true $newr,2020-10-13 13:06:15,-69,['newr']
249899676,"$newr [15s. delayed]: issued press release on october 13, 09:00:00: new relic introduces “observability for good” nonprofit donation progr https://s.flashalert.me/uhcjyw",2020-10-13 13:06:06,-69,['newr']
249899380,"$newr new relic introduces “observability for good” nonprofit donation program
https://www.stocktitan.net/news/newr/new-relic-introduces-observability-for-good-nonprofit-donation-ile0lu9a3bj5.html",2020-10-13 13:05:06,-69,['newr']
249789983,$newr new article : new relic announces date of second quarter fiscal year 2021 financial results conference call https://www.stck.pro/news/newr/8419377,2020-10-12 20:32:49,-69,['newr']
249788352,$newr new relic announces date of second quarter fiscal year 2021 financial results conference call https://www.otcdynamics.com/newr-new-relic-announces-date-of-second-quarter-fiscal-year-2021-financial-results-conference-call,2020-10-12 20:26:18,-69,['newr']
249786878,"$newr [15s. delayed]: issued press release on october 12, 16:15:00: new relic announces date of second quarter fiscal year 2021 financial  https://s.flashalert.me/ai4oj9",2020-10-12 20:20:29,-69,['newr']
249786144,new relic announces date of second quarter fiscal year 2021 financial results conference call http://www.conferencecalltranscripts.org/summary/?id=68029&amp;pr=true $newr,2020-10-12 20:17:46,-69,['newr']
249785951,"$newr new relic announces date of second quarter fiscal year 2021 financial results conference call
https://www.stocktitan.net/news/newr/new-relic-announces-date-of-second-quarter-fiscal-year-2021-zik83escs3lq.html",2020-10-12 20:17:09,-69,['newr']
249486194,newrelic $newr bidaskscore is upgraded to bought https://bidaskclub.com/news/company/2020-10-09/newr,2020-10-10 11:25:05,-69,['newr']
248834061,"$newr - inod trading at less than 1x rev should be trading at 8x.   grandfather of ai, yet 0 institutional ownership and coverage  recently bought back shares at $1.50 but should easily be above $10",2020-10-07 19:23:39,-69,['newr']
248824865,$newr we have life ?,2020-10-07 18:57:35,-69,['newr']
248782633,"coverage initiations, resumptions &amp; pt changes: $iivi $newr $levi $nflx $amzn",2020-10-07 16:45:59,-69,"['amzn', 'iivi', 'nflx', 'newr', 'levi']"
248711518,$newr berenberg initiates coverage on to buy : pt $85.00 https://stockhoot.com/extsymbol.aspx?from=analystratingtweet&amp;symbol=newr&amp;t=937&amp;social=stocktwits,2020-10-07 13:39:42,-69,['newr']
248702659,$newr developer community to gather at new relic nerd days 1.0 https://www.otcdynamics.com/newr-developer-community-to-gather-at-new-relic-nerd-days-1-0,2020-10-07 13:11:46,-69,['newr']
248701247,developer community to gather at new relic nerd days 1.0 http://www.conferencecalltranscripts.org/summary/?id=65847&amp;pr=true $newr,2020-10-07 13:07:06,-69,['newr']
248701154,$newr new article : developer community to gather at new relic nerd days 1.0 https://www.stck.pro/news/newr/8291350,2020-10-07 13:06:47,-69,['newr']
248700813,"$newr [15s. delayed]: issued press release on october 07, 09:00:00: developer community to gather at new relic nerd days 1.0 https://s.flashalert.me/tzic3x",2020-10-07 13:05:35,-69,['newr']
248694176,"$newr

new relic (newr) initiated with a buy at berenberg; tgt $85

https://www.marketbeat.com/ratings/

view the full list of news/momentum plays on watch at : bit.ly/32gfart
[no bias / position]
[find me at https://stocktwits.com/sbiswas | https://twitter.com/soumyajyoti_b]",2020-10-07 12:39:02,-69,['newr']
248324208,"$newr 
bought @55.40 (add 49.10, 42.80) sl 34.00 target 85.40, 100.80 
dec. 2018 pivot @ 73.78 has proven formidable. 2 control levels @ 64.59 &amp; 80.33. a close/hold above the latter is required. strong buying interest 50.70- 49.90 

(original analysis submitted: may 15, 2020) ",2020-10-05 22:42:37,-69,['newr']
248124671,"$newr lewis cirne sold 34,500 shares [very high conviction] www.insider-analysis.com/search_transactions.php?ticker=table_newr",2020-10-05 05:00:20,-69,['newr']
248124587,newrelic $newr bidaskscore is #reiterated to held https://bidaskclub.com/news/company/2020-09-29/newr,2020-10-05 04:58:03,-69,['newr']
248080263,$newr is another ticker i dont see much talk on but i do like this current backtest occurring. no position and only on watch but is notable to keep eyes on!,2020-10-04 19:23:59,-69,['newr']
247976871,"new relic ceo lewis cirne sells $1,983,060.00 in $newr https://www.marketbeat.com/i/410574",2020-10-03 04:33:19,-69,['newr']
247974024,"#fwsells $newr cirne lewis, ceo of new relic, inc. sold 34500 shares on 2020-10-01. https://formwhispers.com/s?t=newr",2020-10-03 03:39:27,-69,['newr']
247967549,we believe $newr is a potential acquisition target.  our note here - no paywall.  (disclosure: long $newr). https://seekingalpha.com/article/4377336-speculative-buy-on-new-relic-potential-acquisition-target,2020-10-03 02:05:12,1,['newr']
247965401,$newr https://www.aistockfinder.com/stock-forecast/newr new relic inc. our artificial intelligence foresees this equity has an undetermined short term setup and its stock price is in line with its long term fundamentals,2020-10-03 01:38:46,-69,['newr']
247937763,"major owner of new relic inc just disposed of 34,500 shares  http://www.conferencecalltranscripts.org/4/summary2/?id=8414832 $newr",2020-10-02 21:55:02,-69,['newr']
247937502,"$newr [15s. delayed] filed sec form 4: ceo cirne lewis: 
disposed 34,500 of common stock at average price $57.48 on 2020-10-01, decreased  https://s.flashalert.me/bbvls",2020-10-02 21:53:38,-69,['newr']
247815160,"$newr - we&#39;re at speculative buy on new relic, a potential acquisition target. https://t.co/ta2j9jxeww #trading #business #finance",2020-10-02 14:43:32,-69,['newr']
247566516,$newr look at inod everyone in this space is trading at 6-20x revenue this co which has fantastic ip and lead guy from ibm watson just joined ... nobody following...  0 institutional ownership ..  even at just 5x rev would be over a $10 stock .. insiders bought and co did a buyback 6mo ago,2020-10-01 16:59:06,-69,['newr']
246236681,"if you’re trading this week, read this! $newr&#39;s price moved below its 50-day moving average on august 5, 2020. view odds for this and other indicators: https://srnk.us/go/2137468",2020-09-25 10:36:54,-69,['newr']
245145043,time to bottom fish? top analyst offers 3 stocks to buy https://www.tipranks.com/news/article/time-to-bottom-fish-top-analyst-offers-3-stocks-to-buy/ $smar $newr $twlo,2020-09-21 14:12:44,-69,"['twlo', 'newr', 'smar']"
244738388,$newr god damn fn dog - jesus,2020-09-18 15:11:26,-69,['newr']
244692605,#newrelic product upgrades deliver growth $newr https://talkmarkets.com/content/stocks--equities/new-relic-product-upgrades-deliver-growth?post=277834,2020-09-18 13:12:13,-69,['newr']
244149902,$newr very early days at inod new ai play but they are more like the grandfather of ai - they’ve been working on data tech for years w bloomberg apple msft etc and just got ibm watson guy to lead it and 0 institu. holders and no twot action,2020-09-16 15:00:20,-69,['newr']
244142724,$newr new article : datadog gets street-high target at loop on competitive strength https://www.stck.pro/news/newr/7754866,2020-09-16 14:42:27,-69,['newr']
244142113,"datadog gets street-high target at loop on competitive strength  $newr $dt $ddog 

https://newsfilter.io/a/5a976a1de23a331490880624a0e52c83",2020-09-16 14:41:01,-69,"['newr', 'dt', 'ddog']"
244138065,$newr new relic (nyse:newr) is now covered by analysts at loop capital. they set a &quot;hold&quot; rating on the stock.,2020-09-16 14:31:15,-69,['newr']
244099179,"$ddog loop capital analyst yun kim initiated coverage with buy and $110 pt. kim believes datadog is accelerating its market share gain against its two nearest peers, new relic $newr and dynatrace $dt, and is analyst&#39;s preferred way to play the secular trend",2020-09-16 12:49:03,-69,"['newr', 'dt', 'ddog']"
244073949,$newr loop capital initiates coverage on to hold : pt $60.00 https://stockhoot.com/extsymbol.aspx?from=analystratingtweet&amp;symbol=newr&amp;t=426&amp;social=stocktwits,2020-09-16 09:45:49,-69,['newr']
244069073,"💰 revenue history for new relic ($newr)️:

2020 q2 :   $0.16 b     +1.83%
2020 q1 :   $0.15 b     +4.33%
2019 q4 :   $0.15 b

more: https://companiesmarketcap.com/new-relic/revenue/",2020-09-16 07:57:43,-69,['newr']
244008352,new relic initiated by loop capital at hold. https://www.marketbeat.com/r/1477943 $newr,2020-09-15 22:10:28,-69,['newr']
243940412,$newr new article : new relic achieves aws outposts ready designation https://www.stck.pro/news/newr/7731667,2020-09-15 18:35:13,-69,['newr']
243930308,"$newr [15s. delayed]: issued press release on september 15, 14:00:00: new relic achieves aws outposts ready designation https://s.flashalert.me/xbxe33",2020-09-15 18:05:33,-69,['newr']
243928820,"$newr new relic achieves aws outposts ready designation 

https://newsfilter.io/a/62001f9e6e5c8bce083e9d230a2e939e",2020-09-15 18:00:54,-69,['newr']
243832367,$roku $newr $ttd $sq looking good,2020-09-15 13:39:11,-69,"['sq', 'roku', 'newr', 'ttd']"
243795596,new relic inc (nyse:newr) sees significant drop in short interest $newr #newr https://www.marketbeat.com/n/4460499/,2020-09-15 10:38:04,-69,['newr']
243638158,$newr abnormal movement,2020-09-14 17:20:36,-69,['newr']
243517786,how does this make you feel? $newr in uptrend: rsi indicator exits oversold zone. view odds for this and other indicators: https://srnk.us/go/2099290,2020-09-14 09:28:30,-69,['newr']
242902766,$newr,2020-09-10 15:23:48,-69,['newr']
242824954,newrelic $newr bidaskscore is downgraded to held https://bidaskclub.com/news/company/2020-09-09/newr,2020-09-10 10:47:05,-69,['newr']
242539187,"$shop $fsly $wix  $appf $newr 
while some saas stocks are overvalued many posted qtq revenue decline, these names came out on top!",2020-09-09 05:08:58,1,"['wix', 'newr', 'shop', 'appf', 'fsly']"
242159690,$0.02 eps expected for new relic inc (nyse:newr) this quarter $newr #newr https://www.marketbeat.com/n/4452388/,2020-09-06 20:25:19,-69,['newr']
242118206,short sale volume (not short interest) for $newr on 2020-09-04 is 68%. http://shortvolumes.com/?t=newr via @shortvolumes,2020-09-06 05:50:35,-69,['newr']
241877178,"deliver more perfect software trademark filing with uspto. filed by new relic, inc. https://uspto.report/tm/90135760 #delivermoreperfectsoftware $newr #deliver #more #perfect #software",2020-09-04 15:43:31,-69,['newr']
241869643,"infinite tracing is under trademark application by new relic, inc. https://uspto.report/tm/90135725 #infinitetracing $newr #infinite #tracing",2020-09-04 15:22:44,-69,['newr']
241698152,"$newr: new sec filing on ceo, lewis cirne: https://www.sec.gov/archives/edgar/data/1448056/000120919120049486/xslf345x03/doc4.xml",2020-09-03 22:42:02,-69,['newr']
241691232,"new relic ceo lewis cirne sells $2,227,270.00 in $newr https://www.marketbeat.com/i/406034",2020-09-03 22:13:51,-69,['newr']
241680074,"$newr [15s. delayed] filed sec form 4: ceo cirne lewis: 
disposed 35,500 of common stock at average price $62.74 on 2020-09-01, decreased  https://s.flashalert.me/t7yxv",2020-09-03 21:32:01,-69,['newr']
241680016,"#fwsells $newr cirne lewis, ceo of new relic, inc. sold 35500 shares on 2020-09-01. https://formwhispers.com/s?t=newr",2020-09-03 21:31:47,-69,['newr']
241679980,"$newr $2,227,345.00 of shares sold by cirne lewis (ceo), reported in a new form 4 filed with the sec  

https://newsfilter.io/a/09e695d6c7856996c07062c642da87a3",2020-09-03 21:31:41,-69,['newr']
240513675,$newr getting pretty tired of this thing dumping every other morning and taking away a few days worth of gains 🙄,2020-08-31 14:47:12,-69,['newr']
240428157,newrelic $newr bidaskscore is #reiterated to bought https://bidaskclub.com/news/company/2020-08-25/newr,2020-08-31 04:02:02,-69,['newr']
240214757,"$newr: new sec filing on chief product officer, william staples: https://www.sec.gov/archives/edgar/data/1448056/000120919120048660/xslf345x03/doc4.xml",2020-08-28 22:31:02,-69,['newr']
240201485,"$newr [15s. delayed] filed sec form 4: chief product officer staples william: 
transacted derivative securities on 2020-08-26.  https://s.flashalert.me/kj30w",2020-08-28 21:17:13,-69,['newr']
240201379,"$newr 1,657 shares acquired by staples william (chief product officer), reported in a new form 4 filed with the sec  

https://newsfilter.io/a/1b0015b47f90be15c61016839ebaff47",2020-08-28 21:16:55,-69,['newr']
239981677,"$newr new article : up 45% since march, is new relic’s stock too high? https://www.stck.pro/news/newr/7290991",2020-08-28 10:03:05,-69,['newr']
239400819,$newr 12% return from a few weeks ago. sell or hold?,2020-08-26 15:25:51,-69,['newr']
239284663,"td sell $newr at 59.99, supp 53.62 resis 60.12 r12  hilo 65% t1y 69 buy 2.5 fwdpe 200.0 div n/a #new relic, #stocks #trading #finance #market http://tinyurl.com/yybwlg7o",2020-08-26 03:17:36,-1,['newr']
238539897,"3 monster growth stocks that could reach new highs
https://faws.com/news/27186580
$newr",2020-08-23 13:29:11,-69,['newr']
238539423,"oh wow this is big! $newr in uptrend: price may ascend as a result of having broken its lower bollinger band on august 5, 2020. view odds for this and other indicators: https://srnk.us/go/2018723",2020-08-23 13:21:20,-69,['newr']
238428670,2020-08-21 short sale volume (not short interest) for $newr is 74%. http://shortvolumes.com/?t=newr via @shortvolumes,2020-08-22 01:14:36,-69,['newr']
238404141,"$newr: new sec filing on director, hope f cochran: https://www.sec.gov/archives/edgar/data/1448056/000120919120047966/xslf345x03/doc4.xml",2020-08-21 22:18:01,-69,['newr']
238392564,"$newr henshall david j (director) acquired new securities, reported in a new form 4 filed with the sec  https://newsfilter.io/a/fe692de07ea176c7f1187a7898d4b907",2020-08-21 21:19:16,-69,['newr']
238391946,$newr form 3 (initial statement of beneficial ownership of securities) filed with the sec https://newsfilter.io/a/fbf6f53f527e6e36edd1a42e1c86eb71,2020-08-21 21:16:35,-69,['newr']
238391464,"$newr [15s. delayed] filed sec form 4: director henshall david j: 
transacted derivative securities between 2020-08-19 and 2020-08-19.  https://s.flashalert.me/bmxqrd",2020-08-21 21:14:37,-69,['newr']
238391291,"$newr [15s. delayed] filed sec form 4: director delsanto anne: 
transacted derivative securities between 2020-08-19 and 2020-08-19.  https://s.flashalert.me/r7yvp",2020-08-21 21:13:56,-69,['newr']
238391210,"$newr delsanto anne (director) acquired new securities, reported in a new form 4 filed with the sec  

https://newsfilter.io/a/d87110422df1bc4c562053d328d37efb",2020-08-21 21:13:37,-69,['newr']
238390891,"$newr reported 4 new insider trades to the sec in the last 2 minutes.

tolonen james r (director) acquired new securities https://newsfilter.io/articles/4-form-c710cc4cc9f678645a97d724edd304db
cochran hope f (director) acquired new securities https://newsfilter.io/articles/4-form-f9edea904e8ee368262b8fc92a16c25f
scholnick dan (director) acquired new securities https://newsfilter.io/articles/4-form-8288bb436f961869a7279b991250ed01
messinger adam (director) acquired new securities https://newsfilter.io/articles/4-form-20b1a6397933d2a63af0539d81e3f45e",2020-08-21 21:12:20,-69,['newr']
238390799,"$newr [15s. delayed] filed sec form 3: director henshall david j: 
 https://s.flashalert.me/1q7aq",2020-08-21 21:11:58,-69,['newr']
238390567,"$newr [15s. delayed] filed sec form 3: director delsanto anne: 
 https://s.flashalert.me/ctaa6",2020-08-21 21:11:02,-69,['newr']
238390496,"$newr form 3 (initial statement of beneficial ownership of securities) filed with the sec 

https://newsfilter.io/a/75fa74c4b467082a1e0a36ec078d5f03",2020-08-21 21:10:43,-69,['newr']
238390281,"$newr [15s. delayed] filed sec form 4: director tolonen james r: 
transacted derivative securities between 2020-08-19 and 2020-08-19.  https://s.flashalert.me/momjd",2020-08-21 21:09:55,-69,['newr']
238390108,"$newr [15s. delayed] filed sec form 4: director scholnick dan: 
transacted derivative securities between 2020-08-19 and 2020-08-19.  https://s.flashalert.me/ybawy",2020-08-21 21:09:11,-69,['newr']
238389958,"$newr [15s. delayed] filed sec form 4: director messinger adam: 
transacted derivative securities between 2020-08-19 and 2020-08-19.  https://s.flashalert.me/jr8c6g",2020-08-21 21:08:36,-69,['newr']
238389748,"$newr [15s. delayed] filed sec form 4: director cochran hope f: 
transacted derivative securities between 2020-08-19 and 2020-08-19.  https://s.flashalert.me/11ugol",2020-08-21 21:07:43,-69,['newr']
238389528,"$newr [15s. delayed] filed sec form 4: director watteeuw carlisle caroline: 
transacted derivative securities between 2020-08-19 and 2020- https://s.flashalert.me/y1dqq",2020-08-21 21:06:44,-69,['newr']
238389448,"$newr watteeuw carlisle caroline (director) acquired new securities, reported in a new form 4 filed with the sec  

https://newsfilter.io/a/171bb22f6439211d6b7a817be8babe59",2020-08-21 21:06:25,-69,['newr']
238234200,$newr loving this wonderful dip after yesterday’s rise 🙄,2020-08-21 14:32:30,-69,['newr']
238133013,short sale volume (not short interest) for $newr at 2020-08-20 is 69%. http://shortvolumes.com/?t=newr via @shortvolumes,2020-08-21 03:41:33,-69,['newr']
238119871,$newr https://www.aistockfinder.com/stock-forecast/newr new relic inc. our model calculated the price of this stock has a neutral short term outlook and has a neutral long term outlook,2020-08-21 02:09:24,-69,['newr']
238058057,$newr glad i bought that $60 call a few weeks ago. this stock took the beat down like a champ... i want to see $70!,2020-08-20 21:20:38,1,['newr']
238034717,"$newr michael j christenson bought 9,000 shares [high conviction] www.insider-analysis.com/search_transactions.php?ticker=table_newr",2020-08-20 20:16:17,-69,['newr']
238019844,$newr nice 200 percent gain locked in today. buying that $65 september call back when this thing was $54 turned out to be a brilliant move,2020-08-20 19:45:19,-69,['newr']
237992056,$newr im out locked in +5% whoopeee,2020-08-20 18:44:32,-69,['newr']
237988336,$newr huge gap to fill since last er fall. in a 65c 9/18,2020-08-20 18:35:39,1,['newr']
237968503,news out $newr new relic announces appointment of anne delsanto and david henshall to its board of directors; hope cochran named chair of the board https://marketwirenews.com/articles/new-relic-announces-appointment-of-anne-delsanto-and-5816335057953275.html?i=c,2020-08-20 17:49:06,-69,['newr']
237960526,$newr maybe 61.40 test,2020-08-20 17:31:18,-69,['newr']
237959519,$newr hmmm  60.72-61?,2020-08-20 17:29:04,-69,['newr']
237957944,$newr,2020-08-20 17:25:35,-69,['newr']
237922345,$newr next $60c option boom boom gonna skyrocket 💥💥💥,2020-08-20 16:07:08,1,['newr']
237912306,$newr common you can do it,2020-08-20 15:44:38,1,['newr']
237852636,$newr time to march back to $70’s,2020-08-20 13:44:40,1,['newr']
237820072,"$newr [15s. delayed]: issued press release on august 20, 08:00:00: new relic announces appointment of anne delsanto and david henshall to  https://s.flashalert.me/tw2zkn",2020-08-20 12:03:10,-69,['newr']
237819558,"$newr new relic announces appointment of anne delsanto and david henshall to its board of directors; hope cochran named chair of the board 

https://newsfilter.io/a/f4ee688c27b9766f13d0a7480f997e64",2020-08-20 12:00:57,-69,['newr']
237759447,$newr calls @bieoptions_vc insiders adding at the low here,2020-08-20 00:58:00,1,['newr']
237754169,"new relic coo michael christenson buys $510,480.00 in $newr https://www.marketbeat.com/i/403540",2020-08-20 00:31:53,-69,['newr']
237728941,"$newr mark sachleben sold 2,385 shares [average conviction] www.insider-analysis.com/search_transactions.php?ticker=table_newr",2020-08-19 22:33:04,-69,['newr']
237707719,$newr just filed with the sec a event for officers and a vote of security holders https://last10k.com/sec-filings/newr/0001448056-20-000035.htm?utm_source=stocktwits&amp;utm_medium=forum&amp;utm_campaign=8k&amp;utm_term=newr,2020-08-19 21:16:39,-69,['newr']
237707331,departure of directors or certain  http://www.conferencecalltranscripts.org/8/summary/?id=8265074 $newr,2020-08-19 21:15:28,-69,['newr']
237706610,"$newr [15s. delayed] filed form 8-k on august 19, 17:12:03: item5.02: departure of election 0f officers or compensatory arrangements https://s.flashalert.me/m35jwu",2020-08-19 21:13:10,-69,['newr']
237706561,"$newr form 8-k: departure of directors or certain officers; election of directors; appointment of certain officers; compensatory arrangements of certain officers.on august 19, 2020, the board of direc.. 

https://newsfilter.io/a/47dfbdc1835b4657c728d71ac0dcbe70",2020-08-19 21:13:00,-69,['newr']
237698012,"$newr $510,480.00 of shares acquired by christenson michael j (president and coo), reported in a new form 4 filed with the sec  https://newsfilter.io/a/489ea69afb56e1f57ce4c5420159a164",2020-08-19 20:47:15,-69,['newr']
237696608,"new relic inc&#39;s president and coo just picked up 9,000 shares  http://www.conferencecalltranscripts.org/4/summary/?id=8264860 $newr",2020-08-19 20:43:04,-69,['newr']
237696466,"$newr [15s. delayed] filed sec form 4: president and coo christenson michael j: 
acquired 9,000 of common stock at price $56.72 on 2020-08 https://s.flashalert.me/xvagrb",2020-08-19 20:42:36,-69,['newr']
237696364,"#fwbuys $newr christenson michael j, president and coo of new relic, inc. bought 9000 shares on 2020-08-19. https://formwhispers.com/s?t=newr",2020-08-19 20:42:18,-69,['newr']
237670215,short sale volume (not short interest) for $newr on 2020-08-18 is 70%. http://shortvolumes.com/?t=newr via @shortvolumes,2020-08-19 19:41:34,-69,['newr']
237587996,"new relic cfo mark sachleben sells $132,796.80 in $newr https://www.marketbeat.com/i/403394",2020-08-19 16:01:49,-69,['newr']
254970572,"mid cap losers

$gbt (38.02 -36.97%): missed consensus for q3 eps and revs. oxbryta (voxelotor) net sales were $36.9 mln in q3; surges in covid-19 cases across the country created a headwind for levels of engagement between sickle cell patients and the healthcare system. co commented during its call that it anticipates the q4 prescriptions will likely be consistent with q2 and q3 in connection with ongoing pandemic uncertainties. downgraded to market perform at raymond james. at 52-week lows.
$ps (14.62 -23.02%): reported upside q3 eps and revs and guided fy20 eps and revs above consensus. billings increased +9% sequentially in q3, coming in lighter than co had expected. downgraded to neutral from overweight at jpmorgan.
$newr (55.2 -15.27%): missed estimates for q2 eps while posting upside revs. co noted that &quot;customer experimentation with the new product and pricing model slowed sales cycles&quot; during the quarter. issued downside q3 guidance. downgraded to underweight at jpmorgan.",2020-11-06 21:54:09,-69,"['newr', 'gbt', 'ps']"
237410596,"$newr [15s. delayed] filed sec form 4: director fenton peter h: 
converted securities 1,904 of common stock at average price $0 on 2020-08 https://s.flashalert.me/hjevyf",2020-08-18 22:10:40,-69,['newr']
237410522,"$newr fenton peter h (director) acquired new securities, reported in a new form 4 filed with the sec  

https://newsfilter.io/a/72c0ade48b4f922386833ee4bd642c26",2020-08-18 22:10:21,-69,['newr']
237409333,"$newr: new sec filing on director, carlisle caroline watteeuw: https://www.sec.gov/archives/edgar/data/1448056/000120919120047270/xslf345x03/doc4.xml",2020-08-18 22:05:02,-69,['newr']
237408479,"$newr reported 6 new insider trades to the sec in the last 2 minutes.

watteeuw carlisle caroline (director) acquired new securities https://newsfilter.io/articles/4-form-4d14e93d5c787a055f5ed56b7b633617
christenson michael j (president and coo) acquired new securities https://newsfilter.io/articles/4-form-29ee0c769dd32fcf07322e7021bed073
tolonen james r (director) acquired new securities https://newsfilter.io/articles/4-form-9f10393655df70f0574f91d33d95f040
1,579 shares acquired by messinger adam (director)   https://newsfilter.io/articles/4-form-a2416542c7e8a68cdd6af9f954124f1a
1,579 shares acquired by scholnick dan (director)   https://newsfilter.io/articles/4-form-5c66aa442aaeb72fd0357032ae093b8f
1,579 shares acquired by cochran hope f (director)   https://newsfilter.io/articles/4-form-0ef773f34708547db02eb58120b0f321",2020-08-18 22:01:17,-69,['newr']
237408420,"$newr [15s. delayed] filed sec form 4: director scholnick dan: 
converted securities 1,579 of common stock at price $0 on 2020-08-15, incr https://s.flashalert.me/vevtww",2020-08-18 22:01:02,-69,['newr']
237408263,"$newr [15s. delayed] filed sec form 4: director cochran hope f: 
converted securities 1,579 of common stock at price $0 on 2020-08-15, inc https://s.flashalert.me/7n30l",2020-08-18 22:00:16,-69,['newr']
237407907,"$newr [15s. delayed] filed sec form 4: director messinger adam: 
converted securities 1,579 of common stock at price $0 on 2020-08-15, inc https://s.flashalert.me/e5vsu",2020-08-18 21:58:43,-69,['newr']
237407758,"$newr [15s. delayed] filed sec form 4: director tolonen james r: 
converted securities 1,866 of common stock at average price $0 on 2020-0 https://s.flashalert.me/ml2ln",2020-08-18 21:58:03,-69,['newr']
237407557,"$newr [15s. delayed] filed sec form 4: director watteeuw carlisle caroline: 
converted securities 1,744 of common stock at average price $ https://s.flashalert.me/7d8cz",2020-08-18 21:57:15,-69,['newr']
237407541,"new relic inc&#39;s chief financial officer just picked up 2,409 shares  http://www.conferencecalltranscripts.org/4/summary2/?id=8260617 $newr",2020-08-18 21:57:10,-69,['newr']
237407408,"$newr [15s. delayed] filed sec form 4: president and coo christenson michael j: 
converted securities 3,637 of common stock at average pri https://s.flashalert.me/mmns9",2020-08-18 21:56:37,-69,['newr']
237407173,"$newr [15s. delayed] filed sec form 4: chief financial officer sachleben mark: 
disposed 4,794 of common stock at average price $27.7 and  https://s.flashalert.me/n4x36u",2020-08-18 21:55:37,-69,['newr']
237407117,"#fwsells $newr sachleben mark, chief financial officer of new relic, inc. sold 2385 shares on 2020-08-17. https://formwhispers.com/s?t=newr",2020-08-18 21:55:20,-69,['newr']
237407099,"$newr $132,796.80 of shares sold by sachleben mark (chief financial officer), reported in a new form 4 filed with the sec  

https://newsfilter.io/a/359ad878d4afc49f8f469139f5edba07",2020-08-18 21:55:17,-69,['newr']
237252776,$newr common go up,2020-08-18 14:44:41,1,['newr']
236912876,"$newr hmi capital, llc has filed form sc 13g with sec. reporting 6.62% ownership.",2020-08-17 12:10:02,-69,['newr']
236900074,investment adviser just provided an update on share ownership of new relic inc http://www.conferencecalltranscripts.org/13g/summary2/?id=8252436 $newr,2020-08-17 10:21:28,-69,['newr']
236645868,"jana portfolio adds perspecta, exits jack and new relic  $prsp $newr $jack $axta $ely 

https://newsfilter.io/a/d2f43cf467dd236647dbc0cb5b072b8b",2020-08-14 20:39:35,-69,"['jack', 'ely', 'axta', 'newr', 'prsp']"
236583448,"$newr new relic – newr – argus – buy – hold.
http://thestockmarketinfo.com/financial-analysts-august-14-2020/",2020-08-14 17:46:44,-69,['newr']
236443278,new relic downgraded by argus to hold. https://www.marketbeat.com/r/1466068 $newr,2020-08-14 11:30:51,-69,['newr']
235417866,$newr can i trust $54? we&#39;ll see!,2020-08-11 15:10:12,-69,['newr']
235394989,"$newr down more than 40% in the past year, is this growth saas stock a buy? http://dlvr.it/rdr5zh",2020-08-11 14:26:06,-69,['newr']
235393022,"$newr - down more than 40% in the past year, is this growth saas stock a buy?
https://www.fool.com/investing/2020/08/11/down-more-than-40-in-the-past-year-is-this-growth.aspx",2020-08-11 14:22:42,-69,['newr']
235392657,"$newr new article : down more than 40% in the past year, is this growth saas stock a buy? https://www.stck.pro/news/newr/6892974",2020-08-11 14:22:07,-69,['newr']
235387891,the short sale volume (not short interest) for $newr on 2020-08-10 is 68%. http://shortvolumes.com/?t=newr via @shortvolumes,2020-08-11 14:14:35,-69,['newr']
235196081,"$newr $csco $splk on watch for apm based stocks to add in next watchlist 

https://youtu.be/z8habelgxz4",2020-08-10 20:45:46,-69,"['csco', 'splk', 'newr']"
235194860,"$newr turnaround, every now and then i get a little bit tired of listening to the sound of my tears.",2020-08-10 20:42:56,1,['newr']
235119989,$newr just bought some 55 calls aug 21 exp. let&#39;s hope this works out,2020-08-10 17:47:13,1,['newr']
235100049,$newr $55 coming,2020-08-10 16:56:11,-69,['newr']
235025988,$newr out 52.7 with a loss,2020-08-10 14:10:12,-69,['newr']
