id,body,created_at,sentiment,symbols
254897422,unusual options activity (a/o12:13pmest): $box $anf $hexo $sndl $prmw,2020-11-06 17:14:22,-69,"['anf', 'prmw', 'box', 'hexo', 'sndl']"
254853383,"bullish sentiment in $box jan-20 calls at $35 strike price. 1k contracts, $150k premium.  https://www.swaggystocks.com/dashboard/stocklabs/option-flow/box",2020-11-06 15:03:27,-69,['box']
254842169,$box garbage company and ceo,2020-11-06 14:35:29,-69,['box']
254812251,$box new article : outside the box: how sharp investors use a ceo&#39;s annual shareholder letter as a secret door to superior stocks https://www.stck.pro/news/box/8968030,2020-11-06 12:20:22,-69,['box']
254800686,box $box bidaskscore is upgraded to held https://bidaskclub.com/news/company/2020-11-05/box,2020-11-06 10:18:03,-69,['box']
254718523,$dbx and $box need to merge.,2020-11-05 22:15:02,-69,"['box', 'dbx']"
254717191,$box nice move today glad i bought the dip,2020-11-05 22:10:22,-69,['box']
254681781,"$box 

levie &amp; dylan can still suc asshoes.

bish owes me $29+",2020-11-05 20:33:43,1,['box']
254678582,"$box 

dumped my bags from a couple weeks ago, small 1% profit. 

not a successful trade but sometimes you gotta dump some weight on a massive green day like this. you&#39;d think the market is due for a big pullback tomorrow or monday.",2020-11-05 20:22:14,-69,['box']
254574498,$box new article : why box stock fell 10.7% in october https://www.stck.pro/news/box/8951526,2020-11-05 14:37:19,-69,['box']
254562709,"$box  
 
already 220,000 shares traded in premarket. hmmm, just sayin...",2020-11-05 13:53:46,1,['box']
254521109,"$box 
box, inc. (nyse:box) today announced that it will report financial results for its third quarter, which ended october 31, 2020, following the close of the market on tuesday, december 1, 2020. 

https://uk.finance.yahoo.com/finance/news/box-sets-date-announce-third-130000686.html",2020-11-05 06:09:25,1,['box']
254439107,"four  (4) long term gems  
💎💎 💎💎 
 
$ride  
$box  
$spce  
$srac",2020-11-04 20:41:04,1,"['box', 'spce', 'ride', 'srac']"
254330099,"$box ✊🐍✊

🚀🚀🚀

dec 1 earnings.

4 weeks for a nice run.",2020-11-04 13:36:43,1,['box']
254329232,$box new article : box sets date to announce third quarter fiscal 2021 financial results https://www.stck.pro/news/box/8929842,2020-11-04 13:32:23,-69,['box']
254324530,"$box box sets date to announce third quarter fiscal 2021 financial results
https://www.stocktitan.net/news/box/box-sets-date-to-announce-third-quarter-fiscal-2021-financial-mid1wyxlj6d7.html",2020-11-04 13:05:01,-69,['box']
254324361,"$box [15s. delayed]: issued press release on november 04, 08:00:00: box sets date to announce third quarter fiscal 2021 financial results https://s.flashalert.me/2o5qk",2020-11-04 13:04:04,-69,['box']
254324240,box sets date to announce third quarter fiscal 2021 financial results http://www.conferencecalltranscripts.org/summary/?id=86844&amp;pr=true $box,2020-11-04 13:03:30,-69,['box']
254324228,box sets date to announce third quarter fiscal 2021 financial results http://www.conferencecalltranscripts.org/summary/?id=86843&amp;pr=true $box,2020-11-04 13:03:26,-69,['box']
254323672,"$box box sets date to announce third quarter fiscal 2021 financial results 

https://newsfilter.io/a/06990bfa25a6189a752e9a66f0215c8d",2020-11-04 13:00:55,-69,['box']
254266523,$box we need to create the most fertile environment to build great tech companies: box ceo… http://dlvr.it/rkxwbx,2020-11-04 02:33:32,-69,['box']
254264940,$box new article : we need to create the most fertile environment to build great tech companies: box ceo on immigration https://www.stck.pro/news/box/8919820,2020-11-04 02:21:06,-69,['box']
254227155,$box sold,2020-11-03 21:59:47,1,['box']
254208253,$box id normally be happy with a 4%gain but im still down over 12% in a week.  levie blows,2020-11-03 20:48:14,-69,['box']
254198900,$box is this the reversal?,2020-11-03 20:14:20,-69,['box']
254198748,$box nice,2020-11-03 20:13:46,1,['box']
254149866,"$box 

up on an up day.

a fuckn miracle.",2020-11-03 16:59:32,-69,['box']
254081752,"$box 

shithole levie made comment on (buried in someone else’s post) twitter eluding to new lower price point.... he said “stay tuned”.

5900 share is not a lot pm... but box normally has zero volume pm.

🚀🚀🚀",2020-11-03 13:02:04,1,['box']
253920484,$box i see the ceo on twitter fooling around. this company needs a dedicated 100% committed ceo,2020-11-02 16:35:14,-69,['box']
253665354,"$box 

my day trading journey is over until box hits $29.

it’s been a blast talking shit with you all.

good luck everyone!",2020-10-30 21:34:53,1,['box']
