id,body,created_at,sentiment,symbols
254880985,"$aapl $zm $amzn $fb 

don&#39;t be afraid

cramer: biden presidency, gop senate would be &#39;so boring&#39; — and great for stocks https://www.cnbc.com/2020/11/05/cramer-biden-presidency-with-gop-senate-nirvana-for-stock-market.html?__source=iosappshare%7ccom.apple.uikit.activity.copytopasteboard",2020-11-06 16:20:45,1,"['aapl', 'amzn', 'fb', 'zm']"
254880435,"$fb i love it i absolutely love it keep dropping i hope this goes down to five dollars 

$fake book",2020-11-06 16:19:06,-69,['fb']
254880293,"$fb $spy $tsla $nio stick a fork in this market today it&#39;s done today, i&#39;m done looking at this bs today. see y&#39;all next week at all time highs. have a great weekend everyone! 😁",2020-11-06 16:18:39,1,"['nio', 'spy', 'fb', 'tsla']"
254879980,"$fb wow! rinse and repeat 7th time already, picked up another 500 off vwap, this time though ill rinse just below 292",2020-11-06 16:17:43,-69,['fb']
254878929,"$amzn $fb  markets moving like volatility is high (sudden moves), yet vix is pinned down, can anybody explain this ?",2020-11-06 16:14:38,-69,"['amzn', 'fb']"
254878078,$fb hey facebook look at snap. be more like snap right now and be up positively.,2020-11-06 16:11:57,1,['fb']
254877986,"new update: today winning alerts, i made over +$49k so far....
https://stocktwits.com/francesking/message/254810215

  $tsla $nflx $fb $msft $vix",2020-11-06 16:11:34,1,"['vix', 'msft', 'nflx', 'fb', 'tsla']"
254876570,$net $fb $roku amazing day,2020-11-06 16:07:24,-69,"['fb', 'roku', 'net']"
254875591,"$aapl $fb $tsla $twtr when our own wall st is dumping america and buying chinese shares 🤦‍♂️🤦‍♂️ you know where to cover.

america will print endless amount of dollars just print print print print until its worth as much as the toilet paper and will watch china rise. $nio will absolutely annihilate $tsla they&#39;re gonna wish they never went there. model 3 being exported to europe from china and elon musk himself tweeted 420 is better than 42. nio&gt;tsla",2020-11-06 16:04:39,1,"['aapl', 'nio', 'fb', 'twtr', 'tsla']"
254874788,$fb boom bang!! scored another 500 off the vwap. scalp looking 292 ish,2020-11-06 16:02:24,1,['fb']
254874441,$fb lol,2020-11-06 16:01:28,1,['fb']
254874207,"$spy follow me instead of mocking, i predict crash 1 min prior to that  $aapl $fb",2020-11-06 16:00:54,-1,"['aapl', 'spy', 'fb']"
254869092,$fb $msft $aapl $googl $amzn now officially fmaga,2020-11-06 15:47:13,-69,"['aapl', 'amzn', 'msft', 'fb', 'googl']"
254867879,facebook doubles down on political advertising stance $fb https://talkmarkets.com/content/stocks--equities/facebook-doubles-down-on-political-advertising-stance?post=284493,2020-11-06 15:43:56,-69,['fb']
254867042,$fb https://youtu.be/_qkcr2xeju0,2020-11-06 15:41:39,1,['fb']
254866163,"in the group 3 live analysis session today, we discussed some tech names $googl $amzn $msft $fb  which are all looking very technical.  we do not like to short/sell large cap tech, but we do like to buy extreme areas where buyers may enter for 3 waves reaction at least.  it is important to take partial profits on the bounces from blue boxes and get risk free as soon as possible. #elliottwave #trading #stocks",2020-11-06 15:39:15,-69,"['amzn', 'msft', 'fb', 'googl']"
254865903,"$spy something else people are forgetting, we wont be hearing much from trump next year on social media. he can now be shut-down

$fb $twtr $aapl $",2020-11-06 15:38:32,-69,"['aapl', 'spy', 'fb', 'twtr']"
254863944,"$fb $msft $aapl  vix getting lower. volatility cooled. election results certain, job numbers great, policy paralysis expected for next 2 years which is good for tech and last sorry reason covid resurgence. tech going higher. expect a 10% run up till year end. slow accumulation in progress.",2020-11-06 15:33:13,1,"['aapl', 'msft', 'fb']"
254863908,$fb facebook not following the rest of market i wonder if this is going to fall hard later in the day,2020-11-06 15:33:06,-69,['fb']
254861304,$fb calls over 291.75,2020-11-06 15:25:52,-69,['fb']
254860699,the industry average roa is -2.16%. $fb outperforms 95% of its industry peers. https://www.chartmill.com/stock/quote/fb/fundamental-analysis?key=131a58de-6f11-4987-976d-55bb2ea98644&amp;utm_source=stocktwits&amp;utm_medium=fa&amp;utm_content=fb&amp;utm_campaign=social_tracking,2020-11-06 15:24:00,-69,['fb']
254860515,"$spy $aapl $fb $amzn $btc.x 
🇺🇸🇺🇸🇺🇸🇺🇸🇺🇸🇺🇸🇺🇸🇺🇸🇺🇸🇺🇸🇺🇸🇺🇸
karma....😱🤬😬🤣",2020-11-06 15:23:28,-69,"['aapl', 'amzn', 'spy', 'fb', 'btc.x']"
254860215,$fb facebook book quietly moves back up $6 watch. 🙏🏾 ✈️ 🚀 🌕 💵,2020-11-06 15:22:36,1,['fb']
254859428,$fb theforecast.co is calling for a decline into next week expect there to be blood mid month,2020-11-06 15:20:25,-1,['fb']
254858579,"+$52k profits in a week, ,,, ,, join a community of real traders helping each other profit. https://stocktwits.com/jorjakwok/message/253477195

$fb $fcel $twtr",2020-11-06 15:17:53,1,"['fcel', 'fb', 'twtr']"
254857461,$fb will fall harder this time,2020-11-06 15:14:36,-1,['fb']
254857459,short sale volume (not short interest) for $fb on 2020-11-05 is 60%. http://shortvolumes.com/?t=fb via @shortvolumes,2020-11-06 15:14:35,-69,['fb']
254856851,"stocks mixed as balance tilts to biden in u.s. election

https://pageone.ng/2020/11/06/stocks-mixed-as-balance-tilts-to-biden-in-u-s-election/

$googl $amzn $fb $tsla $nio",2020-11-06 15:12:47,-69,"['amzn', 'nio', 'fb', 'tsla', 'googl']"
254856767,"october job reports: economy added 638,000 jobs as unemployment rate fell to 6.9%

https://pageone.ng/2020/11/06/october-jobs-report-economy-added-638000-jobs-as-unemployment-rate-fell-to-6-9/

$googl $amzn $fb $tsla",2020-11-06 15:12:33,-69,"['amzn', 'fb', 'tsla', 'googl']"
254856562,"facebook removes &#39;inauthentic&#39; networks spanning 8 nations

https://pageone.ng/2020/11/06/facebook-removes-inauthentic-networks-spanning-8-nations/

$fb",2020-11-06 15:11:58,-69,['fb']
254856485,"$spy $aapl $fb $amzn $btc.x 
🇺🇸🇺🇸🇺🇸🇺🇸🇺🇸🇺🇸🇺🇸🇺🇸🇺🇸🇺🇸🇺🇸🇺🇸
election updates 
biden ahead in ga., takes lead in pa. as more mail-in ballots counted",2020-11-06 15:11:45,-69,"['aapl', 'amzn', 'spy', 'fb', 'btc.x']"
254855908,"youtube channels making money from ads, memberships amplify trump voting fraud claims

https://pageone.ng/2020/11/06/youtube-channels-making-money-from-ads-memberships-amplify-trump-voting-fraud-claims/

$goog $fb $twtr",2020-11-06 15:10:12,-69,"['goog', 'fb', 'twtr']"
254855772,"futures slip after strong wall street rally as biden edges closer to white house

https://pageone.ng/2020/11/06/futures-slip-after-strong-wall-street-rally-as-biden-edges-closer-to-white-house/

$googl $amzn $fb $tsla",2020-11-06 15:09:46,-69,"['amzn', 'fb', 'tsla', 'googl']"
254855758,$fb great deals on stocks! thanks panic sellers!,2020-11-06 15:09:43,1,['fb']
254855604,"world stocks eye record levels as washington gridlock curbs policy risks

https://pageone.ng/2020/11/06/world-stocks-eye-record-levels-as-washington-gridlock-curbs-policy-risks/

$googl $amzn $fb $tsla",2020-11-06 15:09:18,-69,"['amzn', 'fb', 'tsla', 'googl']"
254853802,$fb $twtr watch these markets plummet if votes are “found” and sway the senate seats also to a democratic majority.,2020-11-06 15:04:44,-1,"['fb', 'twtr']"
254853025,"happy friday, 
a healthy pullback continues from power hour of yesterday. 
$spy $aapl $msft $fb puts right at open are above 100% in profits.",2020-11-06 15:02:37,-1,"['aapl', 'msft', 'spy', 'fb']"
254852528,$fb this is all going to end the day flat. buy buy buy.. opportunity day scalp.. large,2020-11-06 15:01:21,-69,['fb']
254852516,"$spy $aapl $fb $amzn $btc.x 

this morning 
only 26 out of the 100 most popular stocks held by robinhooders are green⬆️

✅ robinhooders effect 
“relationship between robinhooders actions and stock prices change”",2020-11-06 15:01:19,-1,"['aapl', 'amzn', 'spy', 'fb', 'btc.x']"
254852403,"facebook&#39;s whatsapp starts payments service in india

https://pageone.ng/2020/11/06/facebooks-whatsapp-starts-payments-service-in-india/

$fb $googl",2020-11-06 15:01:02,-69,"['fb', 'googl']"
254852042,$fb bulls be reasonable. this is correction before next wave up),2020-11-06 15:00:08,-69,['fb']
254851789,$tsla $fb bears trap,2020-11-06 14:59:31,1,"['fb', 'tsla']"
254851540,"$fb lol you people were had 

you guys thought this was going to $300 biden and the democratic party will take all your money .",2020-11-06 14:58:52,-69,['fb']
254850616,$fb easy money at open from last day put. this one will dive even more before it recovers... $280 seems reasonable.,2020-11-06 14:56:38,-1,['fb']
254850217,$fb out for now. probably going to see decrease of users next couple of quarters imo...,2020-11-06 14:55:40,-1,['fb']
254850111,"$tsla $fb $amzn $spy $grwg 

bump",2020-11-06 14:55:24,-69,"['amzn', 'spy', 'fb', 'tsla', 'grwg']"
254849783,"france sees smoother trade ties with u.s. if biden triumphs, says minister

https://pageone.ng/2020/11/06/france-sees-smoother-trade-ties-with-u-s-if-biden-triumphs-says-minister/

$googl $amzn $fb $aapl",2020-11-06 14:54:39,-69,"['aapl', 'amzn', 'fb', 'googl']"
254849781,$nio $aapl $fb $acb $sq lol @ people thinking this is a sell the news moment 😂😂🤦🏾‍♂️ mfs don&#39;t learn,2020-11-06 14:54:39,1,"['aapl', 'nio', 'fb', 'sq', 'acb']"
254847228,$fb imo now pullback to 280 before next wave up with final target near 320,2020-11-06 14:48:24,-69,['fb']
254847035,$fb $twtr if fb and twtr block the president which i assume zuck and the homeless looking guy will...these two social media platforms will plummet.,2020-11-06 14:47:57,-1,"['fb', 'twtr']"
254846978,$amzn $fb nothing just limit orders are getting triggered. good setup to turn green jobs numbers and clear winner from elections. nothing to contest for. just my opinions no advice.,2020-11-06 14:47:44,1,"['amzn', 'fb']"
254846926,"$atco $aal $play $amzn $fb check out atlas co.. currently 9.57, pt $46
https://zolmax.com/investing/bmo-capital-markets-trims-atlas-nasdaqatco-target-price-to-46-00/5032415.html",2020-11-06 14:47:33,1,"['amzn', 'fb', 'aal', 'play', 'atco']"
254846119,$fb  does fb have a voter fraud page or one page for each crooked state,2020-11-06 14:45:31,1,['fb']
254844813,$fb looking for retracement to 5 day ema $284,2020-11-06 14:42:06,-1,['fb']
254843842,"$amd sold my expiring calls nice 110% gain, keeping my shares thou, lost half my gains to $fb",2020-11-06 14:39:37,1,"['amd', 'fb']"
254843301,"$spy $fb $aapl 

usually a sign we retest overnight lows when you see this in the discord first thing at open",2020-11-06 14:38:17,-69,"['aapl', 'spy', 'fb']"
254842312,$fb socialist facebook that’s what it should be called,2020-11-06 14:35:52,-1,['fb']
254842135,$fb who got calls this am?,2020-11-06 14:35:24,-69,['fb']
254841330,"$fb $snap $twtr 

social media is going lower . lockdown coming . biden won, taxes going up, regulation coming . higher taxes . big cuts coming this is the time to sell 📉📉📉📉",2020-11-06 14:33:17,-1,"['fb', 'twtr', 'snap']"
254839295,$sp $fb $aapl $amzn $goog   🐻 are ☠️,2020-11-06 14:26:44,1,"['aapl', 'amzn', 'goog', 'fb', 'sp']"
254838502,"$qqq $aapl $amzn $fb biden win and red senate is ideal scenario. stability, no major tax increases, possible stimulus and fed support. market will rocket if trump concedes.",2020-11-06 14:24:21,1,"['aapl', 'amzn', 'fb', 'qqq']"
254838500,$fb $304 end of day,2020-11-06 14:24:20,1,['fb']
254837336,$fb $fb posting better than expected earnings with a bullish outlook. $fb posted positive earnings with the pead projec,2020-11-06 14:20:31,1,['fb']
254836976,"$spy y’all really buying at open too, huh? 😂😂 $amzn $aapl $fb",2020-11-06 14:19:16,-1,"['aapl', 'amzn', 'spy', 'fb']"
254836446,$fb need to fill in those gaps,2020-11-06 14:17:38,1,['fb']
254834947,"stocks mixed as balance tilts to biden in u.s. election

https://pageone.ng/2020/11/06/stocks-mixed-as-balance-tilts-to-biden-in-u-s-election/

$googl $amzn $fb $tsla $nio",2020-11-06 14:12:11,-69,"['amzn', 'nio', 'fb', 'tsla', 'googl']"
254832266,"$spy $aapl $fb $amzn $btc.x 
🇺🇸🇺🇸🇺🇸🇺🇸🇺🇸🇺🇸🇺🇸🇺🇸🇺🇸🇺🇸🇺🇸🇺🇸
waiting could be boring...😎",2020-11-06 14:01:54,-69,"['aapl', 'amzn', 'spy', 'fb', 'btc.x']"
254831350,"if you really want to make a huge profit on stock trading. then this community is for you:--- stocksgainer.net/

$fb",2020-11-06 13:58:39,-69,['fb']
254831161,"three things to know going into today...

unemployment rate drops to 6.9% as nonfarm payrolls increase by 638k in october $spx

$baba shares slide after disappointing top line growth

$fb&#39;s whatsapp to broadly roll out its payment service in india

https://www.microsectors.com/",2020-11-06 13:57:52,-69,"['spx', 'fb', 'baba']"
254831030,"october job reports: economy added 638,000 jobs as unemployment rate fell to 6.9%

https://pageone.ng/2020/11/06/october-jobs-report-economy-added-638000-jobs-as-unemployment-rate-fell-to-6-9/

$googl $amzn $fb $tsla",2020-11-06 13:57:18,-69,"['amzn', 'fb', 'tsla', 'googl']"
254829678,"$pton same thing happened to $fb. huge q3 results, it dipped then shot up a few days later! 
this will go up with those results.",2020-11-06 13:51:50,1,"['fb', 'pton']"
254828774,$fb will end the day green.,2020-11-06 13:48:00,1,['fb']
254828116,$fb selling is strong today as per charts,2020-11-06 13:45:08,0,['fb']
254827576,$fb lmao all the bitter republicans hating. this is the most undervalued faang,2020-11-06 13:42:34,1,['fb']
254826388,$fb damn this gonna go back down,2020-11-06 13:37:26,-1,['fb']
254825849,$fb huge jobs beat $pstg $ge $ba,2020-11-06 13:35:01,1,"['ba', 'ge', 'fb', 'pstg']"
254825078,$fb this things going to fall so hard it’s unbelievable the american people are sick of lying  social media,2020-11-06 13:31:45,-69,['fb']
254824516,$fb  biden only had 13 people at his rally&#39;s but the all voted 130000 times,2020-11-06 13:29:13,1,['fb']
254824337,$spy $baba $fb $tsla $amzn  time to check in on investor sentiment ..,2020-11-06 13:28:23,-69,"['amzn', 'spy', 'fb', 'tsla', 'baba']"
254824122,$fb dems controlling the senate (10% + chance) would take this down 5%+++,2020-11-06 13:27:18,-1,['fb']
254823891,$fb  justice will prevail trump and trump remain in office,2020-11-06 13:26:05,1,['fb']
254822160,$fb was analyzed by 31 analysts. the buy consensus is at 96%. so analysts seem to be very confident about $fb. https://www.chartmill.com/stock/analyzer/stock/fb?view=analyst-ratings&amp;utm_source=stocktwits&amp;utm_medium=analyst&amp;utm_content=fb&amp;utm_campaign=social_tracking,2020-11-06 13:18:00,-69,['fb']
254821971,"$fb boom bang! if you can buy pre market just under 291, we will see 293 again today to 294.. nice 2 or 3 dollar safe friday scalp.. remember there are billions of dollars that missed this run up, and they will be buying any 3 or 4 dollar dip.. boom!!",2020-11-06 13:17:08,1,['fb']
254821688,$fb omg i still can&#39;t believe i&#39;m able to buy this under $300!?? this is crazy cheap!! but keep selling your shares and ty 😃 🙂 😺,2020-11-06 13:15:42,1,['fb']
254820771,$fb what calls would you all recommend?,2020-11-06 13:11:15,1,['fb']
254820660,"$fb stock increased 2.5% to 294.68. the largest options open interest is on the 20-nov-20 295 call with 46,215(oi) https://tinyurl.com/y73eyxht",2020-11-06 13:10:44,-69,['fb']
254820638,"$fb the new regulation in 2021 will bring down face book to 200. even if they push this up now, get ready for a big dump, they know it is coming no matter who is the president",2020-11-06 13:10:38,-69,['fb']
254820517,"u.s. big tech was on a tear this week. from thursday shares of $fb gained +12%,  $amzn &amp; $appl rose +9.4% &amp; +9.3%, respectively, while $msft  surged +10.3%. collectively they are expected to dip a bit in friday&#39;s down market.",2020-11-06 13:10:03,-69,"['amzn', 'msft', 'fb']"
254819921,$fb hoping for market to turn green soon after open.,2020-11-06 13:07:19,1,['fb']
254817001,"$fb indian ambition can fuel fb as giant commerce platform with 1 b population.... huge with people mostly using whatsapp in india. stock yet to react doubling soon over next year

facebook has been open about its ambition to build a large commerce business in india with whatsapp messaging at the center. india&#39;s payments market is crowded with domestic pioneer paytm, google pay, walmart inc.&#39;s phonepe, amazon.com inc.&#39;s amazon pay and dozens of other startups but whatsapp&#39;s enormous user base of more than 400 million gives it a unique advantage in a market slated to grow to $1 trillion by 2023.",2020-11-06 12:51:57,1,['fb']
254816204,$fb new article : india is letting whatsapp offer payments to millions more users https://www.stck.pro/news/fb/8968749,2020-11-06 12:47:05,-69,['fb']
254815742,facebook: forecasting the bounce from blue box area https://elliottwave-forecast.com/stock-market/facebook-forecasting-bounce-blue-box/ #elliottwave #trading $fb #facebook,2020-11-06 12:44:04,-69,['fb']
254815711,$fb 1 hour view from 10/21 post-market update presented to members at http://elliottwave-forecast.com ended pullback &amp; called for further upside to take place #elliottwave #trading #facebook,2020-11-06 12:43:50,-69,['fb']
254815692,$fb here&#39;s how we saw it 10/19 midday update at http://elliottwave-forecast.com #elliottwave #trading #facebook,2020-11-06 12:43:38,-69,['fb']
254815653,$fb 1-hour view from 10/10 weekend update. showing reaction higher taking place from the blue box area. allowed longs to get into risk-free position  #elliottwave #trading #facebook,2020-11-06 12:43:24,-69,['fb']
254815623,$fb ended 5 waves from sep lows &amp; made a 3 pullback towards blue box area. read chart of the day from 10/07 https://elliottwave-forecast.com/news/elliott-wave-view-facebook-fb-reaching-support-area/  #elliottwave #trading #facebook,2020-11-06 12:43:14,-69,['fb']
254815560,$fb 1 hour view from 9/30 midday update presented to members at http://elliottwave-forecast.com  #elliottwave #trading #facebook,2020-11-06 12:42:51,-69,['fb']
254815517,$fb 1 hour view from 9/28 midday update presented to members at http://elliottwave-forecast.com ended the pullback &amp; now bouncing higher again  #elliottwave #trading #facebook,2020-11-06 12:42:34,-69,['fb']
254813001,$fb $msft $aapl buy the dip. we may close green and gap up big time on monday when poll results would be out for surez,2020-11-06 12:25:56,1,"['aapl', 'msft', 'fb']"
254812456,$fb new article : wall street breakfast: nonfarm friday https://www.stck.pro/news/fb/8967973,2020-11-06 12:21:49,-69,['fb']
254811584,$fb new article : wall street breakfast: non-farm friday https://www.stck.pro/news/fb/8967933,2020-11-06 12:15:34,-69,['fb']
254808888,"facebook removes &#39;inauthentic&#39; networks spanning 8 nations

https://pageone.ng/2020/11/06/facebook-removes-inauthentic-networks-spanning-8-nations/

$fb",2020-11-06 11:56:30,-69,['fb']
254808809,"$fb $spy the amount of disinformation on social media this week...

we must do better!",2020-11-06 11:55:43,-69,"['spy', 'fb']"
254808520,"facebook and twitter struggle with online fury from trump supporters
— financial times
$fb $twtr",2020-11-06 11:53:09,-69,"['fb', 'twtr']"
254808228,"$aapl where those calling for tech corrections due to p/e over 30x
now all techs well above 30x
$amzn $fb $goog $msft",2020-11-06 11:50:36,-1,"['aapl', 'amzn', 'goog', 'msft', 'fb']"
254807597,$fb continue climbing to 350’s christmas. 🥳🥳🥳 one step back and two forwards,2020-11-06 11:45:28,1,['fb']
254807397,"$spy couldn&#39;t have said it better

$twtr $aapl $fb $goog",2020-11-06 11:43:39,-69,"['aapl', 'goog', 'spy', 'fb', 'twtr']"
254805463,"updated correlation matrix for facebook($fb), flir… https://www.macroaxis.com/invest/marketcorrelation?s=fb,flir,aiz,nem,api,v,bokf,zm,lh,urbn,all #insidertrading #stocks #fintechnews",2020-11-06 11:24:33,-69,['fb']
254804879,"$amzn $aapl $fb $goog $nflx 

i can’t be the only one that has noticed this. people here on supporting trump-

pre-covid - “jesus sent him” “greatest economy in the world”

march-april- “trump is a disaster, his unfitness broke the economy” “must go”

may rebound- “we’ve got to get back to work” “trump 2020”

october - “3rd wave, get rid of him” “omg, what did the orange a$$hole tweet”

nov. 5th after trump’s “illegal ballot” presser - “great run before trump” “shut up trump” “the markets like biden” “stability”

bottom line: f*ck democracy. f*ck my neighbor. just let me make money.",2020-11-06 11:17:54,1,"['aapl', 'amzn', 'goog', 'nflx', 'fb']"
254803474,"$spy this night just keeps getting better

$twtr $fb $aapl",2020-11-06 11:03:16,-69,"['aapl', 'spy', 'fb', 'twtr']"
254802368,"price action stats from 6:30a to 7:30a pst (initial hour) based on the last 15 fridays
https://pinnaclequant.com/price-action-stats-last-15-fridays-from-630a-pst-to-730a-pst-msft-fb-sq-roku/

stats generated for: $msft $fb $sq $roku",2020-11-06 10:46:45,-69,"['msft', 'fb', 'sq', 'roku']"
254801953,$twtr $fb biden up in georgia now,2020-11-06 10:40:05,-69,"['fb', 'twtr']"
254801701,$fb buy on dip today going through 300 to blue skies on what’s app india cash transfer. this will spread like wild fire because it’s also a communication app .,2020-11-06 10:35:28,1,['fb']
254800701,$fb as i said yesterday bearish divergence on rsi calls for major pullback here.,2020-11-06 10:18:16,-1,['fb']
254800267,$fb 270 put 11/13 🚀🚀😂😂,2020-11-06 10:10:48,-1,['fb']
254800199,$fb buying puts.. biden winning = antitrust regulations... plus big sell off,2020-11-06 10:09:38,-1,['fb']
254798738,"$fb emergency election measures roll out at facebook 

https://newsfilter.io/a/5baa38d58559e0af1fdd5995e7b73faa",2020-11-06 09:43:33,-69,['fb']
254797689,"$fb $wmt facebook&#39;s whatsapp expands mobile payments push in india 

https://newsfilter.io/a/f519461ec6581fc346f2eb574807391a",2020-11-06 09:24:32,-69,"['wmt', 'fb']"
254797329,$fb please open at 285,2020-11-06 09:17:39,-69,['fb']
254797305,$fb was analyzed by 31 analysts. the buy consensus is at 96%. so analysts seem to be very confident about $fb. https://www.chartmill.com/stock/analyzer/stock/fb?view=analyst-ratings&amp;utm_source=stocktwits&amp;utm_medium=analyst&amp;utm_content=fb&amp;utm_campaign=social_tracking,2020-11-06 09:17:00,-69,['fb']
254797192,comprehensive non-correlated facebook $fb trading report https://tinyurl.com/yy2k7zua,2020-11-06 09:15:04,-69,['fb']
254797164,$fb,2020-11-06 09:14:40,-69,['fb']
254796322,$fb any recommendations ? would 285$ - 290$ be a good entry price ?,2020-11-06 08:53:25,-69,['fb']
254795953,$fb $305 open,2020-11-06 08:43:14,1,['fb']
254795850,"youtube channels making money from ads, memberships amplify trump voting fraud claims

https://pageone.ng/2020/11/06/youtube-channels-making-money-from-ads-memberships-amplify-trump-voting-fraud-claims/

$goog $fb $twtr",2020-11-06 08:39:48,-69,"['goog', 'fb', 'twtr']"
254795358,"$spy us election uncertainities
market runs crazy still want higher
too much risk prized in 
$aapl $fb $amzn $msft",2020-11-06 08:24:50,-1,"['aapl', 'amzn', 'msft', 'spy', 'fb']"
254794445,"world stocks eye record levels as washington gridlock curbs policy risks

https://pageone.ng/2020/11/06/world-stocks-eye-record-levels-as-washington-gridlock-curbs-policy-risks/

$googl $amzn $fb $tsla",2020-11-06 08:00:53,-69,"['amzn', 'fb', 'tsla', 'googl']"
254794000,$hyln also some large premium order son dark pool. $mu also more bullish options on this long call. $spwr  large put order $fb,2020-11-06 07:49:48,-69,"['spwr', 'mu', 'fb', 'hyln']"
254793513,"twitter permanently removes steve bannon&#39;s account over &#39;glorification of violence&#39;

related tickers: $fb $goog $googl $twtr",2020-11-06 07:37:21,-69,"['goog', 'fb', 'twtr', 'googl']"
254793106,$spy $twtr $fb,2020-11-06 07:27:29,-69,"['spy', 'fb', 'twtr']"
254793031,"$vale $fb $uber $stne top open interest change list post before market open today. vale still long and will continue to flip half position on each spike, till they let it run",2020-11-06 07:25:59,1,"['vale', 'fb', 'uber', 'stne']"
254792980,$fb buy!!!! big day tomorrow:),2020-11-06 07:24:37,1,['fb']
254791314,"$fb $tsx.ca $dyd 

facebook, inc. develops products that enable people to connect and share with friends and family through mobile devices, personal computers, virtual reality headsets, and in-home devices worldwide. 

46 wall street analysts have issued ratings and price targets for facebook in the last 12 months. their average twelve-month price target is $295.19, predicting that the stock has a possible upside of 0.17%. the high price target for fb is $350.00 and the low price target for fb is $195.00. there are currently 1 sell rating, 4 hold ratings, 40 buy ratings and 1 strong buy rating for the stock, resulting in a consensus rating of &quot;buy.&quot;

https://www.youtube.com/watch?v=sghpklogjus&amp;t=146s&amp;ab_channel=engineeringrobo",2020-11-06 06:46:36,-69,"['fb', 'tsx.ca', 'dyd']"
254791196,$fb they should have done this sooner whatsapp is less threatening than facebook for &quot;payments&quot;,2020-11-06 06:43:48,-69,['fb']
254791126,$fb whatsapp rolls out payments in india https://tcrn.ch/3p2vvrh,2020-11-06 06:42:31,-69,['fb']
254790732,"facebook finally rolls out whatsapp pay in india

related tickers: $fb",2020-11-06 06:34:51,-69,['fb']
254790607,"🙄 people are always asking me &quot;don&#39;t you know that $es_f e-mini futures trade in 25¢ increments? why do your dumbass fake alerts use so many decimals?&quot;

i&#39;ll tell you why $spy!!!

it&#39;s because the 🏆 award-winning 

🇺🇸 usa patent-pending

ccttstts algorithm invented by me

🤓 is so astoundingly accurate,

🤯 so impossibly precise,

😍 so incredibly sexy,

that anything less than hundredths of a penny would be doing such a grave disservice to its phenomenal prognostication capabilities, that i might as well throw the whole damn thing in the trash and follow some douchebag on social media for trading tips instead! $fb $twtr $goog

$3,477.272691
exactly!!!
🙉🙈🙊",2020-11-06 06:32:33,-69,"['es_f', 'goog', 'spy', 'fb', 'twtr']"
254790502,"$fb facebook finally rolls out whatsapp pay in india 

https://newsfilter.io/a/88304d07f11905ba12121830d03287f0",2020-11-06 06:30:40,-69,['fb']
254790406,$fb new article : facebook finally rolls out whatsapp pay in india https://www.stck.pro/news/fb/8963821,2020-11-06 06:29:06,-69,['fb']
254790174,"facebook finally rolls out whatsapp pay in india
— benzinga
$fb",2020-11-06 06:25:13,-69,['fb']
254786819,"$spy $aapl $fb $amzn $btc.x 
🇺🇸🇺🇸🇺🇸🇺🇸🇺🇸🇺🇸🇺🇸🇺🇸🇺🇸🇺🇸🇺🇸🇺🇸
isn&#39;t what it looks like...😬",2020-11-06 05:36:02,-69,"['aapl', 'amzn', 'spy', 'fb', 'btc.x']"
254786432,$spy trump around 2pm tomorrow once georgia is tallied. 😬 the market is seething to have an excuse to take profit off the friday lows of last week... keep talking litigation etc and that&#39;ll do it! notables to watch: $fb $tsla $aapl $nio (high flyers),2020-11-06 05:30:32,-1,"['aapl', 'nio', 'spy', 'fb', 'tsla']"
254785962,"$googl hit $9,100 from $2,540 alert.

 $spy $fb $amzn $aapl",2020-11-06 05:23:41,1,"['aapl', 'amzn', 'spy', 'fb', 'googl']"
254784959,$fb up up,2020-11-06 05:10:24,1,['fb']
254784809,$fb will we go to 285 tomorrow?,2020-11-06 05:08:44,-1,['fb']
254781718,"$fb 300 tomorrow? analysis : 📈.  
https://youtu.be/vnpdo2msfl0",2020-11-06 04:32:47,-69,['fb']
254781035,"$spy $aapl $fb $amzn $btc.x 
🇺🇸🇺🇸🇺🇸🇺🇸🇺🇸🇺🇸🇺🇸🇺🇸🇺🇸🇺🇸🇺🇸
what happens if neither trump nor biden concedes?",2020-11-06 04:25:19,-69,"['aapl', 'amzn', 'spy', 'fb', 'btc.x']"
254780845,$fb futures getting spanked,2020-11-06 04:23:17,-1,['fb']
254780456,$fb this pos company is censoring our president. done with fake book. they need to be held accountable with sever election meddling which is punishable by a long jail term.done with twtr i went to parlor they don&#39;t sensor!,2020-11-06 04:19:14,-69,['fb']
254780123,"$aal $save $fb $goog 

jb wins i don&#39;t care anymore.",2020-11-06 04:15:51,-69,"['goog', 'fb', 'save', 'aal']"
254780027,$fb was analyzed by 31 analysts. the buy consensus is at 96%. so analysts seem to be very confident about $fb. https://www.chartmill.com/stock/analyzer/stock/fb?view=analyst-ratings&amp;utm_source=stocktwits&amp;utm_medium=analyst&amp;utm_content=fb&amp;utm_campaign=social_tracking,2020-11-06 04:15:00,-69,['fb']
254779154,"$spy $twtr $fb $foxa $t  🤡 putin stepping down is about as likely as trump&#39;s second term!

😆 do people actually believe this garbage? who do you think feeds it to the new york post in the first place?

https://www.dailymail.co.uk/news/article-8919975/putin-quit-january-amid-fears-parkinsons-disease-moscow-sources-claim.html",2020-11-06 04:07:11,-69,"['spy', 't', 'fb', 'twtr', 'foxa']"
254778068,$fb lotto candidate,2020-11-06 03:57:30,-69,['fb']
254777329,"$nio $aapl $fb $amzn 

nio presenting their new battery tonight. earnings around corner. potential of baas likely to be announced which im projecting to be above 2 million. china government as their bank, policies created to stimulate battery changeable cars, 25% mandatory electric cars by 2035. nio will sell millions shortly selling more than tsla. market cap will be min 500 b to even 1 trillion. biden being pro renewable n usa being a dumpster fire from covid having to print endless amount of dollars to devalue even more. the world is waking up to china and everyone is dumping their money there.wake up everyone and smell the roses.. dont miss this money is moving to china. this is like the easiest money to be made.

this freight train ain&#39;t stopping till 300 min. book this!

all in on nio!",2020-11-06 03:50:31,-69,"['aapl', 'amzn', 'nio', 'fb']"
254776715,"$fb facebook is obviously a long term winner, but there’ll be some bad news that’ll make this tank very soon. that’s when i’ll grab some cheap calls.",2020-11-06 03:44:31,1,['fb']
254773857,"new whatsapp feature will make messages vanish after seven days

https://pageone.ng/2020/11/05/new-whatsapp-feature-will-make-messages-vanish-after-seven-days/

$fb $twtr $snap",2020-11-06 03:21:19,-69,"['fb', 'twtr', 'snap']"
254773169,"whatsapp gets license in india to operate payment service

https://pageone.ng/2020/11/05/whatsapp-gets-license-in-india-to-operate-payment-service/

$fb $pypl",2020-11-06 03:15:32,-69,"['fb', 'pypl']"
254773029,$spy the real dump will be on monday. but tomorrow should be fun too. $amzn $fb $aapl,2020-11-06 03:14:20,-1,"['aapl', 'amzn', 'spy', 'fb']"
254772619,$fb has spent last 4 years removing all conservative leaders from their platform 3k  highly influential leaders. all silenced! this is called election interference. investigate suckerburg!!,2020-11-06 03:10:59,-1,['fb']
254772614,"$oogl $fb youtube channels making money from ads, memberships amplify trump voting fraud claims 

https://newsfilter.io/a/b12834ec115fe747d1ed7aa6ef1899b2",2020-11-06 03:10:58,-69,['fb']
254771118,peak profit for the last 6 expired option alerts for $fb 65.99| 211.90| -99.63| 53.52| 165.54| 15.24|,2020-11-06 02:58:37,-69,['fb']
254770379,"$amzn $aapl $fb $goog $nflx 

i can’t be the only one that has noticed this. people here on supporting trump-

pre-covid - “jesus sent him” “greatest economy in the world”

march-april- “trump is a disaster, his unfitness broke the economy” “must go”

may rebound- “we’ve got to get back to work” “trump 2020”

october - “3rd wave, get rid of him” “omg, what did the orange a$$hole tweet”

nov. 5th after trump’s “illegal ballot” presser - “great run before trump” “shut up trump” “the markets like biden” “stability”

bottom line: f*ck democracy. f*ck my neighbor. just let me make money.",2020-11-06 02:52:15,-69,"['aapl', 'amzn', 'goog', 'nflx', 'fb']"
254769294,"facebook to note projected u.s. vote winner, when there is one  $viac $aone $fb 

https://newsfilter.io/a/c8260a729db71de59c8f51c43792488b",2020-11-06 02:43:36,-69,"['fb', 'aone', 'viac']"
254769176,$fb https://youtu.be/_qkcr2xeju0 and $twtr,2020-11-06 02:42:46,1,"['fb', 'twtr']"
254767917,"$aapl $nio $fb $zm we will most likely get recounts in wisconsin, georgia, north carolina, pennsylvania, arizona and nevada. nightly futures will definitely continue to go haywire. unless your trading ah, i wouldn’t put too much thought into where the market may open. nasdaq could be down 100 then up 200 by the time the market opens. same goes for the dow. we will be getting max volatility!",2020-11-06 02:32:21,-69,"['aapl', 'nio', 'fb', 'zm']"
254767433,"$fb: new sec filing on vp and general counsel, jennifer newstead: https://www.sec.gov/archives/edgar/data/1326801/000095010320021607/xslf345x03/dp140235_4-newstead.xml",2020-11-06 02:29:01,-69,['fb']
254766969,$fb https://facebook.com/sotckmarketsmart,2020-11-06 02:25:48,-69,['fb']
254765788,"$fb stock analysis 🔥 
https://youtu.be/vnpdo2msfl0",2020-11-06 02:17:18,-69,['fb']
254762773,$fb little breather is good to keep sanity in market. think market is positioned to take off to new highs.,2020-11-06 01:54:35,1,['fb']
254762750,$fb just hurry up and call the election already,2020-11-06 01:54:24,-69,['fb']
254762368,$fb cha-ching,2020-11-06 01:51:48,1,['fb']
254762355,"$fb closed over the 292 level today. watching for a move over aths at 304.67 next. fibonacci levels above at 330, 348. can use 292 and 283 as supports

@trendspider",2020-11-06 01:51:37,-69,['fb']
254762255,$fb https://www.youtube.com/watch?v=cjbvrwg41dg this will get a ton of support!,2020-11-06 01:50:54,-1,['fb']
254761642,$fb just too high,2020-11-06 01:46:22,-1,['fb']
254761590,"$spy $aapl $fb $amzn $btc.x 

✅ robinhooders effect 
“relationship between robinhooders actions and stock prices change”

today 10 best performance of the 100 most popular stock held by robinhooders:

1: acb +41.53%🚀🚀🚀
  
2: tlry +30.33%🚀🚀🚀
  
3: cron +16.70%
  
4: plug+13.40%
  
5: nio +12.30%
  
6: cgc +11.58%
  
7: fcel +11.21%
  
8: pltr +10.82%
  
9: apha +9.86%
  
10: penn +9.53%",2020-11-06 01:45:57,-69,"['aapl', 'amzn', 'spy', 'fb', 'btc.x']"
254761285,$fb short this from here ad accounts getting disabled left and right,2020-11-06 01:43:44,-69,['fb']
254761194,$fb was analyzed by 31 analysts. the buy consensus is at 96%. so analysts seem to be very confident about $fb. https://www.chartmill.com/stock/analyzer/stock/fb?view=analyst-ratings&amp;utm_source=stocktwits&amp;utm_medium=analyst&amp;utm_content=fb&amp;utm_campaign=social_tracking,2020-11-06 01:43:00,-69,['fb']
254760621,$fb new article : here&#39;s what facebook will show when there&#39;s a projected winner in the presidential race https://www.stck.pro/news/fb/8962433,2020-11-06 01:39:05,-69,['fb']
254760520,"$fb - 2 dp trades today - 407,000 shares - 295.36 average - $120,199,994",2020-11-06 01:38:29,-69,['fb']
254760289,"last strong #sp500 $spx #mega  #stocks technical analysis today: $fb 
https://www.finscreener.com/technicals/last-strong-technical-analysis-summary/sp500",2020-11-06 01:36:55,-69,"['spx', 'fb']"
254760179,"here’s what facebook will show when there&#39;s a projected winner in the presidential race
— cnbc
$fb",2020-11-06 01:36:13,-69,['fb']
254758788,"$fb  nov 05    
- daily stock market timing forecast -    
◆ investment position    
=&gt; buy - bullish    
◆ search for the daily stock market timing forecast    
http://www.google.com/search?q=pretiming    
◆ upper~lower stock price band for the next 10 days    
price: 289.02  ~ 315.83  
% change: -1.92% ~ 7.18% 
◆ today&#39;s supply-demand(s&amp;d) strength    
=&gt; supply-demand strength has changed to a strengthening buying flow when stock market opening.    
    
◆ daily supply-demand(s&amp;d) strength trend    
=&gt; in the midst of a rebounding trend of upward direction box pattern price flow marked by limited falls and upward fluctuations.",2020-11-06 01:27:34,-69,['fb']
254758011,$twtr $fb section 230 coming for them,2020-11-06 01:22:50,-1,"['fb', 'twtr']"
254756397,"$spx #ballotharvesting = #dnc #censorship @cnbc $twtr $fb @cnn #fakenews 
https://twitter.com/tomfitton",2020-11-06 01:13:50,-69,"['spx', 'fb', 'twtr']"
254753075,$fb,2020-11-06 00:54:32,-69,['fb']
254751234,$fb here&#39;s how we saw it 10/19 midday update at elliottwave-forecast.com #elliottwave #trading #facebook,2020-11-06 00:44:34,-69,['fb']
254751155,$fb 1-hour view from 10/10 weekend update. showing reaction higher taking place from the blue box area. allowed longs to get into risk-free position #elliottwave #trading #facebook,2020-11-06 00:44:13,-69,['fb']
254751061,$fb 1 hour view from 9/30 midday update presented to members at elliottwave-forecast.com #elliottwave #trading #facebook,2020-11-06 00:43:42,-69,['fb']
254750598,$fb here&#39;s how we saw it 10/19 midday update at elliottwave-forecast.com #elliottwave #trading #facebook,2020-11-06 00:41:21,-69,['fb']
254750537,$fb 1-hour view from 10/10 weekend update. showing reaction higher taking place from the blue box area. allowed longs to get into risk-free position #elliottwave #trading #facebook,2020-11-06 00:40:58,-69,['fb']
254750439,$fb 1 hour view from 9/30 midday update presented to members at elliottwave-forecast.com #elliottwave #trading #facebook,2020-11-06 00:40:27,-69,['fb']
254749506,"$cdev $chev $googl $fb 

stop counting except in arizona...keep counting those.🙄",2020-11-06 00:35:37,-69,"['chev', 'fb', 'googl', 'cdev']"
254746243,$fb was a hell of a signal!,2020-11-06 00:18:16,0,['fb']
254746218,$fb watching vix &amp; sqqq for a short here,2020-11-06 00:18:08,-69,['fb']
254745656,$fb $twtr $nflx  the markets have spoken. big tech is dumping right now. they know trump  is vindicated and biden’s larp as president is over. expect for election to be called tomorrow.,2020-11-06 00:15:19,-69,"['nflx', 'fb', 'twtr']"
254745600,"$fb $msft $aapl surprisingly when potus speech is over, the futures are rising. seems it is take for granted that all claims are false and biden would win. think positive think ahead. stability is gonna prevail.",2020-11-06 00:14:58,1,"['aapl', 'msft', 'fb']"
254743943,$fb trump with the big tech plug in favor of a biden win 💪,2020-11-06 00:06:38,1,['fb']
254742492,$spy $aapl $fb,2020-11-05 23:59:51,-1,"['aapl', 'spy', 'fb']"
254741680,"$spy nose dive panic

$amd $amzn $aapl $fb",2020-11-05 23:55:41,-1,"['aapl', 'amzn', 'amd', 'spy', 'fb']"
254740041,$fb 297.50 calls did we hit 3.60 or what from .70c !!! ho hoooooooo,2020-11-05 23:47:29,-69,['fb']
254738800,facebook&#39;s vp and general counsel just disposed of 426 shares  http://www.conferencecalltranscripts.org/4/summary2/?id=8524904 $fb,2020-11-05 23:41:21,-69,['fb']
254738548,"$spy $aapl $fb $amzn $btc.x 
🇺🇸🇺🇸🇺🇸🇺🇸🇺🇸🇺🇸🇺🇸🇺🇸🇺🇸🇺🇸🇺🇸🇺🇸
buckle up !!!
president trump to speak...",2020-11-05 23:40:08,0,"['aapl', 'amzn', 'spy', 'fb', 'btc.x']"
254738352,$fb just went crazy lol i thought we were in a bull market $spy,2020-11-05 23:39:12,-69,"['spy', 'fb']"
254737627,"$fb $aapl $msft futures yesterday evening dipped before rising to 300 this morning. dont sell your gems only to realize that when ah trading ends, it is pumped up. there is no change in the outlook. infact biden is even nearer, fed event over, job and pmi numbers done, well absorbed by markets. day after election is also over peacefully. nothing spooked markets even 100000 record infections.demo president with republicans senate is best for tech. uptrend has just started. should last another week. more positioning from big money will take it higher. check the chart i published last week. we are in uptrend.",2020-11-05 23:35:31,1,"['aapl', 'msft', 'fb']"
254737532,"$fb [15s. delayed] filed sec form 4: vp and general counsel newstead jennifer: 
disposed 426 of class a common stock at price $263.18 on 2 https://s.flashalert.me/esuayh",2020-11-05 23:35:02,-69,['fb']
254737461,"$fb $112,114.68 of shares sold by newstead jennifer (vp and general counsel), reported in a new form 4 filed with the sec  

https://newsfilter.io/a/338a1cabfd9383d29c5e923b24e0824a",2020-11-05 23:34:41,-69,['fb']
254736397,the industry average roa is -2.16%. $fb outperforms 95% of its industry peers. https://www.chartmill.com/stock/analyzer/stock/fb?view=fundamental-analysis&amp;key=131a58de-6f11-4987-976d-55bb2ea98644&amp;utm_source=stocktwits&amp;utm_medium=fa&amp;utm_content=fb&amp;utm_campaign=social_tracking,2020-11-05 23:29:00,-69,['fb']
254734574,how do you think the market will react to this? $fb macd histogram just turned positive. view odds of uptrend. https://srnk.us/go/2285897,2020-11-05 23:19:36,1,['fb']
254733174,"$fb futures flat, not green anymore",2020-11-05 23:13:09,-1,['fb']
254727534,$fb and baba only 2 stocks you need,2020-11-05 22:49:04,1,['fb']
254726939,$fb i see lot of bulls acting as bears to spreading fear to get a decent entry since they missed the bus. let me tell them that fb is on its path to 330. serial gapper now.,2020-11-05 22:46:32,1,['fb']
254726807,$dbx i feel as $adbe would be buying this sooner than $fb would.,2020-11-05 22:45:58,-69,"['adbe', 'fb', 'dbx']"
254725449,$fb biden bounce continues!,2020-11-05 22:40:18,1,['fb']
254723791,"$spy how bulls look, expecting a third multiple percent gap up in a row. $amzn $aapl $fb",2020-11-05 22:33:37,-1,"['aapl', 'amzn', 'spy', 'fb']"
254723597,$fb new article : facebook: continuously undervalued https://www.stck.pro/news/fb/8959867,2020-11-05 22:32:48,-69,['fb']
254722606,"some top bullish call flow we caught today
$tsla $nio $fb $slv $msft 

#options #optionsflow #stocks",2020-11-05 22:29:03,-69,"['msft', 'nio', 'slv', 'fb', 'tsla']"
254722337,"$fb new article : on election day, facebook and twitter did better by making their products worse https://www.stck.pro/news/fb/8959809",2020-11-05 22:28:06,-69,['fb']
254721744,$fb so cool,2020-11-05 22:25:53,1,['fb']
254721652,"forget biden vs. trump: the incumbent is winning in stock market  $ivz $googl $nflx $amzn $fb 

https://newsfilter.io/a/5de58877029b0f8f4e14a3a39368a9c3",2020-11-05 22:25:34,-69,"['amzn', 'nflx', 'ivz', 'fb', 'googl']"
254720855,"$amzn “everybody has a plan until they get punched in the mouth.”

nothing is infallible. $aapl $fb $goog $spy",2020-11-05 22:22:55,-1,"['aapl', 'amzn', 'goog', 'spy', 'fb']"
254719898,"biggest smart money options trades of the day (source: insiderfinance.io) 
 
1. $aapl  
2. $tsla  
3. $nio  
4. $spwr  
5. $fb",2020-11-05 22:19:42,-69,"['aapl', 'spwr', 'nio', 'fb', 'tsla']"
254719681,$fb do i here pinned to 300 tomorrow for options expiration.,2020-11-05 22:19:00,1,['fb']
254719623,"wallstfirm equity research alert (delayed) 

$fb resistance area: $279.34

price support area: $256.10

real-time equity &amp; options research: wallstfirm.com",2020-11-05 22:18:49,-69,['fb']
254719197,"$fb trump  supporters are great americans who love equality,demand fairness and treat all with dignity yet will defend themselves when needed",2020-11-05 22:17:19,1,['fb']
254715490,"deutsche bank alumni are helping son remake japan’s softbank  $fb $amzn $aapl $tmus $gs 

https://newsfilter.io/a/30ee40c2f026c9baf262e8e45c9daea9",2020-11-05 22:04:33,-69,"['aapl', 'amzn', 'gs', 'fb', 'tmus']"
254715406,"$nio $aapl $fb it’s going to be interesting to see if the market goes up tomorrow, but once again we’re nearing 12k on the nasdaq. i expect the market to drop next week, given the election will be moving to the courts.",2020-11-05 22:04:16,-1,"['aapl', 'nio', 'fb']"
254714087,$fb new article : use the same private equity strategy as america&#39;s wealthiest investors https://www.stck.pro/news/fb/8959377,2020-11-05 22:00:15,-69,['fb']
254708535,"$fb fb is not the news this election cycle, which is great news for the stock. given its growth rate, by the eoy, may be at 330+ and 400+ by eoy 2021!",2020-11-05 21:43:14,1,['fb']
254705080,$fb the $292.5 call bought yesterday has turned into over 400%😄. subscribe to get real time alert on unusual option volumes($15/month),2020-11-05 21:34:06,-69,['fb']
254704897,$aapl $msft $amzn $fb  before election trump supporters said stocks market will crash all the way to down if biden wins. why stock is not crashing?,2020-11-05 21:33:39,0,"['aapl', 'amzn', 'msft', 'fb']"
254702602,$fb was analyzed by 31 analysts. the buy consensus is at 96%. so analysts seem to be very confident about $fb. https://www.chartmill.com/stock/quote/fb/analyst-ratings?utm_source=stocktwits&amp;utm_medium=analyst&amp;utm_content=fb&amp;utm_campaign=social_tracking,2020-11-05 21:28:00,-69,['fb']
254701583,top sell flow money - 11.05.2020 -$tlt $amzn $govt $fb $gdx via super stocks app,2020-11-05 21:25:40,-69,"['amzn', 'gdx', 'tlt', 'fb', 'govt']"
254699293,"new whatsapp feature will make messages vanish after seven days

https://pageone.ng/2020/11/05/new-whatsapp-feature-will-make-messages-vanish-after-seven-days/

$fb $twtr $snap",2020-11-05 21:20:17,-69,"['fb', 'twtr', 'snap']"
254696672,$roku its like $fb all over again damn,2020-11-05 21:15:03,1,"['fb', 'roku']"
254696218,"$fb stock analysis 📉📈 
https://youtu.be/vnpdo2msfl0",2020-11-05 21:14:07,-69,['fb']
254695807,$fb another squeeze tomorrow...lol,2020-11-05 21:13:20,1,['fb']
254692568,"today&#39;s biggest market cap gainers ↗️️

1. apple ( $aapl ) +$69.36 b
2. microsoft ( $msft ) +$52.16 b
3. amazon ( $amzn ) +$40.56 b
4. tencent ( $tcehy ) +$22.64 b
5. facebook ( $fb ) +$20.79 b

more: https://companiesmarketcap.com/top-companies-by-market-cap-gain/",2020-11-05 21:06:57,1,"['aapl', 'amzn', 'msft', 'fb', 'tcehy']"
254691182,$fb $sp $amzn $aapl tomorrow will be fun.!!!good job bulls,2020-11-05 21:03:55,1,"['aapl', 'amzn', 'fb', 'sp']"
254689746,"$spy $aapl $fb $amzn $btc.x 

today
86 🚀🚀🚀 out of the 100 most popular stocks held by robinhooders are green⬆️

✅ robinhooders effect 
“relationship between robinhooders actions and stock prices change”",2020-11-05 21:00:22,1,"['aapl', 'amzn', 'spy', 'fb', 'btc.x']"
254689386,your daily news digest for facebook $fb https://wsfriend.com/daily/news/fb/2020-11-05/,2020-11-05 20:59:12,-69,['fb']
254688737,"$vxx $amzn $fb $aapl $nflx https://nymag.com/intelligencer/2020/11/georgia-runoff-elections-will-determine-senate-control.html with senate majority hanging in the balance, so too is divided government (that enables a rally). we are in for rocky road until georgia senators is known. the $ to be spent there will be off the chart.",2020-11-05 20:57:07,-69,"['aapl', 'amzn', 'nflx', 'vxx', 'fb']"
254687006,$fb or could be a rocket ship ride up? before end of day.. fat green 5 minute forming,2020-11-05 20:51:41,1,['fb']
254686829,$fb here come the green big candles,2020-11-05 20:51:11,-69,['fb']
254686368,$fb today&#39;s discount ending soon,2020-11-05 20:49:44,1,['fb']
254686111,$fb who dah baggy at 297? i think we can reload at 288 to 289 tomorrow.. just saying..,2020-11-05 20:48:54,1,['fb']
254686061,$fb theforecast.co is calling for a decline into next week there will be blood,2020-11-05 20:48:41,-1,['fb']
254685737,"$fb facebook removes group trying to cast doubt on vote 

https://newsfilter.io/a/05d5ca58369e7a79aeb4435e7a31d525",2020-11-05 20:47:35,-69,['fb']
254685275,$fb friday sell off at open!!!,2020-11-05 20:45:49,-1,['fb']
254685207,$fb rite here,2020-11-05 20:45:37,-69,['fb']
254684189,$fb ready for take off,2020-11-05 20:42:02,1,['fb']
254683837,"ok, these trades just came across  $fb  $sava 
 11/05/2020  15:13:04  bought 22 fb @ 295.11
 
-6,492.42  0.00  0.00  
 
11/05/2020  15:37:59  bought 200 sava @ 10.48
 
-2,096.00",2020-11-05 20:40:52,-69,"['sava', 'fb']"
254683724,$fb 280 tomorrow!!!!!,2020-11-05 20:40:28,-69,['fb']
254683615,$fb 290 close will be sweet!!!!,2020-11-05 20:40:07,-1,['fb']
254683482,$fb down down,2020-11-05 20:39:42,-1,['fb']
254682681,$fb tomorrow this may slide badly,2020-11-05 20:36:53,-69,['fb']
254682644,$fb how is this not 310 bid right now?,2020-11-05 20:36:45,-69,['fb']
254682546,"some top tech sector flow we caught today coming in above ask

$fb  - $530k call sweep
$qcom - $457k call sweep
$msft - $445k call sweep",2020-11-05 20:36:22,-69,"['msft', 'qcom', 'fb']"
254681681,"$fb  fake media,censorship of the truth,i do not have a fb but will buy this stock on next market correction",2020-11-05 20:33:20,1,['fb']
254681326,$fb whatsapp to roll out disappearing messages http://dlvr.it/rl4fhr,2020-11-05 20:32:04,-69,['fb']
254681073,$fb new article : whatsapp to roll out disappearing messages https://www.stck.pro/news/fb/8957663,2020-11-05 20:31:10,-69,['fb']
254680481,"$amzn not gonna lie, just had my ass beat and my dick kicked in by this rally. significant losses for sure, but always plenty of dry powder left! 

scooped 6 contracts of 11/13 amzn $3200p @ $25.00.

easy money! $spy $aapl $fb",2020-11-05 20:29:03,-1,"['aapl', 'amzn', 'spy', 'fb']"
254678832,"$fb 
get the #cheatalgo sign and jump in!
link in bio",2020-11-05 20:23:11,1,['fb']
254678215,$fb vwap rig fest just like yesterday afternoon before the pop up into the close. let&#39;s see what the f&#39;ckers do today,2020-11-05 20:20:49,-69,['fb']
254677738,"facebook removes ‘stop the steal’ group that’s casting doubt on election
https://faws.com/news/27438248
$fb",2020-11-05 20:19:14,-69,['fb']
254677005,$fb trump has two more months in the office and he wont forgive twtr and fb!,2020-11-05 20:16:30,-69,['fb']
254676740,"options greeks, can we ask for some good puts with $spy $aapl $msft and $fb 
just for the power hour.",2020-11-05 20:15:26,-1,"['aapl', 'msft', 'spy', 'fb']"
254676172,$fb now trump campaign threating law suit against fb? what the heck......,2020-11-05 20:13:06,1,['fb']
254676024,$fb reverse cup ad handle perfect at 1 min,2020-11-05 20:12:31,-69,['fb']
254674541,"$fb &#39;worrying calls for violence&#39; prompt facebook to remove rapidly growing pro-trump group 

https://newsfilter.io/a/df80c60c9e9ce06ba8270bb694462b4d",2020-11-05 20:07:12,-69,['fb']
254672236,"$fb: &quot;stop the steal&quot; fb group which launched yesterday and gathered 350,000 members who have been sharing stories of voter fraud now taken down by fb.",2020-11-05 19:59:56,-69,['fb']
254671309,$fb final fight is on ..,2020-11-05 19:56:53,1,['fb']
254671190,"$googl $1,800 and $fb $300 dreaming!",2020-11-05 19:56:29,1,"['fb', 'googl']"
254671055,"$fb  that was a big chunk to bring it down , but i think $300 is imminent",2020-11-05 19:56:00,-69,['fb']
254670389,$fb 305 soon or what 🤑,2020-11-05 19:53:51,1,['fb']
254670247,$msft $fb $aapl be wary of the long extending down wickers sweeping all those sls and collecting the gems for cheapies by shrewd mms. markets going up ...come what may.,2020-11-05 19:53:23,1,"['aapl', 'msft', 'fb']"
254669093,$fb double 5 minute top.. i think thats it for the day.. plus the tweezer top way back at 297.35 ish.. im out till tomorrow.,2020-11-05 19:49:31,1,['fb']
254668384,"$fb there used to be eliot waves, now they&#39;re called eliot stair steps",2020-11-05 19:47:12,-69,['fb']
254667713,$fb new article : facebook&#39;s whatsapp to expand indian payments service after npci approval https://www.stck.pro/news/fb/8957046,2020-11-05 19:45:06,-69,['fb']
254667557,$fb the fb twerp should be in prison with quid pro joe!,2020-11-05 19:44:38,-1,['fb']
254667529,"$fb classic mm manipulation, you can see rsi is lower and lower and stock higher and higher. now it is pinned under resistance cause before next session they will try to push it higher. they only need to push it above 300 and get two huge supports, from round number and from wedge. do not recommend shorting it",2020-11-05 19:44:31,-69,['fb']
254667147,$fb $290,2020-11-05 19:43:24,-1,['fb']
254666339,$fb $nflx $googl grabbed some cheap weekly puts for tomorrow. let’s see how it plays out! good luck everyone!,2020-11-05 19:40:46,-1,"['nflx', 'fb', 'googl']"
254665720,$fb gonna use my rent to buy 2 296 put expiring tomorrow. wish me good luck....lol,2020-11-05 19:38:33,-1,['fb']
254664075,"whatsapp gets license in india to operate payment service

https://pageone.ng/2020/11/05/whatsapp-gets-license-in-india-to-operate-payment-service/

$fb $pypl",2020-11-05 19:32:46,-69,"['fb', 'pypl']"
254662802,$fb reaching 297 resistance point. break over it. acting like tomorrow. hopefully tomorrow it will do gap up at open.,2020-11-05 19:28:27,1,['fb']
254662437,the altman-z score of $fb is much better than the industry average of 3.61. https://www.chartmill.com/stock/analyzer/stock/fb?view=fundamental-analysis&amp;key=131a58de-6f11-4987-976d-55bb2ea98644&amp;utm_source=stocktwits&amp;utm_medium=fa&amp;utm_content=fb&amp;utm_campaign=social_tracking,2020-11-05 19:27:00,-69,['fb']
254660802,$fb it is time,2020-11-05 19:21:13,-1,['fb']
254659557,$fb stop teasing and bust through $300 already,2020-11-05 19:16:59,1,['fb']
254659341,whatsapp gets india permit to go live with payments service $fb @whatsapp https://yhoo.it/3esbmnf,2020-11-05 19:16:15,-69,['fb']
254658934,$fb this is a global company buy,2020-11-05 19:15:01,-69,['fb']
254658537,"$fb: on july, i assumed fb would follow $tmo&#39;s pattern. here it is.",2020-11-05 19:13:40,-69,"['tmo', 'fb']"
254658306,"$fb up 14% in 3 days.....will never last, never does....cmon people, doesn&#39;t take a rocket scientist",2020-11-05 19:12:45,-69,['fb']
254658008,$crm $fb: my dreams.,2020-11-05 19:11:38,-69,"['crm', 'fb']"
254657545,"$spy $aapl $fb $amzn $btc.x 
🇺🇸🇺🇸🇺🇸🇺🇸🇺🇸🇺🇸🇺🇸🇺🇸🇺🇸🇺🇸🇺🇸🇺🇸
just for laughs...",2020-11-05 19:10:01,-69,"['aapl', 'amzn', 'spy', 'fb', 'btc.x']"
254657421,$fb charted on august.,2020-11-05 19:09:36,-69,['fb']
254655045,$fb big drop coming,2020-11-05 19:01:34,-69,['fb']
254654959,$fb  follow my ig for more  @ trading_with_austin_,2020-11-05 19:01:19,-69,['fb']
254654855,$fb most people took profit yesterday  what left is people with shorts to cover in closing,2020-11-05 19:00:58,1,['fb']
254654352,"$spy stop buying!!!!!! your killing the virus 

$amd $aapl $fb $dkng",2020-11-05 18:59:25,-69,"['aapl', 'amd', 'spy', 'fb', 'dkng']"
254653898,$fb 299 by close,2020-11-05 18:57:42,-69,['fb']
254653848,$fb biden or trump police simulator reform vtsi no float not say buy,2020-11-05 18:57:29,-69,['fb']
254653415,"$fb whatsapp is launching a new disappearing messages feature this month for all users worldwide. the feature essentially lets users enable a setting that will automatically delete messages after seven days. anyone can enable the feature in individual chats, and group admins will have the ability to turn on the setting in group chats. 

whatsapp says that it’s starting with seven days because it believes that the time period offers peace of mind that conversations aren’t permanent, while remaining practical so you don’t forget what you were talking about.",2020-11-05 18:56:03,-69,['fb']
254652400,$fb looking heavy here. puts if this breaks below 294. r/r is not there on the call side.,2020-11-05 18:52:35,-1,['fb']
254650775,$fb the real pandemic fake news and censorship,2020-11-05 18:46:40,1,['fb']
254650598,$fb  trunp wins an honest election,2020-11-05 18:46:03,1,['fb']
254650564,"$fb trying to buy 22 at 295.10
 open buy  22  fb limit  295.11  --  11  05  20  --",2020-11-05 18:45:55,-69,['fb']
254650534,$fb 👍🏻 - amazed!,2020-11-05 18:45:47,-69,['fb']
254650436,$fb  is president  trump starting the trump news network,2020-11-05 18:45:28,1,['fb']
254650251,"$fb i love you shorts bitcoin,tesla,drys,some of the greatest things ever invented is shorts on wall st.ty shorts",2020-11-05 18:44:49,1,['fb']
254649747,$fb started short here,2020-11-05 18:43:07,-69,['fb']
254649691,$fb ceo know&#39;s a biden win is a immediate catalyst for facebook. 350$ soon!!!!,2020-11-05 18:42:57,1,['fb']
254649367,$fb $w price buddies 👯‍♀️ 👯‍♀️ ~295/296 😊,2020-11-05 18:41:48,-69,"['fb', 'w']"
254649358,"$fb sweet alert this morning for the team! 
 
thank you! 
 
when you&#39;ve had enough of following shady clowns here, check out the link in my bio to learn more. join a strong team, and let&#39;s build each other up instead of tearing each other down.",2020-11-05 18:41:47,-69,['fb']
254649345,@zak05 which strike $fb ?,2020-11-05 18:41:45,-69,['fb']
254648826,$fb just took a $60k bet looking at this chart,2020-11-05 18:39:50,-69,['fb']
254648770,$spy everything happen and floating on 0 volume. the fall will be brutal. $aapl $amzn $fb $goog,2020-11-05 18:39:37,-1,"['aapl', 'amzn', 'goog', 'spy', 'fb']"
254648521,"$fb $amzn $googl  
nasdaq is under resistance and 3-3-3-3-3 presume it to go lower again, but considering low volume i bet mm will try to push it on tomorrow premarket. then we will see continuation of rally",2020-11-05 18:38:47,1,"['amzn', 'fb', 'googl']"
254648507,$fb sell off before market close.,2020-11-05 18:38:43,-1,['fb']
254648216,$fb fb 300$ biden win= 350$ quick!!  fb aabb coin coming.,2020-11-05 18:37:45,1,['fb']
254647669,"$fb market is the weak point of trump. after they announce his loss tonight, i doubt he let the market goes up 10 points tomorrow, that means people are celebrating his loss, so it seems  they are pumping the market just before he makes it crash in next couple of weeks again",2020-11-05 18:36:03,-69,['fb']
254647573,$fb hope you saw those spooky big red candles lol,2020-11-05 18:35:44,-1,['fb']
254646328,"$spy $qqq $aapl $fb with premiums as high as they are, i think the smart move is to start selling calls and collecting the premium",2020-11-05 18:31:30,-69,"['aapl', 'spy', 'fb', 'qqq']"
254645754,$fb reaching 297 resistance point. break over it.,2020-11-05 18:29:25,1,['fb']
254644379,"$fb ha, loving this",2020-11-05 18:24:10,-1,['fb']
254643026,"so another article talking about this buffet yardstick was posted march 5th. we all remember march and i don’t think a huge drop is incoming but it’s interesting enough, what do you guys think?
 $zm $w $fb $tsla",2020-11-05 18:19:30,-69,"['fb', 'tsla', 'w', 'zm']"
254642346,$fb help,2020-11-05 18:16:53,-69,['fb']
254642107,$usio buy here!!!   $nio $f $fb $twtr,2020-11-05 18:16:07,1,"['f', 'nio', 'fb', 'twtr', 'usio']"
254641928,$fb $aapl $msft $nvda i think fed may announce continuing qe may be additional qe. boe did the same overnight. markets should not react and accelerate to run up.,2020-11-05 18:15:30,1,"['aapl', 'msft', 'nvda', 'fb']"
254641716,$twtr $fb $aapl $goog etc. strange these are so strong just based on the perception of lack of federal litigation when there is more going on outside of that and the possible huge backlash against these companies and the people that work there. i think people really don&#39;t understand what is going on. they live in some semi virtual world that lacks cause and effect. whether it be social duress or alternative platforms..not all is so rosy being the events going on so i would definitely have some stops.,2020-11-05 18:14:43,-69,"['aapl', 'goog', 'fb', 'twtr']"
254641696,$snap $fb are feature stealing funk heads. go long both but $snap is going 🧗🏽‍♂️,2020-11-05 18:14:40,1,"['fb', 'snap']"
254641287,$fb 🚀 🚀 🚀,2020-11-05 18:13:06,-69,['fb']
254638127,$fb feeling the break out within the hour,2020-11-05 18:01:10,-69,['fb']
254637354,"$fb dark_pool print 40,000 shares by 11.8 m, price: 295.00",2020-11-05 17:58:43,-69,['fb']
254637297,$amzn $aapl $fb $msft $nvda tech is flying here is why https://youtu.be/g6zwah8kjqa,2020-11-05 17:58:28,1,"['aapl', 'amzn', 'msft', 'nvda', 'fb']"
254636968,"our performance at the thetradinganalyst.com/ since late april...

23 wins/10 losses...  average trade +20.68%

highlighted by $pins $aes $fb $amd $qcom wins",2020-11-05 17:57:14,-69,"['qcom', 'aes', 'amd', 'fb', 'pins']"
254636703,"new monthly highs 
$ge $tlry $solo $fb $jmia  
 
+72 more results 
stockbeep.com/mhi-nov5p",2020-11-05 17:56:14,-69,"['ge', 'fb', 'tlry', 'solo', 'jmia']"
254636486,$fb gap to fill to $302.80 ⬆️🐂 let&#39;s go!!!,2020-11-05 17:55:32,1,['fb']
254636203,"kevin o&#39;leary&#39;s calls of the day: alibaba, facebook

related tickers: $aapl $baba $fb",2020-11-05 17:54:30,-69,"['aapl', 'fb', 'baba']"
254635992,$snap anytime this gets any momentum $fb steals a feature and down again ..gl,2020-11-05 17:53:49,-1,"['fb', 'snap']"
254635289,$fb will we continue with another green tomorrow? asking for a friend...lol,2020-11-05 17:51:29,-69,['fb']
254633375,$fb ‘320.00’,2020-11-05 17:44:34,-69,['fb']
254633254,"kevin o&#39;leary on cnbc: alibaba is up to 5% of my holdings at this point, work from anywhere is an important theme, facebook ads is the number one spend in my smallcap companies due to high irr

related tickers: $baba $fb",2020-11-05 17:44:10,-69,"['fb', 'baba']"
254633174,"$fb $msft buy fb. spike due to approval of payment on whatsapp in india🚀🚀🚀🚀 $tsla

whatsapp has received approval to roll out its payments service in india starting with 20 million users, the country&#39;s flagship payments processor said on thursday, giving the facebook-owned app an entry into a crowded digital payments space.

whatsapp, which has over 400 million users in india, its biggest market, will compete with alphabet inc&#39;s google pay, softbank- and alibaba-backed paytm and walmart&#39;s phonepe.",2020-11-05 17:43:53,1,"['msft', 'fb', 'tsla']"
254633156,"$nvda congrats if you jumped in trimmed some but holding the rest we eating both waysss let’s goo 

follow for alerts :) $spy $fb $tsla",2020-11-05 17:43:50,-69,"['nvda', 'spy', 'fb', 'tsla']"
254632972,"kevin o&#39;leary&#39;s calls of the day: alibaba, facebook
— benzinga
$fb",2020-11-05 17:43:08,-69,['fb']
254632882,"kevin o&#39;leary on cnbc: bought more apple, facebook, alibaba, says there&#39;s a &#39;jack ma discount&#39; on alibaba, thinks ant group will ipo by end of year

related tickers: $aapl $baba $fb",2020-11-05 17:42:48,-69,"['aapl', 'fb', 'baba']"
254632744,"$spy $aapl $fb $amzn $btc.x

cryptocurrency
bitcoin surges past $15,000, hitting its highest level since january 2018

https://www.cnbc.com/2020/11/05/bitcoin-price-hits-highest-level-since-january-2018.html",2020-11-05 17:42:16,-69,"['aapl', 'amzn', 'spy', 'fb', 'btc.x']"
254631615,$fb - what strength!,2020-11-05 17:38:05,-69,['fb']
254631611,$fb bears with friday expiry are nervous. come on $300 by eod friday.,2020-11-05 17:38:04,1,['fb']
254631507,$fb,2020-11-05 17:37:41,1,['fb']
254631480,$fb another outburst 298,2020-11-05 17:37:36,1,['fb']
254630939,$spy seems trump hates testing for covid19 and allowing votes to be counted fairly... wow ! a new low in this country where people actually backed that...  notables: $fb $twtr $googl $snap for monitoring his fake assertions  😑,2020-11-05 17:35:41,-1,"['spy', 'fb', 'twtr', 'snap', 'googl']"
254630927,"$fb big smart money unusual options activity today with 500k in unusual options calls premiums 9% otm expiring 12/11, found through real-time alerts from insiderfinance.io. see the options chain smart money traded and profit like a wall street insider with trade details in screenshot.",2020-11-05 17:35:39,-69,['fb']
254630387,$baba kevin o&#39;leary pumping $baba and $fb on msnbc ⬆️🐂,2020-11-05 17:33:31,1,"['fb', 'baba']"
254630234,@kingdips ok but i’m wondering bc i’m short $fb and it’s in $qqq and it’s lining up different then $spy !,2020-11-05 17:32:55,-69,"['spy', 'fb', 'qqq']"
254629954,$fb $msft $aapl $spy when will mr. powell talk shit about the economy. what time is the meting today?,2020-11-05 17:31:46,-1,"['aapl', 'msft', 'spy', 'fb']"
254629745,"most gaining stocks in the nasdaq 100 today: $ctxs, $wba and $fb https://www.chartmill.com/stock/stock-screener?v=3&amp;f=ind_20&amp;s=pt&amp;utm_source=stocktwits&amp;utm_medium=screener&amp;utm_content=stock_screener:_top_nasdaq_100_gainers&amp;utm_campaign=social_tracking",2020-11-05 17:31:01,-69,"['ctxs', 'wba', 'fb']"
254628852,stocktwits trending alert: trading recent interest in facebook $fb https://wp.me/p5blgb-blcz,2020-11-05 17:27:39,-69,['fb']
254628570,$fb only bulls could handle this good,2020-11-05 17:26:39,1,['fb']
254628562,$fb  remember fb is wearing springs today,2020-11-05 17:26:38,1,['fb']
254628403,$fb outperforms 88% of all stocks! https://www.chartmill.com/stock/quote/fb/technical-analysis?key=131a58de-6f11-4987-976d-55bb2ea98644&amp;utm_source=stocktwits&amp;utm_medium=ta&amp;utm_content=fb&amp;utm_campaign=social_tracking,2020-11-05 17:26:02,-69,['fb']
254627954,$fb ain’t shit,2020-11-05 17:24:23,-69,['fb']
254627728,$fb it’s time,2020-11-05 17:23:34,-1,['fb']
254627314,"$googl hmm, weakest of the big tech today. $aapl $amzn $fb",2020-11-05 17:22:09,-69,"['aapl', 'amzn', 'fb', 'googl']"
254627080,call sweeps over 500k (a/o12:20pmest): $xpev $msft $enph $tsla $fb,2020-11-05 17:21:17,-69,"['msft', 'fb', 'tsla', 'enph', 'xpev']"
254627065,$fb 290 in half an hour.,2020-11-05 17:21:15,-69,['fb']
254626776,$fb faux valuation! https://www.multpl.com/s-p-500-price-to-sales,2020-11-05 17:20:15,-1,['fb']
254626327,$fb 💯,2020-11-05 17:18:37,1,['fb']
254626042,$fb my bad gap is higher on the hourly chart. gap fill to $302ish ⬆️🐂,2020-11-05 17:17:42,1,['fb']
254625154,$fb here comes 300 in 10 minutes,2020-11-05 17:14:33,1,['fb']
254625131,$fb so maybe bulls can help me to understand this move. company warned for it next outlook and they said they have so much uncertainty and lower forecast but we see price is going up now. i am not short but didnt buy at low last week because of not having rosy outlook but cant get why this is running up now,2020-11-05 17:14:27,-69,['fb']
254624927,$fb now we just wait for the drop..,2020-11-05 17:13:41,-1,['fb']
254624787,$fb woop wooop 🚀🚀🚀,2020-11-05 17:13:07,1,['fb']
254624258,guess $fb likes biden,2020-11-05 17:11:11,-69,['fb']
254624196,$fb 300-305,2020-11-05 17:10:53,-69,['fb']
254623522,"$fb strong sell, buy at 149 https://www.multpl.com/shiller-pe",2020-11-05 17:08:16,-1,['fb']
254622883,$aapl $btc.x $fb $spy $amzn  &quot;plenty of proof&quot; he doesn&#39;t even know what proof means. good fucking luck!!,2020-11-05 17:05:38,-69,"['aapl', 'amzn', 'spy', 'fb', 'btc.x']"
254622849,"whatsapp gets india permit to go live with payments service  $wmt $amzn $googl $fb 

https://newsfilter.io/a/a066da4546193e011050f0df2d0355f5",2020-11-05 17:05:31,-69,"['amzn', 'wmt', 'fb', 'googl']"
254622831,"facebook shares are trading higher as tech stocks continue to surge amid the us 2020 presidential election. faang stocks have performed well amid election uncertainty this week.

related tickers: $fb",2020-11-05 17:05:27,-69,['fb']
254622801,"unusual options activity from smart money to start the day (source: insiderfinance.io): 
 
1. $fb  
2. $tsla  
3. $xpev  
4. $amzn  
5. $u",2020-11-05 17:05:23,-69,"['amzn', 'fb', 'tsla', 'u', 'xpev']"
254622040,"$fb ant’s squashed ipo by china highlights global fintech challenge 

https://newsfilter.io/a/d765cbb84386403531f7fb96789cc33d",2020-11-05 17:02:33,-69,['fb']
254621906,"*update 9/28/20 post* $fb abc bullish pattern + rev. spiral  
 
fb since post 
up $36.62 (14.11%) 
then: 259.47 
now: 296.09",2020-11-05 17:02:02,-69,['fb']
254621670,$fb so facebook goes up when the rsi goes down hmmmm,2020-11-05 17:01:11,-1,['fb']
254621242,$dkng $fb $ups $fdx $nio looking strong,2020-11-05 16:59:38,1,"['fdx', 'nio', 'ups', 'fb', 'dkng']"
254621012,"new monthly highs 
$fb $abbv $bmy $znga $biib  
 
+58 more results 
stockbeep.com/mhi-nov4p",2020-11-05 16:58:44,-69,"['biib', 'bmy', 'fb', 'znga', 'abbv']"
254620983,"gap up and higher 
$fb $sava $bmy $abbv $pfe  
 
+75 more results 
stockbeep.com/gup-nov4a",2020-11-05 16:58:39,-69,"['sava', 'bmy', 'pfe', 'fb', 'abbv']"
254619610,@ankipate doesnt matter ...in bed with govts....for spying and tracking.....peter thiel early investor just like $pins $fb $pypl,2020-11-05 16:53:47,-69,"['fb', 'pins', 'pypl']"
254619558,facebook: forecasting the bounce from blue box area https://elliottwave-forecast.com/stock-market/facebook-forecasting-bounce-blue-box/ #elliottwave #trading $fb #facebook,2020-11-05 16:53:36,-69,['fb']
254886120,"i will say $fb whatsapp did a pretty slick job integrating p2p payments. given whatsapp is the default os in india, this will be pretty successful... $sq $pypl  fortunate whatsapp isn’t as popular in the us",2020-11-06 16:36:42,1,"['fb', 'sq', 'pypl']"
254887151,$fb $295 puts here,2020-11-06 16:39:54,-1,['fb']
254887246,$fb recommendations to sell options (buy-write) on 2020-11-06 for fb https://wsfriend.com/autotrader/alerts/fb?date=2020-11-06,2020-11-06 16:40:11,-69,['fb']
254887339,$amzn lvl ii data and the vix paint a different picture. $aapl $fb $spy,2020-11-06 16:40:27,-1,"['aapl', 'amzn', 'spy', 'fb']"
254887645,$fb don&#39;t fall for it.....you&#39;ll be sorry....,2020-11-06 16:41:24,-69,['fb']
254888732,"$fb about to boom with india approving whatsapp financial applications across the the region, where in some cases bank access is limited, big deal.",2020-11-06 16:44:42,1,['fb']
254889272,nov 13 2020 $fb 295.00 call at $5.58,2020-11-06 16:46:19,1,['fb']
254889344,$fb expect 285 close today,2020-11-06 16:46:38,-69,['fb']
254890058,$fb this is the bets the bears can do? lol,2020-11-06 16:49:08,1,['fb']
254890655,$amzn everything still propped on 0 volume. lmao. lock in those profits soon. $aapl $fb $spy,2020-11-06 16:51:04,-1,"['aapl', 'amzn', 'spy', 'fb']"
254893427,$fb whatsapp payment is big growth.,2020-11-06 17:00:11,1,['fb']
254893893,$fb what has happened here?,2020-11-06 17:01:49,1,['fb']
254894700,$fb  green :o showing great strength the past few days :d,2020-11-06 17:04:31,1,['fb']
254894742,"$pton $nio $fb $amzn your criminal putin-loving, draft-dodging, white supremacist-loving, crotch-grabbing, tax-dodging, military-insulting president lost, snowflakes. get over it.",2020-11-06 17:04:38,1,"['amzn', 'nio', 'fb', 'pton']"
254894937,"wallstfirm equity research alert (delayed) 

$fb resistance area: $279.34

price support area: $256.10

real-time equity &amp; options research: wallstfirm.com",2020-11-06 17:05:20,1,['fb']
254895420,$amzn $fb $aapl so nobody here is worried about biden winning + democrats winning both senate and house?,2020-11-06 17:07:13,-69,"['aapl', 'amzn', 'fb']"
254895662,$nndm and $tsla $fb $goog gonna fly 🧪🚀🧪🚀,2020-11-06 17:08:03,1,"['goog', 'fb', 'tsla', 'nndm']"
254896277,$fb  you can only cover the truth with lies for so long,2020-11-06 17:10:25,1,['fb']
254897287,"$fb in at $189, sell and rebuy at $260? or hold? 🤔",2020-11-06 17:13:53,-69,['fb']
254897392,$fb hammer on 10 minutes,2020-11-06 17:14:13,1,['fb']
254897727,$fb trump gets ripped and the markets tank i’m selling,2020-11-06 17:15:27,-69,['fb']
254897738,$msft $qqq $fb $aapl 2nd major gap also filled by today&#39;s drop. check out the qqq chart. we shoot upside as we have double bottomed in past 3 months with no bad news.,2020-11-06 17:15:29,1,"['aapl', 'msft', 'fb', 'qqq']"
254899947,"$roku election is over advertisement business will shrink, and ad move to $fb . since $fb restriction on advertisement will be removed. so ad business will go down from here, also too much crowded for streaming content and devices.",2020-11-06 17:23:54,-1,"['fb', 'roku']"
254901882,"$spy $uvxy $qqq $fb in the after hours session i tweeted my $aapl buy, while the futures were under pressure.  follow the twitting...",2020-11-06 17:31:18,-69,"['aapl', 'spy', 'fb', 'qqq', 'uvxy']"
254902004,f a g  am $fb $aapl $googl  $amzn $msft https://www.multpl.com/shiller-pe,2020-11-06 17:31:46,-1,"['aapl', 'amzn', 'msft', 'fb', 'googl']"
254902774,$fb has a return on assets of 17.26%. this is amongst the best returns in the industry. https://www.chartmill.com/stock/quote/fb/fundamental-analysis?key=131a58de-6f11-4987-976d-55bb2ea98644&amp;utm_source=stocktwits&amp;utm_medium=fa&amp;utm_content=fb&amp;utm_campaign=social_tracking,2020-11-06 17:35:00,-69,['fb']
254905747,$fb fb after election becomes officially unofficial fb 350$-30 days-600$ q3 2021    aabb .10-.25 gold coin coming!!!   glta,2020-11-06 17:46:51,1,['fb']
254907464,"$tqqq $fngu$aapl$amzn $fb $tsla $googl  
 
sold all tech guys 
 
its gonna be red next week 
and you know what i mean by red",2020-11-06 17:53:50,-1,"['fb', 'tqqq', 'tsla', 'googl']"
254908273,$fb i think this should generate some additional $$  https://finance.yahoo.com/news/whatsapp-gets-india-permit-live-190433437.html,2020-11-06 17:56:47,1,['fb']
254909530,i feel like social media &amp; cigarette companies have a nice tailwind this quarter. $fb $twtr $bti $mo,2020-11-06 18:01:34,1,"['bti', 'mo', 'fb', 'twtr']"
254619492,$fb 1 hour view from 10/21 post-market update presented to members at http://elliottwave-forecast.com ended pullback &amp; called for further upside to take place #elliottwave #trading #facebook,2020-11-05 16:53:23,-69,['fb']
254619442,$fb here&#39;s how we saw it 10/19 midday update at http://elliottwave-forecast.com #elliottwave #trading #facebook,2020-11-05 16:53:12,-69,['fb']
254619369,$fb 1-hour view from 10/10 weekend update. showing reaction higher taking place from the blue box area. allowed longs to get into risk-free position  #elliottwave #trading #facebook,2020-11-05 16:52:57,-69,['fb']
254619366,$fb killing it today!! very nice 😄,2020-11-05 16:52:56,1,['fb']
254619324,$fb ended 5 waves from sep lows &amp; made a 3 pullback towards blue box area. read chart of the day from 10/07 https://elliottwave-forecast.com/news/elliott-wave-view-facebook-fb-reaching-support-area/  #elliottwave #trading #facebook,2020-11-05 16:52:46,-69,['fb']
254619214,$fb 1 hour view from 9/30 midday update presented to members at http://elliottwave-forecast.com  #elliottwave #trading #facebook,2020-11-05 16:52:23,-69,['fb']
254619161,$fb 1 hour view from 9/28 midday update presented to members at http://elliottwave-forecast.com ended the pullback &amp; now bouncing higher again  #elliottwave #trading #facebook,2020-11-05 16:52:11,-69,['fb']
254618522,"$fb parabolic 
classic fb
can dump $20 a day or up",2020-11-05 16:50:01,-69,['fb']
254618268,$fb hasn&#39;t been this far above the 200 day since the beginning of september....which then saw the $300+ to sub $250 move in 2 weeks.... will be interesting to watch,2020-11-05 16:49:04,-69,['fb']
254617870,$fb gap to fill @ $298.60⬆️🐂,2020-11-05 16:47:47,1,['fb']
254617566,$fb nice algo suckin&#39; the fomo&#39;s in for the rug pull....,2020-11-05 16:46:40,-69,['fb']
254617342,$fb,2020-11-05 16:45:53,-1,['fb']
254617244,$fb i know exactly what happened this pump was because of bitcoin and facebook cyrpto currency,2020-11-05 16:45:34,-1,['fb']
254617066,"$spy $aapl $fb $amzn $btc.x 
🇺🇸🇺🇸🇺🇸🇺🇸🇺🇸🇺🇸🇺🇸🇺🇸🇺🇸🇺🇸🇺🇸🇺🇸
buckle up !!!

donald j. trump’s tweets:
all of the recent biden claimed states will be legally challenged by us for voter fraud and state election fraud. plenty of proof - just check out the media. we will win! america first!",2020-11-05 16:44:52,-69,"['aapl', 'amzn', 'spy', 'fb', 'btc.x']"
254616666,$fb double tweezer top 297.34.. reload at vwap,2020-11-05 16:43:21,1,['fb']
254616327,"$amzn $goog $aapl $fb $nflx 
just lovely",2020-11-05 16:41:59,-69,"['aapl', 'amzn', 'goog', 'nflx', 'fb']"
254616126,$fb it might correct itself by tomorrow.,2020-11-05 16:41:14,-69,['fb']
254616032,$fb rsi lower and lower while price higher and higher...,2020-11-05 16:40:49,-1,['fb']
254615867,$fb recommendations to sell options (buy-write) on 2020-11-05 for fb https://wsfriend.com/autotrader/alerts/fb?date=2020-11-05,2020-11-05 16:40:11,-69,['fb']
254615806,$fb lolllllll all sucked in for mm&#39;s play of the day. pump n dump. thats how they get ya hahahhaha,2020-11-05 16:40:00,-1,['fb']
254615699,"$fb $amzn $aapl $googl people celebrating a red senate because they won&#39;t let more liberal cabinet members get through, but isn&#39;t a new doj still able to bring anti-trust lawsuits? i&#39;m long, but confused. 🤔",2020-11-05 16:39:40,1,"['aapl', 'amzn', 'fb', 'googl']"
254615511,$fb classic buy the top then sell when it gets back to those levels,2020-11-05 16:38:59,-69,['fb']
254615422,i hope i wont regret selling my $fb at 297,2020-11-05 16:38:39,-69,['fb']
254615252,$fb told ya pump n dump... just wait for a sell off market into close today!,2020-11-05 16:38:04,-1,['fb']
254615078,"$fb finally after holding 3 month , sold my fb shares ✅✅👏",2020-11-05 16:37:26,-69,['fb']
254614992,$fb i sold. made over 700% profit with options,2020-11-05 16:37:07,1,['fb']
254614909,$fb this is a little ridiculous that it&#39;s this far over the 9dema.   these large cap tech can&#39;t usually sustain.  market is in rip your face off mode though.  would like this to touch ath but i imagine it will be abandon ship before that.,2020-11-05 16:36:50,-69,['fb']
254614185,$fb 300$ calls are 2.08 x nov   6 or nov 20 calls 8.05,2020-11-05 16:34:20,1,['fb']
254614060,$fb sellllllllllll back to 280,2020-11-05 16:33:54,-1,['fb']
254614001,"$fb posted at 10:24 in our room vs 294.00 stock

if you like trading news and option volume come check us out: www.openoutcrier.com

free two week trial for all new members",2020-11-05 16:33:40,-69,['fb']
254613791,$fb i see a 5-7% correction in which i will load up .. puts for now,2020-11-05 16:32:56,-1,['fb']
254613498,$fb did zuck announce he’s sleeping with biden? this stock is running like zuck won the election.,2020-11-05 16:31:54,-69,['fb']
254613203,$fb now dumping.......lol,2020-11-05 16:30:57,-1,['fb']
254612939,"$spy $aapl $fb $amzn $btc.x

✅ robinhooders effect 
“relationship between robinhooders actions and stock prices change”

today 10 best performance of the 100 most popular stock held by robinhooders:

1: acb +21.78%🚀🚀🚀
  
2: tlry +21.92%🚀🚀🚀
  
3: mfa +9.97%
  
4: cron+9.93%
  
5: pltr +9.51%
  
6: apha +9.36%
  
7: plug +8.37%
  
8: cgc +8.16%
  
9: play +7.56%
  
10: wkhs +7.63%",2020-11-05 16:30:06,-69,"['aapl', 'amzn', 'spy', 'fb', 'btc.x']"
254612898,$fb sold! 23k profit in 2 hours,2020-11-05 16:30:00,-69,['fb']
254612886,$fb was an easy add under 265,2020-11-05 16:29:57,-69,['fb']
254612828,$fb false hype!!! selllllll,2020-11-05 16:29:45,-1,['fb']
254612772,"@thankfulness i doubt that ... everyone has learned their lesson that it will all eventually bounce back … since eventually we will have:

a president 
a stimulus 
a vaccine 
ath’s ✅

 $aapl $msft $amzn $goog $fb",2020-11-05 16:29:34,1,"['aapl', 'amzn', 'goog', 'msft', 'fb']"
254612547,$fb 300$$$ coming,2020-11-05 16:28:45,1,['fb']
254612482,$fb in and out for a 36% profit on the $300 calls,2020-11-05 16:28:34,1,['fb']
254612464,$fb putssssssssssss now!!!!!,2020-11-05 16:28:30,-1,['fb']
254612446,$fb india permits whatsapp payments service to go live - bbg,2020-11-05 16:28:25,-69,['fb']
254612429,india permits whatsapp payments service to go live $fb,2020-11-05 16:28:21,-69,['fb']
254612424,$fb   vol pop bbrg mentions that india permits whatsapp payments service to go live (sm),2020-11-05 16:28:20,1,['fb']
254612405,$fb oof... tough 2 days for bears,2020-11-05 16:28:14,-69,['fb']
254612363,$fb repeat sweeper,2020-11-05 16:28:07,1,['fb']
254612346,$fb david einhorn must be covering his short on fb.. hope he lost millions!!!,2020-11-05 16:28:03,1,['fb']
254612308,$fb pump and dump,2020-11-05 16:27:54,-1,['fb']
254612254,"$fb  $300 plus, still bears are in dreams",2020-11-05 16:27:44,1,['fb']
254612204,$fb out,2020-11-05 16:27:34,-1,['fb']
254612031,$fb $300+ lets go!,2020-11-05 16:26:59,1,['fb']
254612009,$fb the more you go up the more i short it,2020-11-05 16:26:54,-69,['fb']
254611961,$fb india permits whatsap payments service to go live - bbg,2020-11-05 16:26:43,-69,['fb']
254611880,$fb why the sudden rise?,2020-11-05 16:26:25,-69,['fb']
254611783,$fb  squeeze coming your way,2020-11-05 16:26:03,1,['fb']
254611638,$fb  $300,2020-11-05 16:25:34,1,['fb']
254611609,*india permits whatsapp payments service to go live $fb,2020-11-05 16:25:29,-69,['fb']
254608720,$fb new article : whatsapp receives approval to expand its payments service in india https://www.stck.pro/news/fb/8953591,2020-11-05 16:15:05,-69,['fb']
254608615,$fb https://techcrunch.com/2020/11/05/whatsapp-receives-approval-to-expand-its-payments-service-in-india/,2020-11-05 16:14:45,-69,['fb']
254608496,$fb out at 2.05,2020-11-05 16:14:20,-69,['fb']
254608473,$fb dip or top heavy? place your bets,2020-11-05 16:14:14,-69,['fb']
254606596,$amzn i think volatility since now trump has filed supreme court lawsuits in some states. maybe volatility for next 2 weeks. i&#39;d sell calls and shares in all positions here today $aapl $googl $msft $fb,2020-11-05 16:07:50,-69,"['aapl', 'amzn', 'msft', 'fb', 'googl']"
254606419,$fb would love to know what the 290s were going for on monday/tuesday,2020-11-05 16:07:20,-69,['fb']
254606028,"skyworks 👉🏿broke trend line resistance likely  closes above  20 sma swks @148.25

$aapl $spy $qcom $fb $swks",2020-11-05 16:06:13,-69,"['aapl', 'qcom', 'swks', 'spy', 'fb']"
254605972,$fb facebook dropping election ads to limit trump victory claims: eisenstat http://dlvr.it/rl3rg5,2020-11-05 16:06:02,-69,['fb']
254605609,$fb if 292 support breaks then next one is 289 breaks then you know what happens hahahahaha,2020-11-05 16:04:58,-1,['fb']
254604960,$fb quick scalp. tomorrows 290 puts at 1.70,2020-11-05 16:03:02,-69,['fb']
254604636,"$fb the best thing about this dumpster fire is the crushing,  inevitable deflation of ego that always comes back to kill the white man, as his accumulation of capital is the quickest way to paralyze him amid his ostentious aggressions .",2020-11-05 16:02:03,-1,['fb']
254604209,$fb just wait for the fed metting bro hahaahaha today,2020-11-05 16:00:50,-1,['fb']
254604102,$fb lesson for shorts: delusional bulls on tread ignoring bearish divergences and immense overboughtness of nasdaq is a signal we can earn good money here,2020-11-05 16:00:33,-1,['fb']
254604092,$fb $295 being retested 🚀🚀🎯,2020-11-05 16:00:31,1,['fb']
254603848,"$fb shorts, it is not too late to admit you made a dumb decision and save your money with a cover.",2020-11-05 15:59:46,1,['fb']
254603463,$fb lesson for the shorts: strongest action is over lunch and in power hour. this is clearly a green day. $295 will be broken over lunch easily.,2020-11-05 15:58:34,1,['fb']
254602917,$fb shorties don’t want to admit they started their positions at $275 🤣🤣,2020-11-05 15:56:55,1,['fb']
254602824,"$spy wtf is going on?’ why is it going down?!!!

$amd $aapl $fb $amzn",2020-11-05 15:56:36,1,"['aapl', 'amzn', 'amd', 'spy', 'fb']"
254602771,$fb google rsi is in overbought territory and facebook is not. this still has some room 🚀,2020-11-05 15:56:25,1,['fb']
254602699,$fb sub $290,2020-11-05 15:56:11,-1,['fb']
254602664,$fb gotta avg down on puts 😂😭,2020-11-05 15:56:03,-1,['fb']
254602597,$fb this has broken $300 with 27% less revenue before. it’s going to happen again soon 🚀,2020-11-05 15:55:50,1,['fb']
254602314,"$fb in a year this price will look extremely cheap, when it’s in the 400s with an even lower p/e",2020-11-05 15:54:58,1,['fb']
254601895,$fb puts are about to print money baby hahahahah,2020-11-05 15:53:40,-1,['fb']
254600897,$fb acting like a loaded spring today ...,2020-11-05 15:50:45,1,['fb']
254600572,$fb facebook man if you don&#39;t hit $300 already lol,2020-11-05 15:49:43,1,['fb']
254600467,$fb give up 290 and let’s go to 286. swinging both sides,2020-11-05 15:49:24,-1,['fb']
254600328,$fb buy now and hold to $500 in a year and some change.,2020-11-05 15:48:56,1,['fb']
254600201,$fb still the most underrated faang stock. lowest cost of revenue by a landslide. they have too much money.,2020-11-05 15:48:33,1,['fb']
254600102,$fb not looking good too many sellers they will eat you alive bulls just,2020-11-05 15:48:11,-69,['fb']
254599479,$fb that’s all she’s got folks. sold!!,2020-11-05 15:46:15,-1,['fb']
254599350,"new article:  &quot;are media stocks the real winners of this election?&quot; - https://www.seeitmarket.com/are-media-stocks-the-real-winners-of-this-election/ 
 
by @marketminute $spy $qqq $fb $viac $iwm",2020-11-05 15:45:49,-69,"['iwm', 'spy', 'fb', 'qqq', 'viac']"
254599257,"$fb how facebook, twitter handle election misinformation http://dlvr.it/rl3myw",2020-11-05 15:45:32,-69,['fb']
254599084,$fb crazy bearish divergence on 5m - price makeng higher highs and rsi lower lows. either these divergences are nonsense at all or it will soon fall,2020-11-05 15:45:01,-1,['fb']
254598870,$fb not able to make new highs here. i just sold some 295 calls for tomorrow. see what happens. 😬,2020-11-05 15:44:23,-69,['fb']
254598530,"$nvda $spy i’m minting ¯\_(ツ)_/¯ 

congrats if you jumped in :) too easy 

follow for alerts :) $aapl $fb",2020-11-05 15:43:23,-69,"['aapl', 'nvda', 'spy', 'fb']"
254598234,$fb made $2.3k profit today off these price movements,2020-11-05 15:42:26,-69,['fb']
254597906,"$fb $amzn $googl $tsla $aapl panic buy to panic sell .. tick, tick ⏰ 🚨",2020-11-05 15:41:27,-69,"['aapl', 'amzn', 'fb', 'tsla', 'googl']"
254597038,$fb fb aabb,2020-11-05 15:38:43,1,['fb']
254596974,"investors cheer gridlock potential that could prevent tax, tech, health care overhauls  $qcom $cat $fb $googl $nflx 

https://newsfilter.io/a/900028b2b1c6e7a881b535a9c9cf2e2c",2020-11-05 15:38:31,-69,"['nflx', 'qcom', 'cat', 'fb', 'googl']"
254596749,$fb $300 closing very much possible,2020-11-05 15:37:44,1,['fb']
254596108,watch list for today: $tsla $nio $qcom $fb,2020-11-05 15:35:54,1,"['qcom', 'nio', 'fb', 'tsla']"
254595774,$fb 1-2 point down and all red bears are out ...lol,2020-11-05 15:35:01,1,['fb']
254595527,$msft $aapl $fb still not satisfied it needs to drop like my gf drops her paints when i come home. and the fed metting today omg,2020-11-05 15:34:14,1,"['aapl', 'msft', 'fb']"
254595415,"$fb stock increased 2.3% to 294.05. the largest options open interest is on the 20-nov-20 295 call with 46,241(oi) https://tinyurl.com/y73eyxht",2020-11-05 15:33:59,-69,['fb']
254595102,"$fb $amzn $aapl $nflx $goog all topping of the tanks this week preparing for a large reversal for next week.  all 15% greater short interest building with exception of $goog.  time to trim and add some puts to hedge your positions here.  nice ride, trimmed 100% of everything these names  and that&#39;s all i can say.  already know the planned headlines next week, campaign and europe shutdown and ripple affect to other key countries!  watch out!",2020-11-05 15:33:01,-1,"['aapl', 'amzn', 'goog', 'nflx', 'fb']"
254593989,"$fb 
u bulls had ur fun it’s over now",2020-11-05 15:29:44,-1,['fb']
254593212,$nvda blood red on deck today menu !!!!!!! $aapl $baba $fb $amzn,2020-11-05 15:27:34,-1,"['aapl', 'amzn', 'nvda', 'fb', 'baba']"
254592983,$fb same way it stayed 285-287 yesterday trynna stay in 391-294 today.,2020-11-05 15:26:55,-69,['fb']
254592837,$fb aapl is pulling everything down,2020-11-05 15:26:30,-69,['fb']
254592595,$fb  will go down,2020-11-05 15:25:50,-69,['fb']
254592379,$fb $qqq 👯‍♀️ 👯‍♀️ price buddies ~294,2020-11-05 15:25:12,-69,"['fb', 'qqq']"
254591958,$fb wait for it hahahahah never been so excited to short this piece of shit,2020-11-05 15:24:00,-69,['fb']
254591954,"looking at the yearly performance, $fb did better than 88% of all other stocks. https://www.chartmill.com/stock/analyzer/stock/fb?key=131a58de-6f11-4987-976d-55bb2ea98644&amp;utm_source=stocktwits&amp;utm_medium=ta&amp;utm_content=fb&amp;utm_campaign=social_tracking",2020-11-05 15:24:00,-69,['fb']
254591499,"$cost anyone think this green streak of gap ups can continue into tomorrow with possible biden confirmation ? $fb , out of the money calls can sell for profit but in the past friday mornings have put my calls in the money and then some",2020-11-05 15:22:46,1,"['cost', 'fb']"
254591276,$fb waterfalls,2020-11-05 15:22:08,-1,['fb']
254590446,"wallstfirm equity research alert (delayed) 

$fb resistance area: $279.34

price support area: $256.10

real-time equity &amp; options research: wallstfirm.com",2020-11-05 15:19:51,-69,['fb']
254590239,$fb so strong! amazing earning clear path ahead 315 soon,2020-11-05 15:19:18,1,['fb']
254589752,$fb come on man make some move either go fucking up or go down bitch,2020-11-05 15:17:55,-69,['fb']
254589294,"$xom $fb election rally is feeding the duration monster in stock markets 

https://newsfilter.io/a/96985458df62f63413ec3c6147b85564",2020-11-05 15:16:31,-69,"['xom', 'fb']"
254588908,"@goldenlad exactly. back then i did not trust my instinct about $fb, now i am in $uber for the same anticipated ride. great brand and market position. they will make money, eventually.",2020-11-05 15:15:24,1,"['fb', 'uber']"
254587768,$spy $fb howz it going?,2020-11-05 15:12:15,-69,"['spy', 'fb']"
254587010,$fb i got 290 nov 20 calls before er and it tanked and now it’s back up and my losses are gone and have gains of 16 percent. should i sell or hold ? can it go past 300 and more by nov 20? any advise would be appreciated. lately i have made all bad decisions and lost a lot of money,2020-11-05 15:10:18,-69,['fb']
