id,body,created_at,sentiment,symbols
254822309,"$altr beats by $0.08, beats on revs; guides q4 revs below consensus; guides fy20 revs in-line https://www.briefing.com/in-depth-analysis/content/article?articleid=in20201105164632altr",2020-11-06 13:18:44,-69,['altr']
254818265,"$altr earnings call today: 8:30 am est 
webcast: http://mmm.wallstreethorizon.com/u.asp?u=349529 
stockpods beta is now live. visit to find analyst ratings, stock price targets, and phone/pin for today&#39;s earnings calls: https://www.stockpods.com",2020-11-06 12:59:19,-69,['altr']
254758950,last10k highlighted 42 positive and negative remarks in $altr&#39;s 10-q filed today. see them in the quarterly report: https://last10k.com/sec-filings/altr/0001564590-20-051432.htm?utm_source=stocktwits&amp;utm_medium=forum&amp;utm_campaign=sentiment&amp;utm_term=altr,2020-11-06 01:28:36,-69,['altr']
254732017,$altr updates fy 2020after-hours guidance to eps and revenue guidance to $448-453 million. https://www.marketbeat.com/g/52933,2020-11-05 23:08:09,-69,['altr']
254732011,$altr updates q4 2020after-hours guidance to eps and revenue guidance to $112-117 million. https://www.marketbeat.com/g/52934,2020-11-05 23:08:08,-69,['altr']
254731856,$altr just filed with the sec a earnings release and a financial exhibit https://last10k.com/sec-filings/altr/0001564590-20-051405.htm?utm_source=stocktwits&amp;utm_medium=forum&amp;utm_campaign=8k&amp;utm_term=altr,2020-11-05 23:07:31,-69,['altr']
254725357,altera corporation just filed its quarterly report: 10.net loss pe... http://www.conferencecalltranscripts.org/q/summary2/?id=8523997 $altr,2020-11-05 22:39:54,-69,['altr']
254725204,$altr just filed a 10-q quarterly report with 74 sections and 3 exhibits. access them all or just read their earnings: https://last10k.com/sec-filings/altr/0001564590-20-051432.htm?utm_source=stocktwits&amp;utm_medium=forum&amp;utm_campaign=10kq2040f&amp;utm_term=altr,2020-11-05 22:39:18,-69,['altr']
254722205,altera: altair announces third quarter 2020 financial results  http://www.conferencecalltranscripts.org/8/summary2/?id=8523799 $altr,2020-11-05 22:27:37,-69,['altr']
254720106,"altair engineering q3 adj. eps $0.00 beats $(0.08) est., sales $106.50m beat $98.81m estimate

related tickers: $altr",2020-11-05 22:20:25,-69,['altr']
254712899,"$altr [15s. delayed] filed form 10-q on november 05, 16:54:43 https://s.flashalert.me/8jznfo",2020-11-05 21:56:42,-69,['altr']
254712790,"$altr form 10-q (quarterly report [sections 13 or 15(d)]) filed with the sec 

https://newsfilter.io/a/275076d833f5be5adb6bee6c341efb67",2020-11-05 21:56:21,-69,['altr']
254711570,"$altr new article : altair engineering eps beats by $0.08, beats on revenue https://www.stck.pro/news/altr/8959175",2020-11-05 21:52:15,-69,['altr']
254710034,"$altr altair engineering eps beats by $0.08, beats on revenue 

https://newsfilter.io/a/a7dda6d97baaebe3a0d20065c9d7806f",2020-11-05 21:47:25,-69,['altr']
254708727,"$altr [15s. delayed] filed form 8-k on november 05, 16:42:34: item2.02: results of operations &amp; financial condition https://s.flashalert.me/gqiug1",2020-11-05 21:43:46,-69,['altr']
254708586,"$altr form 8-k: results of operations and financial condition. on november 5, 2020, altair engineering issued a press release disclosing its financial information and operating metrics for its third q.. 

https://newsfilter.io/a/ce3bfed3f5b2da9c252e89fc3bfae683",2020-11-05 21:43:22,-69,['altr']
254701626,"$altr reported a loss of $0.06, consensus was ($0.20) via @ewhispers #epsbeat http://eps.sh/d/altr",2020-11-05 21:25:44,-69,['altr']
254697387,$altr altair announces third quarter 2020 financial results https://www.otcdynamics.com/altr-altair-announces-third-quarter-2020-financial-results,2020-11-05 21:16:20,-69,['altr']
254692704,"$altr altair announces third quarter 2020 financial results 

https://newsfilter.io/a/f6b6a09a4496432fe2717582cae58559",2020-11-05 21:07:15,-69,['altr']
254691756,"$altr altair announces third quarter 2020 financial results
https://www.stocktitan.net/news/altr/altair-announces-third-quarter-2020-financial-hwp1flh5wkaz.html",2020-11-05 21:05:21,-69,['altr']
254604008,"$altr reports after the close, estimize consensus +0.02 eps and +1.76m revs compared to ws
http://www.estimize.com/altr/fq3-2020?utm_content=prerelease&amp;utm_medium=tweet&amp;utm_source=stocktwits",2020-11-05 16:00:16,-69,['altr']
254549004,$altr new article : altair inspire™ mold revolutionizes injection molding https://www.stck.pro/news/altr/8948006,2020-11-05 12:47:46,-69,['altr']
254541551,"$altr [15s. delayed]: issued press release on november 05, 07:00:00: altair inspire™ mold revolutionizes injection molding https://s.flashalert.me/fgsjh",2020-11-05 12:01:45,-69,['altr']
254541286,"$altr altair inspire™ mold revolutionizes injection molding 

https://newsfilter.io/a/2d644ce99cb211c612686de8f2a3d2a5",2020-11-05 12:00:42,-69,['altr']
254541150,"$altr altair inspire™ mold revolutionizes injection molding
https://www.stocktitan.net/news/altr/altair-inspire-mold-revolutionizes-injection-ktdpa7kgar0r.html",2020-11-05 12:00:07,-69,['altr']
254526577,"altair engineering inc. ($altr) 3q20 earnings sneak peek

https://www.stockmarketintellects.com/altair-engineering-inc-altr-3q20-earnings-sneak-peek/",2020-11-05 08:08:01,-69,['altr']
254302882,"$altr brett r chouinard sold 3,000 shares [average conviction] www.insider-analysis.com/search_transactions.php?ticker=table_altr",2020-11-04 08:07:17,-69,['altr']
254081704,"altair engineering insider brett r. chouinard sells $132,270.00 in $altr https://www.marketbeat.com/i/414140",2020-11-03 13:01:49,-69,['altr']
253994098,"$altr: new sec filing on director, brett r chouinard: https://www.sec.gov/archives/edgar/data/1701732/000089924320030091/xslf345x03/doc4.xml",2020-11-02 21:22:02,-69,['altr']
253986327,"altera corporation&#39;s see remarks just disposed of 3,000 shares  http://www.conferencecalltranscripts.org/4/summary/?id=8506559 $altr",2020-11-02 21:01:29,-69,['altr']
253985706,"$altr [15s. delayed] filed sec form 4: see remarks chouinard brett r: 
disposed 3,000 of class a common stock at price $44.09 on 2020-10-2 https://s.flashalert.me/gezun",2020-11-02 20:59:28,-69,['altr']
253985609,"$altr $132,270.00 of shares sold by chouinard brett r (see remarks), reported in a new form 4 filed with the sec  

https://newsfilter.io/a/98a338dc34182cc4f73d3a245387079c",2020-11-02 20:59:06,-69,['altr']
253811763,"updated ratings for altair engineering($altr), qep… https://www.macroaxis.com/invest/marketratings?s=altr,qep,leg,spwr,srcl,peg,pg,dhr,dsgx,pbct,xrx,mdt #canada #canadian_equities #ca",2020-11-01 22:14:02,-69,['altr']
253755710,"risk-adjusted landscape for altair engineering($altr),… https://www.macroaxis.com/invest/marketriskandreturn?s=altr,etr,cl,fitb,big,trow,ice,wrld,btu,glre,hon,k #insidertrading #stocks #fintechnews",2020-11-01 00:19:32,-69,['altr']
253165006,"diversified portfolio: altair engineering($altr),… https://www.macroaxis.com/invest/marketriskandreturn?s=altr,cpb,eqt,gci,yum,lnc,thc,chco,agnc,wdc,msi #correlations #stocks #stockratings",2020-10-29 01:48:01,-69,['altr']
253065400,"new correlation matrix for altair engineering($altr),… https://www.macroaxis.com/invest/marketcorrelation?s=altr,hd,aljj,nue,fmc,stfc #insidertrading #stocks #fintechnews",2020-10-28 18:29:05,-69,['altr']
252932847,"$altr new article : altair introduces altair material data center, a modern, comprehensive, and high-fidelity material database for simulation https://www.stck.pro/news/altr/8795604",2020-10-28 11:21:10,-69,['altr']
252930271,"altair introduces altair material data center, a modern, comprehensive, and high-fidelity material database for simulation http://www.conferencecalltranscripts.org/summary/?id=79807&amp;pr=true $altr",2020-10-28 11:03:12,-69,['altr']
252929993,"$altr [15s. delayed]: issued press release on october 28, 07:00:00: altair introduces altair material data center, a modern, comprehensive https://s.flashalert.me/mk0tn",2020-10-28 11:01:25,-69,['altr']
252929860,"$altr altair introduces altair material data center comprehensive, and high-fidelity material database for simulation 

https://newsfilter.io/a/4caa9352fd8367dca9227b950e051d58",2020-10-28 11:00:41,-69,['altr']
252929786,"$altr altair introduces altair material data center, a modern, comprehensive, and high-fidelity material database for simulation
https://www.stocktitan.net/news/altr/altair-introduces-altair-material-data-center-a-modern-comprehensive-qiw4xwh6jil9.html",2020-10-28 11:00:15,-69,['altr']
252685725,$altr: altair named official supplier for luna rossa prada pirelli team https://www.chartmill.com/stock/quote/altr/news?utm_source=stocktwits&amp;utm_medium=pressrelease&amp;utm_content=altr&amp;utm_campaign=social_tracking,2020-10-27 11:47:00,-69,['altr']
252681291,altair named official supplier for luna rossa prada pirelli team http://www.conferencecalltranscripts.org/summary/?id=78582&amp;pr=true $altr,2020-10-27 11:10:18,-69,['altr']
252680867,$altr new article : altair named official supplier for luna rossa prada pirelli team https://www.stck.pro/news/altr/8772642,2020-10-27 11:06:50,-69,['altr']
252680146,"$altr [15s. delayed]: issued press release on october 27, 07:00:00: altair named official supplier for luna rossa prada pirelli team https://s.flashalert.me/5zgqj",2020-10-27 11:01:22,-69,['altr']
252679988,"$altr altair named official supplier for luna rossa prada pirelli team 

https://newsfilter.io/a/4198b168bec55a3150a3714a0dcf841b",2020-10-27 11:00:35,-69,['altr']
252679931,"$altr altair named official supplier for luna rossa prada pirelli team
https://www.stocktitan.net/news/altr/altair-named-official-supplier-for-luna-rossa-prada-pirelli-9h65ureic4em.html",2020-10-27 11:00:12,-69,['altr']
252311807,overvalued signal alert: $altr. more insights: https://stockinvest.us/technical-analysis/altr?utm_source=stocktwits&amp;utm_medium=autopost,2020-10-24 03:41:15,-1,['altr']
252096690,"$altr james ralph scapa sold 13,510 shares [very high conviction] www.insider-analysis.com/search_transactions.php?ticker=table_altr",2020-10-23 08:03:21,-69,['altr']
252096259,"$altr james r. scapa declaration of trust sold 9,126 shares [high conviction] www.insider-analysis.com/search_transactions.php?ticker=table_altr",2020-10-23 07:51:11,-69,['altr']
252095854,"$altr investments llc jrs sold 4,384 shares [high conviction] www.insider-analysis.com/search_transactions.php?ticker=table_altr",2020-10-23 07:38:59,-69,['altr']
251996306,"$altr altair to announce third quarter 2020 financial results on thursday, november 5, 2020 https://www.otcdynamics.com/altr-altair-to-announce-third-quarter-2020-financial-results-on-thursday-november-5-2020",2020-10-22 20:34:20,-69,['altr']
251988755,"$altr new article : altair to announce third quarter 2020 financial results on thursday, november 5, 2020 https://www.stck.pro/news/altr/8662373",2020-10-22 20:13:41,-69,['altr']
251988123,"$altr [15s. delayed]: issued press release on october 22, 16:10:00: altair to announce third quarter 2020 financial results on thursday, n https://s.flashalert.me/qfkng",2020-10-22 20:12:07,-69,['altr']
251988092,"altair to announce third quarter 2020 financial results on thursday, november 5, 2020 http://www.conferencecalltranscripts.org/summary/?id=76222&amp;pr=true $altr",2020-10-22 20:12:03,-69,['altr']
251987267,"$altr altair to announce third quarter 2020 financial results on thursday, november 5, 2020
https://www.stocktitan.net/news/altr/altair-to-announce-third-quarter-2020-financial-results-on-thursday-ulcortq6a2g4.html",2020-10-22 20:10:10,-69,['altr']
251744785,$altr new insider selling: 13510 shares. http://insiderbuyingselling.com/?t=altr,2020-10-21 22:09:35,-69,['altr']
251714964,"major owner of altera corporation just cashed-in 13,510 options  http://www.conferencecalltranscripts.org/4/summary/?id=8463225 $altr",2020-10-21 20:16:45,-69,['altr']
251714699,"$altr [15s. delayed] filed sec form 4: chief executive officer scapa james ralph: 
disposed 13,510 of class a common stock at average pric https://s.flashalert.me/cqxu8",2020-10-21 20:16:05,-69,['altr']
251708182,"major owner of altera corporation just cashed-in 4,384 options  http://www.conferencecalltranscripts.org/4/summary2/?id=8463108 $altr",2020-10-21 20:01:31,-69,['altr']
251708065,"major owner of altera corporation just cashed-in 9,126 options  http://www.conferencecalltranscripts.org/4/summary/?id=8463077 $altr",2020-10-21 20:01:16,-69,['altr']
251707661,"$altr [15s. delayed] filed sec form 4: 10% owner james r. scapa declaration of trust: 
disposed 9,126 of class a common stock at price $46 https://s.flashalert.me/8nnlf",2020-10-21 20:00:16,-69,['altr']
251707396,"$altr [15s. delayed] filed sec form 4: 10% owner jrs investments llc: 
disposed 4,384 of class a common stock at price $46.29 and acquired https://s.flashalert.me/elega",2020-10-21 19:59:32,-69,['altr']
251527890,"$altr james r. scapa declaration of trust sold 30,874 shares [very high conviction] www.insider-analysis.com/search_transactions.php?ticker=table_altr",2020-10-21 07:57:45,-69,['altr']
251527619,"$altr james ralph scapa sold 46,490 shares [very high conviction] www.insider-analysis.com/search_transactions.php?ticker=table_altr",2020-10-21 07:49:19,-69,['altr']
251527382,"$altr investments llc jrs sold 15,616 shares [very high conviction] www.insider-analysis.com/search_transactions.php?ticker=table_altr",2020-10-21 07:40:53,-69,['altr']
251520462,$altr looking great here for swing,2020-10-21 04:59:07,1,['altr']
251255952,"altair engineering ceo james ralph scapa sells $2,136,680.40 in $altr https://www.marketbeat.com/i/412615",2020-10-20 04:03:25,-69,['altr']
251255686,"altair engineering major shareholder jrs investments llc sells $717,867.52 in $altr https://www.marketbeat.com/i/412614",2020-10-20 03:58:59,-69,['altr']
251226739,$altr new insider selling: 30874 shares. http://insiderbuyingselling.com/?t=altr,2020-10-19 23:18:36,-69,['altr']
251210411,"major owner of altera corporation just cashed-in 46,490 options  http://www.conferencecalltranscripts.org/4/summary2/?id=8455984 $altr",2020-10-19 21:32:26,-69,['altr']
251210401,"major owner of altera corporation just cashed-in 30,874 options  http://www.conferencecalltranscripts.org/4/summary/?id=8455982 $altr",2020-10-19 21:32:22,-69,['altr']
251210304,"$altr [15s. delayed] filed sec form 4: 10% owner james r. scapa declaration of trust: 
disposed 30,874 of class a common stock at average  https://s.flashalert.me/vkms6e",2020-10-19 21:31:47,-69,['altr']
251210273,"major owner of altera corporation just cashed-in 15,616 options  http://www.conferencecalltranscripts.org/4/summary2/?id=8455980 $altr",2020-10-19 21:31:33,-69,['altr']
251210246,"$altr [15s. delayed] filed sec form 4: chief executive officer scapa james ralph: 
disposed 46,490 of class a common stock at average pric https://s.flashalert.me/rweo4",2020-10-19 21:31:25,-69,['altr']
251210088,"$altr [15s. delayed] filed sec form 4: 10% owner jrs investments llc: 
disposed 15,616 of class a common stock at average price $45.97 and https://s.flashalert.me/mxzwq",2020-10-19 21:30:44,-69,['altr']
251209991,"$altr howard n morof sold 4,000 shares [high conviction] www.insider-analysis.com/search_transactions.php?ticker=table_altr",2020-10-19 21:30:06,-69,['altr']
251206138,"$altr brett r chouinard sold 3,000 shares [average conviction] www.insider-analysis.com/search_transactions.php?ticker=table_altr",2020-10-19 21:10:29,-69,['altr']
250854153,$altr https://www.aistockfinder.com/stock-forecast/altr altair engineering inc class a. our predictive algorithm has predicted the price of this stock has an undetermined short term setup with a flat long term setup,2020-10-16 21:41:05,-69,['altr']
250846520,$altr https://www.aistockfinder.com/stock-forecast/altr altair engineering inc class a. the mathematical model judges this company s stock price has a neutral short term outlook with a flat long term setup in a neutral long term market setup,2020-10-16 20:59:41,-69,['altr']
250804185,"altair engineering cfo howard n. morof sells $186,160.00 in $altr https://www.marketbeat.com/i/412247",2020-10-16 18:29:50,-69,['altr']
250804179,"altair engineering insider brett r. chouinard sells $136,920.00 in $altr https://www.marketbeat.com/i/412248",2020-10-16 18:29:49,-69,['altr']
250803533,$altr new insider selling: 4000 shares. http://insiderbuyingselling.com/?t=altr,2020-10-16 18:27:31,-69,['altr']
250802611,"altera corporation&#39;s chief financial officer just disposed of 4,000 shares  http://www.conferencecalltranscripts.org/4/summary2/?id=8452407 $altr",2020-10-16 18:24:23,-69,['altr']
250802590,"altera corporation&#39;s see remarks just disposed of 3,000 shares  http://www.conferencecalltranscripts.org/4/summary2/?id=8452413 $altr",2020-10-16 18:24:18,-69,['altr']
250802522,"$altr: new sec filing on chief financial officer, howard n morof: https://www.sec.gov/archives/edgar/data/1701732/000089924320028491/xslf345x03/doc4.xml",2020-10-16 18:24:02,-69,['altr']
250802229,"$altr [15s. delayed] filed sec form 4: chief financial officer morof howard n: 
disposed 4,000 of class a common stock at average price $4 https://s.flashalert.me/jcr8l",2020-10-16 18:23:06,-69,['altr']
250802008,"$altr [15s. delayed] filed sec form 4: see remarks chouinard brett r: 
disposed 3,000 of class a common stock at price $45.63 on 2020-10-1 https://s.flashalert.me/f0abjb",2020-10-16 18:22:15,-69,['altr']
250444825,$altr introduces second-generation smart connected led lamps,2020-10-15 13:34:02,-69,['altr']
250413108,$altr toggled™ introduces second-generation smart connected led lamps https://www.otcdynamics.com/altr-toggled-introduces-second-generation-smart-connected-led-lamps,2020-10-15 11:27:26,-69,['altr']
