id,body,created_at,sentiment,symbols
254908225,"$enph quiroga isidoro, left a $billion on the table.
think about it, bailed because of the pandemic?",2020-11-06 17:56:35,1,['enph']
254907618,"smartoptions® unusual activity alert
(delayed)

$enph $160 calls
may 21 2021 exp 

trade volume: 1,000 contracts

$1,500,000 was traded just now.. 

current stock price: $117.47

follow the money &amp; trade options with our smartoptions® artificial intelligence.  
martoptions.ai",2020-11-06 17:54:23,1,['enph']
254900174,top bullish flow (a/o12:22pmest): $baba $rtx $uber $enph $net,2020-11-06 17:24:47,-69,"['rtx', 'enph', 'uber', 'baba', 'net']"
254892139,"$tndm just made a pretty mini fortune this morning. i’ve been with tandem since the dark days and when this thing dips, it has never failed me on a rebound. one happy trader today. this and $enph  will hit $200 this year.",2020-11-06 16:55:46,-69,"['tndm', 'enph']"
254890538,$enph enphase energy call volume above normal and directionally bullish,2020-11-06 16:50:41,-69,['enph']
254890382,$enph $spy $tsla $clf 👏👏🏻👏🏼👏🏽👏🏿,2020-11-06 16:50:11,-69,"['clf', 'spy', 'tsla', 'enph']"
254889218,"$enph only plus to this election if biden wins is that my ng mlps are going to boom. and we wont have to suffer from tds anymore and bds isnt really a thing. 

have to look at the silver lining,",2020-11-06 16:46:10,-69,['enph']
254885055,$enph 20-jan-23 160 calls traded 289 times for $1.1 million in premium. https://tinyurl.com/y6svfw4k,2020-11-06 16:33:30,-69,['enph']
254883642,$enph is an absolute unit,2020-11-06 16:28:58,1,['enph']
254881024,$enph $spwr $tsla $sedg what biden can do in the first 100 days on clean energy. first thing - rejoin the paris climate accord: https://pv-magazine-usa.com/2020/11/06/what-can-biden-can-get-done-on-energy-in-the-first-100-days,2020-11-06 16:20:52,-69,"['spwr', 'tsla', 'enph', 'sedg']"
254879104,$enph are you guys proud of me for holding haha,2020-11-06 16:15:06,-69,['enph']
254877399,$enph lol i stopped caring about the election. they&#39;ll announce it when they&#39;re ready. on the sunny side. enph is greeeen,2020-11-06 16:09:50,1,['enph']
254876474,"$enph $apps cant stop these beasts, fuck it all to the moon !",2020-11-06 16:07:08,-69,"['enph', 'apps']"
254874540,"$enph it&#39;s crazy to me what people think biden&#39;s plans entail tax-wise. please go read the actual plans. unless you are absolutely ballin&#39; they wouldn&#39;t impact you in any significant way. not only that, the increases we&#39;re talking about here are *progressive,* so even if you are rolling in it, your tax burden in go up *incrementally* —  frankly, if you don&#39;t understand that, it means you&#39;ve never been in a high enough tax bracket for it to be relevant to your life, and you definitely won&#39;t see any tax increases. the lack of numeracy among investors on st is deeply embarrassing.",2020-11-06 16:01:43,-69,['enph']
254873954,$enph 🙏🏻,2020-11-06 16:00:14,1,['enph']
254866657,$spwr $enph breakout for spwr. has been held down for years for lots of good reasons. those reasons are finally gone. will get valued like it’s peers.,2020-11-06 15:40:36,-69,"['spwr', 'enph']"
254865991,"$enph georgia run off,  republicans will not benefit from trump lack of grace in defeat (belligerent).
run off campaign starting off on sour note.
georgians have the opportunity to tie this election season with a bow and ribbon.",2020-11-06 15:38:47,1,['enph']
254863174,"next generation of hyper growth stocks - $apps, $pins, $crwd, $enph, $otrk",2020-11-06 15:30:59,-69,"['enph', 'apps', 'pins', 'otrk', 'crwd']"
254861707,$enph adde some more at 120.,2020-11-06 15:27:05,-69,['enph']
254858576,"stock ideas under president-elect biden:

$enph $aeye $clsk $beem",2020-11-06 15:17:52,1,"['enph', 'aeye', 'beem', 'clsk']"
254858085,$enph biden gonna win. stock market not crumbling????? weird....ha!,2020-11-06 15:16:22,1,['enph']
254846289,"enphase $enph testing all time highs $123.28. worth to keep it on watch!!! will test it today, if it can push through to the upside, blue sky territory.",2020-11-06 14:46:00,-69,['enph']
254845712,$tan $jks $spwr $enph the power of the sun. holding all of these currently.,2020-11-06 14:44:25,1,"['spwr', 'tan', 'jks', 'enph']"
254845448,$enph 📈📈📈,2020-11-06 14:43:43,1,['enph']
254844802,"$iea $run $enph are running, no pun intended....",2020-11-06 14:42:04,1,"['enph', 'run', 'iea']"
254843355,$enph $spwr       i feel good!!!,2020-11-06 14:38:26,1,"['spwr', 'enph']"
254840734,"$enph $run $spwr  secrete service providing protection this morning.
green future secure.",2020-11-06 14:31:30,1,"['spwr', 'enph', 'run']"
254839181,$enph ,2020-11-06 14:26:22,-69,['enph']
254839161,$enph journey to $135 will have a few gaps in the chart.,2020-11-06 14:26:18,-69,['enph']
254838463,"$acb many people talks after fact but i alert before the fact !!! 💪 
$ride $fsr $aapl $enph",2020-11-06 14:24:14,1,"['aapl', 'enph', 'acb', 'fsr', 'ride']"
