id,body,created_at,sentiment,symbols
254908225,"$enph quiroga isidoro, left a $billion on the table.
think about it, bailed because of the pandemic?",2020-11-06 17:56:35,1,['enph']
254907618,"smartoptions® unusual activity alert
(delayed)

$enph $160 calls
may 21 2021 exp 

trade volume: 1,000 contracts

$1,500,000 was traded just now.. 

current stock price: $117.47

follow the money &amp; trade options with our smartoptions® artificial intelligence.  
martoptions.ai",2020-11-06 17:54:23,1,['enph']
254900174,top bullish flow (a/o12:22pmest): $baba $rtx $uber $enph $net,2020-11-06 17:24:47,-69,"['rtx', 'enph', 'uber', 'baba', 'net']"
254892139,"$tndm just made a pretty mini fortune this morning. i’ve been with tandem since the dark days and when this thing dips, it has never failed me on a rebound. one happy trader today. this and $enph  will hit $200 this year.",2020-11-06 16:55:46,-69,"['tndm', 'enph']"
254890538,$enph enphase energy call volume above normal and directionally bullish,2020-11-06 16:50:41,-69,['enph']
254890382,$enph $spy $tsla $clf 👏👏🏻👏🏼👏🏽👏🏿,2020-11-06 16:50:11,-69,"['clf', 'spy', 'tsla', 'enph']"
254889218,"$enph only plus to this election if biden wins is that my ng mlps are going to boom. and we wont have to suffer from tds anymore and bds isnt really a thing. 

have to look at the silver lining,",2020-11-06 16:46:10,-69,['enph']
254885055,$enph 20-jan-23 160 calls traded 289 times for $1.1 million in premium. https://tinyurl.com/y6svfw4k,2020-11-06 16:33:30,-69,['enph']
254883642,$enph is an absolute unit,2020-11-06 16:28:58,1,['enph']
254881024,$enph $spwr $tsla $sedg what biden can do in the first 100 days on clean energy. first thing - rejoin the paris climate accord: https://pv-magazine-usa.com/2020/11/06/what-can-biden-can-get-done-on-energy-in-the-first-100-days,2020-11-06 16:20:52,-69,"['spwr', 'tsla', 'enph', 'sedg']"
254879104,$enph are you guys proud of me for holding haha,2020-11-06 16:15:06,-69,['enph']
254877399,$enph lol i stopped caring about the election. they&#39;ll announce it when they&#39;re ready. on the sunny side. enph is greeeen,2020-11-06 16:09:50,1,['enph']
254876474,"$enph $apps cant stop these beasts, fuck it all to the moon !",2020-11-06 16:07:08,-69,"['enph', 'apps']"
254874540,"$enph it&#39;s crazy to me what people think biden&#39;s plans entail tax-wise. please go read the actual plans. unless you are absolutely ballin&#39; they wouldn&#39;t impact you in any significant way. not only that, the increases we&#39;re talking about here are *progressive,* so even if you are rolling in it, your tax burden in go up *incrementally* —  frankly, if you don&#39;t understand that, it means you&#39;ve never been in a high enough tax bracket for it to be relevant to your life, and you definitely won&#39;t see any tax increases. the lack of numeracy among investors on st is deeply embarrassing.",2020-11-06 16:01:43,-69,['enph']
254873954,$enph 🙏🏻,2020-11-06 16:00:14,1,['enph']
254866657,$spwr $enph breakout for spwr. has been held down for years for lots of good reasons. those reasons are finally gone. will get valued like it’s peers.,2020-11-06 15:40:36,-69,"['spwr', 'enph']"
254865991,"$enph georgia run off,  republicans will not benefit from trump lack of grace in defeat (belligerent).
run off campaign starting off on sour note.
georgians have the opportunity to tie this election season with a bow and ribbon.",2020-11-06 15:38:47,1,['enph']
254863174,"next generation of hyper growth stocks - $apps, $pins, $crwd, $enph, $otrk",2020-11-06 15:30:59,-69,"['enph', 'apps', 'pins', 'otrk', 'crwd']"
254861707,$enph adde some more at 120.,2020-11-06 15:27:05,-69,['enph']
254858576,"stock ideas under president-elect biden:

$enph $aeye $clsk $beem",2020-11-06 15:17:52,1,"['enph', 'aeye', 'beem', 'clsk']"
254858085,$enph biden gonna win. stock market not crumbling????? weird....ha!,2020-11-06 15:16:22,1,['enph']
254846289,"enphase $enph testing all time highs $123.28. worth to keep it on watch!!! will test it today, if it can push through to the upside, blue sky territory.",2020-11-06 14:46:00,-69,['enph']
254845712,$tan $jks $spwr $enph the power of the sun. holding all of these currently.,2020-11-06 14:44:25,1,"['spwr', 'tan', 'jks', 'enph']"
254845448,$enph 📈📈📈,2020-11-06 14:43:43,1,['enph']
254844802,"$iea $run $enph are running, no pun intended....",2020-11-06 14:42:04,1,"['enph', 'run', 'iea']"
254843355,$enph $spwr       i feel good!!!,2020-11-06 14:38:26,1,"['spwr', 'enph']"
254840734,"$enph $run $spwr  secrete service providing protection this morning.
green future secure.",2020-11-06 14:31:30,1,"['spwr', 'enph', 'run']"
254839181,$enph ,2020-11-06 14:26:22,-69,['enph']
254839161,$enph journey to $135 will have a few gaps in the chart.,2020-11-06 14:26:18,-69,['enph']
254838463,"$acb many people talks after fact but i alert before the fact !!! 💪 
$ride $fsr $aapl $enph",2020-11-06 14:24:14,1,"['aapl', 'enph', 'acb', 'fsr', 'ride']"
254837597,"$spy $qqq $tsla $plug $enph cramer is crying on cnbc about how his children will hate him from inheriting the zillion in debts, but he is one of the loudest criers for bailouts/stimulus.",2020-11-06 14:21:18,-69,"['plug', 'spy', 'tsla', 'qqq', 'enph']"
254837363,$enph yassssssssssss!!!,2020-11-06 14:20:36,1,['enph']
254837046,"$enph back at the #1 spot in blackrock&#39;s clean energy etf $icln 
$sedg is not in the top 10",2020-11-06 14:19:29,1,"['icln', 'enph', 'sedg']"
254835620,$enph  going to be a green xmas in november. and a green new year.,2020-11-06 14:14:43,1,['enph']
254833957,$enph greta thunberg tells donald to &quot;chill&quot;,2020-11-06 14:08:30,-69,['enph']
254833063,$enph !!!,2020-11-06 14:05:01,1,['enph']
254832901,$enph 🍆🍆🍆,2020-11-06 14:04:24,-69,['enph']
254832372,$enph president-elect joe biden!,2020-11-06 14:02:17,1,['enph']
254832246,$enph annnnd everything turns green.,2020-11-06 14:01:49,-69,['enph']
254830846,"$sbe $tan $enph $icln $sedg 
both pa and ga now have turned blue as predict yest.

let’s clean and renewable energy reign supreme.",2020-11-06 13:56:37,1,"['icln', 'tan', 'enph', 'sedg', 'sbe']"
254830433,"$enph and biden leads in pa! if you weren&#39;t already convinced, you should be now. biden is our next president.",2020-11-06 13:54:59,-69,['enph']
254827844,"smartoptions® unusual activity alert
(delayed)

$enph $160 calls
may 21 2021 exp 

trade volume: 1,000 contracts

$1,500,000 was traded just now.. 

current stock price: $117.47

follow the money &amp; trade options with our smartoptions® artificial intelligence.  
smartoptions.ai",2020-11-06 13:43:47,1,['enph']
254825076,"$spwr $enph  count continues, turning the corner:) biden leading in georgia!
bid ask will pick up steam ... decision before noon.",2020-11-06 13:31:45,1,"['spwr', 'enph']"
254823516,"$enph morning everyone! on the cusp of a biden/harris presidency, it looks likely that we&#39;ll end up with a gop senate (though, we&#39;ll have a shot in january!), and a reduced dem majority in the house. that means we&#39;re back to good old political gridlock.

that&#39;s okay! what we will see immediately are two crucial things:

1. the reversal of trump&#39;s slew of damaging executive orders

2. a new cabinet. i cannot stress the importance of this one enough. we will finally have federal agencies that are doing their job. the epa will once again protect the environment, the attorney general isn&#39;t going to be suing every state that tries to enact stricter emissions controls, and very importantly, trust will increase in the first covid vaccines that are released, since we can be more confident the fda won&#39;t rubber-stamp or rush things. 

personally i don&#39;t think the executive branch should have this much power, but it does. a lot of good will come of this.",2020-11-06 13:24:21,1,['enph']
254823223,"new 52 week highs for $enph, $bby and $dhr https://www.chartmill.com/stock/stock-screener?f=p_pg10,v1_50b500,s_nh,exch_us&amp;v=3&amp;utm_source=stocktwits&amp;utm_medium=screener&amp;utm_content=stock_screener:_new_52_week_high_today&amp;utm_campaign=social_tracking",2020-11-06 13:23:00,-69,"['bby', 'dhr', 'enph']"
254821392,"$enph projected balance of power in the house of representative 226 dem and 209 gop. dem is projected to lose 6 seats and narrowing majority to just 17. down from 32. 

this could have implication for passing stimulus next year and green initiative/bills. they can&#39;t afford to lose more than 8 votes. 

 https://www.cnbc.com/2020/11/05/2020-election-results-democrats-to-lose-house-seats-but-keep-majority.html",2020-11-06 13:14:26,-69,['enph']
254816778,"$enph i honestly think today will be green, also depends on the job reports... but these futures r meaningless",2020-11-06 12:50:34,-69,['enph']
254816759,$enph big dick enphase bde,2020-11-06 12:50:28,1,['enph']
254816476,$enph still here since 2018 and not letting any go..got my core under 2 bucks . can wait to see 150.00 😉...aloha,2020-11-06 12:48:46,1,['enph']
254808549,$enph $czr $dkng $sbe $feac  come on give me some real dip!! so i can start my margin operation!!,2020-11-06 11:53:24,1,"['czr', 'enph', 'dkng', 'feac', 'sbe']"
254806464,this is why hedge funds use a.i. $enph enters uptrend as momentum indicator ascends above 0 level. view odds of uptrend. https://srnk.us/go/2287530,2020-11-06 11:34:54,1,['enph']
254802498,"$spy $qqq covid cases breaking records, 120k+. if trump loses, he might dodge a bullet. biden will be too busy orchestrating his 2trillion green $tsla $plug $enph cannot wait for the circus show...",2020-11-06 10:48:28,-69,"['plug', 'spy', 'tsla', 'qqq', 'enph']"
254797811,$enph if enphase had a look when the markets red.,2020-11-06 09:26:27,-69,['enph']
254794601,$enph new article : tan: a solar etf that could make you look good (just don&#39;t get burned) https://www.stck.pro/news/enph/8964671,2020-11-06 08:05:06,-69,['enph']
254791286,"in the last month $enph has a been trading in the 92.14 - 123.28 range, which is quite wide. https://www.chartmill.com/stock/analyzer/stock/enph?key=047332ea-3ec5-4052-b97c-f9e52f4ebeb0&amp;utm_source=stocktwits&amp;utm_medium=ta&amp;utm_content=enph&amp;utm_campaign=social_tracking",2020-11-06 06:46:00,-69,['enph']
254788463,"$spy china plays, weed and solar should remain hot trends into eoy with biden victory $nio $tlry $enph.",2020-11-06 05:59:57,-69,"['nio', 'spy', 'enph', 'tlry']"
254778937,"$enph sold half my share at $98 for 100% profit, shit happens. fuck you enphase!",2020-11-06 04:05:18,1,['enph']
254777016,$enph the only thing &quot;bad&quot; about today......we have ourselves a gap. the traders in this name love closing them gaps. hopefully this is more of a breakaway gap haha.,2020-11-06 03:47:24,-69,['enph']
254773480,"$enph
 https://www.youtube.com/watch?v=uo63qqsm5dw",2020-11-06 03:18:10,-69,['enph']
254769798,$enph - next fiscal quarter end is on 31st of december 2020. stable enphase energy… https://www.macroaxis.com/invest/overlap-studies/parabolic-sar---extended/enph,2020-11-06 02:47:32,-69,['enph']
254769280,$enph  had to post this... lmao,2020-11-06 02:43:28,-69,['enph']
254768134,"$enph, $sedg and $grwg are the top gainers for the day. https://www.chartmill.com/stock/stock-screener?v=3&amp;f=sl_pt_4_x,p_pg10,v1_50b500,exch_us&amp;s=pt&amp;utm_source=stocktwits&amp;utm_medium=screener&amp;utm_content=stock_screener:_top_gainers&amp;utm_campaign=social_tracking",2020-11-06 02:34:00,-69,"['enph', 'sedg', 'grwg']"
254766999,"$enph y&#39;all if you don&#39;t realize by now this has been over for a while. biden will win pa by 2% or more and that&#39;s ballgame. add ga, nv and maybe az and it&#39;s no longer close.

in a non-covid year this would&#39;ve been over on election night and not that close at all.",2020-11-06 02:25:56,1,['enph']
254766801,"(11/05) solar stocks up 13.9% on average(mean) in a day, median return is 12.6%, top movers are $jks 28.4% $spwr 17.0% $enph 13.2% $sedg 13.1% $csiq 12.0%, the sector return (on average) over the week is 7.6%, 
https://marketcomposite.com/topic?name=solar",2020-11-06 02:24:39,-69,"['csiq', 'spwr', 'jks', 'enph', 'sedg']"
254764957,"smartoptions® unusual activity alert
(delayed)

$enph $160 calls
may 21 2021 exp 

trade volume: 1,000 contracts

$1,500,000 was traded just now.. 

current stock price: $117.47

follow the money &amp; trade options with our smartoptions® artificial intelligence.  
smartoptions.ai",2020-11-06 02:11:00,1,['enph']
254761865,$enph has a profit margin of 24.69%. this is amongst the best returns in the industry. https://www.chartmill.com/stock/quote/enph/fundamental-analysis?key=047332ea-3ec5-4052-b97c-f9e52f4ebeb0&amp;utm_source=stocktwits&amp;utm_medium=fa&amp;utm_content=enph&amp;utm_campaign=social_tracking,2020-11-06 01:48:00,-69,['enph']
254758551,"$enph futures will ignore trump by morning, focus on the count.",2020-11-06 01:26:03,-69,['enph']
254756165,"$enph my god, that 10min freewheeling speech from the wh briefing room was so abhorring... we pity you, america. what an embarrassment. can&#39;t believe it&#39;s been 4 years but, at last, the end is near.. hang in there folks! sending you warm thoughts from the old continent, glta!",2020-11-06 01:12:28,-69,['enph']
254754746,"$enph this stock is science, financials reports and expansion will be the best, solid numbers, good future, 225 usd is my new goal, 120, thank you, for those specialty cmoney and kash, thank god for this  incredible stock, it will bring peace to my soul, good day everyone data ill be very",2020-11-06 01:04:01,1,['enph']
254751273,"$enph ok fellow friends, here is my thought process. it seems like biden will win, and trump won&#39;t accept that. if trump doesn&#39;t leave office markets tank and in particular renewable does too. are any of you guys getting scared of trump or i am being scared??",2020-11-06 00:44:46,-69,['enph']
254750691,$enph ah is hot!!!,2020-11-06 00:41:52,-69,['enph']
254750611,"$enph lol...a republican might lose georgia...georgia!  how bad of a president were you, trump?  you keep using the word &quot;disgrace&quot; but just like other words you use to accuse others, like &quot;corrupt&quot;, they are more befitting of you!  what a pathetic, sore loser.  what a disgrace!",2020-11-06 00:41:26,1,['enph']
254749252,"$enph such a bad day for our country ! and the people who believe it, how can you ? peace.",2020-11-06 00:34:18,1,['enph']
254748572,$enph having a democrat as president will not sink the market. its the opposite (check my obama charts). having a president that can not accept defeat will.,2020-11-06 00:30:41,1,['enph']
254745878,"$spy $qqq you cannot talk to morons about politics especially when they sell their lungs, have their savings $tsla $plug $enph + and some more on the line...",2020-11-06 00:16:26,-69,"['plug', 'spy', 'tsla', 'qqq', 'enph']"
254743439,"$enph $spy $tsla  sorest loser. 

cmon orange sack, just resign and enjoy the downtime before prison",2020-11-06 00:04:08,-69,"['spy', 'tsla', 'enph']"
254741479,$enph trump just sunk the futures,2020-11-05 23:54:41,-69,['enph']
254740808,"$enph that stupid fat, orange idiot keeps talking about polls.  so what?  people have voted.  you&#39;re gonna lose.  go back to your bunker.",2020-11-05 23:51:17,1,['enph']
254740471,"$enph a year ago i told myself that i would sell my shares when we hit 120.........i traveled back in time, bitch slapped myself and now set my new goal at 250. fingers crossed!",2020-11-05 23:49:32,-69,['enph']
254738908,"$enph 

need to remind myself.",2020-11-05 23:41:54,1,['enph']
254738524,"$enph its honestly quite a few people i put on with this stock and it just feels amazing when everyone is winning , got this guy in at $92 right before it took off to $97 &amp; $99 a few weeks ago before the surge and he’s still holding!  . i post all my stock ideas on my snapchat add me ogkidcx &amp; my main plays are $spwr $tan $nkla &amp; $nio .. glta .. nothing is stopping this .. nothing",2020-11-05 23:40:03,1,"['spwr', 'nio', 'tan', 'enph', 'nkla']"
254735644,the industry average roe is 10.42%. $enph outperforms 97% of its industry peers. https://www.chartmill.com/stock/analyzer/stock/enph?view=fundamental-analysis&amp;key=047332ea-3ec5-4052-b97c-f9e52f4ebeb0&amp;utm_source=stocktwits&amp;utm_medium=fa&amp;utm_content=enph&amp;utm_campaign=social_tracking,2020-11-05 23:25:00,-69,['enph']
254735363,"smartoptions® unusual activity alert
(delayed)

$enph $160 calls
may 21 2021 exp 

trade volume: 1,000 contracts

$1,500,000 was traded just now.. 

current stock price: $117.47
current stock price: $433.39

follow the money &amp; trade options with our smartoptions® artificial intelligence.  
smartoptions.ai",2020-11-05 23:23:37,1,['enph']
254733873,"$enph $sedg $tan $sbe 

update: in pa, trump lead now narrowing to 78k  with ~ 300k outstanding ballots left. of those, ~ 90k is in philadelphia area.",2020-11-05 23:16:24,1,"['tan', 'enph', 'sedg', 'sbe']"
254733387,$enph new article : are stock markets headed for record highs -- or a crash? https://www.stck.pro/news/enph/8960641,2020-11-05 23:14:06,-69,['enph']
254730885,$enph trump living the slow death in the eyes of the world:)),2020-11-05 23:03:16,1,['enph']
254730566,$enph will be selling whole portfolio and some of enph at $150 to pay off the 7 properties i bought in june. enph will be my only holding after. will keep what i have left over here.  long and strong. this company is a beast,2020-11-05 23:01:50,1,['enph']
254726183,"$enph , glad i doubled my shares on wed near low",2020-11-05 22:43:20,1,['enph']
254725289,$enph $spwr  multi-day run looks to me. pace yourself.,2020-11-05 22:39:40,-69,"['spwr', 'enph']"
254723215,i can&#39;t believe i sold $enph at 34 and $nio at 5 😂😂 now i&#39;m loaded in $xspa holy shit it&#39;s been a rough year.,2020-11-05 22:31:19,1,"['nio', 'xspa', 'enph']"
254708978,$enph looks like a copy and paste from september lmfao,2020-11-05 21:44:27,1,['enph']
254703181,$enph and that is how you end a trading day!!!,2020-11-05 21:29:32,-69,['enph']
254701099,$enph i hope many folks here enjoyed some nice gains to their accounts today! 😃,2020-11-05 21:24:27,1,['enph']
254689022,$enph noticing a pattern where strong stocks sell off but recover quickly when the market sentiment is up again.,2020-11-05 20:57:55,1,['enph']
254682075,$enph time to abandon ship for awhile..,2020-11-05 20:34:43,-69,['enph']
254681969,"$enph nov20 calllers, selling today on strength or tomorrow morning or next week?",2020-11-05 20:34:16,-69,['enph']
254679356,$enph this thing is golden.  also scooped up a ton of sol.,2020-11-05 20:25:03,1,['enph']
254675661,$enph $sbe $beem $arry chad green portfolio,2020-11-05 20:11:08,1,"['arry', 'enph', 'beem', 'sbe']"
254675584,"smartoptions® unusual activity alert
(delayed)

$enph $160 calls
may 21 2021 exp 

trade volume: 1,000 contracts

$1,500,000 was traded just now.. 

current stock price: $117.47

follow the money &amp; trade options with our smartoptions® artificial intelligence.  
smartoptions.ai",2020-11-05 20:10:51,1,['enph']
254675384,"$apps $enph
this has been my main play.  know what you own, why you own it and always keep the winners. main core at 80% of all assets. my secondary is for trading associated tax liabilities. none of these are currently present in secondary. 

this is my plan and is extreme high risk, and your risks and plans will differ, but the point is. always have a plan, always keep the winners, be intimate with what you own and nurture your future. slow and steady wins the race. dd consistently. good luck",2020-11-05 20:10:03,-69,"['enph', 'apps']"
254670546,$enph $jd $dkng $sbe bless everyone of you,2020-11-05 19:54:19,1,"['enph', 'jd', 'dkng', 'sbe']"
254669329,$enph 5 year forecast?,2020-11-05 19:50:19,1,['enph']
254667919,$enph been in since $17. this has been a blessing. am now debt free. thank you enph!,2020-11-05 19:45:47,1,['enph']
254663244,"smartoptions® unusual activity alert
(delayed)

$enph $160 calls
may 21 2021 exp 

trade volume: 1,000 contracts

$1,500,000 was traded just now. 

current stock price: $117.47

follow the money &amp; trade options with our smartoptions® artificial intelligence.  
smartoptions.ai",2020-11-05 19:29:57,1,['enph']
254663017,$enph wow what a blessing to wake up to. glad i held on to my nov $115’s and nov 120’s! which i am getting rid of now lol,2020-11-05 19:29:14,1,['enph']
254662740,"$iea i think we are going see $10-13 eow , still less than 300m market cap, compare that to $run , $enph, $plug and look at their revenues",2020-11-05 19:28:10,1,"['plug', 'enph', 'run', 'iea']"
254662163,the industry average roa is 2.19%. $enph outperforms 96% of its industry peers. https://www.chartmill.com/stock/quote/enph/fundamental-analysis?key=047332ea-3ec5-4052-b97c-f9e52f4ebeb0&amp;utm_source=stocktwits&amp;utm_medium=fa&amp;utm_content=enph&amp;utm_campaign=social_tracking,2020-11-05 19:26:00,-69,['enph']
254657726,$enph will we have a power hour ?,2020-11-05 19:10:38,-69,['enph']
254657074,$spwr $enph $fslr $tsla nevada to go 50% green energy by 2030 - just one of many examples of the market growing all over the country: https://pv-magazine-usa.com/2020/11/04/clean-energy-election-roundup-nevada-to-go-50-renewable-by-2030-columbus-100-by-2023,2020-11-05 19:08:20,-69,"['fslr', 'spwr', 'tsla', 'enph']"
254654444,"$enph update: there has been a discussion within trump circle of a possible run in 2024....lord.  

signaling something here??",2020-11-05 18:59:43,-69,['enph']
254653608,$enph the triggered snowflake trumpsters are sustaining me today. schadenfreude at its absolute finest. 🤣,2020-11-05 18:56:41,1,['enph']
254650377,$enph headed toward 150+ above r2 near 135,2020-11-05 18:45:16,1,['enph']
254649700,"$sbe $ride $enph $dkng $spy 

per sec. state of pa: pa expected to see the election winner today and most votes will be counted.",2020-11-05 18:42:58,-69,"['spy', 'enph', 'dkng', 'sbe', 'ride']"
254649309,"$enph $apps 
https://www.youtube.com/watch?v=xhoicnpccwa",2020-11-05 18:41:38,1,"['enph', 'apps']"
254641919,"$iea $plug $enph my winners for today.  sold enph and plug buying more here, why, this has 100-200% probability.  lets keep the party going",2020-11-05 18:15:28,1,"['plug', 'enph', 'iea']"
254641550,"$spy $enph $acb 
nevada- biden expanding lead to 12k (200k uncounted ballots)
georgia- trump lead narrow to 13.5k (with 50k uncounted ballots)
pennsylvania - trump lead now at 115k (350k ballots left mostly mail in ballots with vote shares have been 75% biden and 25% trump since yesterday no change) 
arizona- biden lead 68k (with 515k uncounted ballots left)",2020-11-05 18:14:03,1,"['spy', 'enph', 'acb']"
254639358,"$spy $qqq $tsla $plug $enph on cnn, votes with no signature, restorations ballots(guessing the intent of the voters), signatures that don’t match will all be counted...",2020-11-05 18:05:38,-69,"['plug', 'spy', 'tsla', 'qqq', 'enph']"
254638982,$enph @sherry___ i respected you for on your insight on $lvgo . but you are totally illiterate when comes to $enph . never bet against this. it’s not biden or trump. it’s management consistently go beyond expectations.,2020-11-05 18:04:20,1,"['enph', 'lvgo']"
254636917,"$enph damn it missed it!! 
i bought few weeks back at $115 and then when it pulled back to $94 i placed a limit sell order at $115 and forgot to cancel it. it executed this morning. 
now, i need to wait and watch for an entry!!",2020-11-05 17:57:03,-69,['enph']
254632996,"$enph this has probably already been posted but here it is anyway 
https://www.fool.com/amp/investing/2020/11/05/5-key-takeaways-from-enphases-earnings-report/",2020-11-05 17:43:15,-69,['enph']
254632778,$enph is this move signaling a biden victory? only price will tell us. watch the top end of the broadening formation for a target. @trendspider,2020-11-05 17:42:24,-69,['enph']
254632731,$enph new article : waste management: the garbage man can https://www.stck.pro/news/enph/8955380,2020-11-05 17:42:12,-69,['enph']
254631606,"$enph contested election and rightfully so, will bring this back to low 100s",2020-11-05 17:38:04,-69,['enph']
254631531,"$enph we caught em. fraud, dems are in a world of trouble.",2020-11-05 17:37:46,1,['enph']
254630843,$enph $125 is coming... hold! 😵,2020-11-05 17:35:18,1,['enph']
254628557,"$idex ev and alt energy and fuel cell stocks are exploding.  maybe the mms know that biden is taking pennsylvania?!  my portfolio is on fire 🔥🔥🔥
$idex $enph $nio $plug",2020-11-05 17:26:37,-69,"['plug', 'nio', 'enph', 'idex']"
254628389,$enph if only i had some faith to sell high and buy low i&#39;d be making so much $$$ right now.  glad staying long has some good benefits here.,2020-11-05 17:26:00,1,['enph']
254627080,call sweeps over 500k (a/o12:20pmest): $xpev $msft $enph $tsla $fb,2020-11-05 17:21:17,-69,"['msft', 'fb', 'tsla', 'enph', 'xpev']"
254626644,top bullish flow (a/o12:18pmest): $tsla $enph $msft $gsx $mu,2020-11-05 17:19:46,-69,"['gsx', 'msft', 'mu', 'tsla', 'enph']"
254624295,$tsla $xpev $enph missing the run but glad that sustainability is winning,2020-11-05 17:11:17,-69,"['tsla', 'enph', 'xpev']"
254624033,$enph acceptable,2020-11-05 17:10:15,-69,['enph']
254623720,"in the last month $enph has a been trading in the 92.14 - 118.94 range, which is quite wide. https://www.chartmill.com/stock/analyzer/stock/enph?key=047332ea-3ec5-4052-b97c-f9e52f4ebeb0&amp;utm_source=stocktwits&amp;utm_medium=ta&amp;utm_content=enph&amp;utm_campaign=social_tracking",2020-11-05 17:09:00,-69,['enph']
254621283,"$enph wow what a day.  enph and tan are my biggest positions.  also holding nio, plug, spwr, and jks..  what a explosive move in these stocks.",2020-11-05 16:59:46,-69,['enph']
254620898,"premarket losers 
$cat $sedg $enph $fslr $hon  
 
track today&#39;s losers. live scans start 930am et 
stockbeep.com/prelose-nov4",2020-11-05 16:58:28,-69,"['fslr', 'cat', 'hon', 'enph', 'sedg']"
254620416,"$spwr $enph  top bollinger bouncing the bid ask off the ceiling.
what is a trader to due?
trade.",2020-11-05 16:56:46,1,"['spwr', 'enph']"
254620066,$enph---over 110.00 strong long,2020-11-05 16:55:27,-69,['enph']
254618634,"$enph and out for now. thank you, golden goose.",2020-11-05 16:50:24,-69,['enph']
254618463,$iea this chart will be the next $enph orders looking good today,2020-11-05 16:49:50,1,"['enph', 'iea']"
254617643,$enph $spwr 👀i&#39;ll admit i got out of spwr a while back. that was a mistake! congrats to the folks still in!,2020-11-05 16:46:57,1,"['spwr', 'enph']"
254616945,$se $enph only two stocks you need,2020-11-05 16:44:22,1,"['se', 'enph']"
254616147,"top gainers part 2

$th $upwk $enph $grwg $qcom",2020-11-05 16:41:20,1,"['qcom', 'enph', 'upwk', 'th', 'grwg']"
254616134,$enph don’t feel scary at all 🤠,2020-11-05 16:41:17,-69,['enph']
254615818,$enph my baby is all grown up. 😢,2020-11-05 16:40:03,-69,['enph']
254614915,$enph 🤑,2020-11-05 16:36:51,1,['enph']
254614791,$enph my calls today 😭😭🤑🤑🤑,2020-11-05 16:36:25,1,['enph']
254614624,"$sedg $enph $csiq if nevada will announce a biden win , we will climb another 5  to 7 %....
if trump take nevada we will see a huge huge drop .
let’s wait and see",2020-11-05 16:35:46,-69,"['csiq', 'enph', 'sedg']"
254614564,$enph this was 93 yesterday. lol who loaded on options?,2020-11-05 16:35:35,1,['enph']
254614534,$enph 😲,2020-11-05 16:35:30,-69,['enph']
254614529,$enph how big of a hit does this take if biden loses?,2020-11-05 16:35:28,-69,['enph']
254614489,$enph hit and held my expected pt of 120.  looking very strong.  expect a nice jump once the elections are final with biden,2020-11-05 16:35:20,1,['enph']
254614220,$enph puts for day trade here?,2020-11-05 16:34:25,-69,['enph']
254614166,$enph i think we hit 200 before 2021 lol what’s your pt ?,2020-11-05 16:34:14,1,['enph']
254613816,"$enph dark_pool print 200,000 shares by 23.4 m, price: 117.00",2020-11-05 16:33:02,-69,['enph']
254613710,banking in these solar names today 🤑🤑$jks $tan $fslr $enph,2020-11-05 16:32:38,1,"['fslr', 'tan', 'enph']"
254613605,"$enph good grief, now i understand why this board is so popular",2020-11-05 16:32:19,-69,['enph']
254613347,$enph god i love this stock.,2020-11-05 16:31:25,-69,['enph']
254613136,price &amp;/or vol leaders 2 (a/o11:24amest): $acb $xpev $enph $grwg $qcom,2020-11-05 16:30:42,-69,"['qcom', 'enph', 'acb', 'grwg', 'xpev']"
254613043,$enph,2020-11-05 16:30:24,-69,['enph']
254612777,$enph 6% away from being up 200% 📈🍻#long,2020-11-05 16:29:35,-69,['enph']
254611464,$enph everyone having fun yet?,2020-11-05 16:24:58,1,['enph']
254610854,$enph guess which one sold at 99,2020-11-05 16:22:43,-69,['enph']
254609261,"$wkhs $ride $dkng $enph $sbe 
100% in both short and long accounts 

if pull back will add on margin !!! 

it seems most remaining votes in ga, pa and nv are mail-in ballots that arrive on election days.

https://www.nytimes.com/live/2020/11/05/us/election-results",2020-11-05 16:16:56,1,"['enph', 'wkhs', 'dkng', 'sbe', 'ride']"
254608833,"$peck i’m all in.  i’ve never seen such an obvious play.  the 20% short interest on peck must get squeezed:

$jks - up 23% new high of day
$sedg - up 12% new high of day
$enph - up 13% new high of day
$spwr - up 13% new high of day
......
peck—only +4%?
multiply that by 10.. this low float solar penny should be up +40% today",2020-11-05 16:15:27,1,"['spwr', 'jks', 'enph', 'sedg', 'peck']"
254607934,$enph is this just in anticipation of a biden win??,2020-11-05 16:12:25,-69,['enph']
254607021,$enph do we break 120???,2020-11-05 16:09:23,1,['enph']
254606251,$enph boom,2020-11-05 16:06:51,-69,['enph']
254605190,"if biden wins, expect mj and green energy stocks to fly: $tlry $cgc $enph $sedg $jks etc.",2020-11-05 16:03:40,1,"['cgc', 'jks', 'enph', 'sedg', 'tlry']"
254603976,$enph  everyday love you more!! 💯,2020-11-05 16:00:10,1,['enph']
254603765,"smartoptions® unusual activity alert 
(delayed) 
 
$enph $160 calls
may 21 2021 exp 

trade volume: 1,000 contracts

$1,500,000 was traded just now. 

current stock price: $117.47 
 
follow the money &amp; trade options with our smartoptions® artificial intelligence.   
smartoptions.ai",2020-11-05 15:59:29,1,['enph']
254603392,"$enph crazy, the november calls are 2 weeks away and the 160s are paying 65 cents. wow! that is free money if you write covered calls.",2020-11-05 15:58:23,-69,['enph']
254600217,$enph this thing just don&#39;t quit. lol,2020-11-05 15:48:36,-69,['enph']
254599729,$enph averaged up to a whopping 24.98 yesterday. let’s go!,2020-11-05 15:47:02,-69,['enph']
254599717,"$enph swung sedg for a nice trade. i am not a short-term trader, but that 20%+ drop seemed just too obvious a target. glad i was right.",2020-11-05 15:47:00,-69,['enph']
254597894,"$enph did dems win the senate? 

... no? hedging here.",2020-11-05 15:41:24,1,['enph']
254597710,$enph,2020-11-05 15:40:47,1,['enph']
254597673,$enph yep. they do.,2020-11-05 15:40:40,1,['enph']
254597018,$enph is there a cup &amp; handle forming?,2020-11-05 15:38:39,1,['enph']
254596627,$enph,2020-11-05 15:37:27,-69,['enph']
254596548,"$enph so i did heavy avg down yesterday, sold 67 shares that i used to avg down and back down to 50 shares had 117.. sold my nov 20 105 calls still got my may calls",2020-11-05 15:37:13,-69,['enph']
254596367,$enph ok who thought this was going back under $100?  other than those crook con artists citron and hindenburg... lol,2020-11-05 15:36:42,-69,['enph']
254915392,"$enph gotta say this has been an amazing week portfolio wise. enph apps ttcf ipob bep all crushing earnings (bep not so much crushing but still solid). disappoint that be and clsk  haven&#39;t gone along on the renewables ride but long term with a  solid renewables investment plan they should be rewarded. still sitting on spacs jws, psth and rtp.u hoping they announce their target company soon. still worried that the renewed lockdown in eu will impact the q4 number but have major faith in badri to manage it.",2020-11-06 18:24:17,-69,['enph']
254915519,"$enph i bet this guy will look for the safe ac version next time he puts up the panels. lucky he is that his system was not on top of his home.
https://www.kptv.com/news/electrical-failure-in-solar-panel-charging-equipment-causes-fire-in-hillsboro/article_8fe91bdc-1f8c-11eb-8ea2-fbe014945c7e.html",2020-11-06 18:24:43,1,['enph']
254932284,$iea trillion dollar infrastructure bill. next $enph in the making,2020-11-06 19:28:57,1,"['enph', 'iea']"
254936427,$enph this could be a good sign. go bulls!,2020-11-06 19:44:31,1,['enph']
254938371,"$enph how are we feeling? have we returned to some stability, or could we see more whiplash soon?",2020-11-06 19:51:45,-69,['enph']
254946465,$enph anyone worried about holding over the weekend? sell the news? no analysts have this above $120...,2020-11-06 20:22:34,-69,['enph']
254946559,"smartoptions® unusual activity alert
(delayed)

$enph $110 calls
jan 20 2023 exp 

trade volume: 277 contracts

$1,468,100 was traded just now. 

current stock price: $121.83

follow the money &amp; trade options with our smartoptions® artificial intelligence.  
smartoptions.ai",2020-11-06 20:22:56,1,['enph']
254954231,$enph just troubleshot anew system with iq6 micro inverters: https://youtu.be/hi1q-e3ptr4,2020-11-06 20:50:26,-69,['enph']
254955930,$enph looks like a bullish effing close.  we know what we own.  go biden!,2020-11-06 20:56:10,1,['enph']
254956723,$enph who needs pornhub when you have $enph...,2020-11-06 20:58:51,-69,['enph']
254957953,"$enph up... drum roll please 🥁...  24.91% w/w folks!!! beer is sweet tonight... new ath (125.61) reached this week, we have something to watch again for next week 😁...

have a great weekend my fellow longs, enjoy your beer and please support our new president. after all, we are all americans 🇺🇸... 
start by investing in renewable energy... more😂 ... like always ... kampay!!! 🍺🍺🍺

“with great power comes great 
inverter”",2020-11-06 21:02:38,-69,['enph']
254958563,"$msft $enph 
indexes closed flat but vix closed  10% down. bullish next week.",2020-11-06 21:04:24,-69,"['msft', 'enph']"
254965381,"$enph 
many of us are closing out a big week. in all honesty this week was the most profitable single week i have ever had. i have done well with many stocks, bonds, mutual funds and etf’s, but nothing like this year with enphase. have a great weekend and gltal’s. 

this has been the craziest four years i have ever lived through. there has never been such lunatics in the government running our country in my lifetime.

photo is my two girls around sixteen years ago. i am blessed. 😎🤗",2020-11-06 21:29:50,1,['enph']
254965943,$enph this company has treated shareholders well... to the moon,2020-11-06 21:32:05,1,['enph']
254966339,$enph new article : 3 solar stocks to buy now for future political gridlock https://www.stck.pro/news/enph/8978031,2020-11-06 21:33:39,-69,['enph']
254967817,"$enph omg! i&#39;m not making this up. look yourself. 😆

https://www.youtube.com/watch?v=rn5zgxsc6i4&amp;ab_channel=9newsaustralia",2020-11-06 21:40:24,1,['enph']
254968727,"$oke still a decade of growth for ng. personally, usa should skip the bridge fuel idea &amp; export the resource to fund renewable energy &amp; battery materials &amp; get ahead of rival nations. becoming energy independent &amp; more importantly carbon neutral will be the sign of the next centuries geopolitical superpower. 5 years bullish grab the dividends &amp; take winnings into the established renewable dividend kings that develop. $enph $aes $ay $nee",2020-11-06 21:44:51,1,"['aes', 'oke', 'nee', 'enph', 'ay']"
254972849,"$enph  this is the only type of political post i’m interested in seeing on these boards. 

conservatively, and without any forward splits in the interim, the share price should be north of $2,700 by the next u.s. presidential election. 🤗",2020-11-06 22:05:47,1,['enph']
254978314,"smartoptions® unusual activity alert
(delayed)

$enph $160 calls
jan 20 2023 exp 

trade volume: 289 contracts

$1,132,880 was traded just now. 

current stock price: $123.42

follow the money &amp; trade options with our smartoptions® artificial intelligence.  
smartoptions.ai",2020-11-06 22:35:47,1,['enph']
254981309,"$enph  analyst day news next week? with the concerns about a covid spike, i wonder if they will do more of a virtual event or plan on doing the meet and greets and any facility tours over multiple days to keep the group dynamics smaller. i’ll be interested to see how they choose to proceed. will give some insight on how the company may be dealing with an impending rise in cases.",2020-11-06 22:55:01,1,['enph']
254983449,$enph long!! accumulating whenever i can. 300 in 2022!!,2020-11-06 23:08:42,1,['enph']
254993722,"$spwr $tan $enph “even renewables are bigger in texas,” energy expert joshua rhodes wrote in an online article last month.&quot;
 https://www.dallasnews.com/business/energy/2020/11/06/texas-energy-is-going-green-no-matter-whos-president/ 

&quot;right after election day, the u.s. formally withdrew from the paris climate agreement, a process president donald trump had started in 2017.

but that didn’t stop energy transfer lp, a giant pipeline operator, from making a 15-year commitment to solar power. the dallas company — best known for its controversial dakota access oil project and led by kelcy warren, a major trump donor — agreed to buy the solar energy from a 28-megawatt plant being built in pecos county.&quot;

$nio",2020-11-07 00:25:45,-69,"['spwr', 'nio', 'tan', 'enph']"
254994578,"$enph  prepping  portfolio for 2021..income producer top of the cream 
 $enph $plug #wkhs $zm $tsla",2020-11-07 00:32:50,1,"['plug', 'tsla', 'enph', 'zm']"
254996962,"smartoptions® unusual activity alert
(delayed)

$enph $110 calls
jan 20 2023 exp 

trade volume: 277 contracts

$1,468,100 was traded just now. 

current stock price: $121.83

follow the money &amp; trade options with our smartoptions® artificial intelligence.  
smartoptions.ai",2020-11-07 00:53:47,1,['enph']
255002956,"$enph one hell of a cup formed, waiting on handle",2020-11-07 01:48:36,1,['enph']
255005872,"smartoptions® unusual activity alert
(delayed)

$enph $160 calls
jan 20 2023 exp 

trade volume: 289 contracts

$1,132,880 was traded just now. 

current stock price: $123.42

follow the money &amp; trade options with our smartoptions® artificial intelligence.  
smartoptions.ai",2020-11-07 02:23:00,1,['enph']
255005942,$spwr $enph 😯,2020-11-07 02:23:48,-69,"['spwr', 'enph']"
255007525,"$tsla $plug $enph https://www.bloomberg.com/news/articles/2020-10-07/biden-considering-new-white-house-office-on-climate-change a new branch, taxpayers money that will never be made back but according some of the geniuses, his 2 trillion+ green package will result in 6trillion benefits... $spy $qqq",2020-11-07 02:41:55,-69,"['plug', 'spy', 'tsla', 'qqq', 'enph']"
255007686,$enph this is the future. glad i bought more shares @ 94 on that massive dip.,2020-11-07 02:43:47,-69,['enph']
255011309,"$spwr $tan $enph first little kraken released (verizon!).

https://twitter.com/sunpower/status/1324810673503768578?s=20",2020-11-07 03:30:56,-69,"['spwr', 'tan', 'enph']"
254595587,"$enph i’ve been following enphase management and badri for the past 3 years. this company is unlike any other i’ve known. they’re approach to gain market share is a no bullshitting strategy. the management is transparent and answers every stakeholder’s question to the point. and note that they only broke even and starting with positive earnings in 2019. the party is only getting started. i’m expecting this growth to continue and price to reach upwards of 300$ in 3 years. and then, they might start issuing dividends to retain stoke holders. buy with every dip!",2020-11-05 15:34:24,-69,['enph']
254594975,$enph hot damn !!!,2020-11-05 15:32:37,-69,['enph']
254594700,$enph there it is.,2020-11-05 15:31:49,-69,['enph']
254594521,solar energy reaches historically low costs - the verge $enph https://www.theverge.com/2020/10/13/21514902/solar-energy-cost-historic-low-energy-agency-outlook-2020,2020-11-05 15:31:15,-69,['enph']
254593593,$enph,2020-11-05 15:28:38,-69,['enph']
254592927,"all solar or solar enabling stocks bullish under biden administration, regardless of congress control (never forget that republicans have a couple of rinos eg lisa and susan) $clsk $flux $beem $enph $run etc etc",2020-11-05 15:26:45,1,"['enph', 'run', 'beem', 'clsk', 'flux']"
254592515,$enph  rounding the corner to  125,2020-11-05 15:25:35,1,['enph']
254592445,$enph 😎totally,2020-11-05 15:25:23,1,['enph']
254592383,$enph let’s goooooo!!!,2020-11-05 15:25:12,1,['enph']
254592330,"$enph @sherry___ i don’t always talk shit, but when i do, you best believe it’s aimed at people like you.",2020-11-05 15:25:04,1,['enph']
254590685,"$enph love this co... i keep thinking this will pull back some day, waiting for the next absurd short fallacious report to buy back in...  gl!",2020-11-05 15:20:30,-69,['enph']
254590585,$enph must.   not.   sell.,2020-11-05 15:20:15,-69,['enph']
254590577,$enph bought earlier this year at $37 and sold at $65... wish i would have gone long on this,2020-11-05 15:20:14,-69,['enph']
254590425,"$enph 
just got to namibia. chilling in my apartment.",2020-11-05 15:19:47,-69,['enph']
254590408,$enph joe and hoe pushed me over the 1mil mark.,2020-11-05 15:19:43,1,['enph']
254589946,$enph ,2020-11-05 15:18:29,1,['enph']
254589742,"solar stocks are hot 🥵 
 
$jks +20% 
$enph +12% 
$dq +12% 
$run +8% 
$fslr +6%",2020-11-05 15:17:52,-69,"['fslr', 'jks', 'dq', 'enph', 'run']"
254589518,$enph what a nice gap fill.,2020-11-05 15:17:10,1,['enph']
254589446,$enph if you bought 1 $130 nov options yesterday at the low of .43...it&#39;s now costing $4 each,2020-11-05 15:16:57,-69,['enph']
254589073,"$enph 
you guys used to make fun of me right? 
apparently holly doesn’t know shit ? right ? my price target are way off ?  
lol. let me say it one more time to all the fuckers in here. 
$500 by 2025",2020-11-05 15:15:51,-69,['enph']
254588582,$enph run shorts,2020-11-05 15:14:30,1,['enph']
254587877,"$enph on our way ... enph $500n2025!
..... or sooner?",2020-11-05 15:12:33,-69,['enph']
254587869,$enph did you buy the discount ?? this shit was at $93 two days ago,2020-11-05 15:12:30,1,['enph']
254587358,$idex and my other alt energy stocks are killing it!!  $nio $idex $enph $plug 🚀🚀,2020-11-05 15:11:17,1,"['plug', 'nio', 'enph', 'idex']"
254586590,$enph hey guys... i have been long here for sometime now.. today&#39;s action is unbelievable.. $enph wants to see 10:30 am..when all the day  and swing traders and the shorts (if there are any that stupid!!) have left. i think it is going to pop so hard after 10:30 am  and we are all going to be too happy.. don&#39;t pee you pants in excitement. gl!!,2020-11-05 15:09:00,-69,['enph']
254586247,$enph oh no there goes tokyo go go phasezilla!!!,2020-11-05 15:08:08,-69,['enph']
254585655,$enph this is a $150 stock,2020-11-05 15:06:37,1,['enph']
254584589,$enph ,2020-11-05 15:04:01,1,['enph']
254584219,"$enph - amazing day! the best single day of my investment career so far. thanks to $enph, $plug, $clsk, $beem, &amp; $ride",2020-11-05 15:03:10,-69,"['plug', 'enph', 'beem', 'clsk', 'ride']"
254583970,$enph i was hoping this would drop more post election. never got a chance to add. what i own now is in the long term hold bucket. :(,2020-11-05 15:02:35,-69,['enph']
254583464,"$enph allright, an informal poll to keep election time fun.......how much is enough for you to sell some (or all) of enphase stock and walk away and not work again?  i can&#39;t wait to see the responses, this should be fun.  i would do it if i could walk away with 4 millon.",2020-11-05 15:01:20,-69,['enph']
254582958,"bearish sentiment in $enph nov-20 puts at $115 strike price. 10k contracts, $6.8m premium.  https://www.swaggystocks.com/dashboard/stocklabs/option-flow/enph",2020-11-05 15:00:06,-69,['enph']
254582815,$enph 21-may-21 160 calls traded 985 times for $1.5 million in premium. https://tinyurl.com/y6yj4dsh,2020-11-05 14:59:45,-69,['enph']
254582571,$enph gotta love that enph all time high coupled with my brokerage all time high. mercy. this is a day. 😍🤑💸,2020-11-05 14:59:03,1,['enph']
254582367,$enph thanks enph. this is really helping with the stress of this horrible drawn-out election.,2020-11-05 14:58:33,1,['enph']
254581344,$enph,2020-11-05 14:55:56,1,['enph']
254581200,$enph weren&#39;t we just down 10 bucks like yesterday? 🤣🤷‍♂️🤣,2020-11-05 14:55:33,-69,['enph']
254581136,$enph when was their earnings? i didnt realize it was coming up.,2020-11-05 14:55:23,-69,['enph']
254580368,$enph new article : 5 key takeaways from enphase&#39;s earnings report https://www.stck.pro/news/enph/8951878,2020-11-05 14:53:22,-69,['enph']
254579571,"$spwr $enph $run $tan

the squeeze is on",2020-11-05 14:51:09,1,"['spwr', 'tan', 'enph', 'run']"
254579198,"$enph from yesterday&#39;s $93~ to today&#39;s $119!

wowza! 🔥",2020-11-05 14:50:10,1,['enph']
254577629,$enph should we start trimming some lol,2020-11-05 14:46:09,-69,['enph']
254577553,"$enph 

just like to share this thought:

trump costs me $60,000 on the fastly meltdown because of trump’s fight with bytedance and tiktok 

biden makes me $40,000 on enph and push for clean energy. 

who should i vote for??? 😂",2020-11-05 14:45:58,1,['enph']
254576605,$enph $beem boom 💥,2020-11-05 14:43:26,1,"['enph', 'beem']"
254576592,$enph $plug $spwr $fcel i feel very fortunate and grateful to have been investing in green energy the past 3 years knowing we would get more dems in office sooner or later and that it was the future regardless of who was in office. grateful for y’all on these boards for being on this journey of financial security with me!,2020-11-05 14:43:24,1,"['fcel', 'plug', 'spwr', 'enph']"
254576489,"$enph lololol adding 2023s on those dips were the mooooove. if anyone can work with rs to pass legislation for solar and renewables, it&#39;s joe biden.",2020-11-05 14:43:04,1,['enph']
254575873,$enph &gt; 119.45,2020-11-05 14:41:19,-69,['enph']
254575524,$enph $fslr $sedg $tan dont sleep on solar 📈,2020-11-05 14:40:16,1,"['fslr', 'tan', 'enph', 'sedg']"
254575232,$enph lol $130 end of month .. mark it,2020-11-05 14:39:26,1,['enph']
254574816,$enph up 300% on calls 2023.,2020-11-05 14:38:13,-69,['enph']
254574745,"$enph count the mail-in votes in az. but not in pa!!!  lol what a transparently corrupt clown current, soon to be former, president is. his downfall is making me $$$$$$$ though.",2020-11-05 14:38:01,1,['enph']
254574559,$enph  i am in some  $125  jan 15 exp calls.,2020-11-05 14:37:29,1,['enph']
254574400,$enph wow,2020-11-05 14:37:01,-69,['enph']
254574184,$enph biden wins and we get more support for sustainable energy!! this is gonna be good then,2020-11-05 14:36:24,1,['enph']
254573938,$enph @firehawk1776 why didn&#39;t i add more? lol.,2020-11-05 14:35:40,-69,['enph']
254573866,$enph god bless mr. biden.  god bless.,2020-11-05 14:35:26,1,['enph']
254573844,$enph wowowoowoww,2020-11-05 14:35:22,1,['enph']
254572791,$enph sector wide squeeze,2020-11-05 14:32:06,-69,['enph']
254557698,"$enph i wanted to ask you guys to check out fsr if you haven&#39;t. fsr should be in the 50s in 2021, 90-120 in late 2022/very early 2023, and by eoy 2025 should be 300+. do some dd on it. great time to get in here and should be a very disruptive company and this company is going to have some serious growth to it. i am heavily invested here and been building a very large position over the last several months. we are fully funded through 2022 to get the ocean on the road. check out the ocean on their website and if you decide to order/reserve one please use my referral code pn5v6d. i could answer about any question, but do some dd on it. cheers",2020-11-05 13:31:14,-69,['enph']
254549533,"$enph love this stock, been swinging this for 2 weeks👍🏽",2020-11-05 12:51:15,1,['enph']
254547350,$enph,2020-11-05 12:37:38,1,['enph']
254544088,"$enph 93.50-110.50 in a day. 🤷‍♂️😂
the dips here aren’t even worrisome anymore, just adding opportunities. this baby is so solid. 🙌",2020-11-05 12:16:40,1,['enph']
254543625,"$enph cleantechnica: $39 million to bust us renewable energy dam wide open.
https://cleantechnica.com/2020/11/02/39-million-to-bust-us-renewable-energy-dam-wide-open/

regardless of who wins ( although it would be nice to know so we can all move on with a less volitle market) renewables will continue to outshine fosil fuel and oil.",2020-11-05 12:13:55,1,['enph']
254538406,"$enph who bought on the dip yesterday, raise your hand. :) beautiful morning!!! die bears",2020-11-05 11:35:31,1,['enph']
254537696,"$enph is the senate shifting to democrates?
seeing all solar rally.",2020-11-05 11:29:21,-69,['enph']
254537427,$icln looking good today $spwr $enph,2020-11-05 11:25:59,1,"['icln', 'spwr', 'enph']"
254537189,$enph get ready for new highs. 🚀🚀🚀🤑,2020-11-05 11:23:58,1,['enph']
254533160,"$ride $dkng $enph $sbe $ipob

i’m trying to make sense of why so much optimism despite the delayed election results 

the market celebrating the independence from the president ??? 
what more could it want ?
split congress and no more those tweets that shook the market. 

those who thought biden would be bad for the market. it’s doesn’t seem to think so. no sell off, none...",2020-11-05 10:31:54,-69,"['enph', 'dkng', 'ipob', 'sbe', 'ride']"
254532013,$enph was analyzed by 15 analysts. the buy consensus is at 85%. so analysts seem to be very confident about $enph. https://www.chartmill.com/stock/quote/enph/analyst-ratings?utm_source=stocktwits&amp;utm_medium=analyst&amp;utm_content=enph&amp;utm_campaign=social_tracking,2020-11-05 10:12:00,-69,['enph']
254523856,"$csiq $tan $enph $sedg flat  glass group co and xinji solar , both chinese solar companies traded on hk stock exchange are up nicely today after many days ....
i hope it shows a change in momentum for all solar stocks",2020-11-05 07:12:20,-69,"['csiq', 'tan', 'enph', 'sedg']"
254522180,$enph is now #1 in invesco&#39;s solar etf $tan,2020-11-05 06:33:29,-69,"['tan', 'enph']"
254520079,$enph nice!,2020-11-05 05:48:31,1,['enph']
254518840,$enph am i still making money here? where my longs at?,2020-11-05 05:25:24,1,['enph']
254517302,"$qqq $spy $dia 
in pa, for every 1% vote counted biden is gaining on trump by 32k.
at 88%, trump lead was 196k. now at 89%, that is down to 164k. still 11% left (~700k ballots) $enph $sbe",2020-11-05 04:59:23,1,"['dia', 'spy', 'qqq', 'enph', 'sbe']"
254510813,"$enph $clsk interesting interview from renew economy energy insiders ...deals with some micro grid issues such including virtual power stations and battery ... good background. 
let me know if link is broken 

https://overcast.fm/+h7fby3hok

overcast.fm/+h7fby3hok",2020-11-05 03:41:16,1,"['enph', 'clsk']"
254508454,"$enph this guy will go down as the king of posts that don’t age well, regardless of the eventual outcome.",2020-11-05 03:16:56,-69,['enph']
254505269,"$enph $sedg $tan 
update in pa: trump lead now narrows to 191k with ~ 860k of mail-in ballots left. so far biden has been running 74% vs trump 26% since i have begun tracking  (from 1.4 millions outstanding ballots) when trump leads was around 472k then.",2020-11-05 02:46:29,-69,"['tan', 'enph', 'sedg']"
254504652,$enph: the long term trend is positive and the short term trend is neutral. so the benefit of the doubt for now. https://www.chartmill.com/stock/analyzer/stock/enph?key=047332ea-3ec5-4052-b97c-f9e52f4ebeb0&amp;utm_source=stocktwits&amp;utm_medium=ta&amp;utm_content=enph&amp;utm_campaign=social_tracking,2020-11-05 02:41:00,-69,['enph']
254503983,$sedg $enph $fslr $tan and there you have it🤷🏻‍♂️,2020-11-05 02:34:38,1,"['fslr', 'tan', 'enph', 'sedg']"
254502010,"$enph  impossible to imagine 70 terawatts  of growth. try!
https://www.pv-magazine.com/2020/11/03/terawatt-scale-by-2050/",2020-11-05 02:17:12,1,['enph']
254501575,"$enph jeff mcneil sold 5,932 shares [average conviction] www.insider-analysis.com/search_transactions.php?ticker=table_enph",2020-11-05 02:13:28,-69,['enph']
254497426,$enph anyone else make good money on dip today? i added nov 100 calls around 98 pps and sold around 106 pps for 30k gains!,2020-11-05 01:38:58,1,['enph']
254496603,$enph 100k covid cases in the us. turns out it’s still happening post election.,2020-11-05 01:32:10,1,['enph']
254496425,"$enph it&#39;s so predictable.  trump has started a lawsuit in every close state he is winning in, and none in the ones he is trying to pick up votes.  what a douchebag.  isn&#39;t that telling of his character?",2020-11-05 01:30:50,1,['enph']
254493359,"$enph 
https://www.youtube.com/watch?v=mnldrtuub4i",2020-11-05 01:07:17,1,['enph']
254487888,$iea is this gana be as easy as $enph ? enphase was pretty easy. lets see if iea can top it.,2020-11-05 00:28:01,1,"['enph', 'iea']"
254479019,$enph was analyzed by 15 analysts. the buy consensus is at 85%. so analysts seem to be very confident about $enph. https://www.chartmill.com/stock/analyzer/stock/enph?view=analyst-ratings&amp;utm_source=stocktwits&amp;utm_medium=analyst&amp;utm_content=enph&amp;utm_campaign=social_tracking,2020-11-04 23:29:01,-69,['enph']
254478440,"$spy $enph $iea $run going ride the green wave coming, renewables will be the hot stocks to own....",2020-11-04 23:25:22,1,"['spy', 'enph', 'run', 'iea']"
254477058,"$enph i dont care what side you are on, this entire election is shady as fuck. and i do expect a biden win to be honest. that being said. will we now have equality? will the metoo movement exist anymore? will concerns about corruption exist anymore? will the racists and elitists disappear now from each side? will america remain energy independent? or will bidens oil investments in china and ukraine pay off? will the riots now stop? will the tribalistic cult mentality end now?

and when the tariffs are lifted against china how will it effect enphases meteoric rise these past few years in part due to them?

good luck folks. because the double standards are not just going to remain, they are going to grow.biden will be out of office within a year, harris will then be potus and the next in line to fill the vp position will be pelosi if she remains speaker of the house. thats my prediction. 

old saying &quot; de noche todos los gatos son pardos&quot;. and its gonna be a dark night.",2020-11-04 23:16:15,1,['enph']
254473963,"$spy democrats about to make bank investing in facilitating clean energy once biden is announced president

only 1 state away! 

$clsk $beem $enph $flux",2020-11-04 22:58:01,1,"['spy', 'enph', 'beem', 'clsk', 'flux']"
254471315,$enph orange balrog,2020-11-04 22:43:08,1,['enph']
254469866,"$enph will ask for a presidential pardon, guilty of never changing the diaper, not once.
4 years of max loads:)",2020-11-04 22:35:40,-69,['enph']
254461946,$enph  there goes our taxes next year 😭🤣,2020-11-04 22:00:26,-69,['enph']
254459619,$enph very happy avgin down with my 95-96 buys this morning. thank you joseph,2020-11-04 21:51:36,-69,['enph']
254458199,$enph presumably without the senate the democrats won’t be able to push green energy (as well as their tax increases) - so it doesn’t make a lot of difference to enph if they win - have i understood that correctly?,2020-11-04 21:46:04,-69,['enph']
254457056,$enph see everyone at $130 by end of this month☺️,2020-11-04 21:41:44,1,['enph']
254455114,"$enph 
https://redstate.com/brandon_morse/2020/11/04/michigan-ballots-n274829?s=01",2020-11-04 21:34:49,1,['enph']
254454735,"$beem $sedg $enph $csiq whelp, it looks like it&#39;s all over except for the crying.. time to sit back and watch trump have his tantrum. wish we could have gotten more blue in the senate but... the market should love this",2020-11-04 21:33:37,-69,"['csiq', 'enph', 'sedg', 'beem']"
254453721,"$enph biden just took michigan, if az and nv hold its all done",2020-11-04 21:30:23,1,['enph']
254449271,"$enph remember all ...... enph $500n2025!
or sooner?",2020-11-04 21:16:01,-69,['enph']
254445860,$enph someone call up elon and tell him offering $250 a share now will be much cheaper than down the road! :)... or since he likes 420 so much... we will accept that as well..,2020-11-04 21:06:07,-69,['enph']
254444473,$enph wow!!,2020-11-04 21:02:16,1,['enph']
254442849,"$enph wow look like biden could pull it off in pa. trump lead down down from 472k to 356k from just 215k mail-in ballots. that&#39;s implying  76% biden share. still 1.2 million ballots left. if biden &#39;vote share remain above 70%, he could very well win pa by  120k or so. 
then nv and az doesn&#39;t matter.

solar stock seems to know.",2020-11-04 20:56:25,1,['enph']
254442340,$enph picked up shares today with the discount.  holding . very strong close.,2020-11-04 20:54:34,1,['enph']
254438871,$enph $iea we riding a wave alright. a big ass wave. but is it blue or red? everyone thought it was red yesterday. now its blue. whats it gana be tomorrow?,2020-11-04 20:39:57,-69,"['enph', 'iea']"
254437473,$enph the race is done. biden has it. each hour it gets clearer. solar energy gets a surge this week.,2020-11-04 20:33:40,-69,['enph']
254435636,$enph the race is still close. it can go either way. pa not looking as great for biden as we expected.,2020-11-04 20:25:33,-69,['enph']
254432215,$enph was analyzed by 15 analysts. the buy consensus is at 85%. so analysts seem to be very confident about $enph. https://www.chartmill.com/stock/quote/enph/analyst-ratings?utm_source=stocktwits&amp;utm_medium=analyst&amp;utm_content=enph&amp;utm_campaign=social_tracking,2020-11-04 20:10:00,-69,['enph']
254427599,$enph i guess this is technically consolidation? just with crazy 10 dollar swings lol,2020-11-04 19:49:06,1,['enph']
254424354,$enph is this cuz the republicans still hold majority and biden won’t be able to pass anything?,2020-11-04 19:34:46,1,['enph']
254421050,$enph https://www.smh.com.au/world/north-america/biden-appears-poised-to-win-the-white-house-despite-trump-claims-20201105-p56bn8.html?btis,2020-11-04 19:19:56,1,['enph']
254416275,$enph 104.35 needs to break,2020-11-04 18:58:40,-69,['enph']
254415885,$enph discussions in the media about covid 19 strangely quiet now.  (told ya!),2020-11-04 18:56:50,-69,['enph']
254415723,$enph back in on this break of 9 ema and 20 ema,2020-11-04 18:56:07,-69,['enph']
254411847,$fslr $enph starting to really look like a biden win. keeping an eye on solar for a bounce.,2020-11-04 18:38:36,1,"['fslr', 'enph']"
254409736,$enph what left to count...go solar!!,2020-11-04 18:28:47,1,['enph']
254406666,$enph sold my calls @104. i&#39;ll just keep my stocks. my mind is blowing up with uncertainty. not worth the option risk,2020-11-04 18:15:32,1,['enph']
254405335,$enph i set a buy too low and it didn&#39;t go. bah!,2020-11-04 18:09:54,-69,['enph']
254403681,"$enph  
 
lesson of the election, same as the lesson of every day always buy the enphase dip",2020-11-04 18:03:17,1,['enph']
254403147,$enph bye bye for now,2020-11-04 18:01:07,-69,['enph']
