id,body,created_at,sentiment,symbols
254908225,"$enph quiroga isidoro, left a $billion on the table.
think about it, bailed because of the pandemic?",2020-11-06 17:56:35,1,['enph']
254907618,"smartoptions® unusual activity alert
(delayed)

$enph $160 calls
may 21 2021 exp 

trade volume: 1,000 contracts

$1,500,000 was traded just now.. 

current stock price: $117.47

follow the money &amp; trade options with our smartoptions® artificial intelligence.  
martoptions.ai",2020-11-06 17:54:23,1,['enph']
254900174,top bullish flow (a/o12:22pmest): $baba $rtx $uber $enph $net,2020-11-06 17:24:47,-69,"['rtx', 'enph', 'uber', 'baba', 'net']"
254892139,"$tndm just made a pretty mini fortune this morning. i’ve been with tandem since the dark days and when this thing dips, it has never failed me on a rebound. one happy trader today. this and $enph  will hit $200 this year.",2020-11-06 16:55:46,-69,"['tndm', 'enph']"
254890538,$enph enphase energy call volume above normal and directionally bullish,2020-11-06 16:50:41,-69,['enph']
254890382,$enph $spy $tsla $clf 👏👏🏻👏🏼👏🏽👏🏿,2020-11-06 16:50:11,-69,"['clf', 'spy', 'tsla', 'enph']"
254889218,"$enph only plus to this election if biden wins is that my ng mlps are going to boom. and we wont have to suffer from tds anymore and bds isnt really a thing. 

have to look at the silver lining,",2020-11-06 16:46:10,-69,['enph']
254885055,$enph 20-jan-23 160 calls traded 289 times for $1.1 million in premium. https://tinyurl.com/y6svfw4k,2020-11-06 16:33:30,-69,['enph']
254883642,$enph is an absolute unit,2020-11-06 16:28:58,1,['enph']
254881024,$enph $spwr $tsla $sedg what biden can do in the first 100 days on clean energy. first thing - rejoin the paris climate accord: https://pv-magazine-usa.com/2020/11/06/what-can-biden-can-get-done-on-energy-in-the-first-100-days,2020-11-06 16:20:52,-69,"['spwr', 'tsla', 'enph', 'sedg']"
254879104,$enph are you guys proud of me for holding haha,2020-11-06 16:15:06,-69,['enph']
254877399,$enph lol i stopped caring about the election. they&#39;ll announce it when they&#39;re ready. on the sunny side. enph is greeeen,2020-11-06 16:09:50,1,['enph']
254876474,"$enph $apps cant stop these beasts, fuck it all to the moon !",2020-11-06 16:07:08,-69,"['enph', 'apps']"
254874540,"$enph it&#39;s crazy to me what people think biden&#39;s plans entail tax-wise. please go read the actual plans. unless you are absolutely ballin&#39; they wouldn&#39;t impact you in any significant way. not only that, the increases we&#39;re talking about here are *progressive,* so even if you are rolling in it, your tax burden in go up *incrementally* —  frankly, if you don&#39;t understand that, it means you&#39;ve never been in a high enough tax bracket for it to be relevant to your life, and you definitely won&#39;t see any tax increases. the lack of numeracy among investors on st is deeply embarrassing.",2020-11-06 16:01:43,-69,['enph']
254873954,$enph 🙏🏻,2020-11-06 16:00:14,1,['enph']
254866657,$spwr $enph breakout for spwr. has been held down for years for lots of good reasons. those reasons are finally gone. will get valued like it’s peers.,2020-11-06 15:40:36,-69,"['spwr', 'enph']"
254865991,"$enph georgia run off,  republicans will not benefit from trump lack of grace in defeat (belligerent).
run off campaign starting off on sour note.
georgians have the opportunity to tie this election season with a bow and ribbon.",2020-11-06 15:38:47,1,['enph']
254863174,"next generation of hyper growth stocks - $apps, $pins, $crwd, $enph, $otrk",2020-11-06 15:30:59,-69,"['enph', 'apps', 'pins', 'otrk', 'crwd']"
254861707,$enph adde some more at 120.,2020-11-06 15:27:05,-69,['enph']
254858576,"stock ideas under president-elect biden:

$enph $aeye $clsk $beem",2020-11-06 15:17:52,1,"['enph', 'aeye', 'beem', 'clsk']"
254858085,$enph biden gonna win. stock market not crumbling????? weird....ha!,2020-11-06 15:16:22,1,['enph']
254846289,"enphase $enph testing all time highs $123.28. worth to keep it on watch!!! will test it today, if it can push through to the upside, blue sky territory.",2020-11-06 14:46:00,-69,['enph']
254845712,$tan $jks $spwr $enph the power of the sun. holding all of these currently.,2020-11-06 14:44:25,1,"['spwr', 'tan', 'jks', 'enph']"
254845448,$enph 📈📈📈,2020-11-06 14:43:43,1,['enph']
254844802,"$iea $run $enph are running, no pun intended....",2020-11-06 14:42:04,1,"['enph', 'run', 'iea']"
254843355,$enph $spwr       i feel good!!!,2020-11-06 14:38:26,1,"['spwr', 'enph']"
254840734,"$enph $run $spwr  secrete service providing protection this morning.
green future secure.",2020-11-06 14:31:30,1,"['spwr', 'enph', 'run']"
254839181,$enph ,2020-11-06 14:26:22,-69,['enph']
254839161,$enph journey to $135 will have a few gaps in the chart.,2020-11-06 14:26:18,-69,['enph']
254838463,"$acb many people talks after fact but i alert before the fact !!! 💪 
$ride $fsr $aapl $enph",2020-11-06 14:24:14,1,"['aapl', 'enph', 'acb', 'fsr', 'ride']"
254837597,"$spy $qqq $tsla $plug $enph cramer is crying on cnbc about how his children will hate him from inheriting the zillion in debts, but he is one of the loudest criers for bailouts/stimulus.",2020-11-06 14:21:18,-69,"['plug', 'spy', 'tsla', 'qqq', 'enph']"
254837363,$enph yassssssssssss!!!,2020-11-06 14:20:36,1,['enph']
254837046,"$enph back at the #1 spot in blackrock&#39;s clean energy etf $icln 
$sedg is not in the top 10",2020-11-06 14:19:29,1,"['icln', 'enph', 'sedg']"
254835620,$enph  going to be a green xmas in november. and a green new year.,2020-11-06 14:14:43,1,['enph']
254833957,$enph greta thunberg tells donald to &quot;chill&quot;,2020-11-06 14:08:30,-69,['enph']
254833063,$enph !!!,2020-11-06 14:05:01,1,['enph']
254832901,$enph 🍆🍆🍆,2020-11-06 14:04:24,-69,['enph']
254832372,$enph president-elect joe biden!,2020-11-06 14:02:17,1,['enph']
254832246,$enph annnnd everything turns green.,2020-11-06 14:01:49,-69,['enph']
254830846,"$sbe $tan $enph $icln $sedg 
both pa and ga now have turned blue as predict yest.

let’s clean and renewable energy reign supreme.",2020-11-06 13:56:37,1,"['icln', 'tan', 'enph', 'sedg', 'sbe']"
254830433,"$enph and biden leads in pa! if you weren&#39;t already convinced, you should be now. biden is our next president.",2020-11-06 13:54:59,-69,['enph']
254827844,"smartoptions® unusual activity alert
(delayed)

$enph $160 calls
may 21 2021 exp 

trade volume: 1,000 contracts

$1,500,000 was traded just now.. 

current stock price: $117.47

follow the money &amp; trade options with our smartoptions® artificial intelligence.  
smartoptions.ai",2020-11-06 13:43:47,1,['enph']
254825076,"$spwr $enph  count continues, turning the corner:) biden leading in georgia!
bid ask will pick up steam ... decision before noon.",2020-11-06 13:31:45,1,"['spwr', 'enph']"
254823516,"$enph morning everyone! on the cusp of a biden/harris presidency, it looks likely that we&#39;ll end up with a gop senate (though, we&#39;ll have a shot in january!), and a reduced dem majority in the house. that means we&#39;re back to good old political gridlock.

that&#39;s okay! what we will see immediately are two crucial things:

1. the reversal of trump&#39;s slew of damaging executive orders

2. a new cabinet. i cannot stress the importance of this one enough. we will finally have federal agencies that are doing their job. the epa will once again protect the environment, the attorney general isn&#39;t going to be suing every state that tries to enact stricter emissions controls, and very importantly, trust will increase in the first covid vaccines that are released, since we can be more confident the fda won&#39;t rubber-stamp or rush things. 

personally i don&#39;t think the executive branch should have this much power, but it does. a lot of good will come of this.",2020-11-06 13:24:21,1,['enph']
254823223,"new 52 week highs for $enph, $bby and $dhr https://www.chartmill.com/stock/stock-screener?f=p_pg10,v1_50b500,s_nh,exch_us&amp;v=3&amp;utm_source=stocktwits&amp;utm_medium=screener&amp;utm_content=stock_screener:_new_52_week_high_today&amp;utm_campaign=social_tracking",2020-11-06 13:23:00,-69,"['bby', 'dhr', 'enph']"
254821392,"$enph projected balance of power in the house of representative 226 dem and 209 gop. dem is projected to lose 6 seats and narrowing majority to just 17. down from 32. 

this could have implication for passing stimulus next year and green initiative/bills. they can&#39;t afford to lose more than 8 votes. 

 https://www.cnbc.com/2020/11/05/2020-election-results-democrats-to-lose-house-seats-but-keep-majority.html",2020-11-06 13:14:26,-69,['enph']
254816778,"$enph i honestly think today will be green, also depends on the job reports... but these futures r meaningless",2020-11-06 12:50:34,-69,['enph']
254816759,$enph big dick enphase bde,2020-11-06 12:50:28,1,['enph']
254816476,$enph still here since 2018 and not letting any go..got my core under 2 bucks . can wait to see 150.00 😉...aloha,2020-11-06 12:48:46,1,['enph']
254808549,$enph $czr $dkng $sbe $feac  come on give me some real dip!! so i can start my margin operation!!,2020-11-06 11:53:24,1,"['czr', 'enph', 'dkng', 'feac', 'sbe']"
254806464,this is why hedge funds use a.i. $enph enters uptrend as momentum indicator ascends above 0 level. view odds of uptrend. https://srnk.us/go/2287530,2020-11-06 11:34:54,1,['enph']
254802498,"$spy $qqq covid cases breaking records, 120k+. if trump loses, he might dodge a bullet. biden will be too busy orchestrating his 2trillion green $tsla $plug $enph cannot wait for the circus show...",2020-11-06 10:48:28,-69,"['plug', 'spy', 'tsla', 'qqq', 'enph']"
254797811,$enph if enphase had a look when the markets red.,2020-11-06 09:26:27,-69,['enph']
254794601,$enph new article : tan: a solar etf that could make you look good (just don&#39;t get burned) https://www.stck.pro/news/enph/8964671,2020-11-06 08:05:06,-69,['enph']
254791286,"in the last month $enph has a been trading in the 92.14 - 123.28 range, which is quite wide. https://www.chartmill.com/stock/analyzer/stock/enph?key=047332ea-3ec5-4052-b97c-f9e52f4ebeb0&amp;utm_source=stocktwits&amp;utm_medium=ta&amp;utm_content=enph&amp;utm_campaign=social_tracking",2020-11-06 06:46:00,-69,['enph']
254788463,"$spy china plays, weed and solar should remain hot trends into eoy with biden victory $nio $tlry $enph.",2020-11-06 05:59:57,-69,"['nio', 'spy', 'enph', 'tlry']"
254778937,"$enph sold half my share at $98 for 100% profit, shit happens. fuck you enphase!",2020-11-06 04:05:18,1,['enph']
254777016,$enph the only thing &quot;bad&quot; about today......we have ourselves a gap. the traders in this name love closing them gaps. hopefully this is more of a breakaway gap haha.,2020-11-06 03:47:24,-69,['enph']
254773480,"$enph
 https://www.youtube.com/watch?v=uo63qqsm5dw",2020-11-06 03:18:10,-69,['enph']
254769798,$enph - next fiscal quarter end is on 31st of december 2020. stable enphase energy… https://www.macroaxis.com/invest/overlap-studies/parabolic-sar---extended/enph,2020-11-06 02:47:32,-69,['enph']
254769280,$enph  had to post this... lmao,2020-11-06 02:43:28,-69,['enph']
254768134,"$enph, $sedg and $grwg are the top gainers for the day. https://www.chartmill.com/stock/stock-screener?v=3&amp;f=sl_pt_4_x,p_pg10,v1_50b500,exch_us&amp;s=pt&amp;utm_source=stocktwits&amp;utm_medium=screener&amp;utm_content=stock_screener:_top_gainers&amp;utm_campaign=social_tracking",2020-11-06 02:34:00,-69,"['enph', 'sedg', 'grwg']"
254766999,"$enph y&#39;all if you don&#39;t realize by now this has been over for a while. biden will win pa by 2% or more and that&#39;s ballgame. add ga, nv and maybe az and it&#39;s no longer close.

in a non-covid year this would&#39;ve been over on election night and not that close at all.",2020-11-06 02:25:56,1,['enph']
254766801,"(11/05) solar stocks up 13.9% on average(mean) in a day, median return is 12.6%, top movers are $jks 28.4% $spwr 17.0% $enph 13.2% $sedg 13.1% $csiq 12.0%, the sector return (on average) over the week is 7.6%, 
https://marketcomposite.com/topic?name=solar",2020-11-06 02:24:39,-69,"['csiq', 'spwr', 'jks', 'enph', 'sedg']"
254764957,"smartoptions® unusual activity alert
(delayed)

$enph $160 calls
may 21 2021 exp 

trade volume: 1,000 contracts

$1,500,000 was traded just now.. 

current stock price: $117.47

follow the money &amp; trade options with our smartoptions® artificial intelligence.  
smartoptions.ai",2020-11-06 02:11:00,1,['enph']
254761865,$enph has a profit margin of 24.69%. this is amongst the best returns in the industry. https://www.chartmill.com/stock/quote/enph/fundamental-analysis?key=047332ea-3ec5-4052-b97c-f9e52f4ebeb0&amp;utm_source=stocktwits&amp;utm_medium=fa&amp;utm_content=enph&amp;utm_campaign=social_tracking,2020-11-06 01:48:00,-69,['enph']
254758551,"$enph futures will ignore trump by morning, focus on the count.",2020-11-06 01:26:03,-69,['enph']
254756165,"$enph my god, that 10min freewheeling speech from the wh briefing room was so abhorring... we pity you, america. what an embarrassment. can&#39;t believe it&#39;s been 4 years but, at last, the end is near.. hang in there folks! sending you warm thoughts from the old continent, glta!",2020-11-06 01:12:28,-69,['enph']
254754746,"$enph this stock is science, financials reports and expansion will be the best, solid numbers, good future, 225 usd is my new goal, 120, thank you, for those specialty cmoney and kash, thank god for this  incredible stock, it will bring peace to my soul, good day everyone data ill be very",2020-11-06 01:04:01,1,['enph']
254751273,"$enph ok fellow friends, here is my thought process. it seems like biden will win, and trump won&#39;t accept that. if trump doesn&#39;t leave office markets tank and in particular renewable does too. are any of you guys getting scared of trump or i am being scared??",2020-11-06 00:44:46,-69,['enph']
254750691,$enph ah is hot!!!,2020-11-06 00:41:52,-69,['enph']
254750611,"$enph lol...a republican might lose georgia...georgia!  how bad of a president were you, trump?  you keep using the word &quot;disgrace&quot; but just like other words you use to accuse others, like &quot;corrupt&quot;, they are more befitting of you!  what a pathetic, sore loser.  what a disgrace!",2020-11-06 00:41:26,1,['enph']
254749252,"$enph such a bad day for our country ! and the people who believe it, how can you ? peace.",2020-11-06 00:34:18,1,['enph']
254748572,$enph having a democrat as president will not sink the market. its the opposite (check my obama charts). having a president that can not accept defeat will.,2020-11-06 00:30:41,1,['enph']
254745878,"$spy $qqq you cannot talk to morons about politics especially when they sell their lungs, have their savings $tsla $plug $enph + and some more on the line...",2020-11-06 00:16:26,-69,"['plug', 'spy', 'tsla', 'qqq', 'enph']"
254743439,"$enph $spy $tsla  sorest loser. 

cmon orange sack, just resign and enjoy the downtime before prison",2020-11-06 00:04:08,-69,"['spy', 'tsla', 'enph']"
254741479,$enph trump just sunk the futures,2020-11-05 23:54:41,-69,['enph']
254740808,"$enph that stupid fat, orange idiot keeps talking about polls.  so what?  people have voted.  you&#39;re gonna lose.  go back to your bunker.",2020-11-05 23:51:17,1,['enph']
254740471,"$enph a year ago i told myself that i would sell my shares when we hit 120.........i traveled back in time, bitch slapped myself and now set my new goal at 250. fingers crossed!",2020-11-05 23:49:32,-69,['enph']
254738908,"$enph 

need to remind myself.",2020-11-05 23:41:54,1,['enph']
254738524,"$enph its honestly quite a few people i put on with this stock and it just feels amazing when everyone is winning , got this guy in at $92 right before it took off to $97 &amp; $99 a few weeks ago before the surge and he’s still holding!  . i post all my stock ideas on my snapchat add me ogkidcx &amp; my main plays are $spwr $tan $nkla &amp; $nio .. glta .. nothing is stopping this .. nothing",2020-11-05 23:40:03,1,"['spwr', 'nio', 'tan', 'enph', 'nkla']"
254735644,the industry average roe is 10.42%. $enph outperforms 97% of its industry peers. https://www.chartmill.com/stock/analyzer/stock/enph?view=fundamental-analysis&amp;key=047332ea-3ec5-4052-b97c-f9e52f4ebeb0&amp;utm_source=stocktwits&amp;utm_medium=fa&amp;utm_content=enph&amp;utm_campaign=social_tracking,2020-11-05 23:25:00,-69,['enph']
254735363,"smartoptions® unusual activity alert
(delayed)

$enph $160 calls
may 21 2021 exp 

trade volume: 1,000 contracts

$1,500,000 was traded just now.. 

current stock price: $117.47
current stock price: $433.39

follow the money &amp; trade options with our smartoptions® artificial intelligence.  
smartoptions.ai",2020-11-05 23:23:37,1,['enph']
254733873,"$enph $sedg $tan $sbe 

update: in pa, trump lead now narrowing to 78k  with ~ 300k outstanding ballots left. of those, ~ 90k is in philadelphia area.",2020-11-05 23:16:24,1,"['tan', 'enph', 'sedg', 'sbe']"
254733387,$enph new article : are stock markets headed for record highs -- or a crash? https://www.stck.pro/news/enph/8960641,2020-11-05 23:14:06,-69,['enph']
254730885,$enph trump living the slow death in the eyes of the world:)),2020-11-05 23:03:16,1,['enph']
254730566,$enph will be selling whole portfolio and some of enph at $150 to pay off the 7 properties i bought in june. enph will be my only holding after. will keep what i have left over here.  long and strong. this company is a beast,2020-11-05 23:01:50,1,['enph']
254726183,"$enph , glad i doubled my shares on wed near low",2020-11-05 22:43:20,1,['enph']
254725289,$enph $spwr  multi-day run looks to me. pace yourself.,2020-11-05 22:39:40,-69,"['spwr', 'enph']"
254723215,i can&#39;t believe i sold $enph at 34 and $nio at 5 😂😂 now i&#39;m loaded in $xspa holy shit it&#39;s been a rough year.,2020-11-05 22:31:19,1,"['nio', 'xspa', 'enph']"
254708978,$enph looks like a copy and paste from september lmfao,2020-11-05 21:44:27,1,['enph']
254703181,$enph and that is how you end a trading day!!!,2020-11-05 21:29:32,-69,['enph']
254701099,$enph i hope many folks here enjoyed some nice gains to their accounts today! 😃,2020-11-05 21:24:27,1,['enph']
254689022,$enph noticing a pattern where strong stocks sell off but recover quickly when the market sentiment is up again.,2020-11-05 20:57:55,1,['enph']
254682075,$enph time to abandon ship for awhile..,2020-11-05 20:34:43,-69,['enph']
254681969,"$enph nov20 calllers, selling today on strength or tomorrow morning or next week?",2020-11-05 20:34:16,-69,['enph']
254679356,$enph this thing is golden.  also scooped up a ton of sol.,2020-11-05 20:25:03,1,['enph']
254675661,$enph $sbe $beem $arry chad green portfolio,2020-11-05 20:11:08,1,"['arry', 'enph', 'beem', 'sbe']"
254675584,"smartoptions® unusual activity alert
(delayed)

$enph $160 calls
may 21 2021 exp 

trade volume: 1,000 contracts

$1,500,000 was traded just now.. 

current stock price: $117.47

follow the money &amp; trade options with our smartoptions® artificial intelligence.  
smartoptions.ai",2020-11-05 20:10:51,1,['enph']
254675384,"$apps $enph
this has been my main play.  know what you own, why you own it and always keep the winners. main core at 80% of all assets. my secondary is for trading associated tax liabilities. none of these are currently present in secondary. 

this is my plan and is extreme high risk, and your risks and plans will differ, but the point is. always have a plan, always keep the winners, be intimate with what you own and nurture your future. slow and steady wins the race. dd consistently. good luck",2020-11-05 20:10:03,-69,"['enph', 'apps']"
254670546,$enph $jd $dkng $sbe bless everyone of you,2020-11-05 19:54:19,1,"['enph', 'jd', 'dkng', 'sbe']"
254669329,$enph 5 year forecast?,2020-11-05 19:50:19,1,['enph']
254667919,$enph been in since $17. this has been a blessing. am now debt free. thank you enph!,2020-11-05 19:45:47,1,['enph']
254663244,"smartoptions® unusual activity alert
(delayed)

$enph $160 calls
may 21 2021 exp 

trade volume: 1,000 contracts

$1,500,000 was traded just now. 

current stock price: $117.47

follow the money &amp; trade options with our smartoptions® artificial intelligence.  
smartoptions.ai",2020-11-05 19:29:57,1,['enph']
254663017,$enph wow what a blessing to wake up to. glad i held on to my nov $115’s and nov 120’s! which i am getting rid of now lol,2020-11-05 19:29:14,1,['enph']
254662740,"$iea i think we are going see $10-13 eow , still less than 300m market cap, compare that to $run , $enph, $plug and look at their revenues",2020-11-05 19:28:10,1,"['plug', 'enph', 'run', 'iea']"
254662163,the industry average roa is 2.19%. $enph outperforms 96% of its industry peers. https://www.chartmill.com/stock/quote/enph/fundamental-analysis?key=047332ea-3ec5-4052-b97c-f9e52f4ebeb0&amp;utm_source=stocktwits&amp;utm_medium=fa&amp;utm_content=enph&amp;utm_campaign=social_tracking,2020-11-05 19:26:00,-69,['enph']
254657726,$enph will we have a power hour ?,2020-11-05 19:10:38,-69,['enph']
254657074,$spwr $enph $fslr $tsla nevada to go 50% green energy by 2030 - just one of many examples of the market growing all over the country: https://pv-magazine-usa.com/2020/11/04/clean-energy-election-roundup-nevada-to-go-50-renewable-by-2030-columbus-100-by-2023,2020-11-05 19:08:20,-69,"['fslr', 'spwr', 'tsla', 'enph']"
254654444,"$enph update: there has been a discussion within trump circle of a possible run in 2024....lord.  

signaling something here??",2020-11-05 18:59:43,-69,['enph']
254653608,$enph the triggered snowflake trumpsters are sustaining me today. schadenfreude at its absolute finest. 🤣,2020-11-05 18:56:41,1,['enph']
254650377,$enph headed toward 150+ above r2 near 135,2020-11-05 18:45:16,1,['enph']
254649700,"$sbe $ride $enph $dkng $spy 

per sec. state of pa: pa expected to see the election winner today and most votes will be counted.",2020-11-05 18:42:58,-69,"['spy', 'enph', 'dkng', 'sbe', 'ride']"
254649309,"$enph $apps 
https://www.youtube.com/watch?v=xhoicnpccwa",2020-11-05 18:41:38,1,"['enph', 'apps']"
254641919,"$iea $plug $enph my winners for today.  sold enph and plug buying more here, why, this has 100-200% probability.  lets keep the party going",2020-11-05 18:15:28,1,"['plug', 'enph', 'iea']"
254641550,"$spy $enph $acb 
nevada- biden expanding lead to 12k (200k uncounted ballots)
georgia- trump lead narrow to 13.5k (with 50k uncounted ballots)
pennsylvania - trump lead now at 115k (350k ballots left mostly mail in ballots with vote shares have been 75% biden and 25% trump since yesterday no change) 
arizona- biden lead 68k (with 515k uncounted ballots left)",2020-11-05 18:14:03,1,"['spy', 'enph', 'acb']"
254639358,"$spy $qqq $tsla $plug $enph on cnn, votes with no signature, restorations ballots(guessing the intent of the voters), signatures that don’t match will all be counted...",2020-11-05 18:05:38,-69,"['plug', 'spy', 'tsla', 'qqq', 'enph']"
254638982,$enph @sherry___ i respected you for on your insight on $lvgo . but you are totally illiterate when comes to $enph . never bet against this. it’s not biden or trump. it’s management consistently go beyond expectations.,2020-11-05 18:04:20,1,"['enph', 'lvgo']"
254636917,"$enph damn it missed it!! 
i bought few weeks back at $115 and then when it pulled back to $94 i placed a limit sell order at $115 and forgot to cancel it. it executed this morning. 
now, i need to wait and watch for an entry!!",2020-11-05 17:57:03,-69,['enph']
254632996,"$enph this has probably already been posted but here it is anyway 
https://www.fool.com/amp/investing/2020/11/05/5-key-takeaways-from-enphases-earnings-report/",2020-11-05 17:43:15,-69,['enph']
254632778,$enph is this move signaling a biden victory? only price will tell us. watch the top end of the broadening formation for a target. @trendspider,2020-11-05 17:42:24,-69,['enph']
254632731,$enph new article : waste management: the garbage man can https://www.stck.pro/news/enph/8955380,2020-11-05 17:42:12,-69,['enph']
254631606,"$enph contested election and rightfully so, will bring this back to low 100s",2020-11-05 17:38:04,-69,['enph']
254631531,"$enph we caught em. fraud, dems are in a world of trouble.",2020-11-05 17:37:46,1,['enph']
254630843,$enph $125 is coming... hold! 😵,2020-11-05 17:35:18,1,['enph']
254628557,"$idex ev and alt energy and fuel cell stocks are exploding.  maybe the mms know that biden is taking pennsylvania?!  my portfolio is on fire 🔥🔥🔥
$idex $enph $nio $plug",2020-11-05 17:26:37,-69,"['plug', 'nio', 'enph', 'idex']"
254628389,$enph if only i had some faith to sell high and buy low i&#39;d be making so much $$$ right now.  glad staying long has some good benefits here.,2020-11-05 17:26:00,1,['enph']
254627080,call sweeps over 500k (a/o12:20pmest): $xpev $msft $enph $tsla $fb,2020-11-05 17:21:17,-69,"['msft', 'fb', 'tsla', 'enph', 'xpev']"
254626644,top bullish flow (a/o12:18pmest): $tsla $enph $msft $gsx $mu,2020-11-05 17:19:46,-69,"['gsx', 'msft', 'mu', 'tsla', 'enph']"
254624295,$tsla $xpev $enph missing the run but glad that sustainability is winning,2020-11-05 17:11:17,-69,"['tsla', 'enph', 'xpev']"
254624033,$enph acceptable,2020-11-05 17:10:15,-69,['enph']
254623720,"in the last month $enph has a been trading in the 92.14 - 118.94 range, which is quite wide. https://www.chartmill.com/stock/analyzer/stock/enph?key=047332ea-3ec5-4052-b97c-f9e52f4ebeb0&amp;utm_source=stocktwits&amp;utm_medium=ta&amp;utm_content=enph&amp;utm_campaign=social_tracking",2020-11-05 17:09:00,-69,['enph']
254621283,"$enph wow what a day.  enph and tan are my biggest positions.  also holding nio, plug, spwr, and jks..  what a explosive move in these stocks.",2020-11-05 16:59:46,-69,['enph']
254620898,"premarket losers 
$cat $sedg $enph $fslr $hon  
 
track today&#39;s losers. live scans start 930am et 
stockbeep.com/prelose-nov4",2020-11-05 16:58:28,-69,"['fslr', 'cat', 'hon', 'enph', 'sedg']"
254620416,"$spwr $enph  top bollinger bouncing the bid ask off the ceiling.
what is a trader to due?
trade.",2020-11-05 16:56:46,1,"['spwr', 'enph']"
254620066,$enph---over 110.00 strong long,2020-11-05 16:55:27,-69,['enph']
254618634,"$enph and out for now. thank you, golden goose.",2020-11-05 16:50:24,-69,['enph']
254618463,$iea this chart will be the next $enph orders looking good today,2020-11-05 16:49:50,1,"['enph', 'iea']"
254617643,$enph $spwr 👀i&#39;ll admit i got out of spwr a while back. that was a mistake! congrats to the folks still in!,2020-11-05 16:46:57,1,"['spwr', 'enph']"
254616945,$se $enph only two stocks you need,2020-11-05 16:44:22,1,"['se', 'enph']"
254616147,"top gainers part 2

$th $upwk $enph $grwg $qcom",2020-11-05 16:41:20,1,"['qcom', 'enph', 'upwk', 'th', 'grwg']"
254616134,$enph don’t feel scary at all 🤠,2020-11-05 16:41:17,-69,['enph']
254615818,$enph my baby is all grown up. 😢,2020-11-05 16:40:03,-69,['enph']
254614915,$enph 🤑,2020-11-05 16:36:51,1,['enph']
254614791,$enph my calls today 😭😭🤑🤑🤑,2020-11-05 16:36:25,1,['enph']
254614624,"$sedg $enph $csiq if nevada will announce a biden win , we will climb another 5  to 7 %....
if trump take nevada we will see a huge huge drop .
let’s wait and see",2020-11-05 16:35:46,-69,"['csiq', 'enph', 'sedg']"
254614564,$enph this was 93 yesterday. lol who loaded on options?,2020-11-05 16:35:35,1,['enph']
254614534,$enph 😲,2020-11-05 16:35:30,-69,['enph']
254614529,$enph how big of a hit does this take if biden loses?,2020-11-05 16:35:28,-69,['enph']
254614489,$enph hit and held my expected pt of 120.  looking very strong.  expect a nice jump once the elections are final with biden,2020-11-05 16:35:20,1,['enph']
