id,body,created_at,sentiment,symbols
254881634,$amzn 3/4 of the posts in here are muppets talking about other stocks fml,2020-11-06 16:22:41,-69,['amzn']
254880985,"$aapl $zm $amzn $fb 

don&#39;t be afraid

cramer: biden presidency, gop senate would be &#39;so boring&#39; — and great for stocks https://www.cnbc.com/2020/11/05/cramer-biden-presidency-with-gop-senate-nirvana-for-stock-market.html?__source=iosappshare%7ccom.apple.uikit.activity.copytopasteboard",2020-11-06 16:20:45,1,"['aapl', 'amzn', 'fb', 'zm']"
254880903,"$amzn , ath next week",2020-11-06 16:20:31,-69,['amzn']
254880859,$amzn 1 hour view from 10/09 midday update showing stock breaking higher as expected   #elliottwave #trading #amazon,2020-11-06 16:20:21,-69,['amzn']
254880779,$amzn 1 hour view from 10/07 update. managed to reach blue box area again &amp; reacted higher   #elliottwave #trading #amazon,2020-11-06 16:20:08,-69,['amzn']
254880705,amazon reacting higher from elliott wave blue box area https://elliottwave-forecast.com/stock-market/amazon-reacting-higher-blue-box-area/ #elliottwave #trading $amzn #amazon,2020-11-06 16:19:51,-69,['amzn']
254880634,$amzn  4 hour view from 9/22 update. showing reaction higher taking place from blue box area. allowed longs to get into a risk free position   #elliottwave #trading #amazon,2020-11-06 16:19:38,-69,['amzn']
254880633,"$jmia 
sitting at key technical level, resistance from previous high... do we consolidate here or blast through? 
$amzn $baba $jd $pdd",2020-11-06 16:19:38,-69,"['amzn', 'jd', 'baba', 'pdd', 'jmia']"
254880565,$amzn  pullback from the peak reached $2902- $2626 area lower from where bounce higher took place. 4 hour view from 9/14 update  #elliottwave #trading #amazon,2020-11-06 16:19:28,-69,['amzn']
254880537,$amzn https://www.youtube.com/watch?v=7ra1ekwqjxc&amp;feature=youtu.be,2020-11-06 16:19:24,-69,['amzn']
254880405,$ipob i get why $amzn hasn&#39;t gotten into ibuying yet because if the market leader is trading at $10b cap that&#39;s meaningless to amazon but if opendoor proves the model i cant see why amazon wouldn&#39;t join the game with their lower cost of capital and operational efficiency. i think ibuying ends up a duopoly between amazon and opendoor. $z  probably gets killed or acquired by amzn if the ftc is nice.,2020-11-06 16:18:59,1,"['amzn', 'z', 'ipob']"
254880186,$amzn  thank for bezos for being a genius and gifting the world-amazon! (i think biden will get 270 electoral votes needed today (pennyslvania),2020-11-06 16:18:19,-69,['amzn']
254880051,$bwmx bought some more at 30. lt a sure winner. $amzn $meli $jmia $se,2020-11-06 16:17:58,1,"['amzn', 'meli', 'se', 'jmia', 'bwmx']"
254879994,"$kt corp. purchasing 300 billion in shares and possibly incinerating shares to increase shareholder value

https://m.stock.naver.com/item/main.nhn#/stocks/030200/news/0003822237/office/011

$aapl $amzn $goog $msft",2020-11-06 16:17:46,-69,"['aapl', 'amzn', 'goog', 'msft', 'kt']"
254879724,"⚠️ do as you wish, but i would not recommend holding any stocks/options over this weekend unless it’s money you can afford to lose. ⚠️

$spy $tsla $nio $zm $amzn",2020-11-06 16:16:59,-69,"['amzn', 'nio', 'spy', 'tsla', 'zm']"
254879221,"$nio $5k profit here today and $3.5k over at $amzn, what a week.... $26k total on the week!!!",2020-11-06 16:15:28,1,"['amzn', 'nio']"
254879208,"$uavs $wkhs $amzn 

earnings most likely 11th, 13th, or 16th

confirmed corporate update on nov. 16th

don’t forget:

“approximately $770,000 in revenue, originally expected to be realized in the second quarter, will now be booked in the third quarter.”

&quot;continue to expand our relationship with our major e-commerce client. we provide them with manufacturing and assembly of drones for testing and refinement of their small package delivery drones. we are one of a handful of companies with cellular lte drones. we have a unique competitive advantage which makes us a highly beneficial partner. we are very pleased with how this development partnership is maturing and we believe the success we have had with this client will lead to more growth opportunities.&quot; 

&quot;we have adopted a very proactive approach in the growing drone industry.  in fact our efforts have yielded advanced discussions with various new customers.&quot;
(recent cc)",2020-11-06 16:15:27,1,"['amzn', 'wkhs', 'uavs']"
254878961,$amzn i saw joe biden on cnn he sad.&quot;god bless our country china&quot; haha so funny poor old lame duck,2020-11-06 16:14:43,-69,['amzn']
254878929,"$amzn $fb  markets moving like volatility is high (sudden moves), yet vix is pinned down, can anybody explain this ?",2020-11-06 16:14:38,-69,"['amzn', 'fb']"
254878486,"$uavs $amzn $wkhs 

drozd, ceo ageagle

“since joining ageagle in mid-may, i have been routinely impressed by my team’s commitment and dedication to ageagle’s purposeful shift in our long-term business strategy. we are well positioned to weather the effects of the global pandemic and its direct impact on our second quarter revenue recognition.  moreover, we remain focused on the many opportunities for future expansion, buoyed by our strong cash position which has increased to over $25 million due the recent equity financing we recently announced.  we expect 2020 be be a record year for ageagle’s revenue growth and position us to accomplish several key strategic objectives going forward.”

“now that we have arrived at the dawning of ‘the drone age,’ much work must be done to ensure that our company effectively claims our leadership stake and sets the standards by which all others must ascend to if they are to compete with us.”",2020-11-06 16:13:17,1,"['amzn', 'wkhs', 'uavs']"
254878025,$ipob this is the company to own for the next decade. could blossom into a $400b giant by 2030. i believe it&#39;s largest competitor will eventually be $amzn.,2020-11-06 16:11:44,1,"['amzn', 'ipob']"
254877834,"$amzn these moves are not normal, vix is pinned low and the market is volatile asf, makes me think staying on the sidelines is the best position now",2020-11-06 16:11:05,-69,['amzn']
254877520,$amzn such a fakeout lol,2020-11-06 16:10:13,-1,['amzn']
254877423,$amzn here we go fellas!,2020-11-06 16:09:55,1,['amzn']
254877333,"$amzn , must5 be all that insider trading",2020-11-06 16:09:37,-69,['amzn']
254876552,"$amzn , market turning green",2020-11-06 16:07:22,-69,['amzn']
254876448,"$aapl $zm $amzn 

coming back now
yeah yeah yeah",2020-11-06 16:07:03,1,"['aapl', 'amzn', 'zm']"
254875474,$amzn tanking market back to reality realizing how bad chin yu li joe biden will be for economy.chinese press so happy with their puppet lmfao,2020-11-06 16:04:17,-69,['amzn']
254875359,$amzn do not be fragile bulls,2020-11-06 16:03:58,1,['amzn']
254875298,$amzn good dip to buy more. bezos gets last laugh on orange clown,2020-11-06 16:03:49,-69,['amzn']
254874901,"wallstfirm equity research alert (delayed) 

$amzn resistance area: $3366.10

price support area: $3001.49

real-time equity &amp; options research: wallstfirm.com",2020-11-06 16:02:43,1,['amzn']
254874774,$amzn pelosi speaking!,2020-11-06 16:02:22,-69,['amzn']
254872419,"$amzn perfect stock. i have transitioned to buying most of my stuff from them and there deliveries are through the roof. most things get to me in one day. no spending endless time on stores ils . stock for future, for growth.",2020-11-06 15:56:05,1,['amzn']
254871892,$amzn with the new president you think amazon will get away with paying so little income tax?,2020-11-06 15:54:44,-1,['amzn']
254871672,$amzn are we really going to retest 3300,2020-11-06 15:54:09,-69,['amzn']
254870517,$tsla $amzn $aapl $shop $spy biden tryna get to the white house,2020-11-06 15:50:59,-69,"['aapl', 'amzn', 'spy', 'tsla', 'shop']"
254869092,$fb $msft $aapl $googl $amzn now officially fmaga,2020-11-06 15:47:13,-69,"['aapl', 'amzn', 'msft', 'fb', 'googl']"
254868666,$amzn,2020-11-06 15:46:01,-69,['amzn']
254868251,$amzn i posted these pivots yesterday.  pivot points still work.  but i made a cardinal mistake of not closing the long position yesterday considering today is friday at least.,2020-11-06 15:44:58,-69,['amzn']
254868089,"$uavs $amzn 

corporate update on november 16th which is the deadline for earnings per sec filings. 

keith is pumped and the language ageagle used in their tweet got me pumped",2020-11-06 15:44:31,1,"['amzn', 'uavs']"
254868020,$amzn bear trap these bears will get slaughtered daddy biden gonna rip em up,2020-11-06 15:44:20,1,['amzn']
254867645,"$uavs $amzn 

ageagle has some impressive fund ownership for a penny stock. 

vanguard in for nearly 800k shares at 2.28 average 

fidelity in for nearly 175k shares at 3.09",2020-11-06 15:43:15,1,"['amzn', 'uavs']"
254867632,"$amzn  guys as i said senate also in play , so big tech will have proble , we will see this below 2850",2020-11-06 15:43:13,-1,['amzn']
254867056,"$uavs $wkhs $amzn 

chris gornall —  amazon prime air employe in the uk. we know from the leaked video that the drone being unboxed is identical to the drone seen by amazon during their testing in the uk. 

russell williams — amazon prime air employee in seattle. russell williams was also friends with bret chilcott on facebook before his profile was taken down.   

look at their linkedin activity. it’s very telling

leaked video still available here:
https://streamable.com/xjqtbi

amazon spotted testing prime air delivery drones
https://www.dailymail.co.uk/sciencetech/article-7714253/amazon-spotted-testing-prime-air-delivery-drones-companys-test-site-near-cambridge.html

fact checking uavs amazon video 
https://streamable.com/2ch2dp",2020-11-06 15:41:41,-69,"['amzn', 'wkhs', 'uavs']"
254866923,"nailed it. 39 day streak!! no losing days. dtp&#39;s algo. streaming live and will put up in the next 30 minutes a ticker of everyone&#39;s choice, free for the community. let&#39;s see what our system says (educational purposes only!)

https://youtu.be/c-f8kpsltka

$amzn $aapl $msft $intc $nvda",2020-11-06 15:41:19,-69,"['aapl', 'amzn', 'intc', 'msft', 'nvda']"
254866371,"$amzn new growth, 🇺🇸 and now india 🇮🇳 with second data center. building aws to be a monster big data company. 🔝🔝🔝🔝🔝🔝🔝🔝🔝🔝",2020-11-06 15:39:48,-69,['amzn']
254866337,"$uavs $wkhs $amzn 

cyrus roohi — director of safety and standards for prime air with ageagle rx-60 certification on his linkedin. he also has a connection with keith griffin who was contacted with ageagle.",2020-11-06 15:39:42,-69,"['amzn', 'wkhs', 'uavs']"
254866163,"in the group 3 live analysis session today, we discussed some tech names $googl $amzn $msft $fb  which are all looking very technical.  we do not like to short/sell large cap tech, but we do like to buy extreme areas where buyers may enter for 3 waves reaction at least.  it is important to take partial profits on the bounces from blue boxes and get risk free as soon as possible. #elliottwave #trading #stocks",2020-11-06 15:39:15,-69,"['amzn', 'msft', 'fb', 'googl']"
254865805,"$uavs $wkhs $amzn 

cc on nov 16th / earnings on or before.

- major e-commerce partner in sec filing (nda in place)
- drozd stated they plan for hyper growth. 
- 516% ytd rev v 2019. 
- $23m cash and zero debt
- potential of $1m + in 3q er (770k deferred revenue from q2)
- new drone leasing agreement front range biosciences!
- multiple rev streams - ag, hemp, data, e-com, certification
- drone services to $63.6 billion by 2025
- new ceo with solid track history (michael j drozd)
- new dir of mfg (matt martin) &amp; expanding 60+- new employees (latest report at 29)
- moved to wichita &quot;air capital of the world&quot; 
- kansas 1st state with utm airspace for drones 
- &quot;the drone age&quot; (tm) drone delivery &amp; capture/analyze images
- awarded incentive pkg from kansas department of commerce
- 3 year contracts 1 with ecommerce for drone mfg and the other for the state of florida dept of agriculture
- partnered with valqari to manufacture drone delivery stations and acquired equity ownership",2020-11-06 15:38:14,1,"['amzn', 'wkhs', 'uavs']"
254864966,"$vips
steady up trend since entry 2+ weeks ago... great trade so far.
$baba $jd $amzn $pdd",2020-11-06 15:35:55,1,"['amzn', 'vips', 'jd', 'baba', 'pdd']"
254864346,"$amzn still has a gap to fill, all the way down to $3050.",2020-11-06 15:34:19,-1,['amzn']
254864041,$amzn red friday and bull trap,2020-11-06 15:33:30,-1,['amzn']
254863123,$amzn 3300 incoming!,2020-11-06 15:30:53,1,['amzn']
254862312,$amzn trapping be careful,2020-11-06 15:28:45,-69,['amzn']
254862025,$amzn looking forward lod retest after rejection here.,2020-11-06 15:27:58,-1,['amzn']
254861538,$amzn buying point???,2020-11-06 15:26:36,-69,['amzn']
254861522,will $amzn buy $m 🤔🤔🤔🤔🤔,2020-11-06 15:26:35,-69,"['amzn', 'm']"
254861225,"$spy $tsla $nclh $aapl $amzn 

is it just me, or is everybody tired of every single cnbc person that’s interviewed and on air pro biden and blai ming the republicans and trump?

the media is so liberal and biased now.",2020-11-06 15:25:35,-1,"['aapl', 'amzn', 'spy', 'tsla', 'nclh']"
254861075,"$acb $tsla $aapl $amzn 
trumpers, red hats and magats have gone very quiet!!",2020-11-06 15:25:08,1,"['aapl', 'amzn', 'tsla', 'acb']"
254860664,"$aapl watching for what the &quot;smart money&quot; is about to do as we move over 10:35, we know theres a lot of cash waiting to come in &amp; buy these so, lets see

$baba $hd $amzn $spy",2020-11-06 15:23:53,-69,"['aapl', 'amzn', 'hd', 'spy', 'baba']"
