id,body,created_at,sentiment,symbols
254787455,comprehensive non-correlated citrix systems $ctxs trading report https://tinyurl.com/y3jsl872,2020-11-06 05:45:04,-69,['ctxs']
254773543,$ctxs new insider selling: 2098 shares. http://insiderbuyingselling.com/?t=ctxs,2020-11-06 03:18:37,-69,['ctxs']
254772624,"$ctxs: new sec filing on evp, chief revenue officer, mark j ferrer: https://www.sec.gov/archives/edgar/data/877890/000087789020000324/xslf345x03/wf-form4_160461247647293.xml",2020-11-06 03:11:01,-69,['ctxs']
254761096,"citrix systems evp mark ferrer sells $249,452.20 in $ctxs https://www.marketbeat.com/i/414725",2020-11-06 01:42:22,-69,['ctxs']
254756852,$ctxs---just getting started good potential long,2020-11-06 01:16:29,-69,['ctxs']
254722016,"evp of citrix systems just disposed of 2,098 shares  http://www.conferencecalltranscripts.org/4/summary2/?id=8523792 $ctxs",2020-11-05 22:26:50,-69,['ctxs']
254710123,"$ctxs $249,452.20 of shares sold by ferrer mark j (evp, chief revenue officer), reported in a new form 4 filed with the sec  https://newsfilter.io/a/8e833e81acd9e0a97a563bd6a38ad336",2020-11-05 21:47:45,-69,['ctxs']
254708482,"$ctxs [15s. delayed] filed sec form 4: evp, chief revenue officer ferrer mark j: 
disposed 2,098 of common stock at price $118.9 on 2020-1 https://s.flashalert.me/arotu0",2020-11-05 21:43:06,-69,['ctxs']
254685758,peak profit for the last 6 expired option alerts for $ctxs 46.43| 91.78| 159.26| 94.29| 81.73| 15.79|,2020-11-05 20:47:39,-69,['ctxs']
254629745,"most gaining stocks in the nasdaq 100 today: $ctxs, $wba and $fb https://www.chartmill.com/stock/stock-screener?v=3&amp;f=ind_20&amp;s=pt&amp;utm_source=stocktwits&amp;utm_medium=screener&amp;utm_content=stock_screener:_top_nasdaq_100_gainers&amp;utm_campaign=social_tracking",2020-11-05 17:31:01,-69,"['ctxs', 'wba', 'fb']"
254517602,$ctxs arlen shenkman sold 673 shares [very low conviction] www.insider-analysis.com/search_transactions.php?ticker=table_ctxs,2020-11-05 05:04:03,-69,['ctxs']
254402954,"$ctxs david j henshall sold 8,000 shares [average conviction] www.insider-analysis.com/search_transactions.php?ticker=table_ctxs",2020-11-04 18:00:25,-69,['ctxs']
254382861,"$ctxs nasdaq 100 and the election (so far).....   
https://www.channelchek.com/news-channel/the_prolonged_vote_counting_impact_on_the_stock_market",2020-11-04 16:45:21,-69,['ctxs']
254286497,$ctxs new insider selling: 8000 shares. http://insiderbuyingselling.com/?t=ctxs,2020-11-04 04:45:36,-69,['ctxs']
254276434,"citrix systems ceo david henshall sells $908,960.00 in $ctxs https://www.marketbeat.com/i/414346",2020-11-04 03:35:38,-69,['ctxs']
254275543,"citrix systems cfo arlen shenkman sells $76,466.26 in $ctxs https://www.marketbeat.com/i/414345",2020-11-04 03:30:39,-69,['ctxs']
254232639,"citrix systems director just picked up 1,336 shares  http://www.conferencecalltranscripts.org/4/summary/?id=8513081 $ctxs",2020-11-03 22:30:11,-69,['ctxs']
254232261,"$ctxs [15s. delayed] filed sec form 4: director knowling robert e jr: 
granted 1,336 of common stock at price $0 on 2020-11-02, holding 1, https://s.flashalert.me/za65as",2020-11-03 22:27:46,-69,['ctxs']
254232195,"$ctxs 1,336 shares acquired by knowling robert e jr (director), reported in a new form 4 filed with the sec  

https://newsfilter.io/a/6df38ad8e0de7b827eb37150ae3a1b80",2020-11-03 22:27:27,-69,['ctxs']
254224198,$ctxs https://www.aistockfinder.com/stock-forecast/ctxs citrix systems inc. the mathematical model has predicted the value of this company will be stable in the short term and has a neutral long term outlook,2020-11-03 21:44:52,-69,['ctxs']
254207304,"$ctxs: new sec filing on ceo &amp; president, david j henshall: https://www.sec.gov/archives/edgar/data/877890/000087789020000318/xslf345x03/wf-form4_160443559640605.xml",2020-11-03 20:45:01,-69,['ctxs']
254206414,"$ctxs $76,466.26 of shares sold by shenkman arlen (evp &amp; cfo), reported in a new form 4 filed with the sec  https://newsfilter.io/a/bc58752a08b69e645e2c108d7f6ca313",2020-11-03 20:42:07,-69,['ctxs']
254205254,citrix systems&#39;s evp &amp; cfo just disposed of 673 shares  http://www.conferencecalltranscripts.org/4/summary2/?id=8511863 $ctxs,2020-11-03 20:38:17,-69,['ctxs']
254205013,"$ctxs [15s. delayed] filed sec form 4: evp &amp; cfo shenkman arlen: 
disposed 673 of common stock at price $113.62 on 2020-11-02, decreased h https://s.flashalert.me/ci8ax6",2020-11-03 20:37:28,-69,['ctxs']
254204938,"citrix systems&#39;s ceo &amp; president just disposed of 8,000 shares  http://www.conferencecalltranscripts.org/4/summary2/?id=8511847 $ctxs",2020-11-03 20:37:15,-69,['ctxs']
254204140,"$ctxs [15s. delayed] filed sec form 4: ceo &amp; president henshall david j: 
disposed 8,000 of common stock at average price $113.62 on 2020- https://s.flashalert.me/qm2x5p",2020-11-03 20:34:34,-69,['ctxs']
254204056,"$ctxs $908,960.00 of shares sold by henshall david j (ceo &amp; president), reported in a new form 4 filed with the sec  

https://newsfilter.io/a/004d2ff49b2d54996931b9b4eedced08",2020-11-03 20:34:16,-69,['ctxs']
254192908,"how do you think the market will react to this? $ctxs in -1.35% downtrend, declining for three consecutive days on october 30, 2020. view odds for this and other indicators: https://srnk.us/go/2277994",2020-11-03 19:50:38,-69,['ctxs']
254118304,"$ctxs new article : were hedge funds wrong about avoiding citrix systems, inc. (ctxs)? https://www.stck.pro/news/ctxs/8909531",2020-11-03 15:17:53,-69,['ctxs']
253888992,$ctxs buying,2020-11-02 14:47:26,1,['ctxs']
253716214,citrixsystems $ctxs bidaskscore is lowered to stronglysold https://bidaskclub.com/news/company/2020-10-30/ctxs,2020-10-31 13:18:03,-69,['ctxs']
253702224,#deathcross $ctxs at 113.27 r18  hilo 18% t1y 159 buy 2.4 pe 24.2 div 1.22% #citrix sys #stocks #trading #finance #market https://tinyurl.com/y4ogtaz3,2020-10-31 04:16:45,-1,['ctxs']
253688944,"don’t miss out on this! $ctxs in -4.65% downtrend, sliding for three consecutive days on october 29, 2020. view odds for this and other indicators: https://srnk.us/go/2263906",2020-10-31 00:56:52,-69,['ctxs']
253686283,$ctxs man...,2020-10-31 00:26:45,-69,['ctxs']
253672083,short sale volume (not short interest) for $ctxs on 2020-10-29 is 69%. http://shortvolumes.com/?t=ctxs via @shortvolumes,2020-10-30 22:23:37,-69,['ctxs']
253643790,last10k highlighted 60 positive and negative remarks in $ctxs&#39;s 10-q filed today. see them in the quarterly report: https://last10k.com/sec-filings/ctxs/0000877890-20-000316.htm?utm_source=stocktwits&amp;utm_medium=forum&amp;utm_campaign=sentiment&amp;utm_term=ctxs,2020-10-30 20:01:14,-69,['ctxs']
253632937,automatic shelf registration statement of securities of well-known seasoned issuers http://www.conferencecalltranscripts.org/no/summary2/?id=8499822 $ctxs,2020-10-30 19:26:19,-69,['ctxs']
253632547,"$ctxs [15s. delayed] filed form s-3asr on october 30, 15:23:58 https://s.flashalert.me/lg8fn",2020-10-30 19:24:59,-69,['ctxs']
253632458,"$ctxs form s-3asr (automatic shelf registration statement of securities of well-known seasoned issuers) filed with the sec 

https://newsfilter.io/a/827badbcdd0e181a61ccff1379a9c95e",2020-10-30 19:24:40,-69,['ctxs']
253624176,$ctxs just filed a 10-q quarterly report with 80 sections and 3 exhibits. access them all or just read their earnings: https://last10k.com/sec-filings/ctxs/0000877890-20-000316.htm?utm_source=stocktwits&amp;utm_medium=forum&amp;utm_campaign=10kq2040f&amp;utm_term=ctxs,2020-10-30 18:55:56,-69,['ctxs']
253623959,citrix systems just filed its quarterly report: earnings per shareba... http://www.conferencecalltranscripts.org/q/summary/?id=8499645 $ctxs,2020-10-30 18:55:21,-69,['ctxs']
253622849,"$ctxs [15s. delayed] filed form 10-q on october 30, 14:50:02 https://s.flashalert.me/48lxzx",2020-10-30 18:51:32,-69,['ctxs']
253622748,"$ctxs form 10-q (quarterly report [sections 13 or 15(d)]) filed with the sec 

https://newsfilter.io/a/60448a02314525072f2a36807cb8497c",2020-10-30 18:51:14,-69,['ctxs']
253549809,$ctxs started long position.,2020-10-30 15:00:04,-69,['ctxs']
253453084,"$ctxs wow, the platform i used for work everyday. this is very shit performance.",2020-10-30 02:53:45,-69,['ctxs']
253419428,"$ctxs why not wait a bit for the fall to complete at maybe $100, i’ve been trying to get in lower a week now but it’s been dropping everyday by $3 to $4...daily, so &quot;short sell&quot; hope is higher if you know what i mean....",2020-10-29 23:06:56,-69,['ctxs']
253215255,"$ctxs [15s. delayed]: issued press release on october 29, 08:30:00: citrix sets new standard for digital workspace security https://s.flashalert.me/uozcz",2020-10-29 12:35:27,-69,['ctxs']
253214658,citrix sets new standard for digital workspace security http://www.conferencecalltranscripts.org/summary/?id=81490&amp;pr=true $ctxs,2020-10-29 12:32:44,-69,['ctxs']
253214504,citrix sets new standard for digital workspace security http://www.conferencecalltranscripts.org/summary/?id=81491&amp;pr=true $ctxs,2020-10-29 12:32:04,-69,['ctxs']
253214371,"$ctxs citrix sets new standard for digital workspace security
https://www.stocktitan.net/news/ctxs/citrix-sets-new-standard-for-digital-workspace-7mg6arvqygbm.html",2020-10-29 12:31:34,-69,['ctxs']
253214062,"$ctxs $ctxs citrix sets new standard for digital workspace security 

https://newsfilter.io/a/4c268bddef0d051aa17e45f8717fe660",2020-10-29 12:30:29,-69,['ctxs']
253165149,"nasdaq 100 $ndx oversold stocks: $ntes $csco $intc $ctxs  
https://www.finscreener.com/screener/oversold-stocks/nq100",2020-10-29 01:49:11,-69,"['csco', 'ctxs', 'intc', 'ntes', 'ndx']"
253143213,$ctxs could drop to march low around 100 but veeeery good value here.,2020-10-28 23:15:42,1,['ctxs']
252900591,comprehensive non-correlated citrix systems $ctxs trading report https://tinyurl.com/y6cw333d,2020-10-28 02:30:05,-69,['ctxs']
252836548,$ctxs brutal though.  that 120.xx level was strong.,2020-10-27 20:25:32,-69,['ctxs']
252815454,$ctxs insider selling taking a toll.,2020-10-27 19:30:28,-69,['ctxs']
252697159,$ctxs citrix expands digital workspace security offerings https://www.otcdynamics.com/ctxs-citrix-expands-digital-workspace-security-offerings,2020-10-27 12:53:21,-69,['ctxs']
252695627,$ctxs new article : citrix expands digital workspace security offerings https://www.stck.pro/news/ctxs/8775178,2020-10-27 12:45:18,-69,['ctxs']
252694205,citrix expands digital workspace security offerings http://www.conferencecalltranscripts.org/summary/?id=78832&amp;pr=true $ctxs,2020-10-27 12:37:26,-69,['ctxs']
252694201,citrix expands digital workspace security offerings http://www.conferencecalltranscripts.org/summary/?id=78831&amp;pr=true $ctxs,2020-10-27 12:37:24,-69,['ctxs']
252693892,"$ctxs [15s. delayed]: issued press release on october 27, 08:30:00: citrix expands digital workspace security offerings https://s.flashalert.me/yngsuz",2020-10-27 12:35:56,-69,['ctxs']
252692998,"$ctxs $ctxs citrix expands digital workspace security offerings 

https://newsfilter.io/a/4af9b3401b51bb6703bbfaa8e62fe4f3",2020-10-27 12:30:55,-69,['ctxs']
252663924,"most gaining stocks in the s&amp;p500 today: $ctxs, $cci and $incy https://www.chartmill.com/stock/stock-screener?v=3&amp;f=ind_22&amp;s=pt&amp;utm_source=stocktwits&amp;utm_medium=screener&amp;utm_content=stock_screener:_top_s&amp;p500_gainers&amp;utm_campaign=social_tracking",2020-10-27 04:09:00,-69,"['ctxs', 'incy', 'cci']"
252606834,$ctxs monthly though. mm closer to 110ish.,2020-10-26 20:32:00,-69,['ctxs']
252574840,$ctxs red to green move:  -1.63%  to +0.60% https://www.sleekoptions.com/sleekscan.aspx?did=ctxs,2020-10-26 18:29:28,-69,['ctxs']
252534369,$ctxs in - good time to buy- first time buying ctxs.  good luck to all,2020-10-26 16:10:43,1,['ctxs']
252450242,"$ctxs donna nappen kimmel sold 14,668 shares [high conviction] www.insider-analysis.com/search_transactions.php?ticker=table_ctxs",2020-10-26 07:25:18,-69,['ctxs']
252436095,the industry average roa is -2.14%. $ctxs outperforms 95% of its industry peers. https://www.chartmill.com/stock/quote/ctxs/fundamental-analysis?key=c2c24a1a-ec35-4c97-b971-8450605ebb2a&amp;utm_source=stocktwits&amp;utm_medium=fa&amp;utm_content=ctxs&amp;utm_campaign=social_tracking,2020-10-26 01:52:00,-69,['ctxs']
252424861,$ctxs dip worth buying?,2020-10-25 23:17:33,1,['ctxs']
252416845,"$ctxs option volume was 3x normal on friday with 7,634 contracts. call volume was 57% and put volume was 43%. https://tinyurl.com/y594nqdo",2020-10-25 21:28:08,-69,['ctxs']
252382451,$ctxs: the eps has been growing by 21.19% on average over the past 5 years. this is a very strong growth. https://www.chartmill.com/stock/analyzer/stock/ctxs?view=fundamental-analysis&amp;key=c2c24a1a-ec35-4c97-b971-8450605ebb2a&amp;utm_source=stocktwits&amp;utm_medium=fa&amp;utm_content=ctxs&amp;utm_campaign=social_tracking,2020-10-25 06:56:00,-69,['ctxs']
252331980,"worst 5-day returns in s&amp;p 500 for week ending 10/23/2020: 1. citrix systems $ctxs (-11.24%), 2. intel $intc (-11%), 3. kimberly-clark $kmb (-10.73%), 4. union pacific $unp (-10.35%), 5. robert half international $rhi (-8.81%) #weeklyworst",2020-10-24 14:51:23,-69,"['ctxs', 'intc', 'kmb', 'rhi', 'unp']"
252271965,"citrix systems evp donna nappen kimmel sells $1,985,900.52 in $ctxs https://www.marketbeat.com/i/413140",2020-10-23 21:24:18,-69,['ctxs']
252242866,$ctxs close above $123,2020-10-23 19:27:56,1,['ctxs']
252222171,$snap $ctxs is down big with an actual product that companies use to conduct business and this pos has an outrageous market cap because people in india make silly pictures of themselves.,2020-10-23 18:14:15,-1,"['ctxs', 'snap']"
252215021,citrix systems (ctxs) announces earnings. $0.83 eps. beats estimates. 88.94m earnings. $ctxs https://www.tipranks.com/stocks/ctxs/earnings-calendar?ref=trearnings,2020-10-23 17:47:01,-69,['ctxs']
252212573,$ctxs bought this dip,2020-10-23 17:38:19,1,['ctxs']
252176660,"$ctxs gap filled, will ride to 130",2020-10-23 15:31:51,1,['ctxs']
252169818,"$ctxs 
maintains raymond james financial outperform usd 185 » usd 145 
downgrades morgan stanley equal-weight usd 140
https://www.stocktargetadvisor.com/stock/usa/nye/ctxs#analyst-rating-tab",2020-10-23 15:12:31,-69,['ctxs']
252169349,$ctxs loading up long term,2020-10-23 15:11:19,1,['ctxs']
252141555,"$ctxs: new sec filing on evp &amp; chief people officer, donna nappen kimmel: https://www.sec.gov/archives/edgar/data/877890/000087789020000313/xslf345x03/wf-form4_160346078783186.xml",2020-10-23 13:55:02,-69,['ctxs']
252141403,$ctxs new insider selling: 14668 shares. http://insiderbuyingselling.com/?t=ctxs,2020-10-23 13:54:35,-69,['ctxs']
252138964,"citrix systems&#39;s evp &amp; chief people officer just disposed of 14,668 shares  http://www.conferencecalltranscripts.org/4/summary/?id=8469769 $ctxs",2020-10-23 13:48:20,-69,['ctxs']
252138620,"$ctxs [15s. delayed] filed sec form 4: evp &amp; chief people officer kimmel donna nappen: 
disposed 14,668 of common stock at average price $ https://s.flashalert.me/74ruy",2020-10-23 13:47:29,-69,['ctxs']
252138144,citrix systems director just declared 0 ownership of the company. http://www.conferencecalltranscripts.org/5/summary/?id=8469765 $ctxs,2020-10-23 13:46:15,-69,['ctxs']
252137600,"$ctxs [15s. delayed] filed sec form 3: director knowling robert e jr: 
 https://s.flashalert.me/ng0ub",2020-10-23 13:45:00,-69,['ctxs']
252127478,$ctxs new article : citrix systems downgraded at morgan stanley on lack of &#39;meaningful&#39; cloud progress https://www.stck.pro/news/ctxs/8674287,2020-10-23 13:11:20,-69,['ctxs']
252124826,$ctxs https://wallstreetrace.com/2020/10/23/lets-take-a-look-at-citrix-systems-inc-ctxs-stock/,2020-10-23 12:59:09,-69,['ctxs']
252121684,$ctxs: morgan stanley downgrades from overweight to equalweight; pt $140,2020-10-23 12:43:09,-69,['ctxs']
252116687,"#gappingdown on analyst comments: $fsly -2.2%, $ctxs -0.7%, $son -0.6% https://www.briefing.com/#in20201023074858scanx",2020-10-23 12:15:59,-69,"['ctxs', 'son', 'fsly']"
252114974,"$ctxs
morgan stanley downgrades ctxs from overweight to equal-weight to pt $140
source:https://www.benzinga.com/calendar/ratings
ctxs downgraded by morgan stanley from 140 to overweight ➝ equal weight | ctxs downgraded by morgan stanley from 140 to overweight ➝ equal weight
source:https://www.marketbeat.com/ratings/
view the full list of news/momentum plays on watch at : bit.ly/32gfart
[no bias / position]
[find me at https://stocktwits.com/sbiswas | https://twitter.com/soumyajyoti_b]",2020-10-23 12:06:32,-69,['ctxs']
252111729,$ctxs raymond james maintains to outperform : pt $145.00 https://stockhoot.com/extsymbol.aspx?from=analystratingtweet&amp;symbol=ctxs&amp;t=839&amp;social=stocktwits,2020-10-23 11:45:45,-69,['ctxs']
252111686,$ctxs raymond james maintains outperform and lowers the price target from $185 to $145.,2020-10-23 11:45:26,-69,['ctxs']
252103727,"morgan stanley downgrades citrix systems to equal-weight, announces $140 price target

related tickers: $ctxs",2020-10-23 10:25:06,-69,['ctxs']
252103002,$ctxs buy and target 205 by citi...,2020-10-23 10:15:09,1,['ctxs']
252102845,$ctxs morgan stanley downgrades to equal-weight : pt $140.00 https://stockhoot.com/extsymbol.aspx?from=analystratingtweet&amp;symbol=ctxs&amp;t=195&amp;social=stocktwits,2020-10-23 10:12:36,-69,['ctxs']
252096126,stocktwits trending alert: trading recent interest in citrix systems $ctxs https://wp.me/p5blgb-bd0n,2020-10-23 07:47:01,-69,['ctxs']
252082759,"citrix systems $ctxs 1-day return of -7.12% was 3.72 standard deviations below its average daily return over the last 10 years (avg = 0.06%, sd = 1.93%)",2020-10-23 04:02:09,-69,['ctxs']
252082446,"worst returns in s&amp;p 500 for 10/22/2020: 1. cincinnati financial $cinf (-8.96%), 2. tractor supply $tsco (-8.11%), 3. citrix systems $ctxs (-7.12%), 4. kimberly-clark $kmb (-6.93%), 5. union pacific $unp (-6.19%). 130 stocks in the index had negative returns for the day #dailyworst",2020-10-23 03:59:29,-69,"['cinf', 'ctxs', 'tsco', 'kmb', 'unp']"
252025451,"closed down with unusually high vol today 
$otis $ctxs $tsco $lbtya $kmb  
 
sort results by time, chg, %, vol and more. 
stockbeep.com/uvl",2020-10-22 22:32:11,-69,"['ctxs', 'lbtya', 'tsco', 'kmb', 'otis']"
252014612,"today&#39;s breakdown stocks 
$tsco $unp $ctxs $kmb $tal  
 
sort results by time, chg, %, vol and more. 
stockbeep.com/bd-oct22e",2020-10-22 21:41:30,-69,"['ctxs', 'tsco', 'kmb', 'tal', 'unp']"
252002191,5-star analyst heather bellini from goldman sachs maintained a buy on $ctxs.  https://www.tipranks.com/analysts/heather-bellini,2020-10-22 20:55:00,-69,['ctxs']
251987683,$ctxs citrix ceo on company performance and the future of work http://dlvr.it/rk80vx,2020-10-22 20:11:02,-69,['ctxs']
251979872,$ctxs new article : citrix ceo on company performance and the future of work https://www.stck.pro/news/ctxs/8661944,2020-10-22 19:51:22,-69,['ctxs']
251974229,"$ctxs i am so fired up on this one! this drop is an absolute gift! this one will be at $134 by the middle of next week and then on to the mid $140’s the next week! 

if biden wins, all bets are off as there will be shut-downs and this one can go to the moon!!!!",2020-10-22 19:34:42,1,['ctxs']
251965185,"breaking down in the afternoon 
$ctxs $tal $cci $lmnd  
 
scan updates every 5 secs. 
stockbeep.com/bd-oct22p",2020-10-22 19:06:24,-69,"['ctxs', 'cci', 'tal', 'lmnd']"
251955786,$ctxs q3 2020 earnings conference call https://youtu.be/wc_z2z44w0g,2020-10-22 18:38:05,-69,['ctxs']
251955318,"unusual vol losers in the afternoon 
$ctxs $lbtya $angi $lmnd  
 
scan updates every 5 secs. 
stockbeep.com/uvl-oct22p",2020-10-22 18:36:38,-69,"['ctxs', 'lbtya', 'angi', 'lmnd']"
251938686,$spy $qqq $ctxs a great long term hold in a remotely working world that&#39;s moving further and further from the cubicles. citrix seamlessly integrates your favorite gui for the clients with the best load balancing and enterprise cloud scalability. even if you&#39;re hung up on hyperv wink wink ;),2020-10-22 17:45:05,1,"['ctxs', 'spy', 'qqq']"
251931438,"$ctxs volume up by +104.46 % | 2,423,385 vs 1,185,238 
  https://www.sleekoptions.com/sleekscan.aspx?did=ctxs",2020-10-22 17:21:45,-69,['ctxs']
251905200,$ctxs time to buy ?,2020-10-22 15:59:40,-69,['ctxs']
251895754,"breaking down in the morning 
$tsco $unp $ctxs $ew $kr  
 
+2 more results 
stockbeep.com/bd-oct22a",2020-10-22 15:31:28,-69,"['ctxs', 'tsco', 'ew', 'kr', 'unp']"
251894422,$ctxs in and out on this due to stop loss. will be waiting at the sidelines for now looking for re-entry. exactly same thing happened last er which was also good news. still scratching my head as to why this goes up 2 then down 10 on good er’s.,2020-10-22 15:28:03,1,['ctxs']
251890819,$ctxs this hurts,2020-10-22 15:18:55,-69,['ctxs']
251859047,$ctxs gap fill to 123,2020-10-22 14:05:23,-1,['ctxs']
251856891,$ctxs little growth as a cloud play. bulls never understand,2020-10-22 14:00:27,-1,['ctxs']
251852920,$ctxs beats and beats. nice let’s plummet now... makes sense,2020-10-22 13:51:55,-69,['ctxs']
251850052,$ctxs loading up folks for long position into 2021. went thru earning and financials and in the covid world they beat top/bottom/eps.  i&#39;ll hold and wait on this one.,2020-10-22 13:45:42,-69,['ctxs']
251844137,$ctxs - http://www.trade-ideas.com/ticky/ticky.html?symbol=ctxs - might need a medic...we have a bleeder - running down: -2.19 in 2 minutes 15 seconds,2020-10-22 13:31:41,-69,['ctxs']
251826610,"$ctxs beats the estimize eps consensus by 1c and misses the estimize revenue consensus by $3.52m. reports fq3 earnings of $1.38 eps and...
http://www.estimize.com/ctxs/fq3-2020?utm_content=beat_or_miss&amp;utm_medium=tweet&amp;utm_source=stocktwits",2020-10-22 12:22:34,-69,['ctxs']
251826523,$ctxs updates q4 guidance to $1.25-1.35 eps and revenue guidance to $775-785 million. https://www.marketbeat.com/g/51862,2020-10-22 12:22:12,-69,['ctxs']
251826520,$ctxs updates fy21 guidance to $6.20-6.40 eps. https://www.marketbeat.com/g/51863,2020-10-22 12:22:11,-69,['ctxs']
251826043,"$ctxs new article : citrix systems reports upside q3 with 53% subscription arr growth, guides strong year https://www.stck.pro/news/ctxs/8653036",2020-10-22 12:19:42,-69,['ctxs']
251825651,$ctxs updates fy 2020pre-market guidance to 5.89-5.99 eps and revenue guidance to $3.2-3.21 billion. https://www.marketbeat.com/g/51853,2020-10-22 12:17:40,-69,['ctxs']
251825650,$ctxs updates q4 2020pre-market guidance to 1.25-1.35 eps and revenue guidance to $775-785 million. https://www.marketbeat.com/g/51854,2020-10-22 12:17:39,-69,['ctxs']
251824527,$ctxs did they give any guidance?,2020-10-22 12:11:50,-69,['ctxs']
251822107,"$ctxs earnings call today: 8:15 am est 
analyst rating: buy 
webcast: http://mmm.wallstreethorizon.com/u.asp?u=347365",2020-10-22 12:00:47,-69,['ctxs']
251820304,$ctxs new article : citrix systems: q3 earnings insights https://www.stck.pro/news/ctxs/8652314,2020-10-22 11:49:25,-69,['ctxs']
251818888,$ctxs citrix reports third quarter 2020 financial results https://www.otcdynamics.com/ctxs-citrix-reports-third-quarter-2020-financial-results,2020-10-22 11:40:23,-69,['ctxs']
251818838,"$ctxs citrix elects robert e. knowling, jr. to its board of directors https://www.otcdynamics.com/ctxs-citrix-elects-robert-e-knowling-jr-to-its-board-of-directors",2020-10-22 11:40:04,-69,['ctxs']
251817990,"$ctxs earnings are out!! - get chart, ratings, trade ideas https://stockhoot.com/earningscalendar.aspx?from=afterearningstweet&amp;symbol=ctxs&amp;t=414&amp;social=stocktwits",2020-10-22 11:34:36,-69,['ctxs']
251816418,"citrix systems q3 adj. eps $1.38 beats $1.24 estimate, sales $767.00m beat $758.69m estimate

related tickers: $ctxs",2020-10-22 11:23:36,-69,['ctxs']
251815451,"$ctxs just filed with the sec a earnings release, a event for officers and a financial exhibit https://last10k.com/sec-filings/ctxs/0001193125-20-274007.htm?utm_source=stocktwits&amp;utm_medium=forum&amp;utm_campaign=8k&amp;utm_term=ctxs",2020-10-22 11:16:10,-69,['ctxs']
251815033,"citrix 2020 i q3 financials october 22, 2020 to our stakeholders our third quarter results refl http://www.conferencecalltranscripts.org/8/summary2/?id=8465384 $ctxs",2020-10-22 11:12:31,-69,['ctxs']
251814964,"$ctxs [15s. delayed] filed form 8-k on october 22, 07:10:35: item2.02: results of operations &amp; financial condition https://s.flashalert.me/awmvkw",2020-10-22 11:11:53,-69,['ctxs']
251814814,"$ctxs [15s. delayed]: issued press release on october 22, 07:05:00: citrix elects robert e. knowling, jr. to its board of directors https://s.flashalert.me/hkqjrx",2020-10-22 11:10:45,-69,['ctxs']
251814812,"$ctxs [15s. delayed]: issued press release on october 22, 07:05:00: citrix reports third quarter 2020 financial results https://s.flashalert.me/ldtlke",2020-10-22 11:10:43,-69,['ctxs']
251814750,"$ctxs new article : citrix eps beats by $0.13, beats on revenue https://www.stck.pro/news/ctxs/8651391",2020-10-22 11:10:10,-69,['ctxs']
251814638,"citrix elects robert e. knowling, jr. to its board of directors http://www.conferencecalltranscripts.org/summary/?id=75488&amp;pr=true $ctxs",2020-10-22 11:09:12,-69,['ctxs']
251814633,"citrix elects robert e. knowling, jr. to its board of directors http://www.conferencecalltranscripts.org/summary/?id=75487&amp;pr=true $ctxs",2020-10-22 11:09:10,-69,['ctxs']
251814630,citrix reports third quarter 2020 financial results http://www.conferencecalltranscripts.org/summary/?id=75486&amp;pr=true $ctxs,2020-10-22 11:09:08,-69,['ctxs']
251814623,citrix reports third quarter 2020 financial results http://www.conferencecalltranscripts.org/summary/?id=75485&amp;pr=true $ctxs,2020-10-22 11:09:06,-69,['ctxs']
251814513,"$ctxs citrix elects robert e. knowling, jr. to its board of directors
https://www.stocktitan.net/news/ctxs/citrix-elects-robert-e-knowling-jr-to-its-board-of-i69hsyuekpqs.html",2020-10-22 11:08:02,-69,['ctxs']
251814505,"$ctxs citrix reports third quarter 2020 financial results
https://www.stocktitan.net/news/ctxs/citrix-reports-third-quarter-2020-financial-okixdhuntpg4.html",2020-10-22 11:08:00,-69,['ctxs']
251814443,"$ctxs reported earnings of $1.38, consensus was $1.14, earnings whisper was $1.32 via @ewhispers #whisperbeat http://eps.sh/d/ctxs",2020-10-22 11:07:33,-69,['ctxs']
251795198,"$ctxs er on 10/22 before open. sp were up 26 times out of last 43 qtrs (60%) in er. estimated eps: 1.24, estimated revenue: 758.69m. what&#39;s your thought buying/selling in earnings? 
 
https://stocksearning.com/stocks/ctxs/earnings-date 
#ctxs #citrixsystemsinc #stockmarket #stocktwits #stocksearning",2020-10-22 04:20:20,-69,['ctxs']
251739573,"reporting earnings tomorrow (thu oct 22nd):

intel corp. (intc)
danaher corp. (dhr)
american electric power co., inc. (aep)
dow, inc. (dow)
capital one financial corp. (cof)

along with: $alxn $fcx $gww $chkp $ctxs

follow them here:
https://thebubbleboard.com/?tickers=intc,dhr,aep,dow,cof,alxn,fcx,gww,chkp,ctxs&amp;name=earnings%20thu%20oct%2022nd&amp;utm_medium=bot-post",2020-10-21 21:45:17,-69,"['alxn', 'chkp', 'ctxs', 'fcx', 'gww']"
251738638,tope earnings call tomorrow am long story is strong....$gww $ctxs $chkp $phm,2020-10-21 21:40:52,1,"['chkp', 'ctxs', 'gww', 'phm']"
251732178,"$ctxs reports tomorrow has not missed previous eps or rev last three quarters 📱

https://tradeticker.news/ctxs/

#earnings  #stockstowatch  #stockstotrade #robinhoodtraders #stockmarket #stockpicks",2020-10-21 21:13:03,1,['ctxs']
251694854,some honorable mentions that i currently have no position in: $whr puts | $ctxs  puts | $tsco puts | $tal calls  | $mth puts -- all rando er plays,2020-10-21 19:23:16,-69,"['ctxs', 'tsco', 'mth', 'tal', 'whr']"
251685601,"what to expect from citrix systems, inc. ($ctxs) 3q20 earnings

https://www.stockmarketintellects.com/what-to-expect-from-citrix-systems-inc-ctxs-3q20-earnings/",2020-10-21 18:51:47,-69,['ctxs']
251669743,"$ctxs reports before the open tomorrow, estimize consensus +0.13 eps and +10.67m revs compared to ws
http://www.estimize.com/ctxs/fq3-2020?utm_content=prerelease&amp;utm_medium=tweet&amp;utm_source=stocktwits",2020-10-21 18:00:28,-69,['ctxs']
251650161,$ctxs is scheduled to report #earnings before the market opens tomorrow via @ewhispers http://eps.sh/s/ctxs,2020-10-21 17:01:08,-69,['ctxs']
251645707,$ctxs new article : citrix q3 2020 earnings preview https://www.stck.pro/news/ctxs/8634025,2020-10-21 16:47:05,-69,['ctxs']
251641930,"$ctxs #earnings tomorrow bmo - get chart, ratings, trade ideas  https://stockhoot.com/earningscalendar.aspx?from=individualtweet&amp;symbol=ctxs&amp;t=693&amp;social=stocktwits",2020-10-21 16:35:50,-69,['ctxs']
251591421,$ctxs new article : earnings outlook for citrix systems https://www.stck.pro/news/ctxs/8631208,2020-10-21 14:23:13,-69,['ctxs']
251552477,$ctxs it&#39;s draining all of me,2020-10-21 12:27:44,1,['ctxs']
251530634,"most gaining stocks in the nasdaq 100 today: $pypl, $ctxs and $wdc https://www.chartmill.com/stock/stock-screener?v=3&amp;f=ind_20&amp;s=pt&amp;utm_source=stocktwits&amp;utm_medium=screener&amp;utm_content=stock_screener:_top_nasdaq_100_gainers&amp;utm_campaign=social_tracking",2020-10-21 09:08:00,-69,"['ctxs', 'wdc', 'pypl']"
251452073,$pfsw sold all my $ctxs  calls and hopping into $pfsw stock. god i love these volatile $spy days! should squeeze and pump well before early november earnings after today’s red day where market markers were stabilizing the security. we will see what’s up after this is updated after 8:00 pm tonight. https://www.nakedshortreport.com/company/pfsw . these guys are constantly expanding and always please during earnings. they help businesses transition to online marketing (which is crucial amid pre-black friday and christmas sales amid covid-19) and they also facilitate customer support. looks to be nearing resistance today. we will find out.,2020-10-20 20:58:34,1,"['ctxs', 'pfsw', 'spy']"
251296169,citrix and upwork expand collaboration to power the new world of work http://www.conferencecalltranscripts.org/summary/?id=73306&amp;pr=true $ctxs,2020-10-20 13:13:31,-69,['ctxs']
251296156,citrix and upwork expand collaboration to power the new world of work http://www.conferencecalltranscripts.org/summary/?id=73304&amp;pr=true $ctxs,2020-10-20 13:13:28,-69,['ctxs']
251296057,citrix and upwork expand collaboration to power the new world of work http://www.conferencecalltranscripts.org/summary/?id=73289&amp;pr=true $ctxs,2020-10-20 13:13:07,-69,['ctxs']
251296045,citrix and upwork expand collaboration to power the new world of work http://www.conferencecalltranscripts.org/summary/?id=73287&amp;pr=true $ctxs,2020-10-20 13:13:04,-69,['ctxs']
251294377,"$ctxs [15s. delayed]: issued press release on october 20, 09:00:00: citrix and upwork expand collaboration to power the new world of work https://s.flashalert.me/plvtt",2020-10-20 13:06:14,-69,['ctxs']
251294253,"$ctxs [15s. delayed]: issued press release on october 20, 09:00:00: citrix and upwork expand collaboration to power the new world of work https://s.flashalert.me/uum7v6",2020-10-20 13:05:47,-69,['ctxs']
251293353,"$ctxs citrix and upwork expand collaboration to power the new world of work
https://www.stocktitan.net/news/ctxs/citrix-and-upwork-expand-collaboration-to-power-the-new-world-of-77734ib21sv6.html",2020-10-20 13:02:24,-69,['ctxs']
251287358,$ctxs down 6 days in a row. 140.91 | 140.91 | 140.91 | 138.91 | 138.36 | 134.84 | 134.5 |  https://www.sleekoptions.com/sleekscan.aspx,2020-10-20 12:33:37,-69,['ctxs']
251212846,"$ctxs surprised to see this work from home gem that teamed up with $msft got dumped along with $spy so close to er on thursday morning. short volume was in the 60’s on friday and $ctxs always pleases during earnings. looking for a -/+ 5% move depending on how well er is but considering the nature of their business and the demand for work from home i think it safe to say they will bury expectations. below is the most recent ceo interview i could find. 

https://youtu.be/wm-entsdire",2020-10-19 21:46:45,1,"['ctxs', 'msft', 'spy']"
251030246,citrix systems to release earnings before the market opens on thursday. analysts expect 0.72 eps. www.marketbeat.com/p/486522 $ctxs #ctxs,2020-10-19 05:01:37,-69,['ctxs']
251005328,comprehensive non-correlated citrix systems $ctxs trading report https://tinyurl.com/yxc8a5y4,2020-10-18 23:15:04,-69,['ctxs']
251004031,$ctxs  https://finance.yahoo.com/news/why-citrix-ctxs-poised-beat-161004541.html,2020-10-18 22:58:30,-69,['ctxs']
250996199,"$ctxs to report earnings on oct 22 bmo, with an expected move of ±5.2% https://tinyurl.com/ycfoulut",2020-10-18 21:07:38,-69,['ctxs']
250896501,citrixsystems $ctxs bidaskscore is downgraded to sold https://bidaskclub.com/news/company/2020-10-16/ctxs,2020-10-17 06:58:05,-69,['ctxs']
250781520,"$ctxs with some volume back in, it can easily go to 150+. get in while this consolidating.",2020-10-16 17:09:25,1,['ctxs']
250498342,"on my radar today.

initial view looks great. diving deeper on business strategy and growth potential. fundamentals are there.

 $cern $ctxs",2020-10-15 15:52:51,-69,"['cern', 'ctxs']"
250422168,$ctxs  you move so foolishly bears,2020-10-15 12:18:13,1,['ctxs']
250185340,$ctxs delta expiration 10/16/2020 #maxpain #options http://maximum-pain.com/greeks/ctxs?m=10%2f16%2f2020,2020-10-14 13:50:15,-69,['ctxs']
250165771,$ctxs new article : city living loses luster as remote work soars https://www.stck.pro/news/ctxs/8463597,2020-10-14 12:45:24,-69,['ctxs']
250164442,$ctxs city living loses luster as remote work soars https://www.otcdynamics.com/ctxs-city-living-loses-luster-as-remote-work-soars,2020-10-14 12:39:48,-69,['ctxs']
250163451,"$ctxs [15s. delayed]: issued press release on october 14, 08:30:00: city living loses luster as remote work soars https://s.flashalert.me/aelnlu",2020-10-14 12:35:39,-69,['ctxs']
250163333,city living loses luster as remote work soars http://www.conferencecalltranscripts.org/summary/?id=69495&amp;pr=true $ctxs,2020-10-14 12:35:07,-69,['ctxs']
250163327,city living loses luster as remote work soars http://www.conferencecalltranscripts.org/summary/?id=69494&amp;pr=true $ctxs,2020-10-14 12:35:05,-69,['ctxs']
250162768,"$ctxs city living loses luster as remote work soars
https://www.stocktitan.net/news/ctxs/city-living-loses-luster-as-remote-work-pizw9b92re6z.html",2020-10-14 12:32:49,-69,['ctxs']
250154296,"$ctxs

ubs initiates coverage on ctxs to neutral pt $146

https://www.benzinga.com/calendar/ratings

view the full list of news/momentum plays on watch at : bit.ly/32gfart
[no bias / position]
[find me at https://stocktwits.com/sbiswas | https://twitter.com/soumyajyoti_b]",2020-10-14 11:50:03,-69,['ctxs']
250146086,$ctxs ubs initiates coverage on to neutral : pt $146.00 https://stockhoot.com/extsymbol.aspx?from=analystratingtweet&amp;symbol=ctxs&amp;t=660&amp;social=stocktwits,2020-10-14 10:40:48,-69,['ctxs']
249894395,$ctxs new article : coleg gwent transforms education with citrix https://www.stck.pro/news/ctxs/8435871,2020-10-13 12:45:49,-69,['ctxs']
249892330,coleg gwent transforms education with citrix http://www.conferencecalltranscripts.org/summary/?id=68460&amp;pr=true $ctxs,2020-10-13 12:37:23,-69,['ctxs']
249892322,coleg gwent transforms education with citrix http://www.conferencecalltranscripts.org/summary/?id=68459&amp;pr=true $ctxs,2020-10-13 12:37:21,-69,['ctxs']
249891865,"$ctxs [15s. delayed]: issued press release on october 13, 08:30:00: coleg gwent transforms education with citrix https://s.flashalert.me/j6413",2020-10-13 12:35:30,-69,['ctxs']
249891083,"$ctxs coleg gwent transforms education with citrix
https://www.stocktitan.net/news/ctxs/coleg-gwent-transforms-education-with-3rni5aflrt0q.html",2020-10-13 12:32:20,-69,['ctxs']
249885338,"2020-10-12 ma5-ma15 bull crossover stock: $ctxs, $kl, $mnst, $solo, $vrtx",2020-10-13 12:05:08,-69,"['ctxs', 'mnst', 'vrtx', 'kl', 'solo']"
249883936,citrixsystems $ctxs bidaskscore is upgraded to held https://bidaskclub.com/news/company/2020-10-12/ctxs,2020-10-13 11:58:03,-69,['ctxs']
249780756,$ctxs - http://www.trade-ideas.com/ticky/ticky.html?symbol=ctxs - please tell me i am long this stock...please - new postmarket high.  approaching today&#39;s high.,2020-10-12 20:00:24,-69,['ctxs']
249700914,$ctxs $150 next week it wants it!,2020-10-12 15:30:01,1,['ctxs']
249694350,$ctxs sold half of my calls for a 100% gain!,2020-10-12 15:09:50,1,['ctxs']
249657054,"citrix systems (ctxs) to release earnings before the market closes on thursday, october 22. expected eps: 0.72. $ctxs https://www.tipranks.com/stocks/ctxs/earnings-calendar?ref=trearnings",2020-10-12 13:20:23,-69,['ctxs']
249653713,peak profit for the last 6 expired option alerts for $ctxs 94.29| 81.73| 15.79| 1.90| 82.40| -98.94|,2020-10-12 13:06:18,-69,['ctxs']
249592757,"$ctxs option volume was 3x normal on friday with 5,828 contracts. call volume was 63% and put volume was 37%. http://tinyurl.com/y6cqq57m",2020-10-11 22:54:45,-69,['ctxs']
249425078,"$ctxs new article : citrix systems to announce third quarter 2020 financial results before market open on thursday, october 22 https://www.stck.pro/news/ctxs/8349583",2020-10-09 20:51:30,-69,['ctxs']
249424104,"$ctxs, $iff and $amzn are the top gainers in the s&amp;p500 for the day. https://www.chartmill.com/stock/stock-screener?v=3&amp;f=ind_22&amp;s=pt&amp;utm_source=stocktwits&amp;utm_medium=screener&amp;utm_content=stock_screener:_top_s&amp;p500_gainers&amp;utm_campaign=social_tracking",2020-10-09 20:47:00,-69,"['amzn', 'ctxs', 'iff']"
249415641,"citrix systems to announce third quarter 2020 financial results before market open on thursday, october 22 http://www.conferencecalltranscripts.org/summary/?id=67523&amp;pr=true $ctxs",2020-10-09 20:13:12,-69,['ctxs']
249415632,"citrix systems to announce third quarter 2020 financial results before market open on thursday, october 22 http://www.conferencecalltranscripts.org/summary/?id=67522&amp;pr=true $ctxs",2020-10-09 20:13:10,-69,['ctxs']
249415368,"$ctxs citrix systems to announce third quarter 2020 financial results before market open on thursday, october 22",2020-10-09 20:12:18,-69,['ctxs']
249414810,"$ctxs [15s. delayed]: issued press release on october 09, 16:06:00: citrix systems to announce third quarter 2020 financial results before https://s.flashalert.me/namib",2020-10-09 20:10:26,-69,['ctxs']
249413694,"$ctxs citrix systems to announce third quarter 2020 financial results before market open on thursday, october 22
https://www.stocktitan.net/news/ctxs/citrix-systems-to-announce-third-quarter-2020-financial-results-15i48dl87sgn.html",2020-10-09 20:06:50,-69,['ctxs']
249381468,citrix systems $ctxs trading report http://tinyurl.com/y3y5tkex,2020-10-09 18:30:08,-69,['ctxs']
249354182,$ctxs more &amp; more companies are shifting towards work from home! they make wfh possible so expecting $150 in the short term &amp; re-test of all time highs after they report earnings! own stocks at $135 avg price &amp; nov $145 calls!,2020-10-09 17:05:18,1,['ctxs']
249353418,"$team seems like a breakout to me!! long!! with microsoft announcing permanent work from home, reliance on jira &amp; confluence will go up massively!! bought jan 2021 $250 strike calls! also long $ctxs which makes wfh possible which at an excellent value currently!",2020-10-09 17:02:45,1,"['ctxs', 'team']"
249297659,$ctxs i&#39;m the one who&#39;s in control. these are outstandingly manageable things you wanna try! are you curious about its dynamic? then have some time in here.http://psce.pw/techdependaneboominginnovations. check dc on my profile,2020-10-09 14:31:07,1,['ctxs']
249100471,$ctxs still on going bulls. perceive these treasures threat possess greatness and clarity to appraise you in something informative! what are the things you are using on acquiring? this might assist you to answer clearly and vividly.http://psce.pw/techdependaneboominginnovations. check dc on my profile,2020-10-08 18:19:11,1,['ctxs']
