id,body,created_at,sentiment,symbols
254689898,$sats - http://www.trade-ideas.com/ticky/ticky.html?symbol=sats - please tell me i am long this stock...please - new postmarket high.  approaching today&#39;s high.,2020-11-05 21:00:49,-69,['sats']
254613462,$sats new article : echostar scales on q3 earnings smasher https://www.stck.pro/news/sats/8953897,2020-11-05 16:31:48,-69,['sats']
254613033,"$sats echostar scales on q3 earnings smasher 

https://newsfilter.io/a/ea2a6f31bf57abeb50a84185aec11141",2020-11-05 16:30:22,-69,['sats']
254552189,last10k highlighted 72 positive and negative remarks in $sats&#39;s 10-q filed today. see them in the quarterly report: https://last10k.com/sec-filings/sats/0001415404-20-000033.htm?utm_source=stocktwits&amp;utm_medium=forum&amp;utm_campaign=sentiment&amp;utm_term=sats,2020-11-05 13:05:05,-69,['sats']
254540441,"echostar q3 eps $0.26 beats $(0.10) estimate, sales $473.50m beat $462.95m estimate

related tickers: $sats",2020-11-05 11:54:21,-69,['sats']
254539846,$sats just filed a 10-q quarterly report with 102 sections and 6 exhibits. access them all or just read their earnings: https://last10k.com/sec-filings/sats/0001415404-20-000033.htm?utm_source=stocktwits&amp;utm_medium=forum&amp;utm_campaign=10kq2040f&amp;utm_term=sats,2020-11-05 11:49:28,-69,['sats']
254538704,"$sats: echostar announces financial results for three and nine months ended september 30, 2020 https://www.chartmill.com/news/sats/prnews-2020-11-5-echostar-announces-financial-results-for-three-and-nine-months-ended-september-30-2020?utm_source=stocktwits&amp;utm_medium=pressrelease&amp;utm_content=sats&amp;utm_campaign=social_tracking",2020-11-05 11:38:00,-69,['sats']
254536831,"$sats new article : echostar announces financial results for three and nine months ended september 30, 2020 https://www.stck.pro/news/sats/8947463",2020-11-05 11:19:36,-69,['sats']
254536532,"$sats echostar announces financial results for three and nine months ended september 30, 2020 https://www.otcdynamics.com/sats-echostar-announces-financial-results-for-three-and-nine-months-ended-september-30-2020",2020-11-05 11:16:34,-69,['sats']
254535699,"$sats form 10-q (quarterly report [sections 13 or 15(d)]) filed with the sec 

https://newsfilter.io/a/2d7afd5bfbf937aa1bf76d7b3b6d83ef",2020-11-05 11:07:49,-69,['sats']
254535652,"$sats echostar eps beats by $0.36, beats on revenue 

https://newsfilter.io/a/3fe34d9bd809d3f1cee413861c2170b7",2020-11-05 11:07:20,-69,['sats']
254535466,"$sats [15s. delayed]: issued press release on november 05, 06:00:00: echostar announces financial results for three and nine months ended  https://s.flashalert.me/192llk",2020-11-05 11:05:33,-69,['sats']
254534990,"$sats echostar announces financial results for three and nine months ended september 30, 2020
https://www.stocktitan.net/news/sats/echo-star-announces-financial-results-for-three-and-nine-months-9bimnqx2o1wc.html",2020-11-05 11:01:02,-69,['sats']
254534977,"$sats echostar announces financial results for three and nine months ended september 30, 2020 

https://newsfilter.io/a/65152fe7fa1efc6a199f12eb86b4b5a4",2020-11-05 11:00:55,-69,['sats']
254378657,$sats new article : echostar q3 2020 earnings preview https://www.stck.pro/news/sats/8933495,2020-11-04 16:30:28,-69,['sats']
253868978,echostar corporation announces conference call for third quarter 2020 financial results http://www.conferencecalltranscripts.org/summary/?id=84315&amp;pr=true $sats,2020-11-02 13:19:36,-69,['sats']
253865938,"$sats echostar corporation announces conference call for third quarter 2020 financial results
https://www.stocktitan.net/news/sats/echo-star-corporation-announces-conference-call-for-third-quarter-jvdxp8kr5q2y.html",2020-11-02 13:01:17,-69,['sats']
253865933,"$sats echostar announces conference call for third quarter 2020 financial results 

https://newsfilter.io/a/901263b515f96c9eee889fcc187eb43d",2020-11-02 13:01:17,-69,['sats']
253759354,"oh wow this is big! $sats&#39;s 10-day moving average broke below its 50-day moving average on september 15, 2020. view odds for this and other indicators: https://srnk.us/go/2267732",2020-11-01 01:25:25,-69,['sats']
253709669,"how do you think the market will react to this? $sats&#39;s 10-day moving average crossed below its 50-day moving average on september 15, 2020. view odds for this and other indicators: https://srnk.us/go/2265001",2020-10-31 09:31:39,-69,['sats']
253159340,"with a price book ratio of 0.63, $sats is valued rather cheaply. https://www.chartmill.com/stock/analyzer/stock/sats?view=fundamental-analysis&amp;key=5cac9702-9816-4e8b-a488-5347e3653afe&amp;utm_source=stocktwits&amp;utm_medium=fa&amp;utm_content=sats&amp;utm_campaign=social_tracking",2020-10-29 01:04:00,-69,['sats']
253021567,$sats new article : why echostar corp (sats) stock is a compelling investment case https://www.stck.pro/news/sats/8802088,2020-10-28 15:55:30,-69,['sats']
252921140,$ntgr $cnxn $sats $idcc suggested for technology hardware &amp; equipment - value screen: https://bit.ly/36tz1h3,2020-10-28 08:54:00,-69,"['idcc', 'ntgr', 'cnxn', 'sats']"
252691599,$sats it’s so weird to see before and now trying hard to go higher.,2020-10-27 12:22:34,1,['sats']
252689049,$sats top trending,2020-10-27 12:08:00,-69,['sats']
252449554,echostar $sats bidaskscore is #reiterated to stronglysold https://bidaskclub.com/news/company/2020-10-22/sats,2020-10-26 06:58:02,-69,['sats']
252036033,$cnxn $ntgr $sats $idcc suggested for technology hardware &amp; equipment - value screen: https://bit.ly/36tz1h3,2020-10-22 23:29:02,-69,"['idcc', 'ntgr', 'cnxn', 'sats']"
251526538,$sats,2020-10-21 07:13:13,1,['sats']
250864768,3 satellite stocks that hold promise amid industry challenges $irdm $sats $maxr https://talkmarkets.com/content/stocks--equities/3-satellite-stocks-that-hold-promise-amid-industry-challenges?post=281680,2020-10-16 22:56:00,-69,"['sats', 'irdm', 'maxr']"
249266208,$sats  anyone here?,2020-10-09 13:10:03,-69,['sats']
249026552,raymond james predicts over 100% rally for these 3 stocks https://www.tipranks.com/news/article/raymond-james-predicts-over-100-rally-for-these-3-stocks/ $mesa $nmrk $sats,2020-10-08 14:45:09,-69,"['sats', 'nmrk', 'mesa']"
248375005,$sats https://www.intratio.com/stock-forecast/sats echostar corp. our predictive algorithm has detected that this stock price has a positive short term outlook and has a negative long term outlook,2020-10-06 08:33:21,-69,['sats']
248001822,$sats - upcoming quarterly report will be on 5th of november 2020. https://www.macroaxis.com/invest/valuation/sats/echostar #stocks #earnings,2020-10-03 16:31:03,-69,['sats']
247984455,echostar $sats bidaskscore is downgraded to stronglysold https://bidaskclub.com/news/company/2020-10-02/sats,2020-10-03 10:14:03,-69,['sats']
247179391,$sats,2020-09-30 09:09:51,-69,['sats']
246730129,"this is amazing! what do you think? $sats&#39;s 10-day moving average moved below its 50-day moving average on september 15, 2020. view odds for this and other indicators: https://srnk.us/go/2149028",2020-09-28 16:03:41,-69,['sats']
246076774,this is amazing! what do you think? $sats rsi indicator left the oversold zone. view odds of uptrend. https://srnk.us/go/2135095,2020-09-24 17:30:25,1,['sats']
246053818,echostar $sats bidaskscore is downgraded to sold https://bidaskclub.com/news/company/2020-09-23/sats,2020-09-24 16:18:06,-69,['sats']
246011275,52-week low alert: trading today&#39;s movement in echostar $sats https://wp.me/p5blgb-au1v,2020-09-24 14:35:21,-69,['sats']
245663653,$tsla $sats will be taking off today!,2020-09-23 13:39:41,1,"['sats', 'tsla']"
245600942,undervalued signal alert: $sats. more insights: https://stockinvest.us/technical-analysis/sats?utm_source=stocktwits&amp;utm_medium=autopost,2020-09-23 02:46:41,1,['sats']
244966065,"good move or bad move? $sats&#39;s 10-day moving average moved below its 50-day moving average on september 15, 2020. view odds for this and other indicators: https://srnk.us/go/2118356",2020-09-19 21:33:18,-69,['sats']
244926493,echostar upgraded by bidaskclub to hold. https://www.marketbeat.com/r/1479499 $sats,2020-09-19 09:15:26,-69,['sats']
244052376,"💰 revenue history for echostar ($sats)️:

2020 q2 :   $0.45 b     -1.33%
2020 q1 :   $0.46 b     -6.68%
2019 q4 :   $0.49 b

more: https://companiesmarketcap.com/echostar/revenue/",2020-09-16 03:14:22,-69,['sats']
243813833,$sats: hughes pioneers self-healing capability that improves enterprise wide area network performance using artifi ... https://www.chartmill.com/news/sats/prnews-2020-9-15-hughes-pioneers-self-healing-capability-that-improves-enterprise-wide-area-network-performance-using-artificial-intelligence?utm_source=stocktwits&amp;utm_medium=pressrelease&amp;utm_content=sats&amp;utm_campaign=social_tracking,2020-09-15 12:37:00,-69,['sats']
243806446,"$sats hughes pioneers self-healing capability that improves enterprise wide area network performance using artificial intelligence 

https://newsfilter.io/a/db36667d4f759050098132aa2265c37a",2020-09-15 12:02:35,-69,['sats']
243806419,"$sats hughes pioneers self-healing capability that improves enterprise wide area network performance using artificial intelligence
https://www.stocktitan.net/news/sats/hughes-pioneers-self-healing-capability-that-improves-enterprise-z1zmmjb7mfux.html",2020-09-15 12:02:28,-69,['sats']
242763828,echostar $sats bidaskscore is upgraded to sold https://bidaskclub.com/news/company/2020-09-08/sats,2020-09-09 23:02:02,-69,['sats']
242609165,echostar (nasdaq:sats) stock rating upgraded by bidaskclub $sats #sats https://www.marketbeat.com/n/4455144/,2020-09-09 14:21:50,-69,['sats']
242608540,echostar upgraded by bidaskclub to sell. https://www.marketbeat.com/r/1475735 $sats,2020-09-09 14:20:25,-69,['sats']
242055192,how does this affect your portfolio? $sats in downtrend: rsi indicator exits overbought zone. view odds for this and other indicators: https://srnk.us/go/2066645,2020-09-05 14:20:54,-69,['sats']
240005134,echostar $sats bidaskscore is downgraded to stronglysold https://bidaskclub.com/news/company/2020-08-27/sats,2020-08-28 12:41:03,-69,['sats']
239999070,echostar downgraded by bidaskclub to strong sell. https://www.marketbeat.com/r/1471853 $sats,2020-08-28 12:16:39,-69,['sats']
237459637,"$dish 

($sats , $gsat )",2020-08-19 02:59:06,1,"['dish', 'gsat', 'sats']"
236680310,$sats does anyone know anything about this company? i&#39;ve only heard terrible things about hughesnet. won&#39;t starlink render hughesnet worthless?,2020-08-14 23:30:28,-69,['sats']
236650365,"greenlight capital picks up vaneck vectors gold miners etf shares  $aaww $tsla $sats $whr $axp 

https://newsfilter.io/a/3c7166969bd9a751764c6c693e81393a",2020-08-14 20:55:35,-69,"['aaww', 'sats', 'axp', 'whr', 'tsla']"
236627751,"indaba capital management l.p.,has filed form 13f for q2 2020.opened new positions in $bcsf $eb $hlf $nlsn $sats",2020-08-14 19:50:49,-69,"['sats', 'hlf', 'nlsn', 'eb', 'bcsf']"
236563823,"moab capital partners llc,has filed form 13f for q2 2020.opened new positions in $gil $sats $tap",2020-08-14 16:50:25,-69,"['sats', 'gil', 'tap']"
236469105,"shelter haven capital management l.p.,has filed form 13f for q2 2020.opened new positions in $cohr $gluu $qrvo $sats",2020-08-14 13:10:25,-69,"['cohr', 'gluu', 'sats', 'qrvo']"
234364633,echostar announces earnings. ($0.12) eps. beats estimates. $459.47m revenue.  https://www.marketbeat.com/s/468844 $sats,2020-08-07 01:06:02,-69,['sats']
234085047,last10k highlighted 73 positive and negative remarks in $sats&#39;s 10-q filed today. see them in the quarterly report: https://last10k.com/sec-filings/sats/0001415404-20-000030.htm?utm_source=stocktwits&amp;utm_medium=forum&amp;utm_campaign=sentiment&amp;utm_term=sats,2020-08-06 13:04:30,-69,['sats']
234073114,"$sats earnings call today: 11:00 am est 
analyst rating: buy 
webcast: http://mmm.wallstreethorizon.com/u.asp?u=202191",2020-08-06 12:29:07,-69,['sats']
234053302,$sats just filed a 10-q quarterly report with 101 sections and 4 exhibits. access them all or just read their earnings: https://last10k.com/sec-filings/sats/0001415404-20-000030.htm?utm_source=stocktwits&amp;utm_medium=forum&amp;utm_campaign=10kq2040f&amp;utm_term=sats,2020-08-06 11:05:45,-69,['sats']
234048175,"$sats new article : echostar eps beats by $0.09, beats on revenue https://www.stck.pro/news/sats/6806295",2020-08-06 10:24:34,-69,['sats']
234047972,echostar upgraded by bidaskclub to sell. https://www.marketbeat.com/r/1459627 $sats,2020-08-06 10:23:02,-69,['sats']
234047897,"$sats echostar announces financial results for three and six months ended june 30, 2020 https://www.otcdynamics.com/sats-echostar-announces-financial-results-for-three-and-six-months-ended-june-30-2020",2020-08-06 10:22:25,-69,['sats']
234047499,echostar corporation just filed its quarterly report: earnings per share  ... http://www.conferencecalltranscripts.org/q/summary/?id=8206146 $sats,2020-08-06 10:18:44,-69,['sats']
234047486,"echostar announces financial results for three and six months ended june 30, 2020 http://www.conferencecalltranscripts.org/include?location=https://www.prnewswire.com:443/news-releases/echostar-announces-financial-results-for-three-and-six-months-ended-june-30-2020-301107271.html $sats",2020-08-06 10:18:37,-69,['sats']
234046959,"$sats new article : echostar announces financial results for three and six months ended june 30, 2020 https://www.stck.pro/news/sats/6806261",2020-08-06 10:13:16,-69,['sats']
234046463,"$sats echostar eps beats by $0.09, beats on revenue 

https://newsfilter.io/a/e9d7b404bf9dcae4f513e80bc2341b5f",2020-08-06 10:08:30,-69,['sats']
234045688,"$sats echostar announces financial results for three and six months ended june 30, 2020
https://www.stocktitan.net/news/sats/echo-star-announces-financial-results-for-three-and-six-months-ended-xxcvpb2f5n3m.html",2020-08-06 10:01:09,-69,['sats']
234045663,"$sats echostar announces financial results for three and six months ended june 30, 2020 

https://newsfilter.io/a/f5c751ca6100b21d248064f806f26ec1",2020-08-06 10:00:58,-69,['sats']
234036517,short sale volume (not short interest) for $sats on 2020-08-05 is 54%. http://shortvolumes.com/?t=sats via @shortvolumes,2020-08-06 06:41:35,-69,['sats']
233854319,$sats new article : echostar q2 2020 earnings preview https://www.stck.pro/news/sats/6793026,2020-08-05 17:55:24,-69,['sats']
233538394,$sats new article : echostar corporation announces conference call for second quarter 2020 financial results https://www.stck.pro/news/sats/6772230,2020-08-04 19:52:05,-69,['sats']
233529567,$sats: echostar corporation announces conference call for second quarter 2020 financial results https://www.chartmill.com/news/sats/prnews-2020-8-4-echostar-corporation-announces-conference-call-for-second-quarter-2020-financial-results?utm_source=stocktwits&amp;utm_medium=pressrelease&amp;utm_content=sats&amp;utm_campaign=social_tracking,2020-08-04 19:30:34,-69,['sats']
233526627,echostar corporation announces conference call for second quarter 2020 financial results http://www.conferencecalltranscripts.org/include?location=https://www.prnewswire.com:443/news-releases/echostar-corporation-announces-conference-call-for-second-quarter-2020-financial-results-301105992.html $sats,2020-08-04 19:23:02,-69,['sats']
233526626,echostar corporation announces conference call for second quarter 2020 financial results http://www.conferencecalltranscripts.org/include?location=https://www.prnewswire.com:443/news-releases/echostar-corporation-announces-conference-call-for-second-quarter-2020-financial-results-301105994.html $sats,2020-08-04 19:23:02,-69,['sats']
233522443,echostar corporation announces conference call for second quarter 2020 financial results http://www.conferencecalltranscripts.org/include?location=https://www.prnewswire.com:443/news-releases/echostar-corporation-announces-conference-call-for-second-quarter-2020-financial-results-301105987.html $sats,2020-08-04 19:12:02,-69,['sats']
233522039,$sats new article : echostar corporation announces conference call for second quarter 2020 financial results https://www.stck.pro/news/sats/6772070,2020-08-04 19:11:05,-69,['sats']
233522008,"$sats [15s. delayed]: issued press release on august 04, 14:54:00: echostar corporation announces conference call for second quarter 2020  https://s.flashalert.me/moihja",2020-08-04 19:11:01,-69,['sats']
233522000,"$sats [15s. delayed]: issued press release on august 04, 14:58:00: echostar corporation announces conference call for second quarter 2020  https://s.flashalert.me/bh9nti",2020-08-04 19:11:00,-69,['sats']
233521997,"$sats [15s. delayed]: issued press release on august 04, 15:06:00: echostar corporation announces conference call for second quarter 2020  https://s.flashalert.me/whjl1m",2020-08-04 19:10:59,-69,['sats']
233520242,"$sats echostar announces conference call for second quarter 2020 financial results 

https://newsfilter.io/a/7404685f18c3e45880c8d8c3729a081f",2020-08-04 19:06:30,-69,['sats']
233518409,$sats echostar corporation announces conference call for second quarter 2020 financial results https://www.otcdynamics.com/sats-echostar-corporation-announces-conference-call-for-second-quarter-2020-financial-results,2020-08-04 19:01:40,-69,['sats']
233517763,$sats: echostar corporation announces conference call for second quarter 2020 financial results https://www.chartmill.com/stock/quote/sats/news?utm_source=stocktwits&amp;utm_medium=pressrelease&amp;utm_content=sats&amp;utm_campaign=social_tracking,2020-08-04 19:00:04,-69,['sats']
233515986,"$sats echostar announces conference call for second quarter 2020 financial results 

https://newsfilter.io/a/847b1400e91beef8a087e7faa567c81c",2020-08-04 18:55:37,-69,['sats']
233515959,"$sats echostar corporation announces conference call for second quarter 2020 financial results
https://www.stocktitan.net/news/sats/echo-star-corporation-announces-conference-call-for-second-quarter-q6ci10br2b82.html",2020-08-04 18:55:33,-69,['sats']
232128763,"$sats  
hughes announces new jupiter system features to power higher efficiencies and performance 
https://finance.yahoo.com/news/hughes-announces-jupiter-system-features-120300859.html",2020-07-30 12:45:39,1,['sats']
232128122,$sats gooood news 💰💰💰 : https://newsfilter.io/a/f969e7753cf0fbbe441e83d656ec09aa,2020-07-30 12:44:01,1,['sats']
231764906,$sats: hughes announces new jupiter system features to power higher efficiencies and performance https://www.chartmill.com/stock/quote/sats/news?utm_source=stocktwits&amp;utm_medium=pressrelease&amp;utm_content=sats&amp;utm_campaign=social_tracking,2020-07-29 12:52:00,-69,['sats']
231751142,"$sats hughes announces new jupiter system features to power higher efficiencies and performance
https://www.stocktitan.net/news/sats/hughes-announces-new-jupiter-system-features-to-power-higher-zhvk8f8gjpk6.html",2020-07-29 12:03:32,-69,['sats']
231751121,"$sats hughes announces new jupiter system features to power higher efficiencies and performance 

https://newsfilter.io/a/f969e7753cf0fbbe441e83d656ec09aa",2020-07-29 12:03:29,-69,['sats']
231594168,"$sats $lode $fet 
hughes to join uk government and bharti enterprises in new oneweb consortium. check out here for more possible interesting topics: http://psce.pw/newsectorcouldbehuge",2020-07-28 18:47:19,1,"['sats', 'lode', 'fet']"
231538751,"last december, bloomberg stated--&quot;$aapl has a secret team working on satellites and related wireless technology, striving to find new ways to beam data such as internet connectivity directly to its devices, according to people familiar with the work.&quot;  
 
over the weekend, a &quot;salesy&quot; newsletter hit our inbox that said $aapl is holding a big meeting today. apple has invited all of their shareholders to attend @ 5pm where tim cook may take the stage and introduce “apple-fi” to the world.  applefi, is a service that &quot;will deliver high-speed internet, everywhere in the world, for up to 90% off.&quot;  
 
apple has a patent which can be viewed here: https://d13p2xj50zkyqm.cloudfront.net/promos/af/tek/tek_applefi/assets/tek_applefi_applepatent.jpg   
 
companies that could be affected by this &quot;announcement&quot; neg--$cmcsa $vz pos--$ball $sats  
 
sharing is caring! do your own homework to prove or disprove the validity of anything written here.",2020-07-28 15:58:03,-69,"['aapl', 'cmcsa', 'sats', 'vz']"
231255243,"$sats hughes joins consortium acquiring bankrupt oneweb 

https://newsfilter.io/a/546aad517c15251e64bf5205cc8cd21b",2020-07-27 16:22:17,-69,['sats']
231178420,$sats: hughes to join uk government and bharti enterprises in new oneweb consortium https://www.chartmill.com/stock/quote/sats/news?utm_source=stocktwits&amp;utm_medium=pressrelease&amp;utm_content=sats&amp;utm_campaign=social_tracking,2020-07-27 12:51:06,-69,['sats']
231172291,$sats hughes to join uk government and bharti enterprises in new oneweb consortium https://www.otcdynamics.com/sats-hughes-to-join-uk-government-and-bharti-enterprises-in-new-oneweb-consortium,2020-07-27 12:24:00,-69,['sats']
231168120,"$sats hughes to join uk government and bharti enterprises in new oneweb consortium 

https://newsfilter.io/a/aaa8d34f8b3aa3f1310d5ea6f5b226fd",2020-07-27 12:03:29,-69,['sats']
231168110,"$sats hughes to join uk government and bharti enterprises in new oneweb consortium
https://www.stocktitan.net/news/sats/hughes-to-join-uk-government-and-bharti-enterprises-in-new-one-web-8fdkz7hxxx5a.html",2020-07-27 12:03:26,-69,['sats']
230526865,echostar (nasdaq:sats) rating lowered to sell at zacks investment research $sats #sats https://www.marketbeat.com/n/4410563/,2020-07-24 11:41:27,-69,['sats']
228110134,"russell 1000 stocks with the lowest price range ratio: $chk $ppc $esrt $tap $sats
https://www.finscreener.com/screener/price-range-ratio/stocks/russell1000",2020-07-15 20:55:45,-69,"['sats', 'chk', 'tap', 'ppc', 'esrt']"
226731660,"stocks that hit 52-week lows on friday  $slqt $lxu $bgg $jcom $sats 

https://newsfilter.io/a/7d95bdf14cc0b976569e902b2e46c848",2020-07-10 14:47:49,-69,"['jcom', 'sats', 'bgg', 'lxu', 'slqt']"
226589908,"russell 1000 stocks with the lowest price range ratio: $tap $ppc $sats $chk $xrx
https://www.finscreener.com/screener/price-range-ratio/stocks/russell1000",2020-07-09 22:03:32,-69,"['sats', 'chk', 'tap', 'xrx', 'ppc']"
226451742,"stocks that hit 52-week lows on thursday  $caj $aih $eols $ppc $sats 

https://newsfilter.io/a/0c90c7bcd90df08a3cf0ff896a95c9d9",2020-07-09 14:57:18,-69,"['sats', 'caj', 'ppc', 'eols']"
225669626,"$sats: new sec filing on director, william david wade: https://www.sec.gov/archives/edgar/data/1415404/000169715720000001/xslf345x03/wf-form4_159406680373729.xml",2020-07-06 20:30:01,-69,['sats']
225666908,"$sats reported 4 new insider trades to the sec in the last 2 minutes.

5,000 shares acquired by tarr jeffrey r (director)   https://newsfilter.io/articles/4-form-31c8c3186922368bfec9b16e53f92839
5,000 shares acquired by wade william david (director)   https://newsfilter.io/articles/4-form-2da44a39fba9c07eba2809b9287de335
5,000 shares acquired by schroeder c mike (director)   https://newsfilter.io/articles/4-form-10ff06fbe6054cbf4ebaf02d637ccb70
5,000 shares acquired by federico anthony m (director)   https://newsfilter.io/articles/4-form-e66c82898cd964e111441afde2b4e688",2020-07-06 20:22:29,-69,['sats']
225666428,"$sats [15s. delayed] filed sec form 4: director wade william david: 
transacted derivative securities on 2020-07-01.  https://s.flashalert.me/6xdgp",2020-07-06 20:21:10,-69,['sats']
225666130,"$sats [15s. delayed] filed sec form 4: director schroeder c mike: 
transacted derivative securities on 2020-07-01.  https://s.flashalert.me/u7raj",2020-07-06 20:20:18,-69,['sats']
225665674,"$sats [15s. delayed] filed sec form 4: director tarr jeffrey r: 
transacted derivative securities on 2020-07-01.  https://s.flashalert.me/r2die",2020-07-06 20:19:04,-69,['sats']
225665185,"$sats [15s. delayed] filed sec form 4: director federico anthony m: 
transacted derivative securities on 2020-07-01.  https://s.flashalert.me/xej0q",2020-07-06 20:17:54,-69,['sats']
225664349,"$sats [15s. delayed] filed sec form 4: director dodge r stanton: 
transacted derivative securities on 2020-07-01.  https://s.flashalert.me/5wbyy",2020-07-06 20:15:53,-69,['sats']
225664246,"$sats 5,000 shares acquired by dodge r stanton (director), reported in a new form 4 filed with the sec  

https://newsfilter.io/a/e0413482c2483253c925b2849fc4fa32",2020-07-06 20:15:36,-69,['sats']
223577192,"is this good for your portfolio? $sats&#39;s 10-day moving average moved below its 50-day moving average on june 23, 2020. view odds for this and other indicators: https://srnk.us/go/1790783",2020-06-28 03:15:09,-69,['sats']
223318240,"$sats has been crushed recently, but should find support here where it has bounced two other times.",2020-06-26 18:39:25,1,['sats']
223034588,$sats going up tomorrow. just rebounded from its support at 27.25. oversold and it just crossed the ema. solid buy imo.,2020-06-25 23:04:39,1,['sats']
221919719,$sats new article : comtech: merger with gilat will be highly beneficial https://www.stck.pro/news.php?ticker=sats&amp;rowid=5646532,2020-06-22 18:57:05,-69,['sats']
221759318,$sats sats gang!!! https://amzn.to/3cw8hoj,2020-06-22 09:59:56,1,['sats']
220953498,"how does this make you feel? $sats enters a downtrend because momentum indicator dropped below the 0 level on june 11, 2020. view odds for this and other indicators: https://srnk.us/go/1750820",2020-06-18 12:05:56,-69,['sats']
220298370,$sats: hughes joins with 4-h to champion online stem education amid increased demand for virtual learning https://www.chartmill.com/news/sats/prnews-2020-6-16-hughes-joins-with-4-h-to-champion-online-stem-education-amid-increased-demand-for-virtual-learning?utm_source=stocktwits&amp;utm_medium=pressrelease&amp;utm_content=sats&amp;utm_campaign=social_tracking,2020-06-16 12:34:00,-69,['sats']
