id,body,created_at,sentiment,symbols
254852286,"$csco - intraday trade:
- potential long trade if and only if price breaks above $37.56
 (above 8-day ma)
- stop loss: price back below green line after advancing 1%, low of day (max loss).
------------------------------------
-macd long term trend: neutral",2020-11-06 15:00:45,1,['csco']
254846344,"fri nov 6th
today&#39;s worst performing sector just after the open:

technology -1.2%

biggest 20 technology stocks by mkt cap:
1) $asml: +0.2%
2) $csco: -0.1%
3) $sap: -0.2%
4) $txn: -0.2%
5) $ibm: -0.2%
...

see all 20 here:
https://thebubbleboard.com/?tickers=asml,csco,sap,txn,ibm,fis,avgo,qcom,orcl,acn,intc,tsm,nvda,sne,crm,aapl,msft,adbe,now,shop&amp;name=technology&amp;utm_medium=bot-post",2020-11-06 14:46:08,-69,"['asml', 'csco', 'ibm', 'sap', 'txn']"
254824737,"stocks to watch - bullish reversals 
$wfc $oxy $csco $dvn $dbx  
 
recovering from recent lows. 
stockbeep.com/wlbur-nov6",2020-11-06 13:30:12,-69,"['csco', 'dvn', 'oxy', 'wfc', 'dbx']"
254763430,"$csco netfuel vs cisco systems - aia trial, termination 

https://newsfilter.io/a/30af9fd1e944f51c617f1437ac29cad4",2020-11-06 01:59:23,-69,['csco']
254759957,"3 dividend technology stocks with yields of 2.5% and up

$csco $glw $ibm  

https://m.benzinga.com/article/18213196",2020-11-06 01:34:48,-69,"['csco', 'glw', 'ibm']"
254705524,your daily news digest for cisco systems $csco https://wsfriend.com/daily/news/csco/2020-11-05/,2020-11-05 21:35:11,-69,['csco']
254704721,"3 dividend technology stocks with yields of 2.5% and up

related tickers: $aapl $csco $glw $ibm $vz",2020-11-05 21:33:17,-69,"['aapl', 'csco', 'glw', 'ibm', 'vz']"
254701329,$ntgr $anet $csco $ffiv suggested for $nwx us arca networking - value screen: https://bit.ly/37siaq3,2020-11-05 21:25:03,-69,"['csco', 'ffiv', 'ntgr', 'anet', 'nwx']"
254701111,3 dividend technology stocks with yields of 2.5% and up $ibm $csco $glw https://benzinga.com/z/18213196#.x6rszp89dpc.twitter,2020-11-05 21:24:29,-69,"['csco', 'glw', 'ibm']"
254667714,"$csco on another board. elections, n protections against the looters... here very calm. earnings next week. don&#39;t know if to sell or keep.",2020-11-05 19:45:06,1,['csco']
254617695,$csco think some institutions are trying to temporarily hold this down because er is coming next week?   thanks!,2020-11-05 16:47:08,1,['csco']
254589761,$csco lfg. run it up lfggggggg,2020-11-05 15:17:57,-69,['csco']
254585020,$csco should be done 1/2 percent eod min. we have tested this thing in every kind of tape at this point,2020-11-05 15:05:08,-69,['csco']
254566140,$csco nothing can push this stock higher. no bids,2020-11-05 14:06:57,-69,['csco']
254565720,$csco liveaction honored with the us theater/area award as isv solution partner of the year at cisco partner summit digital 2020 https://www.otcdynamics.com/csco-liveaction-honored-with-the-us-theater-area-award-as-isv-solution-partner-of-the-year-at-cisco-partner-summit-digital-2020,2020-11-05 14:05:30,-69,['csco']
254564423,"$csco liveaction honored with the us theater/area award as isv solution partner of the year at cisco partner summit digital 2020 

https://newsfilter.io/a/471a6e56d3f754b8700cc4198e358ab7",2020-11-05 14:00:55,-69,['csco']
254540896,$csco may go red again by 11 and stay red while the market rips to new highs. terrible stock,2020-11-05 11:58:05,-69,['csco']
254513119,$csco these guys are fucking their shareholders,2020-11-05 04:05:46,-69,['csco']
254513073,$csco we need an activist . where you at ackmann,2020-11-05 04:05:15,-69,['csco']
254511374,$csco att all over again.. hope the divi holds,2020-11-05 03:47:32,-69,['csco']
254503042,$intc $csco those turds costed me shit load this year,2020-11-05 02:26:01,-69,"['csco', 'intc']"
254479042,"$csco uniloc 2017 vs cisco systems - aia trial, termination 

https://newsfilter.io/a/6c135b8721331569aa1657773fc42b34",2020-11-04 23:29:09,-69,['csco']
254479041,"$csco uniloc 2017 vs cisco systems - aia trial, termination 

https://newsfilter.io/a/b0a2e88a139af32cb6d6ebdaf24ab5fa",2020-11-04 23:29:09,-69,['csco']
254472401,$csco days like this absolutely define csco it&#39;s their signature move,2020-11-04 22:49:25,-69,['csco']
254468268,$csco or $nok guys? 🤔,2020-11-04 22:28:08,-69,"['csco', 'nok']"
254458927,$csco entire market green and this dog managed to go and stay red,2020-11-04 21:48:58,-69,['csco']
254455579,your daily news digest for cisco systems $csco https://wsfriend.com/daily/news/csco/2020-11-04/,2020-11-04 21:36:17,-69,['csco']
254443373,this is amazing! what do you think? $csco rsi indicator left the oversold zone. view odds of uptrend. https://srnk.us/go/2281806,2020-11-04 20:58:36,1,['csco']
254430915,$csco we are going red ... missed the whole rally . all three days,2020-11-04 20:03:53,-69,['csco']
254427170,$csco just shoot me,2020-11-04 19:47:17,-69,['csco']
254407070,$tsla  $uber $rkt $csco data off this discord has been extremely useful.,2020-11-04 18:17:13,-69,"['csco', 'rkt', 'tsla', 'uber']"
254394786,"$csco lagging but headed in the right direction, hop on now and make some easy money",2020-11-04 17:29:01,-69,['csco']
254382510,"$csco nasdaq 100 and the election (so far).....  
https://www.channelchek.com/news-channel/the_prolonged_vote_counting_impact_on_the_stock_market",2020-11-04 16:44:04,-69,['csco']
254377195,$csco  long.  https://www.marketbeat.com/stocks/nasdaq/csco/,2020-11-04 16:25:16,-69,['csco']
254374017,"unlicensed use of the 6 ghz band  $avgo $csco $comm 

https://newsfilter.io/a/562201109d4678dfee9fe95c8a63b078",2020-11-04 16:14:10,-69,"['csco', 'avgo', 'comm']"
254371156,"$csco: should you invest in cisco systems, microsoft, bristol-myers squibb, unitedhealth group, or nvidia? https://www.chartmill.com/stock/quote/csco/news?utm_source=stocktwits&amp;utm_medium=pressrelease&amp;utm_content=csco&amp;utm_campaign=social_tracking",2020-11-04 16:04:04,-69,['csco']
254369736,$csco dead stock. went red while the whole market is jumping. bs manipulation got to stop. i need 45asap,2020-11-04 15:59:48,1,['csco']
254368473,$csco did earnings get pushed back?,2020-11-04 15:55:40,-69,['csco']
254362441,$csco underperforming market yet again .,2020-11-04 15:34:37,-69,['csco']
254343542,$csco wtf happened to the pre market bump,2020-11-04 14:37:15,-69,['csco']
254311135,"$csco new article : cisco: while growth is an issue, this is an excellent company on sale https://www.stck.pro/news/csco/8926495",2020-11-04 10:54:05,-69,['csco']
254307918,short sale volume (not short interest) for $csco on 2020-11-03 is 33%. http://shortvolumes.com/?t=csco via @shortvolumes,2020-11-04 09:50:35,-69,['csco']
254297502,$intc $csco $aapl $jnj suggested for $dji us dow jones industrial average - value screen: https://bit.ly/3kffznf,2020-11-04 06:48:55,-69,"['aapl', 'csco', 'intc', 'jnj']"
254288456,"$tsla $uber $rkt $csco dark pool unusual orders all fit the criteria of 1 or all 3 of either, order exceeds open interest on 1 order, daily volume exceeds open interest, or contract expires with 35 days and is 7% otm",2020-11-04 05:01:53,-69,"['csco', 'rkt', 'tsla', 'uber']"
254241672,$csco a green day for this stock??,2020-11-03 23:27:34,-69,['csco']
254232882,"$ambo  only an idiot would think that someone buying stock in the company was a bad thing. 
irrational market caused sell-off. loaded these cheapest, it will move steadily back up.  $csco partnership is great news.",2020-11-03 22:31:39,1,"['csco', 'ambo']"
254221579,your daily news digest for cisco systems $csco https://wsfriend.com/daily/news/csco/2020-11-03/,2020-11-03 21:32:43,-69,['csco']
254219137,$amd $wmt $goog $csco all 50!,2020-11-03 21:22:52,-69,"['csco', 'goog', 'amd', 'wmt']"
254199025,$csco do we sail to 40 this week!,2020-11-03 20:14:54,1,['csco']
254198825,"unlicensed use of the 6 ghz band  $avgo $csco $comm 

https://newsfilter.io/a/cc9b40c14e65248adc96dcb5affac89b",2020-11-03 20:14:02,-69,"['csco', 'avgo', 'comm']"
254195372,$csco most under performing stock in a broader market.change the leadership.,2020-11-03 20:00:28,-69,['csco']
254182894,$csco time to change the leadership.it‘s a becoming a boring stock.,2020-11-03 19:10:32,-69,['csco']
254179175,"$anet $csco arista +14%, enjoying best day in three-plus years as analysts measure beat, new confidence 

https://newsfilter.io/a/fad290084398a24e3fafad6650b71c69",2020-11-03 18:55:07,-69,"['csco', 'anet']"
254165335,"$csco i feel this is a good investment in my retirement years. i know others just play the swings for a fast profit which is fine. i get a larger dividend than the 30-year bond and growth even if it will be slow. but i just have a feeling that 5g worldwide growth is just getting started and we will profit from it. it&#39;s just a solid company if you don&#39;t mind a conservative investment. nothing glamorous just solid. 
in a down market that may happen most stocks go down with it regardless. that&#39;s when you need some dry powder to take advantage of.
all of the above is my opinion. always do your own dd.",2020-11-03 17:58:54,1,['csco']
254158817,"$csco great success!  look for 5% swing

i track opportunities on patterns and on overboughts stocks. join me! whatsapp group, with live alert. add me 5147789552",2020-11-03 17:33:43,1,['csco']
254152172,$csco shares increase by 3.7%. the 06-nov-20 option straddle is implying a ±2.6% move in the next 3 days https://tinyurl.com/yxvpu676,2020-11-03 17:08:54,-69,['csco']
254150573,$csco it’s still a good entry!,2020-11-03 17:02:18,1,['csco']
254144156,"$ambo + $csco equal less value..... not!

i&#39;m loading this bottom. thanks",2020-11-03 16:39:46,1,"['csco', 'ambo']"
254134677,"arista stock spikes as investors celebrate strong profits and outlook  $anet $c $csco 

https://newsfilter.io/a/5104475fded5e6d0378ba9837fd9cc57",2020-11-03 16:08:12,-69,"['csco', 'c', 'anet']"
254128739,$csco finally 🚀🚀🚀🚀,2020-11-03 15:49:17,1,['csco']
254116554,$csco let&#39;s break this 37! c&#39;mon girl,2020-11-03 15:13:02,1,['csco']
254111838,peak profit for the last 6 expired option alerts for $csco 84.06| 75.41| 84.48| 66.96| 1.89| -94.12|,2020-11-03 14:59:56,-69,['csco']
254110585,"$csco out, 21%",2020-11-03 14:56:26,1,['csco']
254103513,$ambo is flying in the market this morning after the company announced a partnership with $csco surrounding education tech. https://alphastocknews.com/ambow-education-ambo-stock-rockets-on-deal-with-cisco-csco/4471/,2020-11-03 14:36:43,-69,"['csco', 'ambo']"
254096512,"$anet $csco $jnpr arista&#39;s latest presentation provides interesting q2 market share data for 100g ethernet switching port:
- arista kept growing qoq
- cisco finally grew qoq
- white boxes declined qoq",2020-11-03 14:10:11,-69,"['csco', 'jnpr', 'anet']"
254087610,3 top stocks you can buy on sale https://bit.ly/3osxo2n $apha $csco $kr,2020-11-03 13:33:33,-69,"['csco', 'kr', 'apha']"
254087391,"$ambo (+54.7% pre) ambow education enters strategic partnership with cisco $csco interational career education, training and certification  

http://ooc.bz/l/63229",2020-11-03 13:32:28,-69,"['csco', 'ambo']"
254087259,"$ambo $csco 
 
ambow education enters strategic partnership with cisco for international career education, training and certification 
 
#fintwit #stockmarket #trading 
#pennystocks #stockstowatch",2020-11-03 13:31:54,-69,"['csco', 'ambo']"
254086987,"$ambo $csco ambow education enters strategic partnership with cisco for international career education, training and certification 

https://newsfilter.io/a/2e962cf1e212bd82a2c02b3befd86327",2020-11-03 13:30:33,-69,"['csco', 'ambo']"
254084342,$csco it&#39;s kinda fishy that big spread for those ask and bid,2020-11-03 13:15:52,-69,['csco']
254083763,"$csco who just sold their shares to me? lol , i need more...",2020-11-03 13:12:33,-69,['csco']
254083550,$csco missing entire move back on dow...,2020-11-03 13:11:26,-69,['csco']
254076162,"$anet  well i guess we know who is winning this war, you pos $csco",2020-11-03 12:26:46,-69,"['csco', 'anet']"
254074831,$csco so basically same place as 24 hours ago,2020-11-03 12:15:34,-69,['csco']
254065519,$csco all in,2020-11-03 09:58:27,1,['csco']
254044459,$csco why is this sooooo cheappp,2020-11-03 02:58:52,1,['csco']
254039114,"oversold stocks #dow30 $dji stocks: $csco $intc $mrk $jnj  
 
https://www.finscreener.com/screener/oversold-stocks/dj30",2020-11-03 02:09:53,-69,"['csco', 'intc', 'jnj', 'mrk']"
254001949,"one way biden might be better for tech stocks  $aapl $csco $wdc $tsm 

https://newsfilter.io/a/30560858b18bb107c9a4597e5030d46d",2020-11-02 21:53:05,-69,"['aapl', 'csco', 'tsm', 'wdc']"
253997953,"top networking hardware companies by market cap 📞 (as of today)

1. cisco ( $csco ) $151.49 b
2. arista networks ( $anet ) $16.17 b
3. ubiquiti ( $ui ) $11.54 b
4. supermicro ( $smci ) $1.20 b
5. silicom ( $silc ) $0.26 b

more: https://companiesmarketcap.com/networking-hardware/largest-companies-by-market-cap/",2020-11-02 21:35:36,-69,"['csco', 'silc', 'smci', 'ui', 'anet']"
253997495,your daily news digest for cisco systems $csco https://wsfriend.com/daily/news/csco/2020-11-02/,2020-11-02 21:33:47,-69,['csco']
253965522,"top electronics companies by market cap 🔌 (as of today)

1. samsung ( $005930.ks ) $339.95 b
2. cisco ( $csco ) $151.49 b
3. sony ( $sne ) $104.53 b
4. nintendo ( $ntdof ) $65.75 b
5. foxconn ( $2317.tw ) $37.86 b

more: https://companiesmarketcap.com/electronics/largest-electronic-manufacturing-by-market-cap/",2020-11-02 19:35:46,-69,"['csco', 'sne']"
253958510,$csco softchoice honored with geographical region award as canada partner of the year at cisco partner summit digital 2020 https://www.otcdynamics.com/csco-softchoice-honored-with-geographical-region-award-as-canada-partner-of-the-year-at-cisco-partner-summit-digital-2020,2020-11-02 19:07:25,-69,['csco']
253957543,"$csco softchoice honored with geographical region award as canada partner of the year at cisco partner summit digital 2020 

https://newsfilter.io/a/a6cb5d25e9a274f22053fb94c75ffb9e",2020-11-02 19:03:31,-69,['csco']
253918422,$csco this stock might never have a 5 percent up day ever again-once the trendfollowing computer algos have you in a downtrend-its over,2020-11-02 16:27:38,-1,['csco']
253917887,"$csco we were quizzically trading with the oil
patch the last few weeks and looks like we are decoupling",2020-11-02 16:25:55,-69,['csco']
253902168,$csco - 1.04 million share #darkpool print at $36.00,2020-11-02 15:29:05,-69,['csco']
253901308,$csco new article : week 45 mda breakout forecast - november: short-term picks to give you an edge https://www.stck.pro/news/csco/8887804,2020-11-02 15:26:06,-69,['csco']
253892566,$csco really thought this would bounce today on this tape,2020-11-02 14:58:37,-69,['csco']
253869895,$csco new article : is now the time to buy these 3 beaten down stocks of the dow jones industrial average? https://www.stck.pro/news/csco/8885452,2020-11-02 13:25:32,-69,['csco']
253865940,"$csco cisco announces november 2020 events with the financial community
https://www.stocktitan.net/news/csco/cisco-announces-november-2020-events-with-the-financial-f2x3ddru1lqt.html",2020-11-02 13:01:18,-69,['csco']
253865903,"$csco cisco announces november 2020 events with the financial community 

https://newsfilter.io/a/48ddb0c3f16b26cd41c0c328a9de4519",2020-11-02 13:01:09,-69,['csco']
253850605,"if you really want to make a huge profit on stock trading. then this community is for you --&gt;&gt; stocksgainer.net/

$csco ",2020-11-02 09:59:42,-69,['csco']
253844557,$csco 2021 $37 calls anyone?!,2020-11-02 06:31:40,1,['csco']
253840481,$intc $csco $wmt $aapl suggested for $dji us dow jones industrial average - value screen: https://bit.ly/3kffznf,2020-11-02 04:39:48,-69,"['aapl', 'csco', 'intc', 'wmt']"
253828238,"$csco it&#39;s easy to look at a chart of the dow and conclude that the market is going to crash over the next few days. but that  just seems too simple, too obvious.  this leads me to believe there may be a trump win and the markets will rally because biden isn&#39;t likely to contest the results because he knows socialism would be a death sentence for american ingenuity and he isn&#39;t vindictive enough in his nature to wish that on his own country.  the next few days should be very interesting.",2020-11-02 01:39:22,-69,['csco']
253808998,your daily news digest for cisco systems $csco https://wsfriend.com/daily/news/csco/2020-11-01/,2020-11-01 21:32:44,-69,['csco']
253795146,$csco $msft $aapl $jnj $cvs —we will be fine through this election,2020-11-01 17:53:16,1,"['aapl', 'csco', 'msft', 'cvs', 'jnj']"
253769475,$csco fact - 95% of the fortune 500 companies run on cisco networks. most weak hands are out now. can easily target $38-40 next week.,2020-11-01 05:31:26,-69,['csco']
253750317,$ntgr $anet $csco $ffiv suggested for $nwx us arca networking - value screen: https://bit.ly/37siaq3,2020-10-31 22:41:25,-69,"['csco', 'ffiv', 'ntgr', 'anet', 'nwx']"
253746296,your daily news digest for cisco systems $csco https://wsfriend.com/daily/news/csco/2020-10-31/,2020-10-31 21:32:27,-69,['csco']
253722640,$csco oversold 🍴,2020-10-31 15:08:29,1,['csco']
253722594,"$csco it&#39;s 50% off compared to its intrinsic value.
it could go down further, thus the stop. it&#39;s &quot;risky&quot;.
out of all the tech stocks i&#39;ve looked at $ csco has the best fundamentals.
high growth potential.
you probably want to wait for when it goes back up or grab some call options.

i only bought a single share. so it could go to 0 i wouldn&#39;t cry about it.
the fundamentals are there. the price doesn&#39;t make sense this low.",2020-10-31 15:07:39,-69,['csco']
253719192,"good morning investing community!

tune into our november 2020 dividend stock watch list!

we feature three dividend growth stocks - 2 of which are dividend aristocrats: 
- $gd 
- $csco 
- $jnj 

check out the video with your fresh cup of coffee!
https://youtu.be/lc23mfuvxmk",2020-10-31 14:13:46,-69,"['csco', 'gd', 'jnj']"
253716701,"3 of 10 $csco $cvx $dis the yellow line measures the strength for any instrument, with values from 0 to 100. areas with strength greater than 75 are considered overbought, with less than 25 oversold and neutral in between. trading signals produced are depicted with arrows and are green for longs and red for short entries … see 4/10",2020-10-31 13:26:47,-69,"['csco', 'cvx', 'dis']"
253713522,$csco was analyzed by 16 analysts. the buy consensus is at 80%. so analysts seem to be mildly confident about $csco. https://www.chartmill.com/stock/analyzer/stock/csco?view=analyst-ratings&amp;utm_source=stocktwits&amp;utm_medium=analyst&amp;utm_content=csco&amp;utm_campaign=social_tracking,2020-10-31 12:12:00,-69,['csco']
253711788,$googl $intc $csco $wmt suggested for $xii us arca institutional - value screen: https://bit.ly/36ror4y,2020-10-31 11:10:30,-69,"['csco', 'intc', 'wmt', 'xii', 'googl']"
253665150,your daily news digest for cisco systems $csco https://wsfriend.com/daily/news/csco/2020-10-30/,2020-10-30 21:33:16,-69,['csco']
253663570,$csco option order flow sentiment is 59.7% bullish. https://tinyurl.com/y6mfmuga,2020-10-30 21:23:42,-69,['csco']
253659441,$csco i&#39;d would be golden if this hits 44 after er. ... been having heartache all 8 weeks long since i started buying. everyday is down day,2020-10-30 21:01:16,1,['csco']
253655690,"$csco the dow has broken and closed below its sept lows. the s&amp;p is very close to them. if it breaks, then it&#39;s all eyes on the nasdaq&#39;s sept lows. if that breaks, then we&#39;ll just be in a freefall. the charts to watch are the virus cases and deaths, because if they don&#39;t stabilize, then lockdowns will start up again and already battered business owners will throw in the towel.",2020-10-30 20:42:30,-69,['csco']
253643443,"fri oct 30th
today&#39;s worst performing sector:

technology -2.5%

biggest 20 technology stocks by mkt cap:
1) $ibm: +2.4%
2) $csco: +0.3%
3) $sne: +0.2%
4) $acn: +0.1%
5) $intc: +0.0%
...

see all 20 here:
https://thebubbleboard.com/?tickers=ibm,csco,sne,acn,intc,orcl,fis,txn,tsm,msft,avgo,sap,crm,now,qcom,asml,adbe,nvda,shop,aapl&amp;name=technology&amp;utm_medium=bot-post",2020-10-30 20:00:30,-69,"['csco', 'intc', 'acn', 'ibm', 'sne']"
253625350,comprehensive non-correlated cisco systems $csco trading report https://tinyurl.com/yyuwd6tp,2020-10-30 19:00:04,-69,['csco']
253612832,$csco green :),2020-10-30 18:16:59,-69,['csco']
253605687,$csco i have the feeling that this pos is tired of going down. nobody wants to short at this level. stagnant for few days but goin to run soon.,2020-10-30 17:54:29,1,['csco']
253594254,$csco new article : conscia first cisco iot advantage partner in the world https://www.stck.pro/news/csco/8844692,2020-10-30 17:14:04,-69,['csco']
253589036,ask/above ask call sweeps: 500 contracts or more (a/o12:51pmest): $pins $lyft $iwm $pfe $csco,2020-10-30 16:54:55,-69,"['csco', 'iwm', 'pfe', 'pins', 'lyft']"
253582113,$csco 35.90 is a tough level to break,2020-10-30 16:30:34,-69,['csco']
253578130,$csco catching those value dollars today,2020-10-30 16:17:46,-69,['csco']
253577338,"fri oct 30th
today&#39;s worst performing sector midday:

technology -2.4%

biggest 20 technology stocks by mkt cap:
1) $ibm: +2.0%
2) $csco: +0.4%
3) $orcl: +0.2%
4) $acn: +0.2%
5) $intc: +0.0%
...

----------------------------
a new take on watchlists.
visualize your stocks.
your eyes will thank you.

free | customizable | real-time quotes

make your own board today.
https://thebubbleboard.com",2020-10-30 16:15:16,-69,"['csco', 'intc', 'orcl', 'acn', 'ibm']"
253572314,$ttoo  | sold some $csco  to increase my position at $ttoo.  earning should be good and i doubt we will see prices like this after er.,2020-10-30 15:59:59,-69,"['csco', 'ttoo']"
253572082,$csco i’m a buyer below $11 if biden wins.,2020-10-30 15:59:17,-1,['csco']
253566068,"$csco zoomtowns couldn&#39;t exist without media companies like cisco
https://www.channelchek.com/news-channel/how_will_remote_working_change_after_the_pandemic_",2020-10-30 15:41:36,-69,['csco']
253528005,$csco new article : cbts unites cisco webex with broadworks cloud calling and collaboration for powerful hosted uc https://www.stck.pro/news/csco/8841223,2020-10-30 14:11:13,-69,['csco']
253525970,"$csco just added a new swing here. really low price !

i track opportunities on patterns and on overboughts stocks. join me! whatsapp group.",2020-10-30 14:06:23,1,['csco']
253515125,"$csco another anomaly today, i think it will be fixed by afternoon and it will turn red",2020-10-30 13:40:50,-1,['csco']
253509647,"$csco adding jan 2022 calls soon, nice and cheap 😅🤗😎 come to papa",2020-10-30 13:23:28,1,['csco']
253506128,"$csco it makes no sense to sell
down here . i would wait until
12/31 tax harvest",2020-10-30 13:09:36,-69,['csco']
253503027,"$csco let us go to 32 , why are you hesitant? red is the code word, let us make deep red as the code word.",2020-10-30 12:56:50,-69,['csco']
253497012,"$csco  oct 29    
- daily stock market timing forecast -    
◆ investing view    
=&gt; neutral - bearish    
◆ search for the daily stock market timing forecast    
http://www.google.com/search?q=pretiming    
◆ upper~lower stock price band for the next 10 days    
price: 34.89  ~ 35.72  
% change: -2.23% ~ 0.08% 
◆ today&#39;s supply-demand(s&amp;d) strength    
=&gt; supply-demand(s&amp;d) strength flow appropriate to the current trend.    
    
◆ daily supply-demand(s&amp;d) strength trend    
=&gt; about to begin a rebounding trend as a downward trend gradually gives way to slowdown in falling and rises fluctuations",2020-10-30 12:29:14,-69,['csco']
253494232,$csco people are switching to zoom because they can&#39;t deal with the webex outages.  it does not look good for csco that the biggest infrastructure company in the world can&#39;t handle infrastructure.,2020-10-30 12:15:23,-69,['csco']
253481674,$csco this is going to turn into a 6% yield,2020-10-30 10:46:55,-69,['csco']
253476597,$csco anyone else selling at a loss before elections?,2020-10-30 09:30:47,-69,['csco']
253475345,$csco officially bag holding 🤢🤮 why cant this move,2020-10-30 09:04:28,-69,['csco']
253459259,"$csco appdynamics announces new software-as-a-service offering in asia to support requests for cloud services across india and the asia region
https://www.stocktitan.net/news/csco/app-dynamics-announces-new-software-as-a-service-offering-in-asia-to-2ckjqya95ra6.html

#offering",2020-10-30 04:03:51,-69,['csco']
253459235,appdynamics announces new software-as-a-service offering in asia to support requests for cloud services across india and the asia region http://www.conferencecalltranscripts.org/summary/?id=82531&amp;pr=true $csco,2020-10-30 04:03:27,-69,['csco']
253458998,"$csco appdynamics announces new software-as-a-service offering in asia to support requests for cloud services across india and the asia region 

https://newsfilter.io/a/23ae745ce9fd67e80be6a091833d0c3d",2020-10-30 04:00:40,-69,['csco']
253458252,the short sale volume (not short interest) for $csco on 2020-10-29 is 37%. http://shortvolumes.com/?t=csco via @shortvolumes,2020-10-30 03:50:33,-69,['csco']
253441016,$csco at this rate it should be under 30 by the earnings date. easy daily put scalp play.,2020-10-30 01:16:53,-1,['csco']
253433599,$csco---very ugly maybe 25.00 holds.,2020-10-30 00:27:08,-69,['csco']
253397869,your daily news digest for cisco systems $csco https://wsfriend.com/daily/news/csco/2020-10-29/,2020-10-29 21:32:31,-69,['csco']
253393322,"$csco $wfc $wba $rkt some how i have picked the worst stocks all at once, i had $nflx calls today that saved my eod but that was acting like turd in the morning.",2020-10-29 21:17:16,-69,"['csco', 'nflx', 'rkt', 'wba', 'wfc']"
253392560,"$csco saved our beating for ah today, interesting!",2020-10-29 21:14:52,-69,['csco']
253388146,$csco pos through another earnings.time to change the leadership.,2020-10-29 21:01:49,-69,['csco']
253386256,$csco cisco schedules conference call for q1 fiscal year 2021 financial results https://www.otcdynamics.com/csco-cisco-schedules-conference-call-for-q1-fiscal-year-2021-financial-results,2020-10-29 20:56:37,-69,['csco']
253382599,"$csco listen up kiddies!  aapl earnings were the only things that could have made a real attempt at reversing this covid 2.0 correction.  with aapl up $4 today and now down $5 after the report, it&#39;s a pretty safe bet that it&#39;s not likely to be an event that will reverse the current downtrend of the broader market. so now as we put earnings behind us, we look forward to an uncertain election and a long, dark winter with resurging virus cases, hospitalizations, deaths, lockdowns, and restrictions.  it aint looking pretty .",2020-10-29 20:46:34,-69,['csco']
253378282,semtech supports new iot solutions for cloud-managed asset and facility monitoring developed by cisco http://www.conferencecalltranscripts.org/summary/?id=82187&amp;pr=true $csco,2020-10-29 20:36:27,-69,['csco']
253375441,"$csco cisco schedules conference call for q1 fiscal year 2021 financial results 

https://newsfilter.io/a/4900cf5765259675522ca6a533fa77ab",2020-10-29 20:30:38,-69,['csco']
253375385,"$csco cisco schedules conference call for q1 fiscal year 2021 financial results
https://www.stocktitan.net/news/csco/cisco-schedules-conference-call-for-q1-fiscal-year-2021-financial-j9c5ccj49699.html",2020-10-29 20:30:34,-69,['csco']
253375345,"$smtc $csco semtech supports new iot solutions for cloud-managed asset and facility monitoring developed by cisco 

https://newsfilter.io/a/a82833afbde9ef64ad455739c0e68db6",2020-10-29 20:30:30,-69,"['csco', 'smtc']"
253360482,$csco these market makers are some sons of bitches at the last minute,2020-10-29 20:00:52,-69,['csco']
253355967,$csco this thing is atrocious man.,2020-10-29 19:48:05,-69,['csco']
253348069,$csco just bought more!,2020-10-29 19:23:48,1,['csco']
253345834,"$csco back to red, green might have been small anomaly.",2020-10-29 19:16:37,-69,['csco']
253342046,"$csco some thing is wrong , i see green.",2020-10-29 19:04:23,-69,['csco']
253334242,$csco worst stock i ever bought. good results. excellent profits. beautiful prospects.... and no gains whatsoever.... again and again this stock devaluates. who would have thought i would be a damn bagholder with csco stock. sigh.,2020-10-29 18:38:46,-69,['csco']
253323676,"$pltr this one going to run further.   
 
$1bil software stock w massive earnings growth.   
 
also , $xspa and $csco at good price for a load",2020-10-29 18:06:22,-69,"['csco', 'pltr', 'xspa']"
253317976,$csco new article : cisco is too cheap given its massive free cash flow https://www.stck.pro/news/csco/8824860,2020-10-29 17:49:12,-69,['csco']
253311165,$csco let us go to 32 please,2020-10-29 17:27:32,-69,['csco']
253296792,$csco the most boring and underperforming stock compare to it’s peers.,2020-10-29 16:39:50,-69,['csco']
253293775,$csco it’s time to change the leadership.,2020-10-29 16:30:02,-69,['csco']
253284473,"$csco listen up ladies and gentlemen, this is just in right from the floor of the new york stock exchange... the buzz on the floor is that csco is a gigantic poo poo stock!",2020-10-29 16:00:45,-69,['csco']
253278880,"$csco this has been working hard to pull the weekly rsi into oversold. it might continue lower some, but with the daily &amp; weekly rsi in the oversold zones, it&#39;s time to start accumulating for the weekly bounce.",2020-10-29 15:42:59,1,['csco']
253276545,$csco this turd is named lady red. she can&#39;t take green at all. it sucks. put on the buyback machine if you believe in your company future,2020-10-29 15:36:07,1,['csco']
253276520,$csco screw it. this should have set up for reversal by now. guess we can look at this again after the election,2020-10-29 15:36:03,-1,['csco']
253266326,$csco ok lets run soon?,2020-10-29 15:07:00,-69,['csco']
253263482,$csco starter,2020-10-29 14:59:37,-69,['csco']
253261757,$csco they going out of business?,2020-10-29 14:55:06,-69,['csco']
253245650,"$csco: thinking about buying stock in scholar rock holding, electrameccanica vehicles, verastem, oncolytics biotec ... https://www.chartmill.com/stock/quote/csco/news?utm_source=stocktwits&amp;utm_medium=pressrelease&amp;utm_content=csco&amp;utm_campaign=social_tracking",2020-10-29 14:14:00,-69,['csco']
253242709,$csco network crash?,2020-10-29 14:06:36,-69,['csco']
253235935,09:48:07 am minr automated entry.  long 1100 shares of $csco at 35.63 for a trade that i will be looking to close in the next 10 days.,2020-10-29 13:50:03,-69,['csco']
253230540,"$csco thinking about buying stock in scholar rock holding, electrameccanica vehicles, verastem, oncolytics biotech, or cisco systems? https://www.otcdynamics.com/csco-thinking-about-buying-stock-in-scholar-rock-holding-electrameccanica-vehicles-verastem-oncolytics-biotech-or-cisco-systems",2020-10-29 13:35:40,-69,['csco']
253224304,"thanks to my neighbors visiting a sick relative, big daddy now has 4 brand new kitchen windows. so lets tear down the yellowed newspapers with...
the pre stock market review
( the those who live in glass houses shouldn&#39;t be checking on nana&#39;s gall stones edition )

$ntec yes, of course i&#39;ve something to say about the r/s, but i promised mother i would no longer speak ill of the dead.

$csco i&#39;ve said it before &amp; i&#39;ll say it again. this is the worst investment i ever made in cooking oil.

$f have you dividend a ford lately? no. no you haven&#39;t. not for almost a whole damned year. i shoulda listened to elon musk...

$ups just saw the ceo on mad money last night. while it&#39;s a fair bet i won&#39;t be eating a prune anytime soon, brown is now the color of the day for more reasons than i care to explain.

$lkncy normally, my 1st cup of joe is a reminder of how many years i still have to work. every cup of shares i pour here however, bring me 1 day closer to comfortable retirement.

:  )",2020-10-29 13:14:05,1,"['csco', 'f', 'ups', 'ntec', 'lkncy']"
253206034,$csco closed below the 23.6% fib,2020-10-29 11:45:09,-69,['csco']
253190738,"$csco 
where the fuk is chuck? too busy talking about shit that has nothing to do with fundamentals. get focused and stop giving away our money chuck!",2020-10-29 08:58:28,1,['csco']
253190542,"$csco 
pos",2020-10-29 08:54:03,1,['csco']
253177953,$csco was analyzed by 16 analysts. the buy consensus is at 80%. so analysts seem to be mildly confident about $csco. https://www.chartmill.com/stock/quote/csco/analyst-ratings?utm_source=stocktwits&amp;utm_medium=analyst&amp;utm_content=csco&amp;utm_campaign=social_tracking,2020-10-29 03:53:00,-69,['csco']
253174355,$csco had approximately 306m usd go to the short side at 52 pct short  bears and bulls are fighting close  https://www.algowins.com/?wdt_column_filter[1]=csco,2020-10-29 03:16:10,-69,['csco']
253169640,"marvell nears deal to acquire inphi for $10 billion  $csco $msft $mxim $adi $xlnx 

https://newsfilter.io/a/ff28c1a8e213ae60f4c8ec6912fd284b",2020-10-29 02:31:07,-69,"['csco', 'msft', 'mxim', 'xlnx', 'adi']"
253165991,$csco sinks -3.1%. the 30-oct-20 option straddle is implying a ±1.7% move in the next 2 days https://tinyurl.com/yxvpu676,2020-10-29 01:56:15,-69,['csco']
253165149,"nasdaq 100 $ndx oversold stocks: $ntes $csco $intc $ctxs  
https://www.finscreener.com/screener/oversold-stocks/nq100",2020-10-29 01:49:11,-69,"['csco', 'ctxs', 'intc', 'ntes', 'ndx']"
