id,body,created_at,sentiment,symbols
254826691,$comm rosenblatt maintains to neutral : pt $11.00 https://stockhoot.com/extsymbol.aspx?from=analystratingtweet&amp;symbol=comm&amp;t=787&amp;social=stocktwits,2020-11-06 13:38:48,-69,['comm']
254741503,$comm i&#39;m more interested in how it does tomorrow....,2020-11-05 23:54:46,-69,['comm']
254699177,$comm looks like this is going to be a marathon before we see a major run. lt hold very bullish.,2020-11-05 21:20:02,-69,['comm']
254612378,$comm someone took out a 20k ask within seconds of it appearing. this is better than sex!,2020-11-05 16:28:11,-69,['comm']
254604028,$ephe $djia converge taps us firm $comm  for high-speed internet backbone nationwide https://www.philstar.com/business/2020/11/04/2054334/converge-taps-us-firm-high-speed-internet-backbone-nationwide,2020-11-05 16:00:19,-69,"['djia', 'ephe', 'comm']"
254576308,$comm bests earnings every report and still cant make a major run. unbelievable.,2020-11-05 14:42:35,1,['comm']
254576160,$comm results are good but mixed outlook with no clarity. . suckers at commscope management leadership team..cant even say clearly that they are wellpositioned for 5g and its the future. they all should be fired.,2020-11-05 14:42:10,-69,['comm']
254561077,$comm will she run at open or drop?,2020-11-05 13:46:32,1,['comm']
254556725,"$comm this was exactly the quarter i was expecting. company generating cash flow, good margins, and paying down debt. after massively overpaying for arris a couple of years back, mgmt has been slowing digging out of the hole. as the debt snowball payments continue, comm is well positioned for the years ahead and will finally get back to previous p/e ratio valuations and this stock goes to $25+. just need leverage to get down first. be patient.",2020-11-05 13:26:38,1,['comm']
254552964,"$comm beats by $0.14, beats on revs https://www.briefing.com/in-depth-analysis/content/article?articleid=in20201105060532comm",2020-11-05 13:09:02,-69,['comm']
254552486,"$comm earnings call today: 8:30 am est 
webcast: http://mmm.wallstreethorizon.com/u.asp?u=348076 
stockpods beta is now live. visit to find analyst ratings, stock price targets, and phone/pin for today&#39;s earnings calls: https://www.stockpods.com",2020-11-05 13:06:27,-69,['comm']
254551358,last10k highlighted 84 positive and negative remarks in $comm&#39;s 10-q filed today. see them in the quarterly report: https://last10k.com/sec-filings/comm/0001564590-20-050610.htm?utm_source=stocktwits&amp;utm_medium=forum&amp;utm_campaign=sentiment&amp;utm_term=comm,2020-11-05 13:01:35,-69,['comm']
254543211,$comm thought we would see a larger jump in revenue... still solid performance and margins increased over the last quarter. they do about 260 cash from operations a quarter with 160 m interest expense. if this continues to improve they should be able to pay off debt at a decent pace,2020-11-05 12:11:23,-69,['comm']
254542891,"$comm reported earnings of $0.37, consensus was $0.28 via @ewhispers #epsbeat http://eps.sh/d/comm",2020-11-05 12:09:21,-69,['comm']
254537887,$comm just filed with the sec a earnings release and a financial exhibit https://last10k.com/sec-filings/comm/0001564590-20-050807.htm?utm_source=stocktwits&amp;utm_medium=forum&amp;utm_campaign=8k&amp;utm_term=comm,2020-11-05 11:31:09,-69,['comm']
254537515,"commscope holding co q3 eps $0.51 beats $0.37 estimate, sales $2.17b beat $2.13b estimate

related tickers: $comm",2020-11-05 11:27:13,-69,['comm']
254537239,"$comm [15s. delayed] filed form 8-k on november 05, 06:23:34: item2.02: results of operations &amp; financial condition https://s.flashalert.me/sl3s1",2020-11-05 11:24:28,-69,['comm']
254537215,"$comm form 8-k: results of operations and financial condition. on november 5, 2020, commscope holding company issued a press release relating to its financial results for the third quarter of 2020. a .. 

https://newsfilter.io/a/de853c312bc4fe633826866b7ee0482d",2020-11-05 11:24:09,-69,['comm']
254537025,$comm just filed a 10-q quarterly report with 74 sections and 3 exhibits. access them all or just read their earnings: https://last10k.com/sec-filings/comm/0001564590-20-050610.htm?utm_source=stocktwits&amp;utm_medium=forum&amp;utm_campaign=10kq2040f&amp;utm_term=comm,2020-11-05 11:21:59,-69,['comm']
254536757,$comm commscope reports third quarter 2020 results https://www.otcdynamics.com/comm-commscope-reports-third-quarter-2020-results,2020-11-05 11:18:58,-69,['comm']
254535441,"$comm commscope eps beats by $0.14, beats on revenue 

https://newsfilter.io/a/2cbcadff8641d17b96149b0ed801b26f",2020-11-05 11:05:18,-69,['comm']
254535390,"$comm commscope reports third quarter 2020 results
https://www.stocktitan.net/news/comm/comm-scope-reports-third-quarter-2020-ys1jefopa7lt.html",2020-11-05 11:04:41,-69,['comm']
254535326,"$comm [15s. delayed, acc.~90%, always check] earnings release november 05, 06:00:00: q3: non-gaap eps of $0.51, revenue $2,168.10m. https://s.flashalert.me/chu2u",2020-11-05 11:04:13,-69,['comm']
254535301,"$comm [15s. delayed]: issued press release on november 05, 06:00:00: commscope reports third quarter 2020 results https://s.flashalert.me/gnx9v",2020-11-05 11:04:06,-69,['comm']
254535247,"$comm form 10-q (quarterly report [sections 13 or 15(d)]) filed with the sec 

https://newsfilter.io/a/3f31ce8fe2632bb0d3116626026e2644",2020-11-05 11:03:31,-69,['comm']
254534984,"$comm commscope reports third quarter 2020 results 

https://newsfilter.io/a/70efec4620f48403e90e51524047613f",2020-11-05 11:00:59,-69,['comm']
254439710,$comm lets do this commscope!,2020-11-04 20:43:44,-69,['comm']
254417147,"$comm reports before the open tomorrow, estimize consensus +0.02 eps and +3.34m revs compared to ws
http://www.estimize.com/comm/fq3-2020?utm_content=prerelease&amp;utm_medium=tweet&amp;utm_source=stocktwits",2020-11-04 19:02:17,-69,['comm']
254414035,$aapl put money in $comm. you need infrastructure to run 5g,2020-11-04 18:48:08,-69,"['aapl', 'comm']"
254389309,$comm new article : commscope q3 2020 earnings preview https://www.stck.pro/news/comm/8934317,2020-11-04 17:09:05,-69,['comm']
254383528,$comm getting a nice run going into the er tomorrow morning! here comes $10 plus alot more!!,2020-11-04 16:47:41,1,['comm']
254374017,"unlicensed use of the 6 ghz band  $avgo $csco $comm 

https://newsfilter.io/a/562201109d4678dfee9fe95c8a63b078",2020-11-04 16:14:10,-69,"['csco', 'avgo', 'comm']"
254335352,$comm credit suisse maintains to outperform : pt $19.00 https://stockhoot.com/extsymbol.aspx?from=analystratingtweet&amp;symbol=comm&amp;t=514&amp;social=stocktwits,2020-11-04 14:03:30,-69,['comm']
254198825,"unlicensed use of the 6 ghz band  $avgo $csco $comm 

https://newsfilter.io/a/cc9b40c14e65248adc96dcb5affac89b",2020-11-03 20:14:02,-69,"['csco', 'avgo', 'comm']"
254179993,$comm i’m thinking this peaks at 11.49 at earnings. any thoughts?,2020-11-03 18:58:20,1,['comm']
254108841,$comm you would think with all these contracts comm is getting this would easily be double digits. i guess we just have to wait for er.,2020-11-03 14:51:41,1,['comm']
254089577,$comm stackpath selects commscope to help expand global cloud capacity https://www.otcdynamics.com/comm-stackpath-selects-commscope-to-help-expand-global-cloud-capacity,2020-11-03 13:43:40,-69,['comm']
254082294,"$comm stackpath selects commscope to help expand global cloud capacity
https://www.stocktitan.net/news/comm/stack-path-selects-comm-scope-to-help-expand-global-cloud-zl2ur3t9ei5j.html",2020-11-03 13:04:47,-69,['comm']
254082199,stackpath selects commscope to help expand global cloud capacity http://www.conferencecalltranscripts.org/summary/?id=85702&amp;pr=true $comm,2020-11-03 13:04:13,-69,['comm']
254081522,"$comm stackpath selects commscope to help expand global cloud capacity 

https://newsfilter.io/a/5cc311700631be9606952524c1368547",2020-11-03 13:00:58,-69,['comm']
253963432,$comm volume sucks....,2020-11-02 19:27:44,-69,['comm']
253878996,$comm can someone tell me what the premarket looks like?,2020-11-02 14:08:46,-69,['comm']
253867628,converge ict selects commscope to deliver high speed connectivity across the philippines http://www.conferencecalltranscripts.org/summary/?id=84263&amp;pr=true $comm,2020-11-02 13:11:23,-69,['comm']
253867434,"$comm converge ict selects commscope to deliver high speed connectivity across the philippines
https://www.stocktitan.net/news/comm/converge-ict-selects-comm-scope-to-deliver-high-speed-connectivity-3rk4twjfcxro.html",2020-11-02 13:10:19,-69,['comm']
253866727,"$comm converge ict selects commscope to deliver high speed connectivity across the philippines 

https://newsfilter.io/a/d0bae53ad59a95b4bf8e2ae4d75216db",2020-11-02 13:06:02,-69,['comm']
253828275,$comm anyone scared about earnings date and market timing right now?,2020-11-02 01:39:44,-69,['comm']
253746092,"$comm so, if i have shares and 9 dollar calls for nov 20202 and the stock holds 9 bucks on er day, sell the calls or the stock?",2020-10-31 21:28:47,-69,['comm']
253547091,$comm er better be good with a great guidance and paying down debt.,2020-10-30 14:54:03,1,['comm']
253164760,"last strong #usmarkets #technology stocks technical analysis today: $sap $iivi $linx $comm 
https://www.finscreener.com/technicals/last-strong-technical-analysis-summary/us-markets",2020-10-29 01:46:02,-69,"['iivi', 'sap', 'comm', 'linx']"
253014482,"unusual options activity from smart money this morning (source: insiderfinance.io) 
 
1. twtr 
2. $amzn  
3. $acm  
4. $pfe  
5.  $comm  
6. aapl 
7. $amd",2020-10-28 15:34:12,-69,"['amzn', 'acm', 'amd', 'pfe', 'comm']"
252895026,$comm its covid 2.0. they blamed the chinese virus for the second quarter debacle and the market took it to heart. i still have comm because they have one sector thats going gangbusters - residential internet.,2020-10-28 01:40:34,-69,['comm']
252879620,$comm may drop back to the $8.40’s at this rate. should climb back up at er. guess what it’s going to be better than expected.,2020-10-27 23:48:32,1,['comm']
252820233,$comm i think i can officially say that  i hate this stock :),2020-10-27 19:44:39,-69,['comm']
252628014,"$comm bb compressing.
 a move out of current range coming
 makes sense around earnings....",2020-10-26 22:32:15,-69,['comm']
252540777,$comm why is it sooo quiet here  . . .any expert can analyze what is happening????,2020-10-26 16:34:42,-69,['comm']
252487446,$comm this is interesting . . .what is this? i thought someone said this is going to $10 . . . is the hope dashed?,2020-10-26 13:44:29,-69,['comm']
252398809,$comm i have 80% of my net worth in this stock. go big or go home 🥳,2020-10-25 16:23:31,-69,['comm']
252241822,$comm so are we closing green today?,2020-10-23 19:24:17,-69,['comm']
252164265,"$comm todays am drop to gather stop loss orders is fairly common in the absence of news, the mm&#39;s like to catch people sleeping by making the stock look weak.",2020-10-23 14:56:24,-69,['comm']
252130881,$comm who thinks we will break $10 today or will we see a typical friday pullback??,2020-10-23 13:24:50,1,['comm']
252113413,$comm get in before earnings. plenty of room to make money!!,2020-10-23 11:57:32,1,['comm']
252111738,$comm upward movement into earnings is always a good sign!,2020-10-23 11:45:50,-69,['comm']
252110577,"$comm closed over dark print level, high watch. took a position at $9.63",2020-10-23 11:36:15,1,['comm']
252106708,$comm this will be in the mid teens after er.,2020-10-23 11:00:45,-69,['comm']
251987971,$comm getting a push before er. if its good again we will see close to $12 or better this time.,2020-10-22 20:11:44,1,['comm']
251976379,$comm another 400 k trades over$9.81 it&#39;s a outside day to the up side,2020-10-22 19:40:48,-69,['comm']
251974535,$comm can  we get to 9.85?,2020-10-22 19:35:34,-69,['comm']
251959428,"$comm - 1 million share #darkpool print at $9.45

avg daily volume - 3.37 mil",2020-10-22 18:49:04,-69,['comm']
251959313,$comm someone just picked up 1 million shares,2020-10-22 18:48:42,-69,['comm']
251595209,$comm this is up bcoz $eric,2020-10-21 14:32:30,-69,"['eric', 'comm']"
251405160,$comm is the market up?,2020-10-20 18:28:34,-69,['comm']
251381054,$comm new article : commscope introduces ruckus campus switch purpose-built for wi-fi 6 and iot deployments https://www.stck.pro/news/comm/8608222,2020-10-20 17:07:13,-69,['comm']
251372018,$comm commscope introduces ruckus campus switch purpose-built for wi-fi 6 and iot deployments https://www.otcdynamics.com/comm-commscope-introduces-ruckus-campus-switch-purpose-built-for-wi-fi-6-and-iot-deployments,2020-10-20 16:40:18,-69,['comm']
251371912,commscope introduces ruckus campus switch purpose-built for wi-fi 6 and iot deployments http://www.conferencecalltranscripts.org/summary/?id=73634&amp;pr=true $comm,2020-10-20 16:40:02,-69,['comm']
251371721,"$comm commscope introduces ruckus campus switch purpose-built for wi-fi 6 and iot deployments
https://www.stocktitan.net/news/comm/comm-scope-introduces-ruckus-campus-switch-purpose-built-for-wi-fi-6-yi5600y5ch38.html",2020-10-20 16:39:25,-69,['comm']
251288865,commscopeholding $comm bidaskscore is increased to held https://bidaskclub.com/news/company/2020-10-19/comm,2020-10-20 12:41:02,-69,['comm']
251223144,$comm up a little ah but not on any volume,2020-10-19 22:52:47,-69,['comm']
251164808,news out $comm commscope acquires virtual radio access network patents from phluido https://marketwirenews.com/news-releases/commscope-acquires-virtual-radio-access-network-pate-4979266000553271.html?i=c,2020-10-19 18:50:30,-69,['comm']
251149329,$comm making patent purchases?? sounds like they have some extra cash... going to be a beat on earnings. i have 6200 shares riding into earnings.,2020-10-19 17:53:14,1,['comm']
251102671,$comm people should discuss the patent purchase rather that posting the same information multiple times.  what is the impact of the purchase? is it wise to hold through er? price target?,2020-10-19 15:04:38,-69,['comm']
251089172,$comm acquired the complete patent portfolio for virtual radio access networks (vran) from phluido https://www.briefing.com/in-depth-analysis/content/article?articleid=in20201019080554comm #5g,2020-10-19 14:25:01,-69,['comm']
251056699,$comm commscope acquires virtual radio access network patents from phluido https://www.otcdynamics.com/comm-commscope-acquires-virtual-radio-access-network-patents-from-phluido,2020-10-19 12:26:50,-69,['comm']
251055230,$comm new article : commscope acquires vran patents from phluido https://www.stck.pro/news/comm/8575293,2020-10-19 12:18:15,-69,['comm']
251053394,"$comm commscope acquires virtual radio access network patents from phluido
https://www.stocktitan.net/news/comm/comm-scope-acquires-virtual-radio-access-network-patents-from-irsshtbukyzu.html

#patent",2020-10-19 12:07:21,-69,['comm']
250910632,$comm 145k vol in last 5 minutes,2020-10-17 14:47:56,-69,['comm']
250823134,$comm what is happening? why are people taking profit at this time?,2020-10-16 19:37:42,-69,['comm']
250729171,$comm i don&#39;t want it going up on lite vol....,2020-10-16 14:32:17,-69,['comm']
250588340,$comm commscope to release third quarter 2020 financial results on november 5 https://www.otcdynamics.com/comm-commscope-to-release-third-quarter-2020-financial-results-on-november-5,2020-10-15 20:46:02,-69,['comm']
250583686,$comm new article : commscope to release third quarter 2020 financial results on november 5 https://www.stck.pro/news/comm/8497039,2020-10-15 20:24:35,-69,['comm']
250582257,commscope to release third quarter 2020 financial results on november 5 http://www.conferencecalltranscripts.org/summary/?id=71270&amp;pr=true $comm,2020-10-15 20:19:47,-69,['comm']
250582083,"$comm commscope to release third quarter 2020 financial results on november 5
https://www.stocktitan.net/news/comm/comm-scope-to-release-third-quarter-2020-financial-results-on-agoe7un4xkds.html",2020-10-15 20:19:18,-69,['comm']
250537032,$comm so earnings are 11/4. right before election. can we rely on it this time?,2020-10-15 17:57:30,-69,['comm']
250471598,commscopeholding $comm bidaskscore is downgraded to sold https://bidaskclub.com/news/company/2020-10-14/comm,2020-10-15 14:36:03,-69,['comm']
250449606,$comm scraped everything i had to buy my last 5k shares at 8.90,2020-10-15 13:44:24,-69,['comm']
250447452,"$ctrm lots of good buy opportunities coming today on the market. 

$comm
$csco",2020-10-15 13:39:50,1,"['csco', 'comm', 'ctrm']"
250388204,$wfc $infy $t $comm dark pool end of day orders,2020-10-15 04:26:59,-69,"['infy', 't', 'wfc', 'comm']"
250362880,undervalued signal alert: $comm. more insights: https://stockinvest.us/technical-analysis/comm?utm_source=stocktwits&amp;utm_medium=autopost,2020-10-15 00:33:27,1,['comm']
250319281,$comm almost 1 mill vol in last 10+ minutes,2020-10-14 20:43:20,-69,['comm']
250161522,"$comm paying down $100m of debt on october 23rd, announced this morning. i have to come on this message board about once a quarter and remind you this is a $30 stock 5 years from now, but you have to be patient and let the company naturally deleverage through fcf. patience. don&#39;t worry about the stock trading to $8 or popping to $12. all of this is pennies compared to the long-term potential of this company and stock.",2020-10-14 12:27:34,1,['comm']
250147287,regulation fd  http://www.conferencecalltranscripts.org/8/summary/?id=8442792 $comm,2020-10-14 10:55:14,-69,['comm']
250144015,$comm just filed with the sec a regulated disclosure https://last10k.com/sec-filings/comm/0001564590-20-046324.htm?utm_source=stocktwits&amp;utm_medium=forum&amp;utm_campaign=8k&amp;utm_term=comm,2020-10-14 10:10:04,-69,['comm']
249985357,"$comm 

too much debt. hope they fix that. it’s an anchor",2020-10-13 17:13:52,1,['comm']
249945889,$comm bought at 8.50 sold at 10 now bought at 9 for 6k shares... and will hold through earnings... final guidance. 54g in this one woooot,2020-10-13 15:10:52,-69,['comm']
249938901,$comm so much bleeding!,2020-10-13 14:50:56,-69,['comm']
249900022,commscope high density remote phy shelf selected by comcast for distributed access architecture transformation http://www.conferencecalltranscripts.org/summary/?id=68545&amp;pr=true $comm,2020-10-13 13:07:08,-69,['comm']
249898342,$comm - commscope high density remote phy shelf selected by comcast for distributed access architecture transformation&#39;,2020-10-13 13:01:32,-69,['comm']
249787392,"$comm 350,000 in the last 5 minutes, not bad vol",2020-10-12 20:22:28,-69,['comm']
249764706,$comm  all i can say this sucks,2020-10-12 19:08:29,-69,['comm']
249760487,$comm this reminds me never ever to trust all those analyst again. whaoh - this is nasty . . .,2020-10-12 18:54:10,-69,['comm']
249731343,$comm s&amp;p dropping credit rating by one to b- because of being over leveraged tells a lot why we have hit stall in the stock movement. just going to take time to gain trust that debt can be controlled. also new ceo just gives pause.,2020-10-12 17:14:18,-69,['comm']
249729247,$comm where is the floor for this? any good comment?,2020-10-12 17:06:53,-69,['comm']
249722841,$comm,2020-10-12 16:44:47,1,['comm']
249658283,$comm new article : commscope to demonstrate 10g virtualized networks and in-home experiences at scte https://www.stck.pro/news/comm/8411658,2020-10-12 13:25:17,-69,['comm']
249654938,"$comm commscope to demonstrate 10g virtualized networks and in-home experiences at scte
https://www.stocktitan.net/news/comm/comm-scope-to-demonstrate-10g-virtualized-networks-and-in-home-2aphtliew43t.html",2020-10-12 13:11:23,-69,['comm']
249654051,commscope to demonstrate 10g virtualized networks and in-home experiences at scte http://www.conferencecalltranscripts.org/summary/?id=67842&amp;pr=true $comm,2020-10-12 13:07:39,-69,['comm']
249485239,$comm new article : 4 goldman sachs tech and gaming stock picks under $10 with huge upside potential https://www.stck.pro/news/comm/8361069,2020-10-10 10:41:06,-69,['comm']
249470902,"td sell $comm at 9.63, supp 8.43 resis 9.90 r17  hilo 40% t1y 13 buy 2.4 fwdpe 5.1 div n/a #commscope  #stocks #trading #finance #market https://bit.ly/2sio4jc",2020-10-10 02:53:40,-1,['comm']
249416258,$comm .keep shorting this..and make money..,2020-10-09 20:15:25,-1,['comm']
249415823,$comm ..keep shorting thisguys..easy money making machine. i shorted more than 9 times..between 8-10..bear powered stock..,2020-10-09 20:13:54,-1,['comm']
249363735,$comm why is this going down? anyone?,2020-10-09 17:34:58,-69,['comm']
249284016,"$comm alot of good things happening with this company. this next year i think will be fantastic if they have good fiscal discipline and strength their balance sheet. in otherwords, get out of debt as fast as possible.",2020-10-09 13:59:05,1,['comm']
249261073,$comm new article : commscope&#39;s innovative home network solutions will deliver wi-fi 6 connectivity to ziply fiber subscribers https://www.stck.pro/news/comm/8340747,2020-10-09 12:51:20,-69,['comm']
249254295,$comm commscope&#39;s innovative home network solutions will deliver wi-fi 6 connectivity to ziply fiber subscribers https://www.otcdynamics.com/comm-commscopes-innovative-home-network-solutions-will-deliver-wi-fi-6-connectivity-to-ziply-fiber-subscribers,2020-10-09 12:23:56,-69,['comm']
249251538,"$comm commscope&#39;s innovative home network solutions will deliver wi-fi 6 connectivity to ziply fiber subscribers
https://www.stocktitan.net/news/comm/comm-scope-s-innovative-home-network-solutions-will-deliver-wi-fi-6-j8z87pg9s1bn.html",2020-10-09 12:09:27,-69,['comm']
249251463,commscope&#39;s innovative home network solutions will deliver wi-fi 6 connectivity to ziply fiber subscribers http://www.conferencecalltranscripts.org/summary/?id=67271&amp;pr=true $comm,2020-10-09 12:09:04,-69,['comm']
249159183,"$comm seems like it&#39;s right up against resistance, we really need vol",2020-10-08 21:17:44,-69,['comm']
249035572,"$comm about 15000 ft of commscope cable put in the ceiling last night between 4 teams in four different locations merging suntrust with bb&amp;t. jacks, cable, tools and much more.",2020-10-08 15:08:57,1,['comm']
249034153,$comm anyone see a trend here ?,2020-10-08 15:05:03,1,['comm']
248971382,commscope announces distributed access architecture portfolio expansion http://www.conferencecalltranscripts.org/summary/?id=66501&amp;pr=true $comm,2020-10-08 12:06:37,-69,['comm']
248861209,$comm strong close. lets at least get back into $10 range. this is one slow patient wait for this to run.,2020-10-07 20:41:17,1,['comm']
248737506,$comm in with small position. a lot of the products i use and install every night are commscope products. suntrust and bb&amp;t have been using these brands for a while. this will be fun.,2020-10-07 14:40:36,1,['comm']
248605790,$comm the move disintegrated with the big mkt.,2020-10-06 22:26:42,-69,['comm']
248350247,$comm installing  commscope equipment in a bank merger.,2020-10-06 01:47:43,1,['comm']
248300627,$comm its time for this to make a big run before er. then with good report we hit $15 where it shoild be. jmho,2020-10-05 20:46:59,1,['comm']
248265049,$comm ema50 is $9.49,2020-10-05 19:02:16,-69,['comm']
248071755,$comm right off the bat without doing a stich of work he gets 1.1 mil shares. hope its the right call for the investors.,2020-10-04 17:16:21,-69,['comm']
247965660,2020-10-02 short sale volume (not short interest) for $comm is 49%. http://shortvolumes.com/?t=comm via @shortvolumes,2020-10-03 01:41:34,-69,['comm']
247952482,undervalued signal alert: $comm. more insights: https://stockinvest.us/technical-analysis/comm?utm_source=stocktwits&amp;utm_medium=autopost,2020-10-02 23:30:07,1,['comm']
247933978,"$comm: new sec filing on director, claudius e. iv watts: https://www.sec.gov/archives/edgar/data/1517228/000120919120053095/xslf345x03/doc4.xml",2020-10-02 21:36:01,-69,['comm']
247932095,$comm so the 500k i reported on 9/30 was probably charley the ceo buying at @ $9.10,2020-10-02 21:26:54,-69,['comm']
247916408,"commscope holding company, inc.&#39;s president and ceo just picked up 500,000 shares  http://www.conferencecalltranscripts.org/4/summary/?id=8413579 $comm",2020-10-02 20:17:56,-69,['comm']
247915786,"commscope holding company, inc. director just picked up 100,000 shares  http://www.conferencecalltranscripts.org/4/summary/?id=8413538 $comm",2020-10-02 20:15:55,-69,['comm']
247915135,"$comm [15s. delayed] filed sec form 4: president and ceo treadway charles l.: 
granted 500,000 of common stock at price $0 on 2020-10-01,  https://s.flashalert.me/gbty2",2020-10-02 20:13:47,-69,['comm']
247914294,"$comm [15s. delayed] filed sec form 4: director watts claudius e. iv: 
granted 100,000 of common stock at price $0 on 2020-10-01, increase https://s.flashalert.me/esm95",2020-10-02 20:10:59,-69,['comm']
247912489,"commscope holding company, inc.&#39;s president and ceo just declared ownership of no shares of com http://www.conferencecalltranscripts.org/5/summary/?id=8413376 $comm",2020-10-02 20:05:40,-69,['comm']
247911690,"$comm [15s. delayed] filed sec form 3: president and ceo treadway charles l.: 
 https://s.flashalert.me/6flwl",2020-10-02 20:03:28,-69,['comm']
247911141,$comm sell pressure still happening into the close.  until that stops i think we just keep flopping around. someone is selling out,2020-10-02 20:02:06,-69,['comm']
247655836,$comm,2020-10-01 21:58:23,-69,['comm']
247652613,$comm 0.03 that’s all we get. another day of being a commscope stockholder.,2020-10-01 21:42:28,-69,['comm']
247603220,$comm 50 dma 9.76,2020-10-01 18:57:55,-69,['comm']
