id,body,created_at,sentiment,symbols
254877736,this is amazing! what do you think? $amba macd histogram just turned positive. view odds of uptrend. https://srnk.us/go/2288484,2020-11-06 16:10:49,1,['amba']
254838420,"$amba ambarella announces third quarter fiscal year 2021 earnings conference call to be held november 23, 2020 https://www.otcdynamics.com/amba-ambarella-announces-third-quarter-fiscal-year-2021-earnings-conference-call-to-be-held-november-23-2020",2020-11-06 14:24:06,-69,['amba']
254833628,"ambarella announces third quarter fiscal year 2021 earnings conference call to be held november 23, 2020 http://www.conferencecalltranscripts.org/summary/?id=89365&amp;pr=true $amba",2020-11-06 14:07:14,-69,['amba']
254833187,"$amba new article : ambarella announces third quarter fiscal year 2021 earnings conference call to be held november 23, 2020 https://www.stck.pro/news/amba/8970507",2020-11-06 14:05:32,-69,['amba']
254832039,"$amba [15s. delayed]: issued press release on november 06, 09:00:00: ambarella announces third quarter fiscal year 2021 earnings conferenc https://s.flashalert.me/8wo5k",2020-11-06 14:01:07,-69,['amba']
254831845,"$amba ambarella announces third quarter fiscal year 2021 earnings conference call to be held november 23, 2020 

https://newsfilter.io/a/1d192548364eaef3f182a72d433fab77",2020-11-06 14:00:29,-69,['amba']
254831688,"$amba ambarella announces third quarter fiscal year 2021 earnings conference call to be held november 23, 2020
https://www.stocktitan.net/news/amba/ambarella-announces-third-quarter-fiscal-year-2021-earnings-5pcvlsqzd84k.html

#earnings",2020-11-06 14:00:01,-69,['amba']
254749507,"$amba axon killed it , we use amba chipsets,",2020-11-06 00:35:37,-69,['amba']
254574890,are the daytraders watching this? $amba enters uptrend as momentum indicator ascends above 0 level. view odds of uptrend. https://srnk.us/go/2284406,2020-11-05 14:38:27,1,['amba']
254511200,goldenstar signal alert: $amba. more insights: https://stockinvest.us/technical-analysis/amba?utm_source=stocktwits&amp;utm_medium=autopost,2020-11-05 03:45:33,1,['amba']
254390201,$amba could be a comeback story to keep your eye on,2020-11-04 17:12:37,-69,['amba']
254338714,"do you agree with the a.i. prediction? $amba in uptrend: 50-day moving average crossed above 200-day moving average on october 26, 2020. view odds for this and other indicators: https://srnk.us/go/2280653",2020-11-04 14:18:56,-69,['amba']
254114592,$amba very frustrating stock...,2020-11-03 15:07:13,-69,['amba']
254048043,"(11/02) law enforcement suppliers stocks up 9.9% on average(mean) in a day, median return is 8.5%, top movers are $dgly 32.8% $cetx 10.3% $wrtc 8.5% $amba -1.1% $aaxn -1.0%, the sector return (on average) over the week is 10.9%, 
https://marketcomposite.com/topic?name=law%20enforcement%20suppliers",2020-11-03 03:34:01,-69,"['dgly', 'aaxn', 'amba', 'cetx', 'wrtc']"
253875877,"ambarella $amba introduced the cv28m camera system on chip, the latest in the cvflow family, combining advanced image processing, high-resolution video encoding, and cvflow computer vision processing in a single, low-power design.",2020-11-02 13:54:53,-69,['amba']
253870554,"$amba
amba reiterated by rosenblatt securities with price target 65 and rating buy
source:https://www.marketbeat.com/ratings/
view the full list of news/momentum plays on watch at : bit.ly/32gfart
[no bias / position]
[find me at https://stocktwits.com/sbiswas | https://twitter.com/soumyajyoti_b]&quot;",2020-11-02 13:29:50,-69,['amba']
253857865,"$amba
ambarella (nasdaq:amba) unveils the cv28m cvflow® processor for artificial intelligence (ai) providing flexibility required to enable a new class of smart devices for a variety of applications, including smart home security, retail monitoring, consumer robotics, and occupancy monitoring.
https://seekingalpha.com/news/3629469-ambarella-launches-cv28m-soc-cvflow-processor-for-artificial-intelligence
view the full list of news/momentum plays on watch at : bit.ly/32gfart
[no bias / position]
[find me at https://stocktwits.com/sbiswas | https://twitter.com/soumyajyoti_b]",2020-11-02 12:00:52,-69,['amba']
253854224,"$amba ambarella launches cv28m soc with cvflow processor for artificial intelligence 

https://newsfilter.io/a/8519f356cd80b0043948e0fcfb3d70a7",2020-11-02 11:15:52,-69,['amba']
253851793,$amba new article : ambarella introduces cv28m soc with cvflow® to enable new categories of intelligent sensing devices https://www.stck.pro/news/amba/8881563,2020-11-02 10:29:06,-69,['amba']
253850864,"$amba [15s. delayed]: issued press release on november 02, 05:00:00: ambarella introduces cv28m soc with cvflow® to enable new categories  https://s.flashalert.me/eshg2b",2020-11-02 10:05:30,-69,['amba']
253850829,"$amba ambarella introduces cv28m soc with cvflow® to enable new categories of intelligent sensing devices
https://www.stocktitan.net/news/amba/ambarella-introduces-cv28m-so-c-with-c-vflow-r-to-enable-new-fbxqqexgvdp8.html",2020-11-02 10:04:46,-69,['amba']
253850811,ambarella introduces cv28m soc with cvflow® to enable new categories of intelligent sensing devices http://www.conferencecalltranscripts.org/summary/?id=83893&amp;pr=true $amba,2020-11-02 10:04:14,-69,['amba']
253850649,"$amba ambarella introduces cv28m soc with cvflow® to enable new categories of intelligent sensing devices 

https://newsfilter.io/a/0ade21ed17d431d0adab3beb1cb1c756",2020-11-02 10:00:35,-69,['amba']
253815993,$amba - upcoming quarterly report is on 23rd of november 2020. price alert: ambarella hilbert transform dominant…,2020-11-01 23:10:04,-69,['amba']
253158860,ambarella $amba bidaskscore is #reiterated to held https://bidaskclub.com/news/company/2020-10-27/amba,2020-10-29 01:01:05,-69,['amba']
252678366,$amba amd to acquire xlnx...hope amba gets acquired soooooon.,2020-10-27 10:45:36,1,['amba']
252674029,$amba humanising autonomy delivers industry leading vru perception on ambarella cvflow® ai vision processors for next-gen dash cams https://www.otcdynamics.com/amba-humanising-autonomy-delivers-industry-leading-vru-perception-on-ambarella-cvflow-ai-vision-processors-for-next-gen-dash-cams,2020-10-27 09:18:19,-69,['amba']
252674012,"$amba [15s. delayed]: issued press release on october 27, 05:00:00: humanising autonomy delivers industry leading vru perception on ambare https://s.flashalert.me/snzfry",2020-10-27 09:17:54,-69,['amba']
252673859,$amba new article : humanising autonomy delivers industry leading vru perception on ambarella cvflow® ai vision processors for next-gen dash cams https://www.stck.pro/news/amba/8770666,2020-10-27 09:13:06,-69,['amba']
252673449,"$amba humanising autonomy delivers industry leading vru perception on ambarella cvflow® ai vision processors for next-gen dash cams 

https://newsfilter.io/a/12dbaaf4ad5b518b867221f30e8f645c",2020-10-27 09:00:31,-69,['amba']
252673446,"$amba humanising autonomy delivers industry leading vru perception on ambarella cvflow® ai vision processors for next-gen dash cams
https://www.stocktitan.net/news/amba/humanising-autonomy-delivers-industry-leading-vru-perception-on-tvqvw29dqcs2.html",2020-10-27 09:00:29,-69,['amba']
251586392,$amba most frustrating tech stock,2020-10-21 14:11:23,-69,['amba']
251498040,"law enforcement suppliers stocks down 3.0% on average(mean) in a day, median return is -1.4%, top movers are $wrtc -7.1% $dgly -4.2% $aaxn -1.4% $amba -1.1% $cetx -0.9%, 1m daily vol. at 2%, 1m average correlation at -3%, 
https://marketcomposite.com/topic?name=law%20enforcement%20suppliers",2020-10-21 01:19:39,-69,"['dgly', 'aaxn', 'amba', 'cetx', 'wrtc']"
251416125,"according to the technical breakouts screen, $pcar, $amba and $wday are showing a decent breakout pattern for today. https://www.chartmill.com/stock/stock-screener?sid=202&amp;f=v1_50b500,atrpct_a_1,sl_ta_7_x,sl_se_7_x,p_pg20,exch_us&amp;s=se&amp;v=3&amp;utm_source=stocktwits&amp;utm_medium=screener&amp;utm_content=stock_screener:_technical_breakout_setups&amp;utm_campaign=social_tracking",2020-10-20 19:08:00,-69,"['pcar', 'wday', 'amba']"
251397784,$amba weird how the gains faded so fast!!!,2020-10-20 18:01:38,-69,['amba']
251354317,peak profit for the last 6 expired option alerts for $amba 215.00| 43.79| 59.09| 156.25| 235.48| 254.39|,2020-10-20 15:45:02,-69,['amba']
250275171,chip stocks are hot; analysts fish for bargains https://www.tipranks.com/news/article/chip-stocks-are-hot-analysts-fish-for-bargains/ $crus $amba $mtsi,2020-10-14 18:22:34,-69,"['crus', 'mtsi', 'amba']"
250229580,$amba an indifferent bod &amp; management team... take it private,2020-10-14 15:51:14,-69,['amba']
249747435,$amba pos!,2020-10-12 18:10:12,-69,['amba']
249724828,$amba where are the buy orders 🤔?!,2020-10-12 16:51:27,-69,['amba']
249693897,"$amba green to red move:  +1.22% to -0.46%  
 https://www.sleekoptions.com/sleekscan.aspx?did=amba",2020-10-12 15:08:27,-69,['amba']
249660013,$amba moooooooove with the market,2020-10-12 13:31:57,-69,['amba']
249609251,peak profit for the last 6 expired option alerts for $amba 43.79| 59.09| 156.25| 235.48| 254.39| 8.57|,2020-10-12 02:18:33,-69,['amba']
249564907,ambarella ($amba) piotroski f score: 5. healthy https://www.macroaxis.com/invest/stock/amba/ambarella #trading #ideas #stocks,2020-10-11 16:14:05,-69,['amba']
249551221,$amba a takeover is imminent... hopefully soon...,2020-10-11 11:28:30,1,['amba']
249547278,peak profit for the last 6 expired option alerts for $amba 43.79 | 59.09 | 156.25 | 235.48 | 254.39 | 8.57 |,2020-10-11 07:06:50,-69,['amba']
249487864,peak profit for the last 6 expired option alerts for $amba 43.79 | 59.09 | 156.25 | 235.48 | 254.39 | 8.57 |,2020-10-10 12:20:48,-69,['amba']
249461257,$amba - exercise or conversion by fengming wang of… https://www.macroaxis.com/invest/story/amba/20145898/exercise-or-conversion-by-fengming-wang-of-66666-shares-of-ambarella-subject-to-rule-16b-3 #insidertrading #stocks #fintechnews,2020-10-10 01:01:05,-69,['amba']
249422625,"$amba: new sec filing on ceo, feng-ming wang: https://www.sec.gov/archives/edgar/data/1280263/000128026320000117/xslf345x03/edgardoc.xml",2020-10-09 20:40:02,-69,['amba']
249417851,"ambarella&#39;s ceo just picked up 66,666 shares  http://www.conferencecalltranscripts.org/4/summary/?id=8435193 $amba",2020-10-09 20:21:06,-69,['amba']
249417826,"$amba [15s. delayed] filed sec form 4: ceo wang feng-ming: 
converted securities 66,666 of ordinary shares at price $8.82 on 2020-10-08, i https://s.flashalert.me/g0vrl",2020-10-09 20:21:02,-69,['amba']
249381767,$amba new article : 7 ai stocks with more hype than bite https://www.stck.pro/news/amba/8347059,2020-10-09 18:31:06,-69,['amba']
249022915,ambarella $amba bidaskscore is upgraded to held https://bidaskclub.com/news/company/2020-10-07/amba,2020-10-08 14:36:03,-69,['amba']
248972300,"$amba

target raised by rosenblatt securities $62.00 ➝ $65.00 buy

https://www.marketbeat.com/ratings/

view the full list of news/momentum plays on watch at : bit.ly/32gfart
[no bias / position]
[find me at https://stocktwits.com/sbiswas | https://twitter.com/soumyajyoti_b]",2020-10-08 12:11:05,-69,['amba']
248965117,$amba rosenblatt maintains to buy : pt $65.00 https://stockhoot.com/extsymbol.aspx?from=analystratingtweet&amp;symbol=amba&amp;t=657&amp;social=stocktwits,2020-10-08 11:28:33,-69,['amba']
248835087,$amba worst tech stock to own! unbelievable...,2020-10-07 19:26:37,-69,['amba']
247716423,peak profit for the last 6 expired option alerts for $amba 43.79  | 59.09  | 156.25  | 235.48  | 254.39  | 8.57  |,2020-10-02 05:30:49,-69,['amba']
247640558,$amba christopher day sold 899 shares [low conviction] www.insider-analysis.com/search_transactions.php?ticker=table_amba,2020-10-01 20:52:07,-69,['amba']
247578829,"$amba 
sold @ 55.10, 58.90 (add 67.35) sl 74.00 target 49.65, 47.10, 32.00 
note: targets modified. 
monthly closes above/below dictate strength/weakness: 67.52 -31.25 

(original analysis submitted: mar.10, 2020)",2020-10-01 17:40:36,-69,['amba']
247515842,$amba up 5 days in a row 48.82 | 49.61 | 51.97 | 52.02 | 52.18 | 52.99 |  https://www.sleekoptions.com/sleekscan.aspx?sub1=dscan,2020-10-01 14:33:25,-69,['amba']
247429124,"ambarella vp christopher day sells $46,748.00 in $amba https://www.marketbeat.com/i/410207",2020-10-01 03:02:30,-69,['amba']
247405166,"$amba: new sec filing on vp, marketing, christopher day: https://www.sec.gov/archives/edgar/data/1280263/000128026320000115/xslf345x03/edgardoc.xml",2020-10-01 00:01:02,-69,['amba']
247401630,vp of ambarella just disposed of 899 shares  http://www.conferencecalltranscripts.org/4/summary/?id=8404839 $amba,2020-09-30 23:39:43,-69,['amba']
247401492,"$amba [15s. delayed] filed sec form 4: vp, marketing day christopher: 
disposed 899 of ordinary shares at price $52 on 2020-09-29, decreas https://s.flashalert.me/glvmug",2020-09-30 23:38:43,-69,['amba']
247401457,"#fwsells $amba day christopher, vp, marketing of ambarella inc sold 899 shares on 2020-09-29. https://formwhispers.com/s?t=amba",2020-09-30 23:38:26,-69,['amba']
246691089,$amba hell yeah!,2020-09-28 14:12:00,-69,['amba']
246487820,ambarella $amba bidaskscore is downgraded to sold https://bidaskclub.com/news/company/2020-09-25/amba,2020-09-26 11:29:03,-69,['amba']
246484590,"is this good for your portfolio? $amba in downtrend: its price may decline as a result of having broken its higher bollinger band on september 1, 2020. view odds for this and other indicators: https://srnk.us/go/2140696",2020-09-26 08:52:26,-69,['amba']
246348809,$amba buy buy buy,2020-09-25 17:08:48,-69,['amba']
246036046,$amba new article : 6 growth-bound artificial intelligence stocks to buy https://www.stck.pro/news/amba/7971657,2020-09-24 15:33:06,-69,['amba']
246034609,$amba always weak regardless of the direction of the market... and the buyback is still on hold...basically bod &amp; management are telling retail shareholders to sell and never touch the stock again...,2020-09-24 15:29:39,-69,['amba']
245511514,"$amba just as the stock started to recover, we got flooded with insider sales... nasdaq is up big time and amba is down!  does anyone know the reason pls? thx",2020-09-22 20:02:06,-69,['amba']
245395969,$amba green to red move:  +2.09% to -0.55% https://www.sleekoptions.com/sleekscan.aspx?did=amba,2020-09-22 14:12:44,-69,['amba']
245250314,"$amba as i expected, nasdaq recovered but amba did not",2020-09-21 20:01:24,-69,['amba']
245235687,$amba market is recovering but this pos of a stock is  not ...,2020-09-21 19:15:31,-69,['amba']
245226893,$amba one of the most irritating stocks out there... hopeless case,2020-09-21 18:43:59,-69,['amba']
245014416,$amba christopher day sold 896 shares [low conviction] www.insider-analysis.com/search_transactions.php?ticker=table_amba,2020-09-20 16:16:12,-69,['amba']
245012562,"$amba leslie kohn sold 4,891 shares [high conviction] www.insider-analysis.com/search_transactions.php?ticker=table_amba",2020-09-20 15:49:15,-69,['amba']
245010881,"$amba feng-ming wang sold 5,343 shares [high conviction] www.insider-analysis.com/search_transactions.php?ticker=table_amba",2020-09-20 15:22:17,-69,['amba']
245009245,$amba teresa h meng sold 429 shares [low conviction] www.insider-analysis.com/search_transactions.php?ticker=table_amba,2020-09-20 14:55:19,-69,['amba']
244974591,"$amba kevin c eichler sold 4,336 shares [high conviction] www.insider-analysis.com/search_transactions.php?ticker=table_amba",2020-09-19 23:35:13,-69,['amba']
244957786,is this good for your portfolio? $amba enters uptrend as momentum indicator ascends above 0 level. view odds of uptrend. https://srnk.us/go/2118068,2020-09-19 19:23:26,1,['amba']
244936606,$amba was analyzed by 14 analysts. the buy consensus is at 77%. so analysts seem to be mildly confident about $amba. https://www.chartmill.com/stock/analyzer/stock/amba?view=analyst-ratings&amp;utm_source=stocktwits&amp;utm_medium=analyst&amp;utm_content=amba&amp;utm_campaign=social_tracking,2020-09-19 14:06:00,-69,['amba']
244906417,"ambarella ceo feng-ming wang sells $284,140.74 in $amba https://www.marketbeat.com/i/408690",2020-09-19 02:07:13,-69,['amba']
244905934,"ambarella vp christopher day sells $47,649.28 in $amba https://www.marketbeat.com/i/408688",2020-09-19 02:02:04,-69,['amba']
244905929,"ambarella cto leslie kohn sells $260,103.38 in $amba https://www.marketbeat.com/i/408689",2020-09-19 02:02:03,-69,['amba']
244905509,"ambarella cfo kevin c. eichler sells $230,588.48 in $amba https://www.marketbeat.com/i/408687",2020-09-19 01:57:46,-69,['amba']
244904685,"ambarella director teresa meng sells $22,312.29 in $amba https://www.marketbeat.com/i/408684",2020-09-19 01:49:14,-69,['amba']
244864447,"$amba [15s. delayed] filed sec form 4: director verhalen andrew w: 
converted securities 858 of ordinary shares at price $0 on 2020-09-16, https://s.flashalert.me/leazsp",2020-09-18 21:09:27,-69,['amba']
244864366,"$amba 858 shares acquired by verhalen andrew w (director), reported in a new form 4 filed with the sec  

https://newsfilter.io/a/b01a1182dfc01eb14da7a48b6af5836f",2020-09-18 21:09:05,-69,['amba']
244862392,"$amba reported 10 new insider trades to the sec in the last 2 minutes.

858 shares acquired by richardson david jeffrey (director)   https://newsfilter.io/articles/4-form-4e15c16bde12927c2ef72805a0164441
858 shares acquired by hon hsiao-wuen (director)   https://newsfilter.io/articles/4-form-f2f03146c6286f1229a5103af027e17b
$230,588.48 of shares sold by eichler kevin c (cfo)   https://newsfilter.io/articles/4-form-6bbbda4050a21b690ec1a7ea8d510b8d
$260,103.38 of shares sold by kohn leslie (chief technology officer)   https://newsfilter.io/articles/4-form-0635318defd18714be7e2759830b3a91
858 shares acquired by hu chenming (director)   https://newsfilter.io/articles/4-form-b2797f8e37caa16f8e93070c55c38e26
$47,649.28 of shares sold by day christopher (vp, marketing)   https://newsfilter.io/articles/4-form-9be748f38bf23589916832ca442be3fb
858 shares acquired by paisley christopher b (director)   https://newsfilter.io/articles/4-form-81334c4f9f607c9bfa102c2cd9144b70
913 shares acquired by schwarting elizabeth m (director)   https://newsfilter.io/articles/4-form-39aacd469b2a84fbd3c81dcc3d5265ff
2,699 shares acquired by chen yun-lung (vp, business development)   https://newsfilter.io/articles/4-form-af3aa5621f72fb2d3bce3594b0fd0d03
$22,312.29 of shares sold by meng teresa h (director)   https://newsfilter.io/articles/4-form-812ac3d34b981b70f474730d55e3df47",2020-09-18 21:00:35,-69,['amba']
244861829,"$amba [15s. delayed] filed sec form 4: cfo eichler kevin c: 
disposed 4,336 of ordinary shares at price $53.18 and converted securities 8, https://s.flashalert.me/ppdaas",2020-09-18 20:58:01,-69,['amba']
244861789,"$amba [15s. delayed] filed sec form 4: director schwarting elizabeth m: 
converted securities 913 of ordinary shares at price $0 on 2020-0 https://s.flashalert.me/qaekc",2020-09-18 20:57:49,-69,['amba']
244861765,"$amba [15s. delayed] filed sec form 4: director meng teresa h: 
disposed 429 of ordinary shares at price $52.01 and converted securities 8 https://s.flashalert.me/ukmsr",2020-09-18 20:57:41,-69,['amba']
244861691,"$amba [15s. delayed] filed sec form 4: director hon hsiao-wuen: 
converted securities 858 of ordinary shares at price $0 on 2020-09-16, in https://s.flashalert.me/gtkqz",2020-09-18 20:57:25,-69,['amba']
244861665,"#fwsells $amba meng teresa h, director of ambarella inc sold 429 shares on 2020-09-17. https://formwhispers.com/s?t=amba",2020-09-18 20:57:21,-69,['amba']
244861639,"$amba [15s. delayed] filed sec form 4: director richardson david jeffrey: 
converted securities 858 of ordinary shares at price $0 on 2020 https://s.flashalert.me/jyam4a",2020-09-18 20:57:14,-69,['amba']
244861604,"$amba [15s. delayed] filed sec form 4: director paisley christopher b: 
converted securities 858 of ordinary shares at price $0 on 2020-09 https://s.flashalert.me/gwge6",2020-09-18 20:57:04,-69,['amba']
244861581,"$amba [15s. delayed] filed sec form 4: director hu chenming: 
converted securities 858 of ordinary shares at price $0 on 2020-09-16, incre https://s.flashalert.me/lk6k3",2020-09-18 20:56:59,-69,['amba']
244861443,"$amba [15s. delayed] filed sec form 4: vp, business development chen yun-lung: 
converted securities 2,699 of ordinary shares at price $0  https://s.flashalert.me/5lxgfr",2020-09-18 20:56:16,-69,['amba']
244861426,"#fwsells $amba eichler kevin c, cfo of ambarella inc sold 4336 shares on 2020-09-16. https://formwhispers.com/s?t=amba",2020-09-18 20:56:12,-69,['amba']
244861409,"$amba [15s. delayed] filed sec form 4: vp, marketing day christopher: 
disposed 896 of ordinary shares at price $53.18 and converted secur https://s.flashalert.me/ggx0t",2020-09-18 20:56:10,-69,['amba']
244861372,"#fwsells $amba day christopher, vp, marketing of ambarella inc sold 896 shares on 2020-09-16. https://formwhispers.com/s?t=amba",2020-09-18 20:55:56,-69,['amba']
244861362,"$amba [15s. delayed] filed sec form 4: chief technology officer kohn leslie: 
disposed 4,891 of ordinary shares at price $53.18 and conver https://s.flashalert.me/rbtih8",2020-09-18 20:55:54,-69,['amba']
244861315,"$amba [15s. delayed] filed sec form 4: ceo wang feng-ming: 
disposed 5,343 of ordinary shares at price $53.18 and converted securities 10, https://s.flashalert.me/4wexg",2020-09-18 20:55:41,-69,['amba']
244861311,"#fwsells $amba kohn leslie, chief technology officer of ambarella inc sold 4891 shares on 2020-09-16. https://formwhispers.com/s?t=amba",2020-09-18 20:55:38,-69,['amba']
244861274,"#fwsells $amba wang feng-ming, ceo of ambarella inc sold 5343 shares on 2020-09-16. https://formwhispers.com/s?t=amba",2020-09-18 20:55:28,-69,['amba']
244861253,"$amba $284,140.74 of shares sold by wang feng-ming (ceo), reported in a new form 4 filed with the sec  

https://newsfilter.io/a/89eec400db8ea7c8f2c26a793354dff5",2020-09-18 20:55:24,-69,['amba']
244771023,"coverage initiations, resumptions &amp; pt changes: $amba $sfix $nke $tsla $dpz",2020-09-18 16:44:28,-69,"['dpz', 'nke', 'tsla', 'amba', 'sfix']"
244754547,$amba can’t hold gains regardless,2020-09-18 15:56:18,-69,['amba']
244741575,$amba i expected more strength because of the buy recommendation! market weakness today is a factor..,2020-09-18 15:20:00,-69,['amba']
244697398,$amba 💪🏼,2020-09-18 13:28:46,-69,['amba']
244691740,"$amba  
 
pt $67 berenberg 
 
view the full list of news/momentum plays on watch at : bit.ly/32gfart",2020-09-18 13:09:12,-69,['amba']
244685233,"🔥9/18 pre-market movers part-2🔥
$tsla $amba $orcl $low $hd",2020-09-18 12:42:35,1,"['orcl', 'hd', 'low', 'tsla', 'amba']"
244685005,stocks making the biggest moves pm: $hd $low $orcl $amba &amp; more https://www.cnbc.com/2020/09/18/stocks-making-the-biggest-moves-premarket-oracle-tesla-home-depot-beyond-meat-more.html?__source=iosappshare%7ccom.apple.uikit.activity.copytopasteboard,2020-09-18 12:41:42,-69,"['orcl', 'hd', 'low', 'amba']"
244683989,ambarella initiated by berenberg bank at buy. $67.00 pt. https://www.marketbeat.com/r/1479199 $amba,2020-09-18 12:37:01,-69,['amba']
244678662,$amba berenberg initiates coverage on to buy : pt $67.00 https://stockhoot.com/extsymbol.aspx?from=analystratingtweet&amp;symbol=amba&amp;t=674&amp;social=stocktwits,2020-09-18 12:10:00,-69,['amba']
244655735,ambarella inc (nasdaq:amba) short interest up 9.7% in august $amba #amba https://www.marketbeat.com/n/4464022/,2020-09-18 06:27:31,-69,['amba']
244489339,ambarella $amba bidaskscore is upgraded to held https://bidaskclub.com/news/company/2020-09-16/amba,2020-09-17 16:01:13,-69,['amba']
244391793,$amba hope we don’t follow the market today,2020-09-17 11:05:35,1,['amba']
244374868,ambarella upgraded by bidaskclub to hold. https://www.marketbeat.com/r/1478563 $amba,2020-09-17 07:11:21,-69,['amba']
244064033,2020-09-15 short sale volume (not short interest) for $amba is 43%. http://shortvolumes.com/?t=amba via @shortvolumes,2020-09-16 05:50:36,-69,['amba']
244000003,"$amba $tdy 
drone technology
$dji drone battery tech (private), but in talks of an ipo",2020-09-15 21:31:27,-69,"['tdy', 'amba']"
243811434,$amba 5% today pls since the entire is up big time ...,2020-09-15 12:27:07,1,['amba']
243803959,$amba a buyout soon .... hopefully,2020-09-15 11:48:32,1,['amba']
243659055,"$amba abc bullish pattern+ esix, targets",2020-09-14 18:27:18,-69,['amba']
243658959,$amba interesting level here. it can run if it gets above $52.50 and hold. follow me for more trade-ideas and warning signals. hope everyone makes some good money this week!,2020-09-14 18:27:01,-69,['amba']
243583184,$amba weak again. unf...g believable..nasdaq is up 243 points and this pos is up a measly 1%,2020-09-14 14:41:26,-69,['amba']
243484446,$amba nvda acquires arm holdings... hopefully amba is next... the acquisition cost of amba is pocket change for nvda or intc.,2020-09-14 01:05:18,1,['amba']
243293551,"$amba lots of whining here....look at the past years, not fun to be an investor....but company has transitioned into a highly attractive market. will they succeed? i say worth the risk.",2020-09-11 21:25:11,-69,['amba']
243233777,$amba and the fade!,2020-09-11 17:56:42,-69,['amba']
243215196,$amba $52 close pls,2020-09-11 17:05:26,-69,['amba']
243123991,brokers offer predictions for ambarella inc&#39;s fy2021 earnings (nasdaq:amba) $amba #amba https://www.marketbeat.com/n/4457667/,2020-09-11 12:46:11,-69,['amba']
243122962,colliers secur. lowers ambarella fy2021 earnings estimates to ($1.38) eps (previously ($1.36)). https://www.marketbeat.com/x/900516 $amba,2020-09-11 12:41:40,-69,['amba']
243065863,"ambarella director christopher paisley sells $49,820.00 in $amba https://www.marketbeat.com/i/407201",2020-09-11 01:23:33,-69,['amba']
243024489,"$amba $33,470.00 of shares sold by paisley christopher b (director), reported in a new form 4 filed with the sec  https://newsfilter.io/a/9fd7bbcea980d4d33e54413224a82d37",2020-09-10 21:26:38,-69,['amba']
243023407,"$amba [15s. delayed] filed sec form 4: director paisley christopher b: 
disposed 1,000 of ordinary shares at price $49.82 and converted se https://s.flashalert.me/vedqfd",2020-09-10 21:22:00,-69,['amba']
243023330,"#fwsells $amba paisley christopher b, director of ambarella inc sold 1000 shares on 2020-09-08. https://formwhispers.com/s?t=amba",2020-09-10 21:21:42,-69,['amba']
242901565,$amba a takeover target?,2020-09-10 15:20:22,-69,['amba']
242891794,ambarella inc (nasdaq:amba) receives consensus rating of &quot;hold&quot; from analysts $amba #amba https://www.marketbeat.com/n/4456600/,2020-09-10 14:54:56,-69,['amba']
242820150,$amba new article : ambarella stock could see further downside https://www.stck.pro/news/amba/7594858,2020-09-10 09:35:20,-69,['amba']
242759477,$amba hope nvda buys the company,2020-09-09 22:38:00,-69,['amba']
242745474,"$amba [15s. delayed] filed sec form 4: director verhalen andrew w: 
transacted derivative securities on 2020-09-04.  https://s.flashalert.me/e6sfk0",2020-09-09 21:26:34,-69,['amba']
242745396,"$amba 3,833 shares sold by verhalen andrew w (director), reported in a new form 4 filed with the sec  

https://newsfilter.io/a/3dcfbfc0fc8193ef22be3423d3c87e6d",2020-09-09 21:26:15,-69,['amba']
242739212,"$amba: new sec filing on director, chenming hu: https://www.sec.gov/archives/edgar/data/1280263/000128026320000095/xslf345x03/edgardoc.xml",2020-09-09 21:01:01,-69,['amba']
242737211,"$amba reported 5 new insider trades to the sec in the last 2 minutes.

3,833 shares acquired by meng teresa h (director)   https://newsfilter.io/articles/4-form-11351ab1c61fcc24c405a46c70081a1c
3,833 shares acquired by hon hsiao-wuen (director)   https://newsfilter.io/articles/4-form-88cee32e2b7f0d9c019518a964142c3e
3,833 shares acquired by richardson david jeffrey (director)   https://newsfilter.io/articles/4-form-6941470faaa81a8895baddecde7fa6dc
3,833 shares acquired by paisley christopher b (director)   https://newsfilter.io/articles/4-form-ee6160a7823553a84eae5ad1b87b8851
3,833 shares acquired by schwarting elizabeth m (director)   https://newsfilter.io/articles/4-form-1ac74bd4151f5fc2fabd8160c2ace3ad",2020-09-09 20:53:32,-69,['amba']
242736165,"$amba [15s. delayed] filed sec form 4: director schwarting elizabeth m: 
transacted derivative securities on 2020-09-04.  https://s.flashalert.me/r1asar",2020-09-09 20:49:52,-69,['amba']
242736051,"$amba [15s. delayed] filed sec form 4: director meng teresa h: 
transacted derivative securities on 2020-09-04.  https://s.flashalert.me/uepuwb",2020-09-09 20:49:31,-69,['amba']
242736029,"$amba [15s. delayed] filed sec form 4: director hon hsiao-wuen: 
transacted derivative securities on 2020-09-04.  https://s.flashalert.me/t1jv0",2020-09-09 20:49:27,-69,['amba']
242735952,"$amba [15s. delayed] filed sec form 4: director richardson david jeffrey: 
transacted derivative securities on 2020-09-04.  https://s.flashalert.me/ihuyaf",2020-09-09 20:49:13,-69,['amba']
242735844,"$amba [15s. delayed] filed sec form 4: director paisley christopher b: 
transacted derivative securities on 2020-09-04.  https://s.flashalert.me/9c5ybd",2020-09-09 20:48:52,-69,['amba']
242735758,"$amba [15s. delayed] filed sec form 4: director hu chenming: 
transacted derivative securities on 2020-09-04.  https://s.flashalert.me/80w9a",2020-09-09 20:48:34,-69,['amba']
242735660,"$amba 3,833 shares acquired by hu chenming (director), reported in a new form 4 filed with the sec  

https://newsfilter.io/a/226a34f7e681b2ade79dd6f703d53333",2020-09-09 20:48:14,-69,['amba']
242698357,$amba a gradual descent to $42,2020-09-09 19:00:57,-69,['amba']
242698135,last10k highlighted 57 positive and negative remarks in $amba&#39;s 10-q filed today. see them in the quarterly report: https://last10k.com/sec-filings/amba/0001564590-20-042908.htm?utm_source=stocktwits&amp;utm_medium=forum&amp;utm_campaign=sentiment&amp;utm_term=amba,2020-09-09 19:00:17,-69,['amba']
242696908,$amba just sell the company pls...,2020-09-09 18:56:42,-69,['amba']
242695332,$amba stock is officially dead... what a waste of money &amp; time,2020-09-09 18:51:49,-69,['amba']
242663248,$amba just filed a 10-q quarterly report with 67 sections and 3 exhibits. access them all or just read their earnings: https://last10k.com/sec-filings/amba/0001564590-20-042908.htm?utm_source=stocktwits&amp;utm_medium=forum&amp;utm_campaign=10kq2040f&amp;utm_term=amba,2020-09-09 17:05:48,-69,['amba']
242662353,"$amba [15s. delayed] filed form 10-q on september 09, 13:01:28 https://s.flashalert.me/lvjho",2020-09-09 17:02:58,-69,['amba']
242662301,"$amba form 10-q (quarterly report [sections 13 or 15(d)]) filed with the sec 

https://newsfilter.io/a/8e83272e795cbfa4fe4c9c8abafce6a8",2020-09-09 17:02:45,-69,['amba']
242661597,"$amba up 2% only on a 335 points surge!  while it declined 10% when the nasdaq plunged 400 points... the stock is technically f....d. the longer it stays weak, the worse it gets.  company should buyback shares! what are they waiting for? $40!",2020-09-09 17:00:25,-69,['amba']
242601139,"$amba gets dragged down by tesla, doesn’t get pulled up with tesla. makes sense",2020-09-09 14:02:13,-69,['amba']
242561509,$amba new article : is ambarella an underappreciated artificial intelligence chip stock? https://www.stck.pro/news/amba/7571358,2020-09-09 11:24:27,-69,['amba']
242560077,"$amba weak hands have been shaken, perhaps multiple consecutive green day’s in the horizon until 60s",2020-09-09 11:12:59,1,['amba']
242534710,$amba had approximately 13m usd go to the short side at 43 pct short  the bears are few  https://www.algowins.com/?wdt_column_filter[1]=amba,2020-09-09 04:04:21,1,['amba']
242429588,"$amba next time i&#39;ll throw a round a champagne in a brothel, including dudes",2020-09-08 19:13:17,-69,['amba']
242384534,"$amba beat earnings, recommended buy, below all target prices. my money would be better served in hookers and cocaine",2020-09-08 16:46:26,-69,['amba']
242364110,$amba it’s dead... zero momentum... and the company never executed the buyback... these idiots don’t understand that it sends the market a negative message that management doesn’t think that the stock is undervalued... dead stock for the next several months... i was hoping for more strength today..,2020-09-08 15:34:25,-69,['amba']
242351905,$amba unfortunately too weak...,2020-09-08 14:55:16,-69,['amba']
242334881,$amba this is an already beaten up stock!,2020-09-08 14:08:03,-69,['amba']
242308816,$amba it shouldn’t decline with the market...,2020-09-08 12:50:41,1,['amba']
242167243,"$amba @armondwins check out there base here, it’s huge",2020-09-06 22:32:08,-69,['amba']
242017778,goldenstar signal alert: $amba. more insights: https://stockinvest.us/technical-analysis/amba?utm_source=stocktwits&amp;utm_medium=autopost,2020-09-05 00:41:58,1,['amba']
241942029,$amba this stock was peaked at $120 ish. interesting!,2020-09-04 18:57:27,-69,['amba']
241881460,"$amba boom bam boom....since we already got killed yesterday, we are one step ahead of the others in heaven",2020-09-04 15:55:38,1,['amba']
241861598,$amba they crushed it hard... i hope it recovers soon. .. nasdaq is not helping...,2020-09-04 15:02:46,-69,['amba']
241821745,$amba that was fun while it lasted 🙄,2020-09-04 13:46:57,-69,['amba']
241817820,$amba go bitch go,2020-09-04 13:37:45,-69,['amba']
241745667,$amba had approximately 23m usd go to the short side at 38 pct short  the bears are few  https://www.algowins.com/?wdt_column_filter[1]=amba,2020-09-04 02:38:53,1,['amba']
241642028,$amba let’s hope they get acquired soon.... this is a disastrous stock...,2020-09-03 19:46:02,-69,['amba']
241639710,$amba it broke 2 support levels... why don’t they buyback the stock!? it will  help fend off the short sellers...,2020-09-03 19:40:47,-69,['amba']
241631910,$amba complete collapse...,2020-09-03 19:22:24,-69,['amba']
241630233,$amba what a disaster,2020-09-03 19:18:01,-69,['amba']
241617243,$amba 😩,2020-09-03 18:43:26,-69,['amba']
241613802,$amba shaved like a sheep....as in cheap,2020-09-03 18:33:38,-69,['amba']
241588837,"$amba 
upgraded by craig hallum hold » buy usd 75
target raised by rosenblatt securities buy usd 60 » usd 62 
target raised by cowen outperform usd 65 » usd 72 
reiterated by needham &amp; company llc buy usd 55 » usd 63 
reiterated by oppenheimer holdings hold  
target raised by roth capital neutral usd 50 » usd 55
https://www.stocktargetadvisor.com/stock/usa/nye/amba#analyst-rating-tab",2020-09-03 17:24:08,-69,['amba']
241570414,upgrades &amp; downgrades: $bac $fdx $lly $lly $amba,2020-09-03 16:33:50,-69,"['bac', 'fdx', 'lly', 'amba']"
241554119,$amba it’s time to load,2020-09-03 15:52:02,1,['amba']
241520260,"craig-hallum upgrades ambarella to buy, raises price target to $75

related tickers: $amba",2020-09-03 14:47:59,-69,['amba']
241513653,$amba craig-hallum upgrades to buy : pt $75.00 https://stockhoot.com/extsymbol.aspx?from=analystratingtweet&amp;symbol=amba&amp;t=652&amp;social=stocktwits,2020-09-03 14:34:46,-69,['amba']
241513291,$amba resistance confirmed,2020-09-03 14:33:59,-69,['amba']
241502991,"$amba sometimes all stocks get knocked  down with the market.  weak hands have been shaken.  now, enjoy the move up!",2020-09-03 14:13:42,1,['amba']
241502953,$amba let’s turn green plsssss,2020-09-03 14:13:38,1,['amba']
241491799,$amba tech is getting destroyed,2020-09-03 13:53:17,-69,['amba']
241490308,$amba irrational... this excessive decline doesn’t make any sense!!,2020-09-03 13:50:38,-69,['amba']
241489150,$amba very clear manipulation...,2020-09-03 13:48:31,-69,['amba']
241484592,$amba unbelievable,2020-09-03 13:40:06,-69,['amba']
241484315,$amba wtaf,2020-09-03 13:39:35,-69,['amba']
241484187,$amba wtf,2020-09-03 13:39:20,-69,['amba']
241483722,ambarella (nasdaq:amba) is ready to ride the 5g wave $amba #amba https://www.marketbeat.com/n/4449851/,2020-09-03 13:38:28,-69,['amba']
241483444,$amba free fall ... unbelievable,2020-09-03 13:38:01,-69,['amba']
241481904,$amba they hammered the stock in few minutes!!!! come on!!!,2020-09-03 13:34:56,-69,['amba']
241468467,ambarella&#39;s pt raised by roth capital to $55.00. neutral rating. https://www.marketbeat.com/r/1474045 $amba,2020-09-03 13:00:20,-69,['amba']
241461266,$amba had approximately 21m usd go to the short side at 42 pct short  the bears are few  https://www.algowins.com/?wdt_column_filter[1]=amba,2020-09-03 12:35:38,1,['amba']
241455441,$amba q2 2021 earnings call https://youtu.be/ezlmi6j_nfw,2020-09-03 12:12:34,-69,['amba']
241453754,$amba pure manipulation... not fair,2020-09-03 12:05:07,1,['amba']
241453311,"$amba (-2.1% pre) ambarella shares see red despite q2 beats - sa

http://ooc.bz/l/59865",2020-09-03 12:03:09,-69,['amba']
241453099,ambarella&#39;s pt raised by rosenblatt securities to $62.00. buy rating. https://www.marketbeat.com/r/1474007 $amba,2020-09-03 12:02:12,-69,['amba']
241452691,$amba fuck,2020-09-03 12:00:45,-69,['amba']
241451369,$amba we have a strong upgrade and positive analysts reviews in addition to price targets increases .... and the pressure on the stock is still there.. unbelievable!,2020-09-03 11:54:08,1,['amba']
254924511,this is amazing! what do you think? $amba price may drop as it breaks higher bollinger band. view odds of downtrend. https://srnk.us/go/2288970,2020-11-06 18:58:48,-1,['amba']
254990777,$amba - the company reported the previous year&#39;s… https://www.macroaxis.com/stock-analysis/amba/ambarella #insidertrading #stocks #fintechnews,2020-11-07 00:01:32,-69,['amba']
255005560,"(11/06) law enforcement suppliers stocks up 6.0% on average(mean) in a day, median return is 4.3%, top movers are $aaxn 13.0% $dgly 10.2% $wrtc 4.3% $cetx 3.8% $amba -1.3%, the sector return (on average) over the week is 18.1%, 
https://marketcomposite.com/topic?name=law%20enforcement%20suppliers",2020-11-07 02:19:45,-69,"['dgly', 'aaxn', 'amba', 'cetx', 'wrtc']"
