id,body,created_at,sentiment,symbols
254827339,$pstg,2020-11-06 13:41:39,1,['pstg']
254825849,$fb huge jobs beat $pstg $ge $ba,2020-11-06 13:35:01,1,"['ba', 'ge', 'fb', 'pstg']"
254784033,$pstg we were almost to 20 then it dropped.  hopefully 20+ by end of the year.,2020-11-06 04:59:08,-69,['pstg']
254745132,"$pstg institutional ownership is up to 87.45% from 80% in one month.  $arkq $arkw $arkk hold over 26 million shares.  20 million shares short!  not many shares left for shorts to buy back.  should see a little squeeze soon!  6 million shares traded today,  3 million over 10 day average!",2020-11-06 00:12:40,1,"['pstg', 'arkq', 'arkk', 'arkw']"
254692757,$pstg prepare for 20,2020-11-05 21:07:22,1,['pstg']
254679005,$pstg annnnnnddd we&#39;re back,2020-11-05 20:23:53,1,['pstg']
254595548,$pstg currently have this is my long-term. cup and handle in process within a longer term inverse h&amp;s. cup and handle measured move is 22.50 in the short term and an inverse h&amp;s measured move to 28-29.,2020-11-05 15:34:17,1,['pstg']
254592018,$pstg buying on weakness. ark knows. big data is the future,2020-11-05 15:24:11,-69,['pstg']
254572363,$pstg - http://www.trade-ideas.com/ticky/ticky.html?symbol=pstg - might need a medic...we have a bleeder - running down: -0.70 in 50 seconds,2020-11-05 14:30:34,-69,['pstg']
254562992,"$pstg — pure storage sees better than expected revenue, adds delfino as chief revenue officer | zdnet https://www.zdnet.com/article/pure-storage-sees-better-than-expected-revenue-adds-delfino-as-chief-revenue-officer/",2020-11-05 13:55:05,-69,['pstg']
254562766,$pstg — this one wants 21.  it’s too obvious,2020-11-05 13:54:00,1,['pstg']
254536856,$pstg huge upside guidance for earnings.  this one going to $21 quickly.,2020-11-05 11:19:50,1,['pstg']
254536254,"$pstg just filed with the sec a earnings release, a event for officers and a financial exhibit https://last10k.com/sec-filings/pstg/0001628280-20-015554.htm?utm_source=stocktwits&amp;utm_medium=forum&amp;utm_campaign=8k&amp;utm_term=pstg",2020-11-05 11:13:25,-69,['pstg']
254535229,"$pstg form 8-k: results of operations and financial condition.on november 4, 2020, pure storage issued a press release announcing that it expects its preliminary, unaudited total revenue for the third.. 

https://newsfilter.io/a/08cca0546e1303b78c5550dca2859d3d",2020-11-05 11:03:23,-69,['pstg']
254494414,$pstg updates q3 2021after-hours guidance to eps and revenue guidance to $410-410 million. https://www.marketbeat.com/g/52751,2020-11-05 01:15:41,-69,['pstg']
254486622,"$pstg issues upside q3 revenue guidance, names dominick delfino as chief revenue officer https://www.briefing.com/in-depth-analysis/content/article?articleid=in20201104171023pstg",2020-11-05 00:18:25,-69,['pstg']
254470689,$pstg,2020-11-04 22:39:57,1,['pstg']
254466259,"$pstg pure storage -1.9% ah, names new revenue chief and provides preliminary update 

https://newsfilter.io/a/97e19c5daf5fb86267f3bb21510b3116",2020-11-04 22:18:14,-69,['pstg']
254447785,pure storage names dominick delfino as chief revenue officer and announces preliminary third quarter revenue http://www.conferencecalltranscripts.org/summary/?id=87348&amp;pr=true $pstg,2020-11-04 21:11:20,-69,['pstg']
254447756,pure storage to announce third quarter fiscal 2021 financial results http://www.conferencecalltranscripts.org/summary/?id=87346&amp;pr=true $pstg,2020-11-04 21:11:15,-69,['pstg']
254445787,"$pstg pure storage names dominick delfino as chief revenue officer and announces preliminary third quarter revenue
https://www.stocktitan.net/news/pstg/pure-storage-names-dominick-delfino-as-chief-revenue-officer-and-gm00vpjz3tpk.html",2020-11-04 21:06:00,-69,['pstg']
254445768,"$pstg pure storage to announce third quarter fiscal 2021 financial results
https://www.stocktitan.net/news/pstg/pure-storage-to-announce-third-quarter-fiscal-2021-financial-dcohtu8v05jy.html",2020-11-04 21:05:57,-69,['pstg']
254445638,"$pstg pure storage to announce third quarter fiscal 2021 financial results 

https://newsfilter.io/a/56bce4f8e273c522d48f8ace0db8006e",2020-11-04 21:05:40,-69,['pstg']
254445623,"$pstg pure storage names dominick delfino as chief revenue officer and announces preliminary third quarter revenue 

https://newsfilter.io/a/ff042274ded44507db21f5b4f8af4654",2020-11-04 21:05:38,-69,['pstg']
254445561,$pstg keeping an eye on you pure. fully invested and 🤞🏼 for a nice earnings call this time around,2020-11-04 21:05:31,1,['pstg']
254367132,$ba $spce $ttcf $pstg,2020-11-04 15:50:56,1,"['ba', 'pstg', 'spce', 'ttcf']"
254322160,"$pstg stock performing very well after a shakeout before a run to 21

$edit $ge $ba",2020-11-04 12:50:57,1,"['ba', 'ge', 'pstg', 'edit']"
254264824,$pstg nice inverse h&amp;s you got there😏,2020-11-04 02:20:02,-69,['pstg']
254196924,$pstg pent up geyser.,2020-11-03 20:06:35,-69,['pstg']
254164111,"$pstg long term winner, good recent aquisition",2020-11-03 17:54:14,1,['pstg']
254086488,$pstg on watch,2020-11-03 13:27:43,1,['pstg']
254051257,"td buy $pstg at 16.58, supp 16.10 resis 18.41 r14  hilo 69% t1y 20 buy 2.1 fwdpe 59.2 div n/a #pure stora #stocks #trading #finance #market https://bit.ly/3mmkyft",2020-11-03 04:12:01,1,['pstg']
254031554,"$pstg pulling into 10/20 wk smas. monster base, $arkk fav. keep an eye on it, over $20 and big mood incoming",2020-11-03 01:02:20,1,"['pstg', 'arkk']"
253691930,"(10/30) computer peripherals stocks down 2.8% on average(mean) in a day, median return is -2.0%, top movers are $sckt -10.8% $extr -9.4% $bcli -6.7% $immr -5.8% $pstg -4.7%, the sector return (on average) over the week is -7.6%, 
https://marketcomposite.com/topic?name=computer%20peripherals",2020-10-31 01:33:29,-69,"['extr', 'immr', 'sckt', 'bcli', 'pstg']"
253620427,$pstg why the fuck is this down so much?,2020-10-30 18:43:21,-69,['pstg']
253543477,"$pstg holding my puts a little longer 
will be adding a lot after i sell them",2020-10-30 14:46:48,1,['pstg']
253277264,$pstg ark is keep buying...,2020-10-29 15:38:16,1,['pstg']
253223597,$pstg new article : pure storage enhances partner program offerings to deliver the modern partner experience https://www.stck.pro/news/pstg/8819178,2020-10-29 13:11:24,-69,['pstg']
253220835,"$pstg pure storage enhances partner program offerings to deliver the modern partner experience
https://www.stocktitan.net/news/pstg/pure-storage-enhances-partner-program-offerings-to-deliver-the-og2i3ixne4o5.html

#offering",2020-10-29 13:01:13,-69,['pstg']
253220734,"$pstg pure storage enhances partner program offerings to deliver the modern partner experience 

https://newsfilter.io/a/64f75d1b083a96a00f87471ac579973c",2020-10-29 13:00:55,-69,['pstg']
253199125,purestorage $pstg bidaskscore is lowered to held https://bidaskclub.com/news/company/2020-10-28/pstg,2020-10-29 10:58:02,-69,['pstg']
253005432,"$pstg daily chart death cross appears to be looming, i dint know if it will but if so i will load up!!!",2020-10-28 15:08:17,-69,['pstg']
252931278,$pstg waiting for lower re entry.  14-16.  i try not to buy when it spikes up like it has and usually goes right back down,2020-10-28 11:09:41,-69,['pstg']
252896256,"$pstg $19.00 buy next friday, $23 going into earnings! close of november 20th $33",2020-10-28 01:51:05,1,['pstg']
252878707,$pstg waiting for this fucker to pop,2020-10-27 23:43:06,-69,['pstg']
252782473,$pstg this is jus the beginning,2020-10-27 17:39:36,1,['pstg']
252782447,$pstg im a bull here bull trends,2020-10-27 17:39:32,1,['pstg']
252762770,$pstg,2020-10-27 16:34:56,1,['pstg']
252740397,"$pstg 

breakout eminent -🔜 that cup and handle break out 🚀🚀🚀",2020-10-27 15:20:03,1,['pstg']
252660413,$pstg got burned with calls last er..they said q3 revenue will be flat.. whats the expectation here other than er? another bad guidance and this sinks..,2020-10-27 03:18:54,-69,['pstg']
252575730,$pstg this is sick price to add.  i added.  thanks,2020-10-26 18:33:16,1,['pstg']
252537870,$pstg grabbed 17.5 puts just in case but still bullish long term,2020-10-26 16:23:50,1,['pstg']
252512834,$pstg hope this drop is following the mass market....  can we see 20 in next month er??,2020-10-26 15:00:05,1,['pstg']
252400804,$pstg just backed up my blade with a machete and an ar-15 ... that’s the purestorage business model,2020-10-25 16:58:11,1,['pstg']
252342333,"$pstg 
shorts are in trouble! @arkinvest owns 25 million shares. institutional ownership 80% . i have a large amount! 🤑 none of us are giving up our shares!  this is going to fly into earnings!  
11/19/2020",2020-10-24 17:45:00,1,['pstg']
252336313,"$pstg  last week, @arkinvest owned 25,288,543 shares of pure storage.   this week look at what they own!  they have added 337,682 shares!  did not see this on daily emails but look at the holdings!  not a lot of shares for the retail investor.  
268 million shares outstanding. 
80$ held by institutions =  214 million aprox
that leaves 45,600,00 for retail.
ark owns 25,626,325
that leaves 20 million for retail. 
short interest 20,540,000
shorts are screwed!",2020-10-24 16:03:14,1,['pstg']
252320738,short sale volume (not short interest) for $pstg at 2020-10-23 is 31%. http://shortvolumes.com/?t=pstg via @shortvolumes,2020-10-24 09:05:33,-69,['pstg']
252300774,$pstg pullback below 10 ma bullish candle in at close,2020-10-24 01:06:01,1,['pstg']
252266414,$pstg booya! green hammer close on the daily!,2020-10-23 20:53:47,1,['pstg']
252248216,"$pstg pstg cloud data long opportunity. pure storage pstg, long opportunity. not a day trade or swing. has formed a nic",2020-10-23 19:45:34,1,['pstg']
252121317,"$pstg  one big difference between $wmt &amp; $amzn is amazon&#39;s cloud service! was talking to a fellow investor about how much sense it would make for walmart to take a 10% stake in pure storage.  they are the best cloud storage company and would give $wmt a tactical advantage! 🤔😁🚀
@rooksleanne 
@maxdanger",2020-10-23 12:41:19,-69,"['amzn', 'wmt', 'pstg']"
252118620,"$pstg customers of pure storage!  as if august 2020, of the 500 fortune 500 companies, 45% of them use pure storage! this will  not stay down much longer!  $arkk $arkg $arkq own this for a reason!  25 million shares is a good reason! cathie is way to smart to not get this correct!  this will be a 60 billion dollar company in a few years!  go strong or go home!!🚀🚀",2020-10-23 12:27:31,1,"['pstg', 'arkq', 'arkk', 'arkg']"
251719430,$pstg $pstg — 50 percent of fortune 500 companies are customers at last report,2020-10-21 20:28:11,1,['pstg']
251712601,$pstg https://www.purestorage.com/content/dam/pdf/en/infographics/ig-pure-storage-fast-facts.pdf,2020-10-21 20:11:27,1,['pstg']
251678683,$pstg did you see that 90 percent of fortune 500 companies are using $pstg hybrid storage solutions.   wow,2020-10-21 18:28:43,1,['pstg']
251551388,"$pstg with all the shares $arkk and the other ark funds own (25 million, #6 in the top 50 ark holdings) very surprised this has not moved higher more quickly?  what does it take?  can&#39;t wait for earnings!!!",2020-10-21 12:22:44,1,"['pstg', 'arkk']"
251528752,$pstg looks to be breaking out a huge descending trendline,2020-10-21 08:22:20,-69,['pstg']
251477466,$pstg normal day. ark added approx 150k shares across $arkk $arkw $arkg,2020-10-20 23:05:40,1,"['pstg', 'arkk', 'arkw', 'arkg']"
251395955,$pstg — ya mule get out of that handle — or get back in the cup.  do it!,2020-10-20 17:55:59,1,['pstg']
251354889,$pstg slow and steady upward movement wins the race. pure storage is very undervalued. almost 2b in rev with a mkt cap below 5b. big long-term winner which is why $arkk keeps adding,2020-10-20 15:46:37,1,"['pstg', 'arkk']"
251130834,"$pstg is #6 on the list of most owned ark stock!  
this wants to run!",2020-10-19 16:43:11,1,['pstg']
251116807,$pstg 19 eod,2020-10-19 15:52:08,1,['pstg']
250967251,"$pstg the fact that ark owns so much of this, and keeps buying makes me very bullish. pstg is now #10 in arkk, #6 in arkw, and #15 in arkg.",2020-10-18 13:04:57,1,['pstg']
250931904,"$pstg $arkk added approx 124k shares on thursday and 110k shares yesterday to their already huge position of 16m shares worth $293m in pure storage. up to #10 top holding in the fund, on the way to #8 soon. going from $18/sh to $25/sh soon too.

over the same period $arkw invested $30m+ in $fsly 

both will be big winners as the evolution of the internet continues...",2020-10-17 20:09:16,1,"['pstg', 'arkk', 'arkw', 'fsly']"
250926273,$pstg this company is working with so many other companies that are bullish in the game. no wonder woods filled more of her position with pstg. i&#39;m gonna load up more too before it hits the $20s,2020-10-17 18:43:34,1,['pstg']
250899846,purestorage $pstg bidaskscore is increased to bought https://bidaskclub.com/news/company/2020-10-16/pstg,2020-10-17 10:07:02,-69,['pstg']
250826752,$pstg  is turning the corner. won&#39;t be viewed and valued as a hardware co too much longer. recurring subscription business is growing rapidly and portworx acquisition which is software is a game changer. current rev is huge. 1b+ rev with approx only 4b mkt cap. 70% gross margins. once they get a software co type multiple on valuation the share price will skyrocket,2020-10-16 19:49:21,1,['pstg']
250825767,"$pstg $amzn $msft pure storage embraces multi-cloud with new aws, azure offerings https://www.crn.com/news/storage/pure-storage-embraces-multi-cloud-with-new-aws-azure-offerings",2020-10-16 19:46:19,1,"['amzn', 'msft', 'pstg']"
250825052,"$pstg $amzn pure storage brings flashblade to aws outposts, delivering a hybrid cloud infrastructure solution for modern data https://www.purestorage.com/company/newsroom/press-releases/pure-brings-flashblade-to-aws-outposts.html",2020-10-16 19:43:56,1,"['amzn', 'pstg']"
250823986,"$pstg is a top holding in $arkw because edge computing is the future and it must have two layers — both of which will maximize devops.

the first is the infrastructure-as-a-service (iaas) layer. $net leads the way here.

$pstg the second involves kubernetes, the defacto standard for orchestrating containerized workloads in the data center and the public cloud. with the acquisition of www.portworx.com pure is the leader in kubernetes",2020-10-16 19:40:28,1,"['pstg', 'arkw', 'net']"
250821381,$pstg is a large holding in $arkg because emory-driven computer processing accelerates genomics data processing. pure is the leader in terms of speed at scale with their novel flash arrays.,2020-10-16 19:31:50,1,"['pstg', 'arkg']"
250795433,"$pstg $nvda nvidia and pure storage are helping to usher in the next era of human advancement with leading-edge ai solutions 

nvidia $550 going to $1000
pure storage $18 going to $50 

https://www.nvidia.com/en-us/data-center/resources/pure-storage-airi-reference-architecture/",2020-10-16 17:58:33,1,"['nvda', 'pstg']"
250719730,"most notable ark buys in october so far: $work ,$lspd ,$pstg ,$ipoc",2020-10-16 14:10:31,1,"['pstg', 'work', 'ipoc', 'lspd']"
250674218,$pstg when is the pop?,2020-10-16 11:09:37,-69,['pstg']
250643917,$pstg added today!,2020-10-16 02:27:35,1,['pstg']
250637879,$pstg $arkk ark knows...pure storage is best-in-breed in multiple areas. vital to edge computing as well as computational biology. now that is true diversification and why pure storage is a large holding in 3 different ark,2020-10-16 01:37:18,1,"['pstg', 'arkk']"
250629999,$pstg why is ark so heavily invested in this?,2020-10-16 00:40:32,-69,['pstg']
250602147,"$pstg one of these days, this is probably gonna rip. holding 600 shares right now, but might have to buy more. dips are few and far between.",2020-10-15 21:54:17,1,['pstg']
250600183,$pstg ark owns approx 25m shares across 3 of it&#39;s funds. the most interesting is arkg which shows pure storage tech is vital to computational biology $arkk $arkw $arkg,2020-10-15 21:43:31,1,"['pstg', 'arkk', 'arkw', 'arkg']"
250557339,$pstg trend is up~!,2020-10-15 19:06:12,-69,['pstg']
250545998,$pstg lot of people talking about how one director sold his shares. theres 8 other directors and a cto. only 9.6% owned by insider shares. look at the institutional holders and mutual fund holders. mostly vanguard,2020-10-15 18:27:38,1,['pstg']
250535999,$arkk has purchased quite a bit of $pstg and currently holds 15.8k shares. does anyone have a document/graph on their progressive ramping up on purchases of pstg?   i would love to see how aggressive they have been with pstg.,2020-10-15 17:53:50,1,"['pstg', 'arkk']"
250532239,"$pstg $net these 2 companies are the future of edge computing. big gains coming in both.

just wait to see how much cloudflare rev increases once they start charging even a small fee for their current free tier. do the math. it is huge.

pure storage is turning the corner. won&#39;t be viewed and valued as a hardware co too much longer. recurring subscription business is growing rapidly and www.portworx.com acquisition which is software is a game changer. current rev is huge. once they get a software co type multiple on valuation the share price will skyrocket",2020-10-15 17:41:09,1,"['pstg', 'net']"
250527267,$pstg nice movement pure! you never know what’s gonna happen when you invest but i’m hoping this is pure’s moment to show people what she’s made of and worked are for!,2020-10-15 17:24:53,1,['pstg']
250496944,$pstg seems to want 17.00 again.  but could run to 20,2020-10-15 15:48:46,1,['pstg']
250478366,"$cgen also added a bunch of these.

$cgen $pstg $aqb 

red days feel like burning money, but when it&#39;s green i&#39;ll feast.",2020-10-15 14:54:32,1,"['cgen', 'pstg', 'aqb']"
250477254,"$lspd nice pull-back, time to add. cathie wood has quintupled its position in lspd just last week and had never sold a share. cathie had done all the dd for you, all you need to buy and hold.🤑

$tsla $sq $aapl $pstg",2020-10-15 14:51:12,1,"['aapl', 'sq', 'tsla', 'pstg', 'lspd']"
250456162,$pstg was hoping to add @&lt;18 after money clears tomorrow.. haha we’ll see,2020-10-15 13:59:13,-69,['pstg']
250455881,$pstg strong move out the gate,2020-10-15 13:58:31,-69,['pstg']
250415251,$crsp — sec filing revealed ark invest now owns 12 percent interest in crispr therapeutics. $pstg no action from ark yesterday.  $crsp adding under 97.  buckle up!,2020-10-15 11:42:07,-69,"['pstg', 'crsp']"
250382987,$pstg lets build a nice base of accumulation right here. will make the break out more fun,2020-10-15 03:23:45,1,['pstg']
250380189,$pstg (edge computing/storage) $pacb (dna sequencing) $cgen (immune checkpoint inhibitors) - start accumulating these three names hand over fist on the red market days near support and park it in your lt portfolio.,2020-10-15 02:56:45,-69,"['cgen', 'pacb', 'pstg']"
250374134,$pstg ark added again today. almost up to 25m shares across 3 different etfs. know what you own. a position as a long-term hold is a must,2020-10-15 02:02:02,1,['pstg']
250370775,"$pstg is very relevant to edge computing. google &quot;kubernetes and edge computing&quot;. the recent acquisition of www.portworx.com makes pure the leader in kubernetes.

$arkk knows...pure is turning the corner. won&#39;t be viewed and valued as a hardware co too much longer. recurring subscription business is growing rapidly and portworx acquisition which is software is a game changer. current rev is huge. once they get a software co type multiple on valuation the share price will skyrocket",2020-10-15 01:33:28,1,"['pstg', 'arkk']"
250363159,"$pstg scott dietzen sold 185,000 shares [very high conviction] www.insider-analysis.com/search_transactions.php?ticker=table_pstg",2020-10-15 00:35:25,-69,['pstg']
250324341,$net $pstg these 2 companies are the future of the internet/computing at the edge. buy any dips. long-term holds,2020-10-14 21:03:05,1,"['pstg', 'net']"
250318800,$pstg executives sell shares all the time. i&#39;m certain it was scheduled in advance. it is not a concern. to put it in perspective ark bought about the same amount of shares yesterday to add to their 23m shares,2020-10-14 20:41:30,1,['pstg']
250290809,"$pstg so the elephant in the room is why is no one talking about the director selling 361,049 shares since july...more than half his holdings.",2020-10-14 19:15:18,-69,['pstg']
250281477,$pstg anyone know when is earning?,2020-10-14 18:44:41,-69,['pstg']
250276097,"$pstg here is why pure storage is a surprisingly large holding in $arkg.

life sciences industry solutions: next-gen data storage technology https://www.purestorage.com/solutions/industries/life-sciences.html",2020-10-14 18:25:56,1,"['pstg', 'arkg']"
250274505,"$pstg with approx 23m shares across 3 different funds ark owns about 10% of the company. they&#39;re still adding almost everyday. long-term winner.

$arkk 15m
$arkg 4m
$arkw 4m",2020-10-14 18:20:15,1,"['pstg', 'arkk', 'arkw', 'arkg']"
250269614,"$pstg $crwd containers are crucial to the future of the internet and more specifically edge computing. these 2 companies have greenfield opportunities with containers. 
both will double next year.

crowdstrike is the leader in security for containers. 

pure storage is the leader in kubernetes for orchestrating containerized workloads in the multi-cloud environment.",2020-10-14 18:03:20,1,"['pstg', 'crwd']"
250256190,$pstg: the revenue has grown by 10.92% in the past year. this is quite good. https://www.chartmill.com/stock/quote/pstg/fundamental-analysis?key=e0fb8bcd-743c-48cb-b3e8-629908970d70&amp;utm_source=stocktwits&amp;utm_medium=fa&amp;utm_content=pstg&amp;utm_campaign=social_tracking,2020-10-14 17:17:00,-69,['pstg']
250217673,"$pstg ark picked up 130k ish shares yesterday. this could run to $20 in no time at all. lots of need for these type of companies as we progress into the future.

number 14 on this list.",2020-10-14 15:15:37,1,['pstg']
250186285,$pstg who doesn’t love morning shake outs. free cheapies,2020-10-14 13:52:29,-69,['pstg']
250175099,"$wkhs goooood morning workhorse team!

join me to glory today!

$cgen $pstg $surf $wkhs $ravn",2020-10-14 13:21:15,1,"['cgen', 'ravn', 'pstg', 'wkhs', 'surf']"
250163676,$pstg another day of $arkk buying on deck,2020-10-14 12:36:31,1,"['pstg', 'arkk']"
250142518,"pure storage director scott dietzen sells $3,331,850.00 in $pstg https://www.marketbeat.com/i/411872",2020-10-14 09:43:28,-69,['pstg']
250141912,$pstg lol i hate myself that only bought 5 calls yesterday. it’s crazy,2020-10-14 09:31:16,-69,['pstg']
250134849,$pstg: the revenue has been growing by 30.77% on average over the past 5 years. this is a very strong growth! https://www.chartmill.com/stock/analyzer/stock/pstg?view=fundamental-analysis&amp;key=e0fb8bcd-743c-48cb-b3e8-629908970d70&amp;utm_source=stocktwits&amp;utm_medium=fa&amp;utm_content=pstg&amp;utm_campaign=social_tracking,2020-10-14 06:39:00,-69,['pstg']
250122524,"$pstg i’m new and in at 17. what are we looking at for 1,2,4,6 years price point. please be realistic",2020-10-14 03:12:09,1,['pstg']
250115029,"$pstg: new sec filing on director, scott dietzen: https://www.sec.gov/archives/edgar/data/1474432/000120919120054706/xslf345x03/doc4.xml",2020-10-14 02:04:01,-69,['pstg']
250108521,"$pstg cramer talks negativity when he wants to accumulate, then positively after buying.

the very recent portworx acquisition is a game changer for pure storage. kubernetes is vital to edge computing. plus their subscription service is growing rapidly. eventually this will be given a software co multiple and then 3x return happens. again $arkk knows",2020-10-14 01:12:48,1,"['pstg', 'arkk']"
250108305,$pstg wait $nvda does hybrid cloud and hard data storage for almost all of the fortune 500 companies.  cramer said he is staying in his lane — he doesn’t know wtf pure storage does 😆—,2020-10-14 01:11:18,1,"['nvda', 'pstg']"
250108097,$pstg cramer doesn’t know wtf it is 😂— thinks it is a chip maker. lol,2020-10-14 01:09:33,1,['pstg']
250098012,"$pstg break out, retest  and follow through",2020-10-13 23:58:10,-69,['pstg']
250092283,"$pstg cathie’s blessing and cramer’s bashing 

buy signal",2020-10-13 23:22:49,1,['pstg']
250088416,"$pstg  arc trading report out and they added another 100,000 shares today",2020-10-13 22:59:25,-69,['pstg']
250087675,"$pstg it looks like it&#39;s not going to just jump to 20+.  it&#39;s going to creep up there, which is just fine with me.",2020-10-13 22:54:58,-69,['pstg']
250087454,$pstg cramer doesn&#39;t like the stock which makes me like it more,2020-10-13 22:53:44,1,['pstg']
250087443,$pstg fat head cramer just clobbered...says it&#39;s too hard to own...,2020-10-13 22:53:39,-69,['pstg']
250083440,$pstg $arkk ark knows pure storage is best-in-breed in multiple areas. vital to edge computing as well as computational biology. now that is true diversification and why pure storage is a large holding in 3 different ark,2020-10-13 22:32:18,1,"['pstg', 'arkk']"
250082574,$pstg cathie still buying here.  go draw dem lines again from the outside in.  yup.  obviously.  🐒🍌🧠,2020-10-13 22:28:01,1,['pstg']
250081435,"$pstg and another 130,398 purchased by ark today— just buy the whole company!",2020-10-13 22:22:23,1,['pstg']
250081290,"following trades done by cathy wood today, bought $ravn , sold $xlnx and $crm and $zs 

she’s been buying $pstg several days in a row now too",2020-10-13 22:21:40,-69,"['ravn', 'xlnx', 'crm', 'pstg', 'zs']"
250075585,"pure storage director just disposed of 185,000 shares  http://www.conferencecalltranscripts.org/4/summary2/?id=8441314 $pstg",2020-10-13 21:54:23,-69,['pstg']
250075151,"$pstg [15s. delayed] filed sec form 4: director dietzen scott: 
disposed 185,000 of class a common stock at average price $18.01 on 2020-1 https://s.flashalert.me/1tike",2020-10-13 21:52:36,-69,['pstg']
250057328,$pstg,2020-10-13 20:45:57,-69,['pstg']
250057325,$pstg this stock is crazy ! it never pull back since the first day i bought in !!! 20up by end of this month is a must!,2020-10-13 20:45:57,-69,['pstg']
250056569,$pstg volume picking up.....let&#39;s see if ark bought more today when emails hit,2020-10-13 20:43:27,1,['pstg']
250050723,"one more swoon for technology in 2020? https://www.chartsmarter.com/2020/10/13/technology-sector-review-10-14-20/ &quot;big drawdowns with nasdaq in february-march and september not the last this year, or is index ready to plow through very round 12000 figure? $amd &quot;dead money&quot; for few months while swallowing $xlnx?&quot; $yndx $pstg $work",2020-10-13 20:24:47,-1,"['xlnx', 'amd', 'yndx', 'pstg', 'work']"
250048786,$pstg excellent!,2020-10-13 20:19:20,1,['pstg']
250016103,"$pstg bullish option flow detected in pure storage(pstg) with 3,560 calls trading, 1.7x expected, and implied vol increasing almost 3 points to 59.18%. nov-20 20 calls and oct-20 20 calls are the most active options, with total volume in those strikes near 1,400 contracts. the put/call ratio is 0.04. earnings are expected on november 19th.",2020-10-13 18:48:20,1,['pstg']
250015543,$pstg pure storage call volume above normal and directionally bullish,2020-10-13 18:46:39,-69,['pstg']
250015147,"$pstg pure storage call volume above normal and directionally bullish
bullish option flow detected in pure storage with 3,560 calls trading, 1.7x expected, and implied vol increasing almost 3 points to 59.18%. nov-20 20 calls and oct-20 20 calls are the most active options, with total volume in those strikes near 1,400 contracts. the put/call ratio is 0.04. earnings are expected on november 19th.",2020-10-13 18:45:30,-69,['pstg']
249998935,"$pstg ark has 23m shares. long-term this is a winner.

$arkk 15m
$arkg 4m
$arkw 4m",2020-10-13 17:56:06,1,"['pstg', 'arkk', 'arkw', 'arkg']"
249990510,$pstg  just opened a position.  at  $18.31  today. not much shares,2020-10-13 17:29:55,-69,['pstg']
249979355,$pstg thinking to buy long 2023 calls here,2020-10-13 16:54:50,-69,['pstg']
249956247,$pstg what&#39;s a realistic price target for this stock?,2020-10-13 15:42:17,1,['pstg']
249934098,$pstg would love to see $20 by november 👀,2020-10-13 14:37:19,-69,['pstg']
249931269,$net $pstg $ipob ark investment,2020-10-13 14:30:09,-69,"['pstg', 'net', 'ipob']"
249924721,$pstg morgan stanley maintains to equal-weight : pt $19.00 https://stockhoot.com/extsymbol.aspx?from=analystratingtweet&amp;symbol=pstg&amp;t=223&amp;social=stocktwits,2020-10-13 14:13:22,-69,['pstg']
249921754,$pstg something is brewing...,2020-10-13 14:06:05,-69,['pstg']
249918541,$pstg wait for the back to 17 before buying,2020-10-13 13:58:54,-69,['pstg']
249876040,$pstg is it still good price to entry ?,2020-10-13 10:57:20,1,['pstg']
249856455,"$net great day! up huge and $arkw took a starter position of 260k sh. look right below on the ark summary from today. they bought 130k sh of $pstg and now own 23m sh. if you follow ark you buy pure storage. only $17/sh.

 arkw 10/12/2020 buy net 18915m107 cloudflare inc 260,600  
  
       arkw 10/12/2020 buy pstg 74624m102 pure storage inc 136,252 
 
after the recent acquisition of www.portworx.com pure storage is the leader in kubernetes which is vital to edge computing",2020-10-13 04:31:59,1,"['pstg', 'arkw', 'net']"
249850687,$pstg — china says exports and imports hit record highs in september,2020-10-13 03:21:33,1,['pstg']
249839987,"$pstg $net edge computing must have two layers — both of which will maximize devops.

$net the first is the infrastructure-as-a-service (iaas) layer. 

$pstg the second involves kubernetes, which has become a defacto standard for orchestrating containerized workloads in the data center and the public cloud. 

at only $17/sh huge returns are likely for pure storage. do your dd. it is a top holding in $arkk &amp; $arkw",2020-10-13 01:46:50,1,"['pstg', 'arkk', 'arkw', 'net']"
249812041,$pstg almost ready for round 2. this time should get to $26-32,2020-10-12 22:27:55,-69,['pstg']
249809867,$pstg ark added about 130k shares today,2020-10-12 22:14:49,1,['pstg']
249742031,$pstg $net with the acquisition of www.portworx.com pure storage is the leader in kubernetes,2020-10-12 17:51:33,1,"['pstg', 'net']"
249741120,$pstg $net https://platform9.com/blog/essential-features-of-a-kubernetes-edge-computing-platform/,2020-10-12 17:48:17,1,"['pstg', 'net']"
249738254,"$pstg $net edge computing is the future. cloudflare will provide the infrastructure, pure storage will provide kubernetes, the vital back end of the edge. do your dd.",2020-10-12 17:38:17,1,"['pstg', 'net']"
249727849,$pstg cnbc halftime just pumped ...getting more exposure,2020-10-12 17:02:01,1,['pstg']
249727358,$pstg... also ark likes it,2020-10-12 17:00:13,-69,['pstg']
249653193,"$pstg — pure storage brings flashblade to aws outposts, delivering a hybrid cloud infrastructure solution for modern data https://www.prnewswire.com/news-releases/pure-storage-brings-flashblade-to-aws-outposts-delivering-a-hybrid-cloud-infrastructure-solution-for-modern-data-301131532.html",2020-10-12 13:04:10,-69,['pstg']
249653123,"$pstg — $arkk holding — acquiring — for now and the future — nice cup and handle on the chart 

pure storage ceo charlie giancarlo envisions a future world of storage as code - siliconangle https://siliconangle.com/2020/10/09/pure-storage-ceo-charlie-giancarlo-envisions-future-world-storage-code/",2020-10-12 13:03:47,-69,"['pstg', 'arkk']"
249652862,$pstg — pure storage releases hybrid cloud enhancements across vmware portfolio https://datacenternews.us/story/pure-storage-releases-hybrid-cloud-enhancements-across-vmware-portfolio,2020-10-12 13:02:37,-69,['pstg']
249492888,$pstg c&amp;h pattern +esix,2020-10-10 14:07:44,-69,['pstg']
249478274,$pstg confident in pure storage. ark has about 23.5m sh worth over 400m,2020-10-10 05:06:02,1,['pstg']
249475635,"td sell $pstg at 17.57, supp 14.45 resis 17.76 r23  hilo 77% t1y 20 buy 2.1 fwdpe 62.8 div n/a #pure stora #stocks #trading #finance #market https://bit.ly/2ifwnkx",2020-10-10 04:09:33,-1,['pstg']
249471411,$pstg monthly view- i think this is financial on its way..,2020-10-10 03:00:42,-69,['pstg']
249382079,$pstg damn. i bought in at 17.85,2020-10-09 18:32:02,-69,['pstg']
249284986,"$pstg diversified multibagger loved by $arkk 

large holding in $arkg as it accelerates genomics data processing. 

large holding in $arkw as kubernetes is vital to edge computing.",2020-10-09 14:01:05,1,"['pstg', 'arkk', 'arkw', 'arkg']"
249192259,"$pstg $arkk $arkg $arkw ark bought more pure storage today. significant amount.

must read article. the acquisition of www.portworx.com paves way into devops https://siliconangle.com/2020/09/16/acquisition-of-portworx-by-pure-storage-paves-inroads-into-devops-community-cubeconversations/",2020-10-09 00:14:22,1,"['pstg', 'arkk', 'arkw', 'arkg']"
249163050,$pstg great long play here,2020-10-08 21:34:35,1,['pstg']
249154354,$pstg new here,2020-10-08 20:59:17,-69,['pstg']
249113023,"$pstg has anyone connected the dots yet?

it&#39;s probably why ark etf is buying.  it&#39;s known that memory-driven computer processing accelerates genomics data processing and computational biology in general. pure storage is a leader in terms of speed at scale with their novel flash arrays.",2020-10-08 18:56:29,-69,['pstg']
249050627,$pstg inverse h&amp;s playing out. nice. and it&#39;s undervalued. nice one cathie. $arkk,2020-10-08 15:48:36,-69,"['pstg', 'arkk']"
249040967,$pstg would it be 20+ end of november ?? seems it keeps going up. 😋😋,2020-10-08 15:23:35,-69,['pstg']
