id,body,created_at,sentiment,symbols
254938640,"$msft sell msdt for marijuana stocks!!!

marijuana stocks just poped thanks to biden and kamala win !!!

$sndl $acb $tlry $cron

$sndl will have biggest return on next pop !!!",2020-11-06 19:52:44,1,"['msft', 'cron', 'tlry', 'acb', 'sndl']"
254935870,$msft microsoft  (msft)  was upgraded to outperform from perform by oppenheimer analyst timothy horan amid strength in the company&#39;s azure cloud business. horan has a $260 price target on the stock. ,2020-11-06 19:42:37,1,['msft']
254935205,"$msft inverted cup and handle found in the chart, bearsish reversal soon. sell if you have calls or stocks. buys puts for a month expiry.",2020-11-06 19:40:00,-1,['msft']
254934052,$qqq $spy $aapl $msft $tsla  … vix soon below 20 ✅,2020-11-06 19:35:35,1,"['aapl', 'msft', 'spy', 'tsla', 'qqq']"
254932934,"who would have thought in march that 8 months later $tup would be up 1,875% ?!!  what a trader it has been!  

$ttd $roku $msft $spy",2020-11-06 19:31:21,1,"['msft', 'spy', 'tup', 'roku', 'ttd']"
254930989,$msft this may never see red again for a month?,2020-11-06 19:23:59,1,['msft']
254929668,"$msft oppenheiner raises price targets to $260!! 
https://www.google.com/amp/s/www.thestreet.com/.amp/investing/microsoft-upgraded-to-outperform-oppenheimer-cloud-strength",2020-11-06 19:19:00,1,['msft']
254927704,$msft oppenheimer upgrades microsoft price target to $260!!!!!!,2020-11-06 19:11:30,1,['msft']
254927239,"$msft oppenheimer upgrades microsoft price target to $260!!!!!! 
thestreet.com/quote/mic...",2020-11-06 19:09:34,1,['msft']
254926198,$msft looks like it&#39;s been dumped in the morning again pumped again it will be dumped before huge dump to 200,2020-11-06 19:05:31,-1,['msft']
254925837,"$msft oppenheimer upgrades microsoft price target to $260!!!! 
thestreet.com/investing/mic...",2020-11-06 19:03:51,1,['msft']
254924869,comprehensive non-correlated microsoft $msft trading report https://tinyurl.com/y4bl83mj,2020-11-06 19:00:06,-69,['msft']
254924781,"fortnite to return to apple devices via nvidia cloud gaming service

https://pageone.ng/2020/11/06/fortnite-to-return-to-apple-devices-via-nvidia-cloud-gaming-service/

$aapl $msft $nvda",2020-11-06 18:59:48,-69,"['aapl', 'msft', 'nvda']"
254924673,$msft new article : take-two interactive is skeptical about microsoft&#39;s gaming subscription service https://www.stck.pro/news/msft/8975717,2020-11-06 18:59:21,-69,['msft']
254924250,"nintendo climbs after boosting forecast by 50% on gaming demand

https://pageone.ng/2020/11/06/nintendo-climbs-after-boosting-forecast-by-50-on-gaming-demand/

$ntdoy $msft $sne $aapl",2020-11-06 18:57:48,-69,"['aapl', 'msft', 'sne', 'ntdoy']"
254922914,$msft need to break 224 otherwise this will look ugly for bullish pattern,2020-11-06 18:52:43,-69,['msft']
254921048,$msft 100k on hand ... where to put it? any ideas?,2020-11-06 18:45:57,0,['msft']
254920593,$msft give us some love.. just 1 or 2 green points 🥰,2020-11-06 18:44:08,0,['msft']
254919392,"$msft microsoft is the wheel that keeps old and new technology moving. 
 
it is a well diversified tech holding company with their own patents as well.",2020-11-06 18:39:37,1,['msft']
254918563,"happy friday and another 1200% profit potential with options: 
results from plays november 6th for review-
(ticker: open to hod, profit %)
$msft c: 0.56 to 2.50 p 350% ✅
$cgc c: 0.70 to 3.40 p 380% ✅
$tlry c: 1.00 to 4.00 p 300% ✅
$acb c:  1.33 to 3.50 p 165% ✅
$spwr c: 1.50 to 2.30 p 50% ✅
profit % within first 4 hours, a second 1200% on a blessed friday. 🚀📚💰",2020-11-06 18:36:30,1,"['msft', 'spwr', 'cgc', 'tlry', 'acb']"
254917799,"u.k.’s graphcore close to raising funds at over $2 billion value  $msft $intc $amzn $googl 

https://newsfilter.io/a/dd048fae76b95ad2891ad769bd56f288",2020-11-06 18:33:42,-69,"['amzn', 'intc', 'msft', 'googl']"
254917124,$msft upgrades and stimulus alone will push this up to $300 this year!!,2020-11-06 18:31:03,1,['msft']
254916485,$msft seem pretty strong im not gonna short this for now.. will wait the confirmation,2020-11-06 18:28:28,1,['msft']
254916449,"$spy $tsla $amzn $aapl $msft  
bear panic hasn’t even started yet, buy and hold strong",2020-11-06 18:28:21,1,"['aapl', 'amzn', 'msft', 'spy', 'tsla']"
254915855,$msft $300 this year easily - stimulus push will make it come faster.,2020-11-06 18:25:56,1,['msft']
254915378,$msft technology needs microsoft.,2020-11-06 18:24:14,1,['msft']
254914489,$msft get out.  this is a fools gold pump.,2020-11-06 18:20:24,-1,['msft']
254913655,$fb $aapl $msft lets break the wall for all 3 ... we will fly then,2020-11-06 18:17:04,1,"['aapl', 'msft', 'fb']"
254912528,$msft $amzn imo these are the two best run companies in the world. i own a lot of microsoft but i will pick up amazon if the valuation is cheaper.,2020-11-06 18:12:52,1,"['amzn', 'msft']"
254910512,"$msft i buy - it goes down, that&#39;s fine! what i fucking hate is when i sell and it goes up :)",2020-11-06 18:05:19,-69,['msft']
254908666,$msft having a hard time breaking 223-224 ...watching closely to start short position again,2020-11-06 17:58:16,-1,['msft']
254908340,"stocks loved by institutional investors and % of investors who own them:
$msft: 65%
$aapl: 62% 
$amzn: 60%
complete list here - https://grufity.com/funds",2020-11-06 17:57:01,-69,"['aapl', 'amzn', 'msft']"
254907123,"$spy $gme  $msft $sne $amd 

reviews are popping up everywhere for the new xbox and ps5.  so far very positive, graphics are immensely better, ssd hard drive allows way faster load times, looks like overall huge upgrades over previous gen.  i suggest reading reviews and researching, it looks great so far.  i should have my preordered consoles soon for my own hands on experience.",2020-11-06 17:52:24,1,"['msft', 'amd', 'gme', 'sne', 'spy']"
254906995,"$qqq $spy $aapl $msft $amzn   …  let me make this clear for bears :

red wave 🟥 = buy
blue 🟦 wave = buy
gridlock 🟥?🟦 = buy
kanye ⬛️ win = buy",2020-11-06 17:51:56,1,"['aapl', 'amzn', 'msft', 'spy', 'qqq']"
254903330,"$msft biden getting ready for official speech for wininig the presidency, he will address the nation tonight. stock market crash.",2020-11-06 17:37:12,-1,['msft']
254903133,"$msft i still think this is a great stock to hold for years to come, but the run up this week is way overdone and it has to pull back next week. jmo",2020-11-06 17:36:25,-69,['msft']
254902316,networknewsbreaks – $msft featured in analysis report https://ibn.fm/qbk4b,2020-11-06 17:33:05,-69,['msft']
254902004,f a g  am $fb $aapl $googl  $amzn $msft https://www.multpl.com/shiller-pe,2020-11-06 17:31:46,-1,"['aapl', 'amzn', 'msft', 'fb', 'googl']"
254901941,"$msft yay!!! biden is our new president, i bought puts for next weeks, not all all worried see nasdaq hit all time high, it has to fall down, and the reasin for all this rally is just hoping trump will be president, but now biden is leading all the states, trump will loose very badly and see what happens to stock market.",2020-11-06 17:31:31,-1,['msft']
254901531,$msft looking at the 15 min chart. similar to #aapl. dropped this morning. filling yesterday&#39;s gap up. nearing recovery now. vol tampering off.,2020-11-06 17:29:54,1,['msft']
254901511,$pltr sell at 500% not 50%  pretty obvious when a software data company with this many sociopaths creates ipo. it’s going to be another $msft and just keep adding products. pretty soon commercial goes consumer.,2020-11-06 17:29:50,1,"['msft', 'pltr']"
254901285,$spy $aapl $msft $uvxy i think the best example of just how dumb retail money is would be the fact @crossingtrendsta has 10x the number of followers i do 🤣,2020-11-06 17:28:55,-69,"['aapl', 'msft', 'spy', 'uvxy']"
254900774,$msft there has got to be a big sell off coming,2020-11-06 17:26:58,-69,['msft']
254898780,"$msft biden is a new president. he made it clear , he would not promote stock market",2020-11-06 17:19:30,-1,['msft']
254898398,$msft $v $tsla $amzn fingers crossed the biden blow and harris hot carl will be as generous as the trump bump.,2020-11-06 17:17:59,1,"['amzn', 'msft', 'v', 'tsla']"
254898395,"$spy $qqq $msft $aapl $amd 
can somebody get these negative nancy off air on cnbc.....",2020-11-06 17:17:58,1,"['aapl', 'msft', 'amd', 'spy', 'qqq']"
254898384,$msft,2020-11-06 17:17:57,-69,['msft']
254897738,$msft $qqq $fb $aapl 2nd major gap also filled by today&#39;s drop. check out the qqq chart. we shoot upside as we have double bottomed in past 3 months with no bad news.,2020-11-06 17:15:29,1,"['aapl', 'msft', 'fb', 'qqq']"
254897148,$msft have no fear put buyers,2020-11-06 17:13:25,-1,['msft']
254896086,$aapl $spy $amzn $qqq $msft market will sell off hard last 2 hours. 8% run up this week. going into weekend with contested election and balloning covid numbers. market could see a 5-10% pullback over the next week,2020-11-06 17:09:43,-1,"['aapl', 'amzn', 'msft', 'spy', 'qqq']"
254896007,$msft get your puts now!,2020-11-06 17:09:19,-1,['msft']
254895819,$msft biden hates the stock market,2020-11-06 17:08:40,-1,['msft']
254894876,$msft ewww trash stock,2020-11-06 17:05:09,-1,['msft']
254892727,$msft oh no dropping,2020-11-06 16:57:43,-1,['msft']
254890052,$msft i think the big boys left for the weekend.,2020-11-06 16:49:07,-69,['msft']
254889250,"$msft $300 this year, easily.",2020-11-06 16:46:16,1,['msft']
254889241,$eman unless $msft found out about some dod requirements for ivas during stp3...,2020-11-06 16:46:14,1,"['msft', 'eman']"
254888719,$dia $spy $msft $tsla  … fyi vix 🔻down today another 6%,2020-11-06 16:44:41,1,"['msft', 'dia', 'spy', 'tsla']"
254888570,$msft the v was insane. i think m by eod,2020-11-06 16:44:15,-69,['msft']
254887517,$msft recommendations to sell options (buy-write) on 2020-11-06 for msft https://wsfriend.com/autotrader/alerts/msft?date=2020-11-06,2020-11-06 16:40:59,-69,['msft']
254887418,$msft you know trump supporters are rich and gonna sell.. f u,2020-11-06 16:40:41,-1,['msft']
254887129,$msft gonna fall fast,2020-11-06 16:39:45,-1,['msft']
254886906,$msft shit stock,2020-11-06 16:39:08,-1,['msft']
254886775,"$msft insane pump back up.... higher covid rate, no stimulus yet either",2020-11-06 16:38:43,-69,['msft']
254885642,"don&#39;t stop buying dips in tech until powell says stop buying dips in tech. that should be around 2024 or later. nasdaq should be at 50,000k by then. 

$msft $aapl $roku $sq $pton",2020-11-06 16:35:17,-69,"['aapl', 'msft', 'sq', 'roku', 'pton']"
254884894,"markets moving up on &quot;recount likely in pa&quot;.  that&#39;s great news, i guess. stand still, mockery of our democracy, presidential whining, no stimulus. 

$msft $aapl $pton $sq $roku.  new aths here we come. 

zero risk
zero fear
zero skills

just buy the dips.",2020-11-06 16:32:56,-69,"['aapl', 'msft', 'sq', 'roku', 'pton']"
254884030,"can we move up with no stimulus news? doesn&#39;t seem to be bothering the markets right now. 

$aapl $msft $pton $sq 

spinners should be out spinning it as great news.",2020-11-06 16:30:07,-69,"['aapl', 'msft', 'sq', 'pton']"
254883673,"$msft expecting a sell-off later today.
opinions?",2020-11-06 16:29:03,-69,['msft']
254882492,"$msft 

sure dont sell now

wait for nasdaq 

🩸🩸🩸back down 160 -200🩸🩸🩸",2020-11-06 16:25:25,-69,['msft']
254879994,"$kt corp. purchasing 300 billion in shares and possibly incinerating shares to increase shareholder value

https://m.stock.naver.com/item/main.nhn#/stocks/030200/news/0003822237/office/011

$aapl $amzn $goog $msft",2020-11-06 16:17:46,-69,"['aapl', 'amzn', 'goog', 'msft', 'kt']"
254879069,"$tqqq $aapl $msft apple breakout above sma20/sma50 yesterday, nicely resting and staying above current sma20 116.28, sma50 116.07, sets the stage for a launch to 125+. aapl is the # 1 stock holding in tqqq.",2020-11-06 16:15:01,1,"['aapl', 'msft', 'tqqq']"
254879068,"$msft 

drops like an elevator in seconds

but buy here hoodies 🤣😆😂",2020-11-06 16:15:01,-69,['msft']
254878256,"if you&#39;re a profitability oriented stock picker, these 3 companies $msft $wmt $adbe may be the right ones for you. here https://gurufocus.com/news/1278612 it is explained why",2020-11-06 16:12:33,-69,"['adbe', 'msft', 'wmt']"
254877986,"new update: today winning alerts, i made over +$49k so far....
https://stocktwits.com/francesking/message/254810215

  $tsla $nflx $fb $msft $vix",2020-11-06 16:11:34,1,"['vix', 'msft', 'nflx', 'fb', 'tsla']"
254877858,"$msft 

buyers here 

youre funny 😆",2020-11-06 16:11:09,-69,['msft']
254877241,$aapl $msft $djia $spy trump cultist literally reveled in how much trump offended other people and now they’re surprised and outraged most people voted against him...,2020-11-06 16:09:19,1,"['djia', 'aapl', 'msft', 'spy']"
254876567,$msft anyone buying here is not doing it right,2020-11-06 16:07:24,-69,['msft']
254875938,analyst summary of #microsoft #msft $msft https://www.finscreener.com/title/analysts?&amp;idcp=6494,2020-11-06 16:05:38,-69,['msft']
254874447,"$msft big people selling tech stocks, ceo&#39;s as well selling them. it&#39;s friday be careful.",2020-11-06 16:01:28,-1,['msft']
254873985,$msft,2020-11-06 16:00:18,-69,['msft']
254873678,$sqqq round 2!!! $aapl $spy $msft,2020-11-06 15:59:33,1,"['aapl', 'msft', 'spy', 'sqqq']"
254873403,$msft no big buys it won&#39;t surprise to be at 210 on monday. bug buyers sold their shares.,2020-11-06 15:58:47,-1,['msft']
254872605,"$aapl can it close above 125 today? it wouldn&#39;t surprise me. we have a &#39;supercycle&#39; and a new event on nov 10. 

$msft $pton $sq $roku",2020-11-06 15:56:36,-69,"['aapl', 'msft', 'sq', 'roku', 'pton']"
254871313,"if you are going to be around tonight please send out a special hello to cnbc&#39;s great chart master carte worth on fast money tonight. i used to say he was right about 20% of the time  but i was being nice 

after he said last friday to &quot;short the $spy &amp; buy puts into the election week&quot; he&#39;s outdone himself once again.

he really does make ta look like a joke, 

$aapl $msft $goog $ba",2020-11-06 15:53:09,-69,"['aapl', 'goog', 'msft', 'ba', 'spy']"
254870635,"$aapl $msft $pton why didn&#39;t we gap up this morning? i guess we&#39;ll do that now. everything should be green in 20 minutes.

free money
zero risk
zero fear
zero skills

just buy the dip. always",2020-11-06 15:51:19,-69,"['aapl', 'msft', 'pton']"
254870587,$msft should be 210 monday,2020-11-06 15:51:10,-1,['msft']
254870497,"$msft not even a single large buy today.only large outflow. careful before you step in. i took opportunity for on pump this morning, but after looking at big selleralw. i am aout and leaning more towards buyong putw for next week",2020-11-06 15:50:55,-69,['msft']
254869092,$fb $msft $aapl $googl $amzn now officially fmaga,2020-11-06 15:47:13,-69,"['aapl', 'amzn', 'msft', 'fb', 'googl']"
254868068,$nflx $msft $dis  over netflix there’s a new king in town https://theforecast.co/whats-next-for-streaming/,2020-11-06 15:44:27,-69,"['msft', 'nflx', 'dis']"
254866923,"nailed it. 39 day streak!! no losing days. dtp&#39;s algo. streaming live and will put up in the next 30 minutes a ticker of everyone&#39;s choice, free for the community. let&#39;s see what our system says (educational purposes only!)

https://youtu.be/c-f8kpsltka

$amzn $aapl $msft $intc $nvda",2020-11-06 15:41:19,-69,"['aapl', 'amzn', 'intc', 'msft', 'nvda']"
254866163,"in the group 3 live analysis session today, we discussed some tech names $googl $amzn $msft $fb  which are all looking very technical.  we do not like to short/sell large cap tech, but we do like to buy extreme areas where buyers may enter for 3 waves reaction at least.  it is important to take partial profits on the bounces from blue boxes and get risk free as soon as possible. #elliottwave #trading #stocks",2020-11-06 15:39:15,-69,"['amzn', 'msft', 'fb', 'googl']"
254866033,look to buy spy puts eod if $msft closes higher than $spy ; if both in the green,2020-11-06 15:38:57,-69,"['msft', 'spy']"
254865515,$msft lot of put buys for next week careful,2020-11-06 15:37:27,-69,['msft']
254864571,$msft weekly profit traders will push this under 220 by eod. should keep going up next week though. it has had a huge run this week and traders will want to put some green ink on the books.,2020-11-06 15:34:55,-69,['msft']
254864183,"$msft 

buyers here 

now that is

funny",2020-11-06 15:33:51,-69,['msft']
254863944,"$fb $msft $aapl  vix getting lower. volatility cooled. election results certain, job numbers great, policy paralysis expected for next 2 years which is good for tech and last sorry reason covid resurgence. tech going higher. expect a 10% run up till year end. slow accumulation in progress.",2020-11-06 15:33:13,1,"['aapl', 'msft', 'fb']"
254860455,$msft out of call with 30%,2020-11-06 15:23:20,1,['msft']
254860290,$msft trade alert for 197.5 and 200p for next week.,2020-11-06 15:22:49,-69,['msft']
254860273,$msft v is here,2020-11-06 15:22:46,1,['msft']
254858324,$cvs maybe this is like when steve left $msft and it grew significantly over the years.,2020-11-06 15:17:06,-69,"['msft', 'cvs']"
254855548,"fortnite to return to apple devices via nvidia cloud gaming service

https://pageone.ng/2020/11/06/fortnite-to-return-to-apple-devices-via-nvidia-cloud-gaming-service/

$aapl $msft $nvda",2020-11-06 15:09:06,-69,"['aapl', 'msft', 'nvda']"
254854528,"nintendo climbs after boosting forecast by 50% on gaming demand

https://pageone.ng/2020/11/06/nintendo-climbs-after-boosting-forecast-by-50-on-gaming-demand/

$ntdoy $msft $sne $aapl",2020-11-06 15:06:32,-69,"['aapl', 'msft', 'sne', 'ntdoy']"
254854262,$msft need this shit under 210,2020-11-06 15:05:52,-1,['msft']
254853472,$aapl $msft $tsla keep calm just the typical friday profit taking sell off especially it being election week heading into the weekend,2020-11-06 15:03:42,1,"['aapl', 'msft', 'tsla']"
254853025,"happy friday, 
a healthy pullback continues from power hour of yesterday. 
$spy $aapl $msft $fb puts right at open are above 100% in profits.",2020-11-06 15:02:37,-1,"['aapl', 'msft', 'spy', 'fb']"
254852471,$msft entry here,2020-11-06 15:01:12,-69,['msft']
254852416,$msft calls now,2020-11-06 15:01:03,1,['msft']
254851962,$msft biden means 🐻,2020-11-06 14:59:58,-1,['msft']
254851510,"📈🚀 symbol: $msft
strike price: 220.0
expiration date: 12/18/2020
buy/sell: buy 📈🚀
call/put: call
ai confidence: 95.42%
premium spent today: 783.61k
bid: 8.05
ask: 8.2
volume:  958 
open interest: 24726",2020-11-06 14:58:46,1,['msft']
254850708,$msft entry here,2020-11-06 14:56:54,1,['msft']
254850497,$msft $aapl $tqqq  as i thought 🤑,2020-11-06 14:56:21,-1,"['aapl', 'msft', 'tqqq']"
254848459,$msft $spy the market is money making machine but only for traders who have time on their side.,2020-11-06 14:51:21,1,"['msft', 'spy']"
254847393,$msft it really likes $219 huh,2020-11-06 14:48:49,-69,['msft']
254846893,"$msft every dip i just build on my
long position!",2020-11-06 14:47:28,-69,['msft']
254846054,$aapl $tsla $msft i never see media so happy cus trump lost.,2020-11-06 14:45:19,-69,"['aapl', 'msft', 'tsla']"
254839980,$msft 🌈🐻,2020-11-06 14:29:04,-1,['msft']
254839520,"$jmia hello to all the new bears spouting nonsense. educate yourself. some basic dd leading up to and during this run. 

$jd $meli $amzn 

citron research: jumia, the generational buy
citronresearch.com/wp-conte...

** subscription needed “famed short-seller andrew left told us about his bullish positions in a magic-mushroom company and a covid-19 test maker — and explained why he&#39;s now all-in on an online retailer he bet against barely a year ago“
businessinsider.com/stock-m...

jumia pay app – gaming platform
techinafrica.com/mondia-and...

africa food index
alkhaleejtoday.co/internati...

diamond trust bank and jumia partner for black friday campaign
techtrendske.co.ke/diamond-...

jumia teamed up with 
$msft
 to mitigate disruption and establish new african supply chain avenues
news.microsoft.com/en-xm/20...

jumia food; the chariot for convenience.
cio.co.ke/jumia-food-the-ch...",2020-11-06 14:27:27,-69,"['amzn', 'meli', 'msft', 'jd', 'jmia']"
254836291,"$aapl $msft $tsla $qqq $spy 
https://twitter.com/firstsquawk/status/1324716387751862274",2020-11-06 14:17:07,1,"['aapl', 'msft', 'spy', 'tsla', 'qqq']"
254835670,"$aapl $msft $tsla $spy first squawk@firstsquawk
donald trump to admit defeat after receiving advice from his advisers - fox news sources",2020-11-06 14:14:55,1,"['aapl', 'msft', 'spy', 'tsla']"
254833021,"$goog $amzn $msft $aapl ... added a few more shrs @ 1739 in the pre-mkt, even thou i was hoping for a bigger near-term sell-off so i can also add more calls later in the day... nevertheless, don&#39;t be surprised to see this +1800 next week after the election results are finalized &amp; a &#39;new&#39; multi-t$ stimulus pkg is announced in dc",2020-11-06 14:04:53,1,"['aapl', 'amzn', 'goog', 'msft']"
