id,body,created_at,sentiment,symbols
254752128,"exlservice ceo rohit kapoor sells $3,549,858.00 in $exls https://www.marketbeat.com/i/414707",2020-11-06 00:48:56,-69,['exls']
254725741,"exlservice holdings&#39;s ceo &amp; vice chairman just disposed of 66,840 shares  http://www.conferencecalltranscripts.org/4/summary/?id=8524114 $exls",2020-11-05 22:41:35,-69,['exls']
254724522,$exls new insider selling: 66840 shares. http://insiderbuyingselling.com/?t=exls,2020-11-05 22:36:37,-69,['exls']
254715925,"$exls $5,203,848.00 of shares sold by kapoor rohit (ceo &amp; vice chairman), reported in a new form 4 filed with the sec  https://newsfilter.io/a/8fea3b49e713776e2769a34255f7b836",2020-11-05 22:05:58,-69,['exls']
254714440,"$exls [15s. delayed] filed sec form 4: ceo &amp; vice chairman kapoor rohit: 
disposed 66,840 of common stock at average price $77.86 on 2020- https://s.flashalert.me/thj34",2020-11-05 22:01:18,-69,['exls']
254697937,"$exls rohit kapoor sold 8,160 shares [high conviction] www.insider-analysis.com/search_transactions.php?ticker=table_exls",2020-11-05 21:17:28,-69,['exls']
254509916,"$exls: new sec filing on ceo &amp; vice chairman, rohit kapoor: https://www.sec.gov/archives/edgar/data/1297989/000110465920121399/xslf345x03/tm2035031d1_4.xml",2020-11-05 03:32:03,-69,['exls']
254466789,"exlservice holdings&#39;s ceo &amp; vice chairman just disposed of 8,935 shares  http://www.conferencecalltranscripts.org/4/summary2/?id=8518648 $exls",2020-11-04 22:20:46,-69,['exls']
254462484,"$exls [15s. delayed] filed sec form 4: ceo &amp; vice chairman kapoor rohit: 
disposed 8,935 of common stock at average price $70.28 between 2 https://s.flashalert.me/swrtr",2020-11-04 22:02:21,-69,['exls']
254462386,"$exls $627,948.71 of shares sold by kapoor rohit (ceo &amp; vice chairman), reported in a new form 4 filed with the sec  

https://newsfilter.io/a/f655413b25e155f40b465ff016fe5102",2020-11-04 22:01:59,-69,['exls']
254062489,"exl nervehub under pending registered trademark approval. application by exlservice holdings, inc. https://uspto.report/tm/90287469 #exlnervehub $exls #nervehub",2020-11-03 08:23:04,-69,['exls']
254029339,"don’t miss out on this! $exls&#39;s price moved above its 50-day moving average on september 28, 2020. view odds for this and other indicators: https://srnk.us/go/2275034",2020-11-03 00:45:28,-69,['exls']
253735822,exlserviceholdings $exls bidaskscore is increased to stronglybought https://bidaskclub.com/news/company/2020-10-30/exls,2020-10-31 18:36:06,-69,['exls']
253712332,pivotpoint bottom signal alert: $exls. more insights: https://stockinvest.us/technical-analysis/exls?utm_source=stocktwits&amp;utm_medium=autopost,2020-10-31 11:33:34,1,['exls']
253419481,last10k highlighted 64 positive and negative remarks in $exls&#39;s 10-q filed today. see them in the quarterly report: https://last10k.com/sec-filings/exls/0001297989-20-000010.htm?utm_source=stocktwits&amp;utm_medium=forum&amp;utm_campaign=sentiment&amp;utm_term=exls,2020-10-29 23:07:09,-69,['exls']
253413159,$exls just filed a 10-q quarterly report with 113 sections and 5 exhibits. access them all or just read their earnings: https://last10k.com/sec-filings/exls/0001297989-20-000010.htm?utm_source=stocktwits&amp;utm_medium=forum&amp;utm_campaign=10kq2040f&amp;utm_term=exls,2020-10-29 22:35:38,-69,['exls']
253385163,exlservice holdings just filed its quarterly report: earnings per shareba... http://www.conferencecalltranscripts.org/q/summary2/?id=8493116 $exls,2020-10-29 20:53:26,-69,['exls']
253382080,"$exls [15s. delayed] filed form 10-q on october 29, 16:43:37 https://s.flashalert.me/bost1",2020-10-29 20:45:13,-69,['exls']
253381925,"$exls form 10-q (quarterly report [sections 13 or 15(d)]) filed with the sec 

https://newsfilter.io/a/c2d8b01789aa87eb7bbc12059e4e212e",2020-10-29 20:44:53,-69,['exls']
253215024,"$exls beats by $0.03, reports revs in-line; guides fy20 eps above consensus, revs in-line https://www.briefing.com/in-depth-analysis/content/article?articleid=in20201029060931exls",2020-10-29 12:34:21,-69,['exls']
253213072,$exls updates fy20 guidance to $3.40 to $3.48 eps. https://www.marketbeat.com/g/52307,2020-10-29 12:25:13,-69,['exls']
253204888,"$exls earnings call today: 8:00 am est 
analyst rating: buy 
webcast: http://mmm.wallstreethorizon.com/u.asp?u=346362",2020-10-29 11:36:59,-69,['exls']
253201296,"$exls reported earnings of $0.85, consensus was $0.84, earnings whisper was $0.99 via @ewhispers #whispermiss http://eps.sh/d/exls",2020-10-29 11:10:19,-69,['exls']
253200368,"exlservice holdings q3 eps $1.04 beats $0.88 estimate, sales $241.02m beat $236.75m estimate

related tickers: $exls",2020-10-29 11:05:33,-69,['exls']
253200272,$exls updates fy 2020pre-market guidance to 3.40-3.48 eps and revenue guidance to $950-958 million. https://www.marketbeat.com/g/52254,2020-10-29 11:05:11,-69,['exls']
253198655,$exls just filed with the sec a earnings release and a financial exhibit https://last10k.com/sec-filings/exls/0001297989-20-000009.htm?utm_source=stocktwits&amp;utm_medium=forum&amp;utm_campaign=8k&amp;utm_term=exls,2020-10-29 10:54:01,-69,['exls']
253196958,$exls: exl reports 2020 third quarter results https://www.chartmill.com/news/exls/globenews-2020-10-29-exl-reports-2020-third-quarter-results?utm_source=stocktwits&amp;utm_medium=pressrelease&amp;utm_content=exls&amp;utm_campaign=social_tracking,2020-10-29 10:36:00,-69,['exls']
253195985,$exls exl reports 2020 third quarter results https://www.otcdynamics.com/exls-exl-reports-2020-third-quarter-results,2020-10-29 10:24:39,-69,['exls']
253195337,"$exls exlservice eps beats by $0.03, beats on revenue 

https://newsfilter.io/a/f4dec31938cc46b83509b90349fc694f",2020-10-29 10:16:09,-69,['exls']
253194737,exlservice: exl reports 2020 third quarter results  http://www.conferencecalltranscripts.org/8/summary2/?id=8489271 $exls,2020-10-29 10:10:17,-69,['exls']
253194647,"$exls [15s. delayed] filed form 8-k on october 29, 06:05:11: item2.02: results of operations &amp; financial condition https://s.flashalert.me/qx3jpq",2020-10-29 10:09:22,-69,['exls']
253194605,"$exls form 8-k: results of operations and financial condition. on october 29, 2020, exlservice holdings reported its results of operations for the three months ended september 30, 2020. a copy of the .. 

https://newsfilter.io/a/821124d92ecca911c9b533b689156828",2020-10-29 10:09:00,-69,['exls']
253194287,exl reports 2020 third quarter results http://www.conferencecalltranscripts.org/summary/?id=81082&amp;pr=true $exls,2020-10-29 10:06:17,-69,['exls']
253194179,$exls new article : exl reports 2020 third quarter results https://www.stck.pro/news/exls/8814670,2020-10-29 10:05:25,-69,['exls']
253193931,"$exls [15s. delayed, acc.~90%, always check] earnings release october 29, 06:00:00: q3: non-gaap eps of $1.04, gaap eps of $0.76, revenue  https://s.flashalert.me/pdnyd",2020-10-29 10:02:12,-69,['exls']
253193928,"$exls [15s. delayed]: issued press release on october 29, 06:00:00: exl reports 2020 third quarter results https://s.flashalert.me/pand3",2020-10-29 10:02:11,-69,['exls']
253193865,"$exls exl reports 2020 third quarter results 

https://newsfilter.io/a/10c5e7755c87c6c8d4ad38f38530358c",2020-10-29 10:01:34,-69,['exls']
253193724,"$exls exl reports 2020 third quarter results
https://www.stocktitan.net/news/exls/exl-reports-2020-third-quarter-x279e00dnm3i.html",2020-10-29 10:00:13,-69,['exls']
253058127,"$exls reports before the open tomorrow, estimize consensus +0.01 eps and +1.37m revs compared to ws
http://www.estimize.com/exls/fq3-2020?utm_content=prerelease&amp;utm_medium=tweet&amp;utm_source=stocktwits",2020-10-28 18:01:01,-69,['exls']
253041890,$exls is scheduled to report #earnings before the market opens tomorrow via @ewhispers http://eps.sh/s/exls,2020-10-28 17:03:53,-69,['exls']
252955102,$exls: exl named as 2020 cummins covid-19 outstanding supplier https://www.chartmill.com/news/exls/globenews-2020-10-28-exl-named-as-2020-cummins-covid-19-outstanding-supplier?utm_source=stocktwits&amp;utm_medium=pressrelease&amp;utm_content=exls&amp;utm_campaign=social_tracking,2020-10-28 13:07:00,-69,['exls']
252946619,$exls new article : exl named as 2020 cummins covid-19 outstanding supplier https://www.stck.pro/news/exls/8797756,2020-10-28 12:35:39,-69,['exls']
252945995,exl named as 2020 cummins covid-19 outstanding supplier http://www.conferencecalltranscripts.org/summary/?id=80069&amp;pr=true $exls,2020-10-28 12:33:12,-69,['exls']
252945350,"$exls $cmi exl named as 2020 cummins covid-19 outstanding supplier 

https://newsfilter.io/a/d184691477c3853e8b66d9c8912ed66a",2020-10-28 12:30:43,-69,"['exls', 'cmi']"
252945197,"$exls exl named as 2020 cummins covid-19 outstanding supplier
https://www.stocktitan.net/news/exls/exl-named-as-2020-cummins-covid-19-outstanding-e6x6azgd246s.html

#covid19",2020-10-28 12:30:10,-69,['exls']
252792257,$exls puts,2020-10-27 18:12:27,-1,['exls']
252470525,$exls new article : exl achieves leader and star performer placement in everest group peak matrix® for l&amp;p insurance bpo https://www.stck.pro/news/exls/8747408,2020-10-26 12:34:12,-69,['exls']
252470345,exl achieves leader and star performer placement in everest group peak matrix® for l&amp;p insurance bpo http://www.conferencecalltranscripts.org/summary/?id=77674&amp;pr=true $exls,2020-10-26 12:33:22,-69,['exls']
252470175,"$exls [15s. delayed]: issued press release on october 26, 08:30:00: exl achieves leader and star performer placement in everest group peak https://s.flashalert.me/ayqbu",2020-10-26 12:32:23,-69,['exls']
252469731,"$exls exl achieves leader and star performer placement in everest group peak matrix® for l&amp;p insurance bpo
https://www.stocktitan.net/news/exls/exl-achieves-leader-and-star-performer-placement-in-everest-group-11ar372rs12z.html",2020-10-26 12:30:10,-69,['exls']
252344979,exlserviceholdings $exls bidaskscore is increased to bought https://bidaskclub.com/news/company/2020-10-23/exls,2020-10-24 18:29:02,-69,['exls']
251295502,$exls: exl recognized as 2020 gartner peer insights customers? choice for data and analytics service providers https://www.chartmill.com/stock/quote/exls/news?utm_source=stocktwits&amp;utm_medium=pressrelease&amp;utm_content=exls&amp;utm_campaign=social_tracking,2020-10-20 13:11:00,-69,['exls']
251291938,$exls exl recognized as 2020 gartner peer insights customers’ choice for data and analytics service providers https://www.otcdynamics.com/exls-exl-recognized-as-2020-gartner-peer-insights-customers-choice-for-data-and-analytics-service-providers,2020-10-20 12:56:07,-69,['exls']
251287318,$exls new article : exl recognized as 2020 gartner peer insights customers&#39; choice for data and analytics service providers https://www.stck.pro/news/exls/8602413,2020-10-20 12:33:24,-69,['exls']
251287216,exl recognized as 2020 gartner peer insights customers’ choice for data and analytics service providers http://www.conferencecalltranscripts.org/summary/?id=73189&amp;pr=true $exls,2020-10-20 12:32:55,-69,['exls']
251286907,"$exls [15s. delayed]: issued press release on october 20, 08:30:00: exl recognized as 2020 gartner peer insights customers’ choice for dat https://s.flashalert.me/9aodp",2020-10-20 12:31:22,-69,['exls']
251238519,"exl xtrakto.ai is being trademarked by exlservice holdings, inc. https://uspto.report/tm/90256589 #exlxtraktoai $exls #xtraktoai",2020-10-20 00:55:59,-69,['exls']
250896829,$exls - secures trading-day 1.57 in market facilitation index. upcoming… https://www.macroaxis.com/invest/forecast/exls/market-facilitation-index #stocks #earnings,2020-10-17 07:12:32,-69,['exls']
250745607,exlserviceholdings $exls bidaskscore is increased to held https://bidaskclub.com/news/company/2020-10-15/exls,2020-10-16 15:14:02,-69,['exls']
250298309,"$exls vikas bhalla sold 2,000 shares [average conviction] www.insider-analysis.com/search_transactions.php?ticker=table_exls",2020-10-14 19:40:05,-69,['exls']
