id,body,created_at,sentiment,symbols
254781498,$g .,2020-11-06 04:30:28,1,['g']
254660305,$g,2020-11-05 19:19:32,1,['g']
254561173,$g: cmmi institute appraises genpact at cmmi v2.0 maturity level 5 https://www.chartmill.com/stock/quote/g/news?utm_source=stocktwits&amp;utm_medium=pressrelease&amp;utm_content=g&amp;utm_campaign=social_tracking,2020-11-05 13:47:00,-69,['g']
254558155,$g new article : cmmi institute appraises genpact at cmmi v2.0 maturity level 5 https://www.stck.pro/news/g/8949916,2020-11-05 13:33:05,-69,['g']
254556588,"$g [15s. delayed]: issued press release on november 05, 08:15:00: cmmi institute appraises genpact at cmmi v2.0 maturity level 5 https://s.flashalert.me/fvzg9b",2020-11-05 13:26:00,-69,['g']
254554228,"$g cmmi institute appraises genpact at cmmi v2.0 maturity level 5 

https://newsfilter.io/a/e5636edc6f7f32d53b6200f1d4a6f89d",2020-11-05 13:15:32,-69,['g']
254554221,"$g cmmi institute appraises genpact at cmmi v2.0 maturity level 5
https://www.stocktitan.net/news/g/cmmi-institute-appraises-genpact-at-cmmi-v2-0-maturity-level-9u0ivpau78nr.html",2020-11-05 13:15:31,-69,['g']
254543220,"how does this make you feel? $g in uptrend: price may ascend as a result of having broken its lower bollinger band on october 28, 2020. view odds for this and other indicators: https://srnk.us/go/2283860",2020-11-05 12:11:27,-69,['g']
254527932,$g,2020-11-05 08:45:21,1,['g']
254527794,$g,2020-11-05 08:41:30,1,['g']
254306861,genpact $g bidaskscore is upgraded to sold https://bidaskclub.com/news/company/2020-11-03/g,2020-11-04 09:29:03,-69,['g']
254164697,"$g 
target lowered by bmo capital markets market perform usd 48 » usd 42 
target lowered by needham &amp; company llc buy usd 48 » usd 45
https://www.stocktargetadvisor.com/stock/usa/nye/g#analyst-rating-tab",2020-11-03 17:56:21,-69,['g']
254119501,"wall street’s key stock analysts research report, all buys
#stocks #bullish #buys #analysts #research #wallstreet

$clx $g $hook $kim $nice

these are all buys if you can manage the risk.

daily heffx-ltn reviews dozens of wall street’s key analysts research reports to id new trading and investing ideas for heffx-ltn readers. these reports cover stocks to buy

below are our buy calls for tuesday, 3 november...

https://www.livetradingnews.com/wall-streets-key-stock-analysts-research-report-all-buys-139-200191.html",2020-11-03 15:21:08,1,"['nice', 'clx', 'g', 'kim', 'hook']"
254084127,"$g
g target lowered by needham &amp; company llc with price target $48.00 ➝ $45.00 and rating buy
source:https://www.marketbeat.com/ratings/
view the full list of news/momentum plays on watch at : bit.ly/32gfart
[no bias / position]
[find me at https://stocktwits.com/sbiswas | https://twitter.com/soumyajyoti_b]&quot;",2020-11-03 13:14:33,-69,['g']
254077814,"$g beats by $0.07, beats on revs; guides fy20 eps above consensus, revs above consensus https://www.briefing.com/in-depth-analysis/content/article?articleid=in20201102160758g",2020-11-03 12:37:45,-69,['g']
254068459,$g needham maintains to buy : pt $45.00 https://stockhoot.com/extsymbol.aspx?from=analystratingtweet&amp;symbol=g&amp;t=961&amp;social=stocktwits,2020-11-03 11:03:06,-69,['g']
254038471,$g updates fy20 guidance to $2.08-2.11 eps and revenue guidance to $3.68-3.695 billion. https://www.marketbeat.com/g/52611,2020-11-03 02:04:18,-69,['g']
254037419,"$g beats the estimize eps consensus by 4c and the estimize revenue consensus by $30.55m. reports fq3 earnings of 56c eps and $935.52m revs
http://www.estimize.com/g/fq3-2020?utm_content=beat_or_miss&amp;utm_medium=tweet&amp;utm_source=stocktwits",2020-11-03 01:54:52,-69,['g']
254025791,peak profit for the last 6 expired option alerts for $g 6.15| -92.86| -45.45| 92.59| 160.00| 205.88|,2020-11-03 00:17:20,-69,['g']
254009598,$g new article : recap: genpact q3 earnings https://www.stck.pro/news/g/8895421,2020-11-02 22:29:07,-69,['g']
254001639,"$g earnings are out!! - get chart, ratings, trade ideas https://stockhoot.com/earningscalendar.aspx?from=afterearningstweet&amp;symbol=g&amp;t=528&amp;social=stocktwits",2020-11-02 21:51:32,-69,['g']
253999755,"$g new article : genpact eps beats by $0.07, beats on revenue https://www.stck.pro/news/g/8893583",2020-11-02 21:42:52,-69,['g']
253998453,$g updates fy 2020after-hours guidance to 2.08-2.11 eps and revenue guidance to $3.68-3.695 billion. https://www.marketbeat.com/g/52558,2020-11-02 21:37:30,-69,['g']
253994326,"genpact raises fy20 guidance: sales from $3.63b-$3.67b to $3.68b-$3.695b vs $3.66b estimate, adj. eps from $2.03-$2.07 to $2.08-$2.11 vs $2.06 est.

related tickers: $g",2020-11-02 21:22:39,-69,['g']
253993477,"genpact q3 adj. eps $0.56 beats $0.49 estimate, sales $936.00m beat $903.59m estimate

related tickers: $g",2020-11-02 21:20:11,-69,['g']
253992799,genpact reports third quarter 2020 results  http://www.conferencecalltranscripts.org/8/summary2/?id=8506746 $g,2020-11-02 21:18:05,-69,['g']
253992691,$g just filed with the sec a earnings release and a financial exhibit https://last10k.com/sec-filings/g/0001564590-20-049649.htm?utm_source=stocktwits&amp;utm_medium=forum&amp;utm_campaign=8k&amp;utm_term=g,2020-11-02 21:17:47,-69,['g']
253992116,genpact reports third quarter 2020 results http://www.conferencecalltranscripts.org/summary/?id=84931&amp;pr=true $g,2020-11-02 21:16:21,-69,['g']
253991443,"$g [15s. delayed] filed form 8-k on november 02, 16:13:30: item2.02: results of operations &amp; financial condition https://s.flashalert.me/kgo4z",2020-11-02 21:14:35,-69,['g']
253991320,"$g form 8-k: results of operations and financial condition. on november 2, 2020, genpact issued a press release announcing its financial results for the three months ended september 30, 2020. the comp.. 

https://newsfilter.io/a/84a9755ab857be9fdab41d934beced36",2020-11-02 21:14:13,-69,['g']
253990825,$g genpact reports third quarter 2020 results https://www.otcdynamics.com/g-genpact-reports-third-quarter-2020-results,2020-11-02 21:12:46,-69,['g']
253989564,"$g reported earnings of $0.56, consensus was $0.42 via @ewhispers #epsbeat http://eps.sh/d/g",2020-11-02 21:09:24,-69,['g']
253989007,"$g genpact eps beats by $0.07, beats on revenue 

https://newsfilter.io/a/d5d05c50987238c30c856d06bf887886",2020-11-02 21:08:04,-69,['g']
253988065,"$g earnings call today: 4:30 pm est 
webcast: http://mmm.wallstreethorizon.com/u.asp?u=346367 
stockpods beta is now live. visit to find analyst ratings, stock price targets, and phone/pin for today&#39;s earnings calls: https://www.stockpods.com",2020-11-02 21:05:58,-69,['g']
253986646,"$g genpact reports third quarter 2020 results 

https://newsfilter.io/a/3875563883b39840e160fdee149349d3",2020-11-02 21:02:14,-69,['g']
253986595,"$g genpact reports third quarter 2020 results
https://www.stocktitan.net/news/g/genpact-reports-third-quarter-2020-m3bvw7nllvpd.html",2020-11-02 21:02:07,-69,['g']
253911059,"$g reports after the close, estimize consensus +0.02 eps and +1.19m revs compared to ws
http://www.estimize.com/g/fq3-2020?utm_content=prerelease&amp;utm_medium=tweet&amp;utm_source=stocktwits",2020-11-02 16:00:41,-69,['g']
253844995,"genpact limited ($g) 3q20 earnings sneak preview 
 
https://www.stockmarketintellects.com/genpact-limited-g-3q20-earnings-sneak-preview/",2020-11-02 06:45:15,-69,['g']
253813882,$g new article : genpact q3 2020 earnings preview https://www.stck.pro/news/g/8869451,2020-11-01 22:43:11,-69,['g']
253713608,"if you’re trading this week, read this! $g enters a downtrend as momentum indicator dropped below the 0 level on october 16, 2020. view odds for this and other indicators: https://srnk.us/go/2265656",2020-10-31 12:14:07,-69,['g']
253182317,"the short list is big at turbo tonight, we&#39;ll see if any play out for us

$ccl $dis $wynn $g $knl are some of those names on it",2020-10-29 05:02:14,-69,"['wynn', 'ccl', 'dis', 'g', 'knl']"
253152185,genpact $g bidaskscore is #reiterated to stronglysold https://bidaskclub.com/news/company/2020-10-27/g,2020-10-29 00:14:03,-69,['g']
252914274,$g,2020-10-28 05:34:47,1,['g']
252908428,"td buy $g at 35.30, supp 35.30 resis 40.11 r14  hilo 62% t1y 47 buy 1.9 pe 21.7 div 1.10% #genpact li #stocks #trading #finance #market https://tinyurl.com/y55r4yyt",2020-10-28 03:50:15,1,['g']
252846735,$g,2020-10-27 21:00:04,1,['g']
252666621,the goodyear tire &amp; rubber to release earnings before the market opens on friday. analysts expect -0.08 eps. www.marketbeat.com/p/493113 $g,2020-10-27 05:01:29,-69,['g']
251768270,$g announced a dividend (ord/genpact ltd) https://www.dividendinvestor.com/dn/2885937,2020-10-22 00:18:01,-69,['g']
251728664,$g: genpact limited board declares quarterly cash dividend https://www.chartmill.com/news/g/prnews-2020-10-21-genpact-limited-board-declares-quarterly-cash-dividend?utm_source=stocktwits&amp;utm_medium=pressrelease&amp;utm_content=g&amp;utm_campaign=social_tracking,2020-10-21 20:59:00,-69,['g']
251721443,$g genpact limited board declares quarterly cash dividend https://www.otcdynamics.com/g-genpact-limited-board-declares-quarterly-cash-dividend,2020-10-21 20:33:34,-69,['g']
251719944,"$g [15s. delayed]: issued press release on october 21, 16:15:00: genpact limited board declares quarterly cash dividend https://s.flashalert.me/rno5da",2020-10-21 20:29:40,-69,['g']
251718999,$g new article : genpact limited board declares quarterly cash dividend https://www.stck.pro/news/g/8638064,2020-10-21 20:26:59,-69,['g']
251716848,genpact limited board declares quarterly cash dividend http://www.conferencecalltranscripts.org/summary/?id=75027&amp;pr=true $g,2020-10-21 20:21:07,-69,['g']
251714460,"$g genpact limited board declares quarterly cash dividend
https://www.stocktitan.net/news/g/genpact-limited-board-declares-quarterly-cash-v2rludalnhsk.html

#dividends",2020-10-21 20:15:35,-69,['g']
251568932,$g&lt;37.19,2020-10-21 13:29:16,-69,['g']
251554712,"genpact named a leader in sustainability in the frost &amp;amp, sullivan and teri sustainability 4.0 awards for 2020 http://www.conferencecalltranscripts.org/summary/?id=74498&amp;pr=true $g",2020-10-21 12:37:01,-69,['g']
251553713,$g: genpact named a leader in sustainability in the frost &amp; sullivan and teri sustainability 4.0 awards for 2020 https://www.chartmill.com/news/g/prnews-2020-10-21-genpact-named-a-leader-in-sustainability-in-the-frost-and-sullivan-and-teri-sustainability-40-awards-for-2020?utm_source=stocktwits&amp;utm_medium=pressrelease&amp;utm_content=g&amp;utm_campaign=social_tracking,2020-10-21 12:33:00,-69,['g']
251552840,$g new article : genpact named a leader in sustainability in the frost &amp; sullivan and teri sustainability 4.0 awards for 2020 https://www.stck.pro/news/g/8628836,2020-10-21 12:29:27,-69,['g']
251552167,"$g [15s. delayed]: issued press release on october 21, 08:15:00: genpact named a leader in sustainability in the frost &amp;amp; sullivan and  https://s.flashalert.me/gpdyb",2020-10-21 12:26:15,-69,['g']
251549817,"$g genpact named a leader in sustainability in the frost &amp; sullivan and teri sustainability 4.0 awards for 2020
https://www.stocktitan.net/news/g/genpact-named-a-leader-in-sustainability-in-the-frost-sullivan-and-v3x3p32sjrz6.html",2020-10-21 12:15:25,-69,['g']
251355123,$g,2020-10-20 15:47:19,1,['g']
250802897,"$g green to red move:  +1.26% to -0.36%  
 https://www.sleekoptions.com/sleekscan.aspx?did=g",2020-10-16 18:25:18,-69,['g']
250420558,$g down 3 days in a row. 40.11 | 39.2 | 38.92 | 37.74 |  https://www.sleekoptions.com/sleekscan.aspx?sub1=dscan,2020-10-15 12:11:09,-69,['g']
249693539,"$rkt $spy $g make boobs great again.  
. 
. 
. 
and now i&#39;m thirsty.",2020-10-12 15:07:22,1,"['g', 'rkt', 'spy']"
249298931,$g buying low volume dip here we know what we in for with @reformed_trader,2020-10-09 14:34:04,1,['g']
249230835,$g,2020-10-09 07:58:27,1,['g']
249228399,$g,2020-10-09 06:36:53,1,['g']
248954315,$g 0.84%,2020-10-08 09:13:08,-69,['g']
248954226,$g 0.84%,2020-10-08 09:11:04,-69,['g']
248953701,genpact $g bidaskscore is lowered to stronglysold https://bidaskclub.com/news/company/2020-10-07/g,2020-10-08 09:01:03,-69,['g']
248953500,$g 0.84%,2020-10-08 08:57:05,-69,['g']
248196605,$g acquires something digital; terms not disclosed https://www.briefing.com/in-depth-analysis/content/article?articleid=in20201005090600g,2020-10-05 15:08:05,-69,['g']
248173971,"$g new article : genpact continues its investment in rightpoint with acquisition of ecommerce agency, something digital https://www.stck.pro/news/g/8241518",2020-10-05 14:01:20,-69,['g']
248166378,"$g: genpact continues its investment in rightpoint with acquisition of ecommerce agency, something digital https://www.chartmill.com/stock/quote/g/news?utm_source=stocktwits&amp;utm_medium=pressrelease&amp;utm_content=g&amp;utm_campaign=social_tracking",2020-10-05 13:41:00,-69,['g']
248163462,"$g - http://www.trade-ideas.com/ticky/ticky.html?symbol=g - there it is, the pullback...time to get set - running down: -1.43 in 8 minutes 6 seconds",2020-10-05 13:31:32,-69,['g']
248160670,$g new article : genpact acquires something digital https://www.stck.pro/news/g/8241408,2020-10-05 13:20:05,-69,['g']
248160210,"genpact continues its investment in rightpoint with acquisition of ecommerce agency, something digital http://www.conferencecalltranscripts.org/summary/?id=64242&amp;pr=true $g",2020-10-05 13:18:02,-69,['g']
248160187,"$g genpact continues its investment in rightpoint with acquisition of ecommerce agency, something digital https://www.otcdynamics.com/g-genpact-continues-its-investment-in-rightpoint-with-acquisition-of-ecommerce-agency-something-digital",2020-10-05 13:17:57,-69,['g']
248158921,"$g [15s. delayed]: issued press release on october 05, 09:03:00: genpact continues its investment in rightpoint with acquisition of ecomme https://s.flashalert.me/qpapb",2020-10-05 13:12:44,-69,['g']
248157320,"$g genpact continues its investment in rightpoint with acquisition of ecommerce agency, something digital
https://www.stocktitan.net/news/g/genpact-continues-its-investment-in-rightpoint-with-acquisition-of-e-0b2taozmyu0w.html",2020-10-05 13:05:33,-69,['g']
247982339,genpact limited ($g) piotroski f score: 7. strong https://www.macroaxis.com/invest/stock/g/genpact-limited #trading #ideas #stocks,2020-10-03 07:53:02,-69,['g']
247819880,$g,2020-10-02 14:57:51,1,['g']
247767844,$g: genpact schedules earnings release and conference call for third quarter 2020 results https://www.chartmill.com/news/g/prnews-2020-10-2-genpact-schedules-earnings-release-and-conference-call-for-third-quarter-2020-results?utm_source=stocktwits&amp;utm_medium=pressrelease&amp;utm_content=g&amp;utm_campaign=social_tracking,2020-10-02 12:35:00,-69,['g']
247766768,$g new article : genpact schedules earnings release and conference call for third quarter 2020 results https://www.stck.pro/news/g/8172567,2020-10-02 12:31:06,-69,['g']
247766460,genpact schedules earnings release and conference call for third quarter 2020 results http://www.conferencecalltranscripts.org/summary/?id=63512&amp;pr=true $g,2020-10-02 12:30:04,-69,['g']
247762617,"$g genpact schedules earnings release and conference call for third quarter 2020 results
https://www.stocktitan.net/news/g/genpact-schedules-earnings-release-and-conference-call-for-third-17vyb05er4vm.html

#earnings",2020-10-02 12:15:25,-69,['g']
247739719,$g,2020-10-02 09:49:22,1,['g']
247738808,$g,2020-10-02 09:38:22,1,['g']
247734562,$g,2020-10-02 08:40:56,1,['g']
247711915,$g,2020-10-02 05:02:41,1,['g']
247558074,$g green to red move:  +1.49% to -0.44% https://www.sleekoptions.com/sleekscan.aspx?did=g,2020-10-01 16:32:40,-69,['g']
247046198,$g🚀🚀🚀🚀,2020-09-29 19:22:59,-69,['g']
246554017,"does this make you nervous? $g&#39;s aroon indicator reaches into uptrend on september 3, 2020. view odds for this and other indicators: https://srnk.us/go/2144389",2020-09-27 09:03:11,-69,['g']
245143768,$hoth gonna fly soon!! $ta.ca $g $day.ca $d,2020-09-21 14:09:30,-69,"['d', 'g', 'day.ca', 'ta.ca', 'hoth']"
245078922,genpact $g bidaskscore is #reiterated to sold https://bidaskclub.com/news/company/2020-09-18/g,2020-09-21 06:18:02,-69,['g']
244922640,$g - compare genpact to exlservice… https://www.macroaxis.com/invest/pair-correlation/g/exls/genpact-vs-exlservice #portfolio_prospective #better_portfolio #diversify,2020-09-19 06:20:32,-69,['g']
244833606,"what are the hedge funds going to do now? $g in uptrend: price expected to rise as it breaks its lower bollinger band on september 3, 2020. view odds for this and other indicators: https://srnk.us/go/2114621",2020-09-18 19:43:33,-69,['g']
244659223,$g was analyzed by 10 analysts. the buy consensus is at 90%. so analysts seem to be very confident about $g. https://www.chartmill.com/stock/quote/g/analyst-ratings?utm_source=stocktwits&amp;utm_medium=analyst&amp;utm_content=g&amp;utm_campaign=social_tracking,2020-09-18 08:02:00,-69,['g']
243797844,genpact limited (nyse:g) short interest down 29.2% in august $g #g https://www.marketbeat.com/n/4460501/,2020-09-15 11:03:35,-69,['g']
243782938,$g had approximately 9m usd go to the short side at 70 pct short  the bears are on the attack  https://www.algowins.com/?wdt_column_filter[1]=g,2020-09-15 06:13:52,-1,['g']
243758908,"$rkt long like the vapour trail off a screaming rocket. do some aeorobics, you may need them for the $g forces.",2020-09-15 01:42:16,1,"['g', 'rkt']"
243500716,$g sitting on a strong line of support here at $38.. time to fly.,2020-09-14 03:51:22,1,['g']
242985041,"$g trade en g 750sh $38.90. 10sep trade manually
closed upon sharp re-
versal in the markets
@38.45
p&amp;l: -$345.73",2020-09-10 19:25:30,1,['g']
242897214,$g talk to someone about themselves and they’ll listen for hours.,2020-09-10 15:08:10,1,['g']
242603787,"$g trade en g 750sh $38.90. 09sep entry @38.90
shares: 750",2020-09-09 14:08:29,1,['g']
242562578,"should you buy genpact limited ($g) before its ex-dividend tomorrow? 
 
https://www.stockmarketintellects.com/should-you-buy-genpact-limited-g-before-its-ex-dividend-tomorrow/",2020-09-09 11:32:11,-69,['g']
242533044,tf sell $g at 38.42 : 38.61 midcap 98% shp 2.26 s 1.32 n 1.15 rsi 34.66% srsi 0% adxr 28.43 #stocks #trading #finance #market https://bit.ly/3haggkw,2020-09-09 03:44:56,-1,['g']
242530820,$vgx.x gonna buy another $g for cheap this friday. 💰 yolo,2020-09-09 03:22:08,1,"['g', 'vgx.x']"
242464112,$boxl another day another -$g.5 until tomorrow 🤞,2020-09-08 20:59:02,-69,"['g', 'boxl']"
241907928,"$boxl another day, another $g.5 🤬",2020-09-04 17:10:02,-69,"['g', 'boxl']"
241424242,2020-09-02 short sale volume (not short interest) for $g is 50%. http://shortvolumes.com/?t=g via @shortvolumes,2020-09-03 06:23:35,-69,['g']
241422096,analysts expect genpact limited (nyse:g) will announce quarterly sales of $905.46 million $g #g https://www.marketbeat.com/n/4449106/,2020-09-03 05:46:16,-69,['g']
240852657,$g good shixx for long term in my opinion.,2020-09-01 15:42:56,-69,['g']
240510106,"$g p/e ratio insights for genpact 

https://newsfilter.io/a/2001f4f1c7b708097a8125a4062b01de",2020-08-31 14:37:46,-69,['g']
240341398,genpact limited (nyse:g) receives consensus recommendation of &quot;buy&quot; from brokerages $g #g https://www.marketbeat.com/n/4444969/,2020-08-30 06:36:05,-69,['g']
239140768,"is this good for your portfolio? $g in uptrend: 50-day moving average crossed above 200-day moving average on august 12, 2020. view odds for this and other indicators: https://srnk.us/go/2026912",2020-08-25 18:09:11,-69,['g']
239017297,genpact $g bidaskscore is lowered to sold https://bidaskclub.com/news/company/2020-08-24/g,2020-08-25 13:14:02,-69,['g']
237912225,"$g  alerted this morning at .91. alerted $nmtr as well. check my history.

follow me for more",2020-08-20 15:44:28,-69,"['g', 'nmtr']"
237502000,$g new article : genpact receives association for talent development best award https://www.stck.pro/news/g/7082822,2020-08-19 12:27:31,-69,['g']
237499504,"$g genpact receives association for talent development best award 

https://newsfilter.io/a/8e6b8f6e41172aac1ffe06d6945937d2",2020-08-19 12:15:30,-69,['g']
237499499,"$g genpact receives association for talent development best award
https://www.stocktitan.net/news/g/genpact-receives-association-for-talent-development-best-p351q1jzdxr8.html",2020-08-19 12:15:29,-69,['g']
237458300,$g  come on break that 200 level dies u pig $185 my target to sell put or go login via put spread,2020-08-19 02:48:59,-1,['g']
237199818,$g new article : genpact named as a leader in the everest group insurance analytics and insights peak matrix 2020 https://www.stck.pro/news/g/7055530,2020-08-18 12:27:22,-69,['g']
237199813,"$g [15s. delayed]: issued press release on august 18, 08:15:00: genpact named as a leader in the everest group insurance analytics and ins https://s.flashalert.me/bozed",2020-08-18 12:27:19,-69,['g']
237199743,genpact named as a leader in the everest group insurance analytics and insights peak matrix 2020 http://www.conferencecalltranscripts.org/include?location=https://www.prnewswire.com:443/news-releases/genpact-named-as-a-leader-in-the-everest-group-insurance-analytics-and-insights-peak-matrix-2020-301113231.html $g,2020-08-18 12:27:02,-69,['g']
237197125,"$g genpact named as a leader in the everest group insurance analytics and insights peak matrix 2020 

https://newsfilter.io/a/10ca50cd5164f0335f38fbe15b9a6da5",2020-08-18 12:15:31,-69,['g']
237197115,"$g genpact named as a leader in the everest group insurance analytics and insights peak matrix 2020
https://www.stocktitan.net/news/g/genpact-named-as-a-leader-in-the-everest-group-insurance-analytics-3hjb25nrczj7.html",2020-08-18 12:15:27,-69,['g']
236975306,genpact&#39;s pt raised by jpmorgan chase &amp; co. to $52.00. overweight rating. https://www.marketbeat.com/r/1467118 $g,2020-08-17 15:09:33,-69,['g']
236706857,#goldencross $g at 41.83 r5  hilo 87% t1y 47 buy pe 25.7 div 0.93% #genpact li #stocks #trading #finance #market https://bit.ly/30ycwlv,2020-08-15 03:43:38,1,['g']
236480448,truist securiti raises goldman sachs bdc q3 2021 earnings estimates to $0.45 eps (previously $0.44). https://www.marketbeat.com/x/892975 $g,2020-08-14 13:37:59,-69,['g']
236448967,piper sandler raises gulfport energy q3 2020 earnings estimates to ($0.10) eps (previously ($0.17)). https://www.marketbeat.com/x/892972 $g,2020-08-14 12:00:08,-69,['g']
236344205,"$g heather white sold 5,019 shares [low conviction] www.insider-analysis.com/search_transactions.php?ticker=table_g",2020-08-13 22:10:57,-69,['g']
236343215,"$g carol lindstrom sold 2,500 shares [low conviction] www.insider-analysis.com/search_transactions.php?ticker=table_g",2020-08-13 22:08:55,-69,['g']
236150160,"$g p/e ratio insights for genpact 

https://newsfilter.io/a/bc5733eb06eaa9925bf6ead5cc07d2e6",2020-08-13 14:55:11,-69,['g']
236091445,truist securiti raises goldman sachs bdc q1 2021 earnings estimates to $0.45 eps (previously $0.43). https://www.marketbeat.com/x/891704 $g,2020-08-13 13:00:00,-69,['g']
236029874,"#fwsells $g lindstrom carol, director of genpact ltd sold 2500 shares on 2020-08-11. https://formwhispers.com/s?t=g",2020-08-13 03:39:17,-69,['g']
236029867,"#fwsells $g white heather, svp &amp; general counsel of genpact ltd sold 5019 shares on 2020-08-11. https://formwhispers.com/s?t=g",2020-08-13 03:39:14,-69,['g']
235936320,"$g: new sec filing on svp &amp; general counsel, heather white: https://www.sec.gov/archives/edgar/data/1398659/000156761920014901/xslf345x03/doc1.xml",2020-08-12 20:48:02,-69,['g']
235922395,"genpact limited&#39;s svp &amp; general counsel just disposed of 5,019 shares  http://www.conferencecalltranscripts.org/4/summary/?id=8232154 $g",2020-08-12 20:14:46,-69,['g']
235922135,"$g $210,848.19 of shares sold by white heather (svp &amp; general counsel), reported in a new form 4 filed with the sec  https://newsfilter.io/a/3016a6abf22de95d7890272e546e7122",2020-08-12 20:14:12,-69,['g']
235921038,"genpact limited director just disposed of 2,500 shares  http://www.conferencecalltranscripts.org/4/summary2/?id=8232122 $g",2020-08-12 20:11:48,-69,['g']
235919852,"$g [15s. delayed] filed sec form 4: svp &amp; general counsel white heather: 
disposed 5,019 of common shares at price $42.01 on 2020-08-11, d https://s.flashalert.me/yhqsb",2020-08-12 20:09:32,-69,['g']
235918840,"$g [15s. delayed] filed sec form 4: director lindstrom carol: 
disposed 2,500 of common shares at price $41.82 on 2020-08-11, decreased ho https://s.flashalert.me/c7nzx",2020-08-12 20:07:34,-69,['g']
235918642,"$g $104,550.00 of shares sold by lindstrom carol (director), reported in a new form 4 filed with the sec  

https://newsfilter.io/a/fd474df9ae5e10f704e964565fb55aef",2020-08-12 20:07:12,-69,['g']
235312740,$g just filed a 10-q quarterly report with 127 sections and 4 exhibits. access them all or just read their earnings: https://last10k.com/sec-filings/g/0001564590-20-039007.htm?utm_source=stocktwits&amp;utm_medium=forum&amp;utm_campaign=10kq2040f&amp;utm_term=g,2020-08-11 10:07:35,-69,['g']
235216857,genpact limited just filed its quarterly report: 18. earnings per sha... http://www.conferencecalltranscripts.org/q/summary/?id=8222117 $g,2020-08-10 21:44:47,-69,['g']
235212117,"$g [15s. delayed] filed form 10-q on august 10, 17:27:39 https://s.flashalert.me/5lfrn",2020-08-10 21:29:20,-69,['g']
235212002,"$g form 10-q (quarterly report [sections 13 or 15(d)]) filed with the sec 

https://newsfilter.io/a/983f9fb340772b5bcde8e07b3130daf5",2020-08-10 21:29:00,-69,['g']
234943563,jefferies financial group raises godaddy q3 2020 earnings estimates to $0.33 eps (previously $0.28). https://www.marketbeat.com/x/889204 $g,2020-08-10 06:44:24,-69,['g']
234807267,"genpact (nyse:g) issues earnings results, beats estimates by $0.18 eps $g #g https://www.marketbeat.com/n/4425542/",2020-08-09 01:20:05,-69,['g']
234725925,genpact&#39;s buy rating reiterated at needham &amp; company llc. $48.00 pt. https://www.marketbeat.com/r/1461892 $g,2020-08-08 07:07:35,-69,['g']
234715314,$g $40 is new low?,2020-08-08 03:58:37,1,['g']
234610419,"$g beats the estimize eps consensus by 11c and the estimize revenue consensus by $28.67m. reports fq2 earnings of 52c eps and $900.09m ...
http://www.estimize.com/g/fq2-2020?utm_content=beat_or_miss&amp;utm_medium=tweet&amp;utm_source=stocktwits",2020-08-07 19:08:24,-69,['g']
234433357,"after market movers: $qrtea, $g and $amag https://www.chartmill.com/stock/stock-screener?v=5&amp;f=s_amg,p_pg10,v1_50b500,exch_us&amp;utm_source=stocktwits&amp;utm_medium=screener&amp;utm_content=stock_screener:_after_market_gainers&amp;utm_campaign=social_tracking",2020-08-07 12:16:00,-69,"['amag', 'g', 'qrtea']"
234429692,genco shipping &amp; trading announces quarterly dividend of $0.02.  payable on 8/25/2020. 1.12% yield.  https://www.marketbeat.com/d/139089 $g,2020-08-07 12:01:26,-69,['g']
234426876,"$g beats by $0.18, beats on revs; guides fy20 eps above consensus, revs above consensus https://www.briefing.com/in-depth-analysis/content/article?articleid=in20200806160437g",2020-08-07 11:47:31,-69,['g']
234364813,$g updates fy20 guidance to $2.03-2.07 eps and revenue guidance to $3.63-3.67 billion. https://www.marketbeat.com/g/51010,2020-08-07 01:07:09,-69,['g']
234348445,icymi: us stocks surging above 20days moving average (20sma): $trp $g… http://dlvr.it/rd8ttb #nasdaq #nyse #stocks,2020-08-06 23:43:12,-69,"['g', 'trp']"
234323474,$g just filed with the sec a earnings release and a financial exhibit https://last10k.com/sec-filings/g/0001564590-20-037787.htm?utm_source=stocktwits&amp;utm_medium=forum&amp;utm_campaign=8k&amp;utm_term=g,2020-08-06 22:03:35,-69,['g']
234319547,$g updates fy 2020after-hours guidance to 2.03-2.07 eps and revenue guidance to $3.63-3.67 billion. https://www.marketbeat.com/g/50933,2020-08-06 21:50:59,-69,['g']
234302668,genpact reports second quarter 2020 results  http://www.conferencecalltranscripts.org/8/summary/?id=8209672 $g,2020-08-06 21:03:47,-69,['g']
234293151,$g new article : genpact: q2 earnings insights https://www.stck.pro/news/g/6819154,2020-08-06 20:41:04,-69,['g']
234286659,$g love this thing but gonna wait for a little pullbacks to add,2020-08-06 20:27:48,1,['g']
234285420,"$g [15s. delayed] filed form 8-k on august 06, 16:23:56: item2.02: results of operations &amp; financial condition https://s.flashalert.me/apjqrt",2020-08-06 20:25:30,-69,['g']
234285239,"$g form 8-k: results of operations and financial condition. on august 6, 2020, genpact issued a press release announcing its financial results for the three months ended june 30, 2020. the company is .. 

https://newsfilter.io/a/5d55b779b117e8313e2f159ccf050a91",2020-08-06 20:25:09,-69,['g']
234279839,"$g reported earnings of $0.52, consensus was $0.27 via @ewhispers #epsbeat http://eps.sh/d/g",2020-08-06 20:15:52,-69,['g']
234276663,"$g genpact eps beats by $0.18, beats on revenue 

https://newsfilter.io/a/640d95b2b8e6de87557caefb22ebe8c9",2020-08-06 20:10:30,-69,['g']
234271269,"$g genpact reports second quarter 2020 results
https://www.stocktitan.net/news/g/genpact-reports-second-quarter-2020-iy1cmmo4zuys.html",2020-08-06 20:01:52,-69,['g']
234271126,"$g genpact reports second quarter 2020 results 

https://newsfilter.io/a/78b9192cbfa4370353848a83de897bb7",2020-08-06 20:01:38,-69,['g']
234220601,"$g earnings call today: 4:30 pm est 
analyst rating: strong buy 
webcast: http://mmm.wallstreethorizon.com/u.asp?u=332120",2020-08-06 18:04:42,-69,['g']
234144301,"$g reports after the close, estimize consensus +0.07 eps and +32.75m revs compared to ws
http://www.estimize.com/g/fq2-2020?utm_content=prerelease&amp;utm_medium=tweet&amp;utm_source=stocktwits",2020-08-06 15:01:16,-69,['g']
233946348,$g new article : genpact q2 2020 earnings preview https://www.stck.pro/news/g/6797281,2020-08-05 21:38:13,-69,['g']
233824230,us stocks surging above 20days moving average (20sma): $trp $g $hbi http://dlvr.it/rd3hnj #nasdaq #nyse #stocks,2020-08-05 16:41:05,-69,"['g', 'hbi', 'trp']"
233713210,$g: genpact and deloitte form strategic alliance to accelerate business transformation and build enterprise resilience https://www.chartmill.com/stock/quote/g/news?utm_source=stocktwits&amp;utm_medium=pressrelease&amp;utm_content=g&amp;utm_campaign=social_tracking,2020-08-05 12:31:01,-69,['g']
233712521,genpact and deloitte form strategic alliance to accelerate business transformation and build enterprise resilience http://www.conferencecalltranscripts.org/include?location=https://www.prnewswire.com:443/news-releases/genpact-and-deloitte-form-strategic-alliance-to-accelerate-business-transformation-and-build-enterprise-resilience-301106335.html $g,2020-08-05 12:29:02,-69,['g']
233709943,"$g [15s. delayed]: issued press release on august 05, 08:15:00: genpact and deloitte form strategic alliance to accelerate business transf https://s.flashalert.me/vkjea3",2020-08-05 12:20:03,-69,['g']
233708596,"$g genpact and deloitte form strategic alliance to accelerate business transformation and build enterprise resilience 

https://newsfilter.io/a/ecf2272a62c4f6fed8d208274fd29e10",2020-08-05 12:15:29,-69,['g']
233708579,"$g genpact and deloitte form strategic alliance to accelerate business transformation and build enterprise resilience
https://www.stocktitan.net/news/g/genpact-and-deloitte-form-strategic-alliance-to-accelerate-business-8yf4ukjp90b4.html",2020-08-05 12:15:27,-69,['g']
233574085,$g uhh... what happened? lol,2020-08-04 21:09:38,1,['g']
233363892,$g: genpact and appzen partner to transform travel and expense audit process https://www.chartmill.com/stock/quote/g/news?utm_source=stocktwits&amp;utm_medium=pressrelease&amp;utm_content=g&amp;utm_campaign=social_tracking,2020-08-04 12:36:00,-69,['g']
233362415,$g new article : genpact and appzen partner to transform travel and expense audit process https://www.stck.pro/news/g/6764354,2020-08-04 12:31:05,-69,['g']
233362111,$g genpact and appzen partner to transform travel and expense audit process https://www.otcdynamics.com/g-genpact-and-appzen-partner-to-transform-travel-and-expense-audit-process,2020-08-04 12:30:02,-69,['g']
233362008,"$g [15s. delayed]: issued press release on august 04, 08:15:00: genpact and appzen partner to transform travel and expense audit process https://s.flashalert.me/aqqrv",2020-08-04 12:29:36,-69,['g']
233360563,genpact and appzen partner to transform travel and expense audit process http://www.conferencecalltranscripts.org/include?location=https://www.prnewswire.com:443/news-releases/genpact-and-appzen-partner-to-transform-travel-and-expense-audit-process-301105370.html $g,2020-08-04 12:24:03,-69,['g']
233358469,"$g genpact and appzen partner to transform travel and expense audit process 

https://newsfilter.io/a/a9c6f51aad919df1874148847e7a417b",2020-08-04 12:15:29,-69,['g']
233358456,"$g genpact and appzen partner to transform travel and expense audit process
https://www.stocktitan.net/news/g/genpact-and-app-zen-partner-to-transform-travel-and-expense-audit-5qcnyyc1ronr.html",2020-08-04 12:15:25,-69,['g']
233178173,"$f $g
new study 50%of police cars are ford.
is there any bribery and illegal money transferred to police deptm to buy ford cars?  time for investigations...
time to raid ford deptma and...",2020-08-03 18:29:21,-1,"['f', 'g']"
232990999,$g 0.03%,2020-08-03 03:50:55,-69,['g']
232869666,genpact $g bidaskscore is increased to held https://bidaskclub.com/news/company/2020-07-31/g,2020-08-02 01:38:05,-69,['g']
232571406,genpact limited announces quarterly dividend of $0.10 (nyse:g) $g #g https://www.marketbeat.com/n/4417617/,2020-07-31 14:54:02,-69,['g']
232567354,genpact announces quarterly dividend of $0.097.  payable on 9/23/2020. 0.99% yield.  https://www.marketbeat.com/d/138400 $g,2020-07-31 14:45:43,-69,['g']
232200337,$g announced a dividend (ord/genpact ltd) https://www.dividendinvestor.com/dn/2658947,2020-07-30 15:11:13,-69,['g']
232168566,jefferies financial group lowers corning q4 2020 earnings estimates to $0.34 eps (previously $0.41). https://www.marketbeat.com/x/880737 $g,2020-07-30 14:07:40,-69,['g']
232077782,short sale volume (not short interest) for $g at 2020-07-29 is 44%. http://shortvolumes.com/?t=g via @shortvolumes,2020-07-30 05:41:35,-69,['g']
232000468,$g: genpact limited board declares quarterly cash dividend https://www.chartmill.com/stock/quote/g/news?utm_source=stocktwits&amp;utm_medium=pressrelease&amp;utm_content=g&amp;utm_campaign=social_tracking,2020-07-29 21:56:00,-69,['g']
231986575,$g genpact limited board declares quarterly cash dividend https://www.otcdynamics.com/g-genpact-limited-board-declares-quarterly-cash-dividend,2020-07-29 21:15:54,-69,['g']
231985925,genpact limited board declares quarterly cash dividend http://www.conferencecalltranscripts.org/include?location=https://www.prnewswire.com:443/news-releases/genpact-limited-board-declares-quarterly-cash-dividend-301102559.html $g,2020-07-29 21:14:04,-69,['g']
231984958,$g new article : genpact limited board declares quarterly cash dividend https://www.stck.pro/news/g/6652964,2020-07-29 21:11:37,-69,['g']
231984183,"$g [15s. delayed]: issued press release on july 29, 17:00:00: genpact limited board declares quarterly cash dividend https://s.flashalert.me/4wuox",2020-07-29 21:09:38,-69,['g']
231980786,"$g genpact board declares quarterly cash dividend 

https://newsfilter.io/a/e58f5660d095cee2e3ed9edbec0b9a44",2020-07-29 21:00:35,-69,['g']
231980770,"$g genpact limited board declares quarterly cash dividend
https://www.stocktitan.net/news/g/genpact-limited-board-declares-quarterly-cash-95lo4s6adbq2.html

#dividends",2020-07-29 21:00:33,-69,['g']
231748889,german american bancorp. announces quarterly dividend of $0.19.  payable on 8/20/2020. 2.61% yield.  https://www.marketbeat.com/d/138169 $g,2020-07-29 11:54:40,-69,['g']
231153467,$g - should i keep both genpact and… https://www.macroaxis.com/invest/pair-correlation/g/acn/genpact-vs-accenture #portfolio_prospective #better_portfolio #diversify,2020-07-27 09:47:42,-69,['g']
231140697,william blair raises goosehead insurance q2 2020 earnings estimates to $0.10 eps (previously $0.09). https://www.marketbeat.com/x/878745 $g,2020-07-27 05:13:45,-69,['g']
230563651,william blair raises goosehead insurance q4 2020 earnings estimates to $0.20 eps (previously $0.19). https://www.marketbeat.com/x/877264 $g,2020-07-24 13:47:03,-69,['g']
230538608,piper sandler raises guaranty bancshares q3 2020 earnings estimates to $0.72 eps (previously $0.54). https://www.marketbeat.com/x/877232 $g,2020-07-24 12:36:49,-69,['g']
230461930,$g,2020-07-24 00:37:47,1,['g']
230200147,genpact limited ($g) almost mirrors the market with average analyst… https://www.macroaxis.com/invest/stock/g/genpact-limited #trading #ideas #stocks,2020-07-23 11:45:32,-69,['g']
230191368,piper sandler raises gulfport energy q2 2020 earnings estimates to ($0.01) eps (previously ($0.07)). https://www.marketbeat.com/x/875785 $g,2020-07-23 10:56:01,-69,['g']
230064942,genpact $g bidaskscore is increased to sold https://bidaskclub.com/news/company/2020-07-21/g,2020-07-22 21:23:06,-69,['g']
229980043,"$g named as a leader in the everest group banking bps peak matrix 2020 also, you could check this other company with potential opportunities: http://psce.pw/biginvestmentpotential",2020-07-22 17:51:40,1,['g']
254935965,"$g bulls we could do this, they got nothing on us. some good information here that might help you today. ---&gt; http://psce.pw/goldstockspotentialmustsee",2020-11-06 19:43:00,1,['g']
229849573,$g new article : genpact named as a leader in the everest group banking bps peak matrix 2020 https://www.stck.pro/news/g/6468298,2020-07-22 12:37:05,-69,['g']
229848697,$g: genpact named as a leader in the everest group banking bps peak matrix 2020 https://www.chartmill.com/stock/quote/g/news?utm_source=stocktwits&amp;utm_medium=pressrelease&amp;utm_content=g&amp;utm_campaign=social_tracking,2020-07-22 12:34:00,-69,['g']
229846702,"$g [15s. delayed]: issued press release on july 22, 08:15:00: genpact named as a leader in the everest group banking bps peak matrix 2020 https://s.flashalert.me/q02v3y",2020-07-22 12:27:25,-69,['g']
229846296,genpact named as a leader in the everest group banking bps peak matrix 2020 http://www.conferencecalltranscripts.org/include?location=https://www.prnewswire.com:443/news-releases/genpact-named-as-a-leader-in-the-everest-group-banking-bps-peak-matrix-2020-301097692.html $g,2020-07-22 12:26:02,-69,['g']
229843312,"$g genpact named as a leader in the everest group banking bps peak matrix 2020 

https://newsfilter.io/a/b1739ab7533eabafddf20fa0efda3b80",2020-07-22 12:15:31,-69,['g']
229832126,national bank financial raises cgi group q3 2020 earnings estimates to $1.10 eps (previously $0.91). https://www.marketbeat.com/x/875061 $g,2020-07-22 11:24:27,-69,['g']
229447954,$g:bs pt .08,2020-07-21 09:32:24,-1,['g']
229241203,$g,2020-07-20 15:47:02,-69,['g']
228857590,"pocket pivot signals in $sil, $g and $infy, while they also have the support from large players according to the effective volume indicator. https://www.chartmill.com/stock/stock-screener?sid=31&amp;f=smlev20v_b_lev,smlev20v_r,p_pg10,pp_1,v1_50b200,cu_a_sm50v,der5_a_0.03,s_ppt,exch_us&amp;v=3&amp;timeframe=daily&amp;type=candles&amp;o1=17&amp;op1=10%252c2,16711680&amp;i1=49&amp;ia1=on&amp;cl=f&amp;months=0.05&amp;o2=3&amp;op2=50,255&amp;width=720&amp;o3=3&amp;op3=10,65280&amp;utm_source=stocktwits&amp;utm_medium=screener&amp;utm_content=stock_screener:_large_effective_volume_+_pocket_pivot_today&amp;utm_campaign=social_tracking",2020-07-18 10:04:00,-69,"['infy', 'g', 'sil']"
228664702,"$geo: $geo shareholder alert: bronstein, gewirtz &amp; grossman, llc notifies investors of class action against the $g ... https://www.chartmill.com/stock/quote/geo/news?utm_source=stocktwits&amp;utm_medium=pressrelease&amp;utm_content=geo&amp;utm_campaign=social_tracking",2020-07-17 16:37:00,-69,"['g', 'geo']"
228627373,$g up 3 days in a row 34.93 | 36.31 | 37.74 | 37.97 |  https://www.sleekoptions.com/sleekscan.aspx?sub1=dscan,2020-07-17 15:07:48,-69,['g']
228608283,peak profit for the last 6 expired option alerts for $g 260.00  | 28.24  | 125.00  | 9.09  | 566.67  | 207.69  |,2020-07-17 14:28:03,-69,['g']
228565312,5-star analyst david koning from robert w. baird maintained a buy on $g.  https://www.tipranks.com/analysts/david-koning,2020-07-17 12:51:01,-69,['g']
228561696,"watch 5 stocks on nyse: $arc, $jill, $g, $hov, $mgy  http://www.nna100.com/stock_ranking.php?p=nyse-top-100-buy-rating-stocks&amp;d=2020-07-17",2020-07-17 12:38:04,-69,"['g', 'hov', 'arc', 'jill', 'mgy']"
228552687,piper sandler raises goldman sachs group q3 2020 earnings estimates to $4.69 eps (previously $4.66). https://www.marketbeat.com/x/872149 $g,2020-07-17 11:58:22,-69,['g']
228219086,cantor fitzgerald raises gossamer bio fy2020 earnings estimates to ($3.06) eps (previously ($3.49)). https://www.marketbeat.com/x/871405 $g,2020-07-16 11:21:00,-69,['g']
228199812,peak profit for the last 6 expired option alerts for $g 260.00  | 28.24  | 125.00  | 9.09  | 566.67  | 207.69  |,2020-07-16 06:32:36,-69,['g']
227948397,$g - genpact is underperforming vs.… https://www.macroaxis.com/invest/competition/g/epam/genpact-vs-epam-systems #portfolio_prospective #better_portfolio #diversify,2020-07-15 14:24:03,-69,['g']
227891048,$g down 3 days in a row. 35.59 | 35.15 | 34.93 | 34.25 |  https://www.sleekoptions.com/sleekscan.aspx?sub1=dscan,2020-07-15 11:36:13,-69,['g']
227534749,$g watch this name 📈🔥,2020-07-14 04:49:21,-69,['g']
227306389,peak profit for the last 6 expired option alerts for $g 260.00  | 28.24  | 125.00  | 9.09  | 566.67  | 207.69  |,2020-07-13 15:24:30,-69,['g']
227276290,"$ship there are sayings for reasons.  boats are $ pits...$ship:boats
to hell with that, here&#39;s another $g.  averaging down baby!!!🚀",2020-07-13 14:13:15,1,"['ship', 'g']"
227206793,piper sandler raises goldman sachs group q3 2020 earnings estimates to $4.66 eps (previously $4.32). https://www.marketbeat.com/x/869619 $g,2020-07-13 06:14:21,-69,['g']
227125645,peak profit for the last 6 expired option alerts for $g 260.00  | 28.24  | 125.00  | 9.09  | 566.67  | 207.69  |,2020-07-12 15:29:44,-69,['g']
227013250,peak profit for the last 6 expired option alerts for $g 260.00  | 28.24  | 125.00  | 9.09  | 566.67  | 207.69  |,2020-07-11 16:30:04,-69,['g']
226672759,peak profit for the last 6 expired option alerts for $g 260.00  | 28.24  | 125.00  | 9.09  | 566.67  | 207.69  |,2020-07-10 11:31:31,-69,['g']
226664035,piper sandler lowers goldman sachs group q2 2020 earnings estimates to $3.82 eps (previously $3.88). https://www.marketbeat.com/x/868666 $g,2020-07-10 09:52:19,-69,['g']
226596244,"$xela it&#39;s interesting. $g and $exls are considered two of exela&#39;s top competitors and their stocks are looking similarly bullish. only g is trading around $35 and exls is close to $60. i haven&#39;t done a deep dive (unless putting my toe on a balance sheet counts) into either company but exls seems to generate about $500mil less in revenue than xela.

that said, based upon this thorough analysis, i won&#39;t be selling until we hit $48 - the midpoint between the two companies above.

really, i see absolutely no flaw in this logic. none.",2020-07-09 22:35:16,1,"['exls', 'g', 'xela']"
226388759,"$g genpact schedules earnings release and conference call for second quarter 2020 results 

https://newsfilter.io/a/8319002510935038aa0cb78955adcbba",2020-07-09 12:00:36,-69,['g']
226361627,peak profit for the last 6 expired option alerts for $g 260.00  | 28.24  | 125.00  | 9.09  | 566.67  | 207.69  |,2020-07-09 05:01:20,-69,['g']
