id,body,created_at,sentiment,symbols
254869411,$mstr anybody else buy that dip this am,2020-11-06 15:48:09,-69,['mstr']
254851411,"$mstr timothy edwin lang sold 4,000 shares [very high conviction] www.insider-analysis.com/search_transactions.php?ticker=table_mstr",2020-11-06 14:58:31,-69,['mstr']
254847626,stocks to buy for the bitcoin boom.  $nvda $mstr $ebay https://www.zacks.com/commentary/1097704/stocks-to-buy-for-the-bitcoin-boom,2020-11-06 14:49:24,-69,"['ebay', 'mstr', 'nvda']"
254826906,$mstr how?,2020-11-06 13:39:43,1,['mstr']
254764249,"microstrategy evp timothy edwin lang sells $170,000.00 in $mstr https://www.marketbeat.com/i/414732",2020-11-06 02:05:25,-69,['mstr']
254731268,$mstr . by end of 2021 $mstr will be more than $500.,2020-11-05 23:04:59,-69,['mstr']
254717220,"microstrategy incorporated&#39;s sevp &amp; cto just cashed-in 4,000 options  http://www.conferencecalltranscripts.org/4/summary2/?id=8523690 $mstr",2020-11-05 22:10:26,-69,['mstr']
254708417,"$mstr $168,880.00 of shares sold by lang timothy edwin (sevp &amp; cto), reported in a new form 4 filed with the sec  https://newsfilter.io/a/f85101bea7bcd56cdd015a8c22a98361",2020-11-05 21:42:55,-69,['mstr']
254706751,"$mstr [15s. delayed] filed sec form 4: sevp &amp; cto lang timothy edwin: 
disposed 4,000 of class a common stock at average price $173.75 and https://s.flashalert.me/tldex",2020-11-05 21:38:21,-69,['mstr']
254647828,$mstr awesome btc play,2020-11-05 18:36:31,1,['mstr']
254619979,"$mara this will never boom like it did back in the day. it was unexpected then, now, all the shorts are ready. same with riot. if not buying btc directly your best bet is $mstr 😉",2020-11-05 16:55:08,-69,"['mstr', 'mara']"
254607059,"$mstr company is up 128 million on their bitcoin.

on its was to $200",2020-11-05 16:09:29,-69,['mstr']
254589564,$mstr buy for the $btc.x get a free mediocre software company. 😉😉🥃,2020-11-05 15:17:19,-69,"['mstr', 'btc.x']"
254584766,$mstr 200 incoming,2020-11-05 15:04:30,1,['mstr']
254581830,$mstr as $btc.x doubles in price $mstr will follow suit. buy a bitcoin etf and get a tech company for free. 😂 no brainer $qqq,2020-11-05 14:57:13,-69,"['mstr', 'qqq', 'btc.x']"
254573784,$mstr 💪🏻🥃,2020-11-05 14:35:10,-69,['mstr']
254470302,$mstr what a hidden gem. $btc.x,2020-11-04 22:37:52,-69,"['mstr', 'btc.x']"
254337022,$mstr dim sum,2020-11-04 14:11:00,1,['mstr']
254332463,"$mstr timothy edwin lang sold 1,000 shares [high conviction] www.insider-analysis.com/search_transactions.php?ticker=table_mstr",2020-11-04 13:49:09,-69,['mstr']
254303989,"business intelligence firm, #microstrategy reaps first fruits of $425m #bitcoin investment $mstr $btc.x also $gld https://talkmarkets.com/content/financial/business-intelligence-firm-microstrategy-reaps-first-fruits-of-425m-bitcoin-investment?post=284166",2020-11-04 08:25:41,-69,"['mstr', 'gld', 'btc.x']"
254303715,"$mstr: new sec filing on sevp &amp; cto, timothy edwin lang: https://www.sec.gov/archives/edgar/data/1050446/000120919120056763/xslf345x03/doc4.xml",2020-11-04 08:21:01,-69,['mstr']
254292629,"microstrategy evp timothy edwin lang sells $165,000.00 in $mstr https://www.marketbeat.com/i/414390",2020-11-04 05:45:58,-69,['mstr']
254243396,"microstrategy incorporated&#39;s sevp &amp; cto just cashed-in 1,000 options  http://www.conferencecalltranscripts.org/4/summary/?id=8513400 $mstr",2020-11-03 23:38:46,-69,['mstr']
254243127,"$mstr [15s. delayed] filed sec form 4: sevp &amp; cto lang timothy edwin: 
disposed 1,000 of class a common stock at price $165 and converted  https://s.flashalert.me/fwcv9",2020-11-03 23:37:11,-69,['mstr']
254243080,"$mstr $33,470.00 of shares sold by lang timothy edwin (sevp &amp; cto), reported in a new form 4 filed with the sec  

https://newsfilter.io/a/ea4a4f624d5fa213bea9f4aaee5d4b2c",2020-11-03 23:36:49,-69,['mstr']
254198752,$mstr nice,2020-11-03 20:13:46,1,['mstr']
254122178,"$mstr creeping up with btc but should be popping back over 180

the pop on results was very curious and then too big a fall - imagine the fall if the results were not record breaking

makes no sense

the cloud issue is the key and mstr very well positioned irrespective of the excellent $btc.x performance",2020-11-03 15:28:40,1,"['mstr', 'btc.x']"
254002751,"$mstr way to cheap - record er and spiked over 190

fall was massively over done

should be back at 200 soon enough once btc gets back over 14000",2020-11-02 21:56:33,-69,['mstr']
253951032,$mstr gambling on the greater fool theory /fail.,2020-11-02 18:36:29,-1,['mstr']
253772640,"$btc.x good interview w michael saylor, chairman n  ceo of $mstr put up by kraken on twitter (excellent) 
https://twitter.com/krakenfx/status/1322178954560634880?s=20",2020-11-01 08:06:18,-69,"['mstr', 'btc.x']"
253755869,"$btc.x lmao these failing companies throwing money at sh!tcoin as a last resort , i&#39;m here to take all your cash  $pypl $mstr $riot $mara",2020-11-01 00:22:30,-1,"['mstr', 'btc.x', 'mara', 'pypl', 'riot']"
253755237,"$btc.x microstrategy stock will go parabolic on bitcoin upside.
$mstr 200 pt",2020-11-01 00:11:19,1,"['mstr', 'btc.x']"
253755064,$mstr bitcoin could make this a $200 stock very soon,2020-11-01 00:08:23,-69,['mstr']
253751553,$gbtc bitcoin trust. monthly close. absolutely beautiful elliott wave count here. bitcoin is currently breaking out of the giant {wave 4} multi year {triangle} setup. we are in minor {wave 3} of major {wave 5} which is subdividing into a minute 5 wave fractal structure. hive.v $btc.x $mstr $pypl,2020-10-31 23:03:21,1,"['mstr', 'btc.x', 'pypl', 'gbtc']"
253708938,"$mstr falling so much after massive beat plus btc flying is just odd

will catch up but overall market being slaughtered so algo sell off killing it

could get back to 190 soon enough

products selling well, btc likely to rise much further",2020-10-31 08:36:49,1,['mstr']
253681778,this week&#39;s 52 week highs: $ctsh $twtr $mstr $uthr $fslr,2020-10-30 23:42:57,-69,"['ctsh', 'fslr', 'mstr', 'uthr', 'twtr']"
253649680,$mstr boom,2020-10-30 20:18:09,-69,['mstr']
253628063,$mstr one of 2 stocks i own that’s green.  yay!!!!  im rich!!  😂😂🤣😭😭😭😭,2020-10-30 19:09:30,-69,['mstr']
253622189,"$mstr 

in a sea of red!!",2020-10-30 18:49:18,1,['mstr']
253594798,$mstr   vision,2020-10-30 17:16:05,1,['mstr']
253408050,"$mstr can’t believe no btc news from apple, google, amzn, fb?",2020-10-29 22:12:06,-69,['mstr']
253341333,"$mstr i thought it was a good investment to get an exposure to bitcoin. today, bitcoin is up, microstrategy barely moves. am i missing something ?",2020-10-29 19:02:06,-69,['mstr']
253311351,"$twtr $mstr $btc.x  wallets are a key part of the #crypto ecosystem. but what exactly is a cryptocurrency wallet and differentiates it from traditional wallets?

cryptoeq.io has you covered! stay tuned for more crypto definitions and the launch our #cryptocurrency dictionary!",2020-10-29 17:28:06,-69,"['mstr', 'twtr', 'btc.x']"
253248882,"$mstr is currently trading in the upper part of its 52 week range, which is inline with the index. https://www.chartmill.com/stock/quote/mstr/technical-analysis?key=8d6feb0b-b16f-460c-9177-6ef799479471&amp;utm_source=stocktwits&amp;utm_medium=ta&amp;utm_content=mstr&amp;utm_campaign=social_tracking",2020-10-29 14:22:00,-69,['mstr']
253076481,"$mstr makes no sense with massive er beat plus massive btc profit

will return to 190

these really are massive dip buying opps",2020-10-28 19:08:34,1,['mstr']
253069051,"$ebon $mstr $riot $mara  enough said, wish i had $gbtc too",2020-10-28 18:42:17,-69,"['mstr', 'mara', 'gbtc', 'riot', 'ebon']"
253040836,$mstr lol what a shit company,2020-10-28 17:00:16,-1,['mstr']
253017726,$btc.x $mstr bought $425m of bitcoin in the latest quarter.    buy mstr for an indirect investment in btc,2020-10-28 15:44:08,-69,"['mstr', 'btc.x']"
253007069,$mstr what&#39;s the story here?  how does a phenomenal er go from phenomenal to red in a couple hours?,2020-10-28 15:12:40,1,['mstr']
252998781,$mstr dip bought some $165.00,2020-10-28 14:51:04,1,['mstr']
252967345,$mstr very glad i sold my entire position in 3 lots yesterday after hours,2020-10-28 13:40:41,-69,['mstr']
252963540,$mstr - http://www.trade-ideas.com/ticky/ticky.html?symbol=mstr - significant breakout with unusual social activity - up 3% for the day.,2020-10-28 13:30:33,-69,['mstr']
252958609,$mstr take it home bulls!,2020-10-28 13:16:50,1,['mstr']
252936774,$mstr smart company move on their btc investment. already up 90mm from their 425mm investment. life is all about the having the vision and courage.,2020-10-28 11:47:24,-69,['mstr']
252919307,$mstr how high will this run up today?,2020-10-28 08:10:29,1,['mstr']
252912236,"$mara why aren’t we already above $4? last time $btc hit $12k the miners were much higher than we are now, and we are nearly 20% higher btc. i’m betting $mara will make the best % gains from $btc holding strong above $13.8k and moving higher. like $mstr, $gbtc nice but the fees are too high.",2020-10-28 04:49:06,1,"['btc', 'mstr', 'mara', 'gbtc']"
252912219,"bitcoin faithful say this time is different after price surge  $mstr $sq $jpm 

https://newsfilter.io/a/6c41b6c4c415597348d4ed634afeb228",2020-10-28 04:48:53,-69,"['mstr', 'jpm', 'sq']"
252910601,"$btc.x $mstr 
https://coinfomania.com/microstrategys-bitcoin-gains-exceeds-3yr-earnings/",2020-10-28 04:22:12,1,"['mstr', 'btc.x']"
252904667,"$mstr is currently trading in the upper part of its 52 week range, which is inline with the index. https://www.chartmill.com/stock/quote/mstr/technical-analysis?key=8d6feb0b-b16f-460c-9177-6ef799479471&amp;utm_source=stocktwits&amp;utm_medium=ta&amp;utm_content=mstr&amp;utm_campaign=social_tracking",2020-10-28 03:06:00,-69,['mstr']
252879286,"$mstr anyone listen to the conference call?

hopefully they are planning a digital dividend through overstock tzero

be genius

good day tomorrow - massive er beat",2020-10-27 23:46:35,1,['mstr']
252876947,the piotroski-f score of $mstr is 7.00. this indicates good health for $mstr. https://www.chartmill.com/stock/quote/mstr/fundamental-analysis?key=8d6feb0b-b16f-460c-9177-6ef799479471&amp;utm_source=stocktwits&amp;utm_medium=fa&amp;utm_content=mstr&amp;utm_campaign=social_tracking,2020-10-27 23:33:00,-69,['mstr']
252876274,"$btc.x if $mstr had allocated most of their investable capital to bitcoin instead of the modest amount they did, their leadership would be lauded as visionary right now as they suddenly make amazon-money.

this wont go unnoticed.",2020-10-27 23:29:00,-69,"['mstr', 'btc.x']"
252860965,last10k highlighted 36 positive and negative remarks in $mstr&#39;s 10-q filed today. see them in the quarterly report: https://last10k.com/sec-filings/mstr/0001564590-20-047995.htm?utm_source=stocktwits&amp;utm_medium=forum&amp;utm_campaign=sentiment&amp;utm_term=mstr,2020-10-27 22:02:18,-69,['mstr']
252853129,$mstr alerted below 170 recently in chat 10 days ago...another alert today. ..crushed it ah. measures out to 295 into late 2021. imho stockpatternpros.com,2020-10-27 21:25:49,-69,['mstr']
252846416,$mstr,2020-10-27 20:58:51,1,['mstr']
252846300,$mstr 5pm cc:,2020-10-27 20:58:22,1,['mstr']
252842811,"$mstr earnings call today: 5:00 pm est 
analyst rating: buy 
phone: 404-537-3406 
pin: 4698795 
webcast: http://mmm.wallstreethorizon.com/u.asp?u=348899",2020-10-27 20:45:31,-69,['mstr']
252842421,"$mstr strong results but note the small print - looking to return funds to shareholders including through sharebuy backs

that means possible dividends

they should consider $btc.x dividend or follow $ostk and issuing a digital dividend - pushing the tech envelope yet again",2020-10-27 20:44:12,1,"['mstr', 'ostk', 'btc.x']"
252842172,"$mstr under 800 followers, something tell me that number is going up.",2020-10-27 20:43:19,1,['mstr']
252838377,$mstr massive beat also - fantastic performance,2020-10-27 20:31:12,-69,['mstr']
252838148,"$mstr good after hours reaction

the value of btc through the roof

also excellent take up as i expected

publicity of the crypto buy has really been worth millions in advertising

200 here we come",2020-10-27 20:30:36,1,['mstr']
252837551,$mstr new article : microstrategy: q3 earnings insights https://www.stck.pro/news/mstr/8783877,2020-10-27 20:28:43,-69,['mstr']
252836517,microstrategy incorporated just filed its quarterly report: (1) summary of signi... http://www.conferencecalltranscripts.org/q/summary/?id=8480829 $mstr,2020-10-27 20:25:28,-69,['mstr']
252836179,$mstr company purchasing more and more $btc.x  good stuff,2020-10-27 20:24:27,-69,"['mstr', 'btc.x']"
252835655,"$mstr [15s. delayed] filed form 10-q on october 27, 16:21:44 https://s.flashalert.me/xxgvrv",2020-10-27 20:23:04,-69,['mstr']
252835577,"microstrategy q3 eps $2.06 beats $0.93 estimate, sales $127.40m beat $117.26m estimate

related tickers: $mstr",2020-10-27 20:22:52,-69,['mstr']
252835520,"$mstr form 10-q (quarterly report [sections 13 or 15(d)]) filed with the sec 

https://newsfilter.io/a/96e75fbc4e564b79e778ca84a497296c",2020-10-27 20:22:43,-69,['mstr']
252835271,$mstr ,2020-10-27 20:21:59,1,['mstr']
252835080,"$mstr reported earnings of $1.79, consensus was $0.04 via @ewhispers #epsbeat http://eps.sh/d/mstr",2020-10-27 20:21:25,-69,['mstr']
252834474,"$mstr just got my sells filled at 186, 187 and 187.99",2020-10-27 20:19:50,1,['mstr']
252834062,$mstr getting some love ah on earnings,2020-10-27 20:18:49,1,['mstr']
252832796,$mstr microstrategy announces third quarter 2020 financial results https://www.otcdynamics.com/mstr-microstrategy-announces-third-quarter-2020-financial-results,2020-10-27 20:15:50,-69,['mstr']
252832273,$mstr new article : microstrategy eps of $2.06 https://www.stck.pro/news/mstr/8783724,2020-10-27 20:14:41,-69,['mstr']
252832168,$mstr $220 by eoy,2020-10-27 20:14:29,1,['mstr']
252831269,"$mstr microstrategy eps of $2.06 

https://newsfilter.io/a/a8ebb19def4c68e251cc1ae3ca5de228",2020-10-27 20:12:41,-69,['mstr']
252830750,"$mstr has not moved yet, needs some air the sails to get going. good beat and revs beat as well",2020-10-27 20:11:27,-69,['mstr']
252830268,$mstr 122% beat 🚀🚀🚀🚀🚀,2020-10-27 20:10:29,1,['mstr']
252829261,microstrategy announces third quarter 2020 financial results http://www.conferencecalltranscripts.org/summary/?id=79302&amp;pr=true $mstr,2020-10-27 20:08:10,-69,['mstr']
252829260,microstrategy announces third quarter 2020 financial results http://www.conferencecalltranscripts.org/summary/?id=79301&amp;pr=true $mstr,2020-10-27 20:08:10,-69,['mstr']
252828168,"$mstr [15s. delayed, acc.~90%, always check] earnings release october 27, 16:01:00: q3: non-gaap eps of $2.06, gaap eps of -$1.48, revenue https://s.flashalert.me/ro01mt",2020-10-27 20:05:58,-69,['mstr']
252828161,$mstr new article : microstrategy announces third quarter 2020 financial results https://www.stck.pro/news/mstr/8783504,2020-10-27 20:05:57,-69,['mstr']
252828072,"$mstr [15s. delayed]: issued press release on october 27, 16:01:00: microstrategy announces third quarter 2020 financial results https://s.flashalert.me/yi1w0",2020-10-27 20:05:46,-69,['mstr']
252826445,"$mstr microstrategy announces third quarter 2020 financial results
https://www.stocktitan.net/news/mstr/micro-strategy-announces-third-quarter-2020-financial-sc4en78evx54.html",2020-10-27 20:02:04,-69,['mstr']
252826173,"$mstr microstrategy announces third quarter 2020 financial results 

https://newsfilter.io/a/84a3ab679bde3dc17e70e4c18c4f6b89",2020-10-27 20:01:28,-69,['mstr']
252807735,"$mstr results leaked? big move and much more to come

millions gained today alone on btc move",2020-10-27 19:04:58,1,['mstr']
252794547,$mstr 👀🔥,2020-10-27 18:20:17,-69,['mstr']
252791426,$mstr is up $100 million on their $425 million $btc.x investment,2020-10-27 18:09:19,-69,"['mstr', 'btc.x']"
252771188,"$mstr er after hours - relatively subdued given the massive btc increase.  

the 4% increase in btc alone is worth $20million in a day

buy mstr for the bitcoin and get a free tech company",2020-10-27 17:01:56,1,['mstr']
252748362,$btc.x running for $mstr earnings. this should be interesting.,2020-10-27 15:47:23,1,"['mstr', 'btc.x']"
252734574,"$mstr reports after the close, estimize consensus +0.03 eps and -0.28m revs compared to ws
http://www.estimize.com/mstr/fq3-2020?utm_content=prerelease&amp;utm_medium=tweet&amp;utm_source=stocktwits",2020-10-27 15:00:17,-69,['mstr']
252690583,"bitcoin approaches highest level since post-bubble crash in 2018  $mstr $sq $pypl 

https://newsfilter.io/a/74a48f5893c57454256875d6dfcdc2cf",2020-10-27 12:16:50,-69,"['mstr', 'sq', 'pypl']"
252601426,"$mstr will be interesting to see results

we know the btc performance but how will the wider market react

i wonder when they count the money for reporting purposes as the money  moves everyday

how they report the accounts will be interesting",2020-10-26 20:12:16,1,['mstr']
252597147,$mstr most undervalued company imo. excited for er,2020-10-26 19:59:07,-69,['mstr']
252576898,"$mstr results out tomorrow after hours

conference call will be very interesting

the extra 75 million from btc gains will certainly play well 

key is reduced costs and licence renewals plus cloud developments 

mstr have great global coverage so truly global multinational",2020-10-26 18:38:26,1,['mstr']
252569386,$riot $mstr $btc.x $eth.x anyone following crypto have in dd on $bbkcf?  looks like a decent microcap software company.,2020-10-26 18:07:42,-69,"['mstr', 'btc.x', 'eth.x', 'riot']"
252564958,"what to expect from microstrategy incorporated ($mstr) 3q20 earnings

https://www.stockmarketintellects.com/what-to-expect-from-microstrategy-incorporated-mstr-3q20-earnings/",2020-10-26 17:52:32,-69,['mstr']
252509702,$mstr sap related fall,2020-10-26 14:50:37,-69,['mstr']
252494945,$btc.x $gbtc $mstr institutions aren&#39;t hodling bitcoin for the short-term. companies like microstrategy are planning to hodl bitcoin for the next 100+ years. this is a plan to adopt the bitcoin standard.,2020-10-26 14:04:45,1,"['mstr', 'btc.x', 'gbtc']"
252385681,$gbtc bitcoin trust. weekly close. huge bullish {cup} setting up here. $17.41 triggers long with a target of $30. $btc.x $mstr $pypl,2020-10-25 10:58:42,1,"['mstr', 'btc.x', 'pypl', 'gbtc']"
252379611,$btc.x microstrategy is up $75 million on their bitcoin investment $mstr,2020-10-25 04:54:43,-69,"['mstr', 'btc.x']"
252354660,"$mstr 

michael saylor, ceo of microstrategy remembers the days his company could make a 5.5% return on overnight money (repo market). michael remembers when savings account would give you a 6% yield on your funds. michael recently stated on real vision that the risk free cost of capital and the risk premium, together made the totally cost of capital of about 12%. so the only option at his disposable was to buy back his own stock or buy another company outright. however, michael said buying another company end bad 90% of the time. so michael chose the best option at that point. in the past several months the company bought close to 500 million in bitcoin as a hedge.

microstrategy and square just set off a massive bitcoin trend

https://leofinance.io/@rollandthomas/microstrategy-and-square-just-set-off-a-massive-bitcoin-trend",2020-10-24 20:40:50,1,['mstr']
252325058,$mstr,2020-10-24 12:29:34,-69,['mstr']
252315669,microstrategy to release earnings after the market closes on tuesday. analysts expect 1.12 eps. www.marketbeat.com/p/488205 $mstr #mstr,2020-10-24 05:02:42,-69,['mstr']
252270941,$mstr - microstrategy incorporated appears to be risky… https://www.macroaxis.com/stock-analysis/mstr/microstrategy-incorporated #insidertrading #stocks #fintechnews,2020-10-23 21:18:32,-69,['mstr']
252074815,$mstr i want exposure to bitcoin but i’m too lazy to do it myself so i buy this stonk,2020-10-23 03:05:34,1,['mstr']
252051452,$mstr - upcoming quarterly report is on 3rd of november 2020. volume indicator show… https://www.macroaxis.com/invest/volume-indicators/chaikin-ad-line/mstr,2020-10-23 01:03:32,-69,['mstr']
251963738,"$mstr $200 not so far away now 
 
i suspect core results will also be strong 
 
buy mstr for $btc.x and get a free tech company",2020-10-22 19:01:51,1,"['mstr', 'btc.x']"
251924622,microstrategy $mstr bidaskscore is upgraded to held https://bidaskclub.com/news/company/2020-10-21/mstr,2020-10-22 17:01:05,-69,['mstr']
251911350,"$mstr 
what is our 30 day price target? 3 month price target ? considering call options but premium is so high ...",2020-10-22 16:18:50,1,['mstr']
251839023,$mstr,2020-10-22 13:13:48,1,['mstr']
251811541,$gbtc $mstr both going higher with $btc.x,2020-10-22 10:38:30,1,"['mstr', 'btc.x', 'gbtc']"
251754774,"$sq $riot  $mstr bitcoin going parabolic

hold on to your butts",2020-10-21 22:59:51,1,"['mstr', 'sq', 'riot']"
251687665,"$sq hope to hear soon that jack has bought another few hundred million of $btc

that would shake things up

he should have put in his twitter cash pile ala $mstr and saylor",2020-10-21 18:58:47,1,"['btc', 'mstr', 'sq']"
251649122,$mstr bear to bull 👀.  what happens when da yo is fresh.  🐒🍌🧠,2020-10-21 16:58:01,1,['mstr']
251646915,"$mstr this company holds 38,250 bitcoins @ 11,111 avg. 7.4 million public float. not like those little shit penny stocks xd",2020-10-21 16:51:02,1,['mstr']
251638966,$vff sharing this company with your guys $mstr.,2020-10-21 16:26:56,1,"['mstr', 'vff']"
251621068,"$mstr if you not in! get in! and stay in!
$btc is the future trend and will last!",2020-10-21 15:35:24,1,"['btc', 'mstr']"
251614885,"$mstr new article : &#39;rubicon crossed,&#39; says novogratz as bitcoin eyes $13k following paypal news https://www.stck.pro/news/mstr/8632386",2020-10-21 15:20:12,-69,['mstr']
251605145,$btc.x microstrategy now up over 60 million on its bitcoin investment $mstr,2020-10-21 14:57:23,-69,"['mstr', 'btc.x']"
251596770,$mstr purchased yesterday for 170.30 avg.,2020-10-21 14:36:32,1,['mstr']
251586101,"$pypl  adding the ability to buy bitcoin for 300m+ users

$sq  $mstr  and a number of  publicly traded companies adding bitcoin to their treasuries. 

taproot merged into core.

national banks can provide custodial service for digital assets and we now have the first crypto bank! regulations are getting more friendly to crypto!

mining becoming more legit in north america.

we are still early in the halving cycle

fidelity to offer bitcoin-only fund to accredited investors 

governments will continue to print a lot of money no matter who wins the election.

if you have money lying around and not loading up, you are missing out big time . the future is bright for $btc.x !",2020-10-21 14:10:41,1,"['mstr', 'sq', 'btc.x', 'pypl']"
251584665,"$mstr if you think about it, mstr bought $425 million $btc.x around a month ago at around $11,000. 
 
assuming a price of $12,500 that is already a gain of $37 million  
 
that is a year&#39;s profit pretty much. 
 
the saylor cash pile getting bigger and bigger",2020-10-21 14:07:18,1,"['mstr', 'btc.x']"
251582692,"$mstr 52wk high broken!
stop trading this one  and tuck away for 6months atleast...reap rewards as $btc becomes mainstream.",2020-10-21 14:02:43,1,"['btc', 'mstr']"
251482963,beautiful {big picture} chart of bitcoin from &quot;aimstone&quot; youtube. breaking out of the multi year {triangle}. very similar setup to 2016. basically this chart is telling me to get ready for fiat currency debasement. $gbtc $btc.x $pypl $mstr,2020-10-20 23:38:34,-69,"['mstr', 'btc.x', 'pypl', 'gbtc']"
251418979,there is only one $mstr,2020-10-20 19:16:48,-69,['mstr']
251405565,"$sq was not the first company to put $btc on it’s balance sheet. it was beat by at least one other company $mstr, witch allocated $250mil to bitcoin back in july",2020-10-20 18:30:11,-69,"['btc', 'mstr', 'sq']"
251397376,"$sq just hope sq have been buying in the last couple of weeks 

50 million just the start

they should have gone 500 like $mstr",2020-10-20 18:00:24,-69,"['mstr', 'sq']"
251367390,$mstr $200 roll incoming,2020-10-20 16:26:10,1,['mstr']
251366976,$mstr looks like all that bitcoin is working magic.,2020-10-20 16:24:51,1,['mstr']
251360672,"$mstr breaking out - sinking in that saylor has really made a big impact and has got million and millions of dollars worth of free publicity from buying $btc.x for mstr.  
 
plus he stands to make millions from the btc investment. 
 
if it goes over $20,000 he will be sitting on a billion  
 
then think about shareholder special dividends and imagine if they are paid in bitcoins",2020-10-20 16:04:18,1,"['mstr', 'btc.x']"
251350693,$btc.x go bitty $riot $mstr,2020-10-20 15:34:27,1,"['mstr', 'btc.x', 'riot']"
251282773,$mstr new article : microstrategy announces earnings release date and conference call for third quarter 2020 financial results https://www.stck.pro/news/mstr/8601875,2020-10-20 12:09:21,-69,['mstr']
251282554,microstrategy announces earnings release date and conference call for third quarter 2020 financial results http://www.conferencecalltranscripts.org/summary/?id=73125&amp;pr=true $mstr,2020-10-20 12:08:06,-69,['mstr']
251282553,microstrategy announces earnings release date and conference call for third quarter 2020 financial results http://www.conferencecalltranscripts.org/summary/?id=73124&amp;pr=true $mstr,2020-10-20 12:08:06,-69,['mstr']
251282134,"$mstr [15s. delayed]: issued press release on october 20, 08:00:00: microstrategy announces earnings release date and conference call for  https://s.flashalert.me/bjjwj",2020-10-20 12:05:48,-69,['mstr']
251119190,"$mstr should be up a lot more given that $btc.x is on a rip 
 
i suspect it will catch up so might be worth a cheeky call 
 
undervalued given its massive tbc holdings",2020-10-19 16:00:26,1,"['mstr', 'btc.x']"
251055788,microstrategy incorporated ($mstr) barely shadows the market with… https://www.macroaxis.com/invest/stock/mstr/microstrategy-incorporated #trading #ideas #stocks,2020-10-19 12:21:32,-69,['mstr']
250914052,"$mstr i think one aspect that is being missed is that the saylor micro strategy purchase of $btc.x has given the company massive publicity

everyone one has not heard of microstrategy who have a ceo with vision and is highly tech savvy - ideal as a front man for microstrategy 

this means the core profits and deals may well see an uptick as renewals continue to flood in

the bitcoin moves was positive for the treasury but i think also great news for the core business.  puts microstrategy on the map without any advertising 

saylor getting his btc cult status will no no harm at all

bullish and looking at 200",2020-10-17 15:38:25,1,"['mstr', 'btc.x']"
250891195,is bitcoin on the cusp of breaking out of another multi year {cup} setup. $gbtc $btc.x $pypl $mstr,2020-10-17 04:13:32,1,"['mstr', 'btc.x', 'pypl', 'gbtc']"
250806007,$mstr corp fomo is real and $mstr was first. this company is going to moon with $450m in actual btc on the balance sheet,2020-10-16 18:36:49,1,['mstr']
250473193,$mstr - hold microstrategy incorporated… https://www.macroaxis.com/invest/pair-correlation/mstr/dsgx/microstrategy-vs-descartes #portfolio_prospective #better_portfolio #diversify,2020-10-15 14:40:02,-69,['mstr']
250391015,"grayscale reports 147% rise in bitcoin assets under management in q3

related tickers: $bchg $ethe $gbtc $gdlc $ltcn $mstr $sq",2020-10-15 05:18:50,-69,"['mstr', 'sq', 'gbtc', 'gdlc']"
250357110,"$btc.x $link.x $ada.x &quot;could easily double in next 6 months due to limited supply from huge corporate acquisitions like $mstr.&quot;

explained and covered in video below ↓↓↓

cryptos ready for next huge bull move:

https://youtu.be/pfssjl5m374",2020-10-14 23:55:09,1,"['mstr', 'btc.x', 'link.x', 'ada.x']"
250348840,$mstr - upcoming quarterly report is on 3rd of november 2020. microstrategy incorporated is… https://www.macroaxis.com/invest/priceprobability/mstr/168.0?a=less,2020-10-14 23:02:32,-69,['mstr']
250226380,#microstrategy: falling behind in the bi game $mstr https://talkmarkets.com/content/stocks--equities/microstrategy-falling-behind-in-the-bi-game?post=281363,2020-10-14 15:41:45,-69,['mstr']
250226369,#microstrategy: falling behind in the bi game $mstr https://talkmarkets.com/content/stocks--equities/microstrategy-falling-behind-in-the-bi-game?post=281363,2020-10-14 15:41:42,-69,['mstr']
250214456,"microstrategy: falling behind in the bi game

microstrategy was an early leader in business intelligence analytics, but has fallen far behind the new wave of cloud-based solutions.

https://www.greendotstocks.com/stocks/mstr

$mstr",2020-10-14 15:05:48,-69,['mstr']
250126883,"square&#39;s $50m bitcoin investment vote of confidence for cryptocurrency&#39;s future, jpmorgan says

related tickers: $mstr $sq $twtr",2020-10-14 04:02:07,-69,"['mstr', 'twtr', 'sq']"
249949695,"$riot $sq $gbtc and $mstr  are all on the list:

https://bitcointreasuries.org/",2020-10-13 15:22:07,1,"['mstr', 'sq', 'gbtc', 'riot']"
249832332,$mstr - microstrategy incorporated has a very strong… https://www.macroaxis.com/invest/stock-analysis/mstr/microstrategy-incorporated #insidertrading #stocks #fintechnews,2020-10-13 00:48:03,-69,['mstr']
249806594,$mstr i think mstr will double it&#39;s $ equivalent in btc within the next 3 months. $btc.x no brainer will have an impact on share price.,2020-10-12 21:56:45,-69,"['mstr', 'btc.x']"
249569348,"$mstr saylor and mstr really getting a lot of publicity following the $sq news

should get a lot of interest from general retail - last weeks good performance likely to continue

imagine $btc.x  at $20,000 - suddenly saylor has an extra $400 million to play with 

sp will double with it",2020-10-11 17:17:44,1,"['mstr', 'sq', 'btc.x']"
249395947,"$mstr nice reversal to keep building momentum 

the press from the sq and mstr $btc.x keeps on getting bigger and stronger

saylor is being given guru status

the “how we did it manual” also a nice touch",2020-10-09 19:16:03,1,"['mstr', 'btc.x']"
249327058,microstrategy $mstr bidaskscore is increased to sold https://bidaskclub.com/news/company/2020-10-08/mstr,2020-10-09 15:47:03,-69,['mstr']
249325846,"the number of institutional investors investing in $btc.x continues to increase &amp; it appears to be providing new confidence in the price, once again surpassing $11k. $sq announced this week, that it had purchased 4,709 bitcoin for $50m, following $mstr which also announced a significant purchase of bitcoin.",2020-10-09 15:43:46,-69,"['mstr', 'sq', 'btc.x']"
249269308,"3 small-cap bitcoin stocks that could benefit from square&#39;s purchase

$mstr $hvbtf $riot $sq  

https://m.benzinga.com/article/17841329",2020-10-09 13:20:13,-69,"['mstr', 'sq', 'riot']"
249255458,3 small-cap bitcoin stocks that could benefit from square&#39;s purchase $hvbtf $mstr $riot $sq $btc.x https://www.benzinga.com/markets/cryptocurrency/20/10/17841329/3-small-cap-bitcoin-stocks-that-could-benefit-from-squares-purchase,2020-10-09 12:29:14,-69,"['mstr', 'sq', 'btc.x', 'riot']"
249252739,3 small-cap bitcoin stocks that could benefit from square&#39;s purchase $hvbtf $mstr $riot $sq https://benzinga.com/z/17841329#.x4bqthnitrq.twitter,2020-10-09 12:15:59,-69,"['mstr', 'sq', 'riot']"
249201064,$gbtc bitcoin trust. monthly chart. currently in a very bullish minor {wave 3} of a major {wave 5} impulsive advance. the fact the paul tudor jones who is a fan of &quot;elliott wave analysis&quot; thinks bitcoin has value compared to paper fiat is notable. $btc.x $mstr $gld,2020-10-09 01:15:37,1,"['mstr', 'gld', 'btc.x', 'gbtc']"
249104563,"$btc.x remember what jack said on his twitter feed after the $50 btc purchase 
 
&quot;start small and hold&quot; 
 
$50 is small but clearly it will get a lot bigger 
 
the white paper also explains how other ceos with large cash holdings can move treasury into btc 
 
it really is the most sensible this a ceo could do given inflationary pressures - remember the saylor $mstr melting ice cube analogy",2020-10-08 18:31:06,1,"['mstr', 'btc.x']"
249084959,$btc.x $mstr $sq whos next ? https://chrisoncrypto.com/blog/f/setting-the-trend-square-invests-50-million-into-bitcoin,2020-10-08 17:32:49,1,"['mstr', 'sq', 'btc.x']"
249057382,"$mstr  best post ever?     

might be   

my timing is second to none

follow me or perish",2020-10-08 16:07:23,-69,['mstr']
249047911,"$btc.x the fact that square bought $50 million but that is only 1% of their total assets show what could happen. 
 
imagine they follow saylor at $mstr and put in much much more.   10% only would be $500 million 
 
others will want to get in quick before it goes to $20,000",2020-10-08 15:41:13,1,"['mstr', 'btc.x']"
249031501,$mstr $btc.x $sq $ndx btc breakout is great for these stakeholders.,2020-10-08 14:58:05,1,"['mstr', 'sq', 'btc.x', 'ndx']"
249023649,$mstr watch this rip! only 1.5bn mcap and $425m in bitcoin! work it out!,2020-10-08 14:37:53,1,['mstr']
249020619,"$btc.x this 50 million really is just the start.  jack will have seen the publicity and &quot;fame&quot; that saylor got over at $mstr and the pretty substantial share price boost and wanted a piece of the action.

if jack used twitter cash it would be a very good investment and position him as a real tech leader

no lose investment - tech leadership, credibility and glory",2020-10-08 14:30:35,1,"['mstr', 'btc.x']"
249007296,$mstr put $425m cash into bitcoin earlier in year saying other will follow...today $sq puts $50m in bitcoin...first big name...more to follow! bargain price at these levels!,2020-10-08 14:00:20,1,"['mstr', 'sq']"
249003222,"$mstr the saylor vision is sinking in now - mstr well up on the day and the news that jack of twitter fame is buying $btc.x will send shock waves though the sector.

strong buy on mstr as easy entry into btc and bullish on btc itself obviously",2020-10-08 13:51:23,1,"['mstr', 'btc.x']"
248782696,"$mstr at least being properly valued - the $btc.x crowd and not realising that mstr is the ideal entry into bitty ownership with a tech company thrown in for free. 
 
it has become a btc hedge fund and will continue to be one as each year another 50 million is added to the pot 
 
beautiful long term play with minimal downside as institutions never previously valued the cash anyway (usual practice)",2020-10-07 16:46:10,1,"['mstr', 'btc.x']"
248625639,"$mstr you ready?

you are",2020-10-07 00:15:12,1,['mstr']
248518061,$mstr in today at 153! bitcoin on cup n handle b/o...let&#39;s go!,2020-10-06 18:25:05,1,['mstr']
248465042,"$mstr nice move today - this remains an undiscovered gem but i suspect more and more $btc.x holders will see mstr as a safe way to get good exposure to bitcoin without the hassle of getting a wallet and 100 different pieces of id. 
 
bottom line though is that the company is highly profitable, throwing off cash and has some really nice, covid proof tech. 
 
profits will surprise on the upside due to large cost reductions imo",2020-10-06 15:39:40,1,"['mstr', 'btc.x']"
248300827,"$mstr solid day tracking btc higher - should break 152 again soon enough as btc closes i again on 11000

what is impressive if btc resistance following bitmex issues

looking strong",2020-10-05 20:47:41,1,['mstr']
248078901,"$mstr the bitmex issue has highlighted that those wanting exposure to $btc.x would be better off buying $mstr shares and let them deal with cold storage 

no charges but strong exposure",2020-10-04 19:03:12,1,"['mstr', 'btc.x']"
247972835,$mstr: the eps has grown by an impressive 1054.55% over the past year.. https://www.chartmill.com/stock/analyzer/stock/mstr?key=8d6feb0b-b16f-460c-9177-6ef799479471&amp;utm_source=stocktwits&amp;utm_medium=ta&amp;utm_content=mstr&amp;utm_campaign=social_tracking,2020-10-03 03:20:00,-69,['mstr']
247725669,"$btc.x any worry about exchanges will push more to get btc exposure through buying $mstr

no storage fees or wallet worries",2020-10-02 06:36:13,1,"['mstr', 'btc.x']"
247643569,$mstr new article : the top presidential debate takeaways for investors https://www.stck.pro/news/mstr/8154633,2020-10-01 21:03:13,-69,['mstr']
247559160,$mstr i guess they are already converting back to $ ... did not last long !,2020-10-01 16:35:55,-69,['mstr']
247283845,"$btc.x somebody mentioned it below but i am also convinced that there are some whale corporate buyers in the market following $mstr.

read their statement on &quot;how&quot; they managed to get 450 million&#39;s worth.  they were ready, if it dipped one or two percent to take the whole lot there are then.

there are some very strong buyers taking up the small retail sales and these guys are not trading but hodling them all.

this is why it could jump to 12-14,000 relatively easier",2020-09-30 16:41:34,1,"['mstr', 'btc.x']"
247282019,"$mstr strong progress today - this reached 170 not so long ago.  i suspect 160 could be steady state and a lot higher if we get a real bull run on $btc.x 

the downside is limited - the upside it massive.  must be one of the very best risk-reward plays out there at the moment",2020-09-30 16:35:56,1,"['mstr', 'btc.x']"
247179773,"$mstr if we do get $btc.x going back to 12,000 mstr will really fly not least because it will show saylor to be some sort of visionary

of course, once bitty reaches 40,000 then this company is totally transformed.

buy mstr and get a tech company for free",2020-09-30 09:19:46,1,"['mstr', 'btc.x']"
247179685,$mstr $ndx $btc.x looking ready for a reversal,2020-09-30 09:17:38,1,"['mstr', 'btc.x', 'ndx']"
247118952,$mstr - next fiscal quarter end is on 30th of september 2020. invariable transformation event triggered for…,2020-09-30 00:05:32,-69,['mstr']
247039967,"$mstr any dip below 150 will get bought

with costs slashed and revenues holding up mstr will keep throwing off cash that will go into $btc.x  or be used to buyback shares

any big rise in bitcoin will boost the sp a lot while the downside is limited but the value of the company which was already trading in a tight 120-140 range

but yes, the fact saylor has taken on celebrity level status will also boost sales of his software and bring in plenty of new customers 

bullish all the way",2020-09-29 19:04:48,1,"['mstr', 'btc.x']"
246950084,$riot $gbtc $mstr does anyone have any thoughts on $bbkcf? an interesting smaller company with blockchain forensics software.,2020-09-29 14:33:17,-69,"['mstr', 'gbtc', 'riot']"
246788377,"$mstr the big unknown is how many $btc.x would be buyers will see that it is much easier for newbie investors who want exposure to bit coin to buy mstr shares 

this way they are getting a tech company that is throwing off cash and 500 million of bitcoin that could of course double or triple or short course

buyers of mstr also have no security concerns with holding their own wallet 

once nervous bitcoin wanna be buyers catch on we might see bigger volumes and clearly any strong btc move will send this flying given the usual low volumes",2020-09-28 19:33:51,1,"['mstr', 'btc.x']"
246688572,"the early rise could push on a new investors also start seeing $mstr as a perfect entry into the $btc.x arena - no wallets, no cold wallet etc.",2020-09-28 14:05:18,1,"['mstr', 'btc.x']"
246687847,"$mstr now we are seeing some action - not reason this will not return to the 160 price area in the short term

if $btx.x gets new highs it will really motor

mstr are at the start of this action and btc could double from here as other cash rich companies move their cash into btc

trust in fiat is failing fast and there are a lot of companies with a lot of cash on their balance sheets that has to be more productive",2020-09-28 14:03:24,1,"['mstr', 'btx.x']"
246567854,"$mstr i need another run  am i asking for too much?

please

thanking you in advance",2020-09-27 15:54:04,-69,['mstr']
246547914,$sxp.x again the crown jewel of undiscovered protocols. swipe. 🔥 $btc.x $link.x $mstr,2020-09-27 04:20:02,-69,"['mstr', 'btc.x', 'link.x', 'sxp.x']"
246521219,"$btc.x #microstrategy $425m bet on #bitcoin – what is their market risk?

check out the analysis to see the estimated day to day loss that $mstr could witness from its massive $btc position.

https://visionary-finance.com/news/microstrategy-425m-bet-on-bitcoin-what-is-their-market-risk/",2020-09-26 20:23:58,-69,"['btc', 'mstr', 'btc.x']"
246481479,"$btc.x there is a much bigger picture here

macro changes and real fears of inflation mean other cash rich companies will follow micro strategy and buy bit coin in the thousands

the upward pressure will continue to grow limiting downside and leveraging upside 

buying $mstr is not a bad way to get exposure plus a tech company for free",2020-09-26 06:26:12,1,"['mstr', 'btc.x']"
246257617,$mstr can see a nice move upwards today,2020-09-25 12:46:44,1,['mstr']
246049676,$mstr btc really flying now - will be above what mstr paid for it soon enough - very bullish and tech recovering,2020-09-24 16:07:16,1,['mstr']
246043898,$mstr given a strong performance on btc this should follow (all be it with a lag),2020-09-24 15:52:32,1,['mstr']
245975302,$mstr new article : microstrategy stock’s chances of recovering from recent drop look weak https://www.stck.pro/news/mstr/7968890,2020-09-24 13:25:18,-69,['mstr']
245952863,"$mstr saylor on max keiser - two shows - one still to air. 
 
same material that was on pomp but makes the same good arguments",2020-09-24 12:16:16,-69,['mstr']
245753070,"$mstr it will take time for the synch between btc and mstr to kick in but it will. 
 
the sp of mstr has traded a pretty stable channel for a long time - the cash on the books was really not valued by brokers which is fair enough if it is doing nothing with pressure to return it to stockholders (which they did) or to buy another company at over inflated prices. 
 
btc makes perfect sense now that btc has come of age and has less volatility and is more secure 
 
the core business of mstr is pretty robust with tier one customers and a reduced cost base now they are used to working over zoom. 
 
the product offering is strong and data analytics will be adopted by more and more companies - mstr have a long track record of delivery  
 
the ai and ml type work in hyperintelligence should pick up. 
 
the subscription and cloud model is inevitable - might be some short term adjustment there. 
 
key is to look at valuation and then imagine btc doubles or triples in price - then what price mstr?",2020-09-23 17:31:46,-69,['mstr']
245507994,"$btc-usd $mstr cash a &#39;melting ice cube&#39;: microstrategy&#39;s saylor talks about move into bitcoin 

https://newsfilter.io/a/c5db8df9e290b322f00215cbea85d4c7",2020-09-22 19:53:21,-69,"['btc', 'mstr']"
245414310,"$mstr ceo says bitcoin is safer after moving firm’s cash to crypto 

https://newsfilter.io/a/0a2f43714fded4ebfcef1d30f2e59c1a",2020-09-22 15:02:19,-69,['mstr']
245160391,$mstr what a joke the ceo is now shilling bitcoin like a shitcoin promoter!,2020-09-21 14:50:59,-69,['mstr']
245160127,$mstr,2020-09-21 14:50:16,-69,['mstr']
245140162,$mstr against 150.00 looks g2g,2020-09-21 13:59:57,1,['mstr']
245136512,$mstr poor company whose decision to convert their cash to bitcoin is going to cost them,2020-09-21 13:51:09,-69,['mstr']
245074035,microstrategy incorporated expected to post q3 2020 earnings of $1.12 per share (nasdaq:mstr) $mstr #mstr https://www.marketbeat.com/n/4465,2020-09-21 05:04:04,-69,['mstr']
244958007,"$mstr just looking a little over priced from the bit coin boost 

might retreat a little short term",2020-09-19 19:26:55,-69,['mstr']
244939097,"$mstr clearly not a great stocktwits following. that will change.

this is becoming a very interesting play that is throwing off cash",2020-09-19 14:43:55,1,['mstr']
244918124,how will this affect the market? $mstr in downtrend: rsi indicator exits overbought zone. view odds for this and other indicators: https://srnk.us/go/2115762,2020-09-19 04:33:08,-69,['mstr']
244707609,$mstr yeah ! it might drop 5$ !,2020-09-18 13:55:44,-69,['mstr']
244669210,don’t miss out on this! $mstr rsi indicator left the overbought zone. view odds of downtrend. https://srnk.us/go/2113161,2020-09-18 11:03:28,-1,['mstr']
244658399,"$mstr so why are brokers giving it sell and strong sell recommendations?

any quick summary most welcome",2020-09-18 07:37:24,-69,['mstr']
244658309,$mstr after hours +$18?? :-),2020-09-18 07:35:02,1,['mstr']
244609332,don’t miss out on this! $mstr macd histogram just turned positive. view odds of uptrend. https://srnk.us/go/2111679,2020-09-17 23:11:44,1,['mstr']
244543336,"$btc.x $mstr purchased 38,000 bitcoins ($425 million) without moving the price much. how did they do it? they gradually purchased from weak hands across several months and they are using it as cash reserve without no plan to sell any in the short term. the hodler gang is 💪 stronger than ever!!",2020-09-17 18:48:14,1,"['mstr', 'btc.x']"
244539869,"$tsla $mstr $btc.x 
what is proof-of-stake? 

participation in proof of stake requires nodes/network validators to commit a personal stake of the underlying asset to be locked for a stipulated time period, similarly to posting collateral. as opposed to proof of work, proof of stake does not require any specialized mining hardware, only internet connectivity and a stake of the cryptocurrency. to incentivize the validator for staking their personal assets to secure the network, the block creator is rewarded with a transaction fee in the underlying cryptocurrency.

learn more about tezos $xtz.x , a top proof of stake asset. https://cryptoeq.io/corereports/tezos-abridged",2020-09-17 18:36:44,-69,"['mstr', 'tsla', 'btc.x', 'xtz.x']"
244538669,"$mstr people are just starting to hear about bitcoin, but they don&#39;t have any idea of its benefits long term. just wait till they also learn about decred. withdecred.org",2020-09-17 18:32:36,-69,['mstr']
244491918,$mstr,2020-09-17 16:08:49,-69,['mstr']
244397881,$mstr bitcoin community is the best community out there lets all get it,2020-09-17 11:47:54,1,['mstr']
244397803,$mstr jim cramer fomo into bitcoin check out lunch money on youtube this is what im thinking rn,2020-09-17 11:47:24,1,['mstr']
244343501,"$mstr “this thing” is a heaping pile of 38,250 bitcoins. the publicly traded firm bought $250 million worth on aug. 11, days after telling shareholders that cash was no longer a safe place for its excess $500 million. tuesday morning, it bought $175 million more. 

https://www.coindesk.com/microstrategy-ceo-michael-saylor-bitcoin",2020-09-17 02:05:51,-69,['mstr']
244327839,$mstr michael saylor:,2020-09-17 00:25:47,1,['mstr']
244323726,have you seen this? $mstr rsi indicator left the overbought zone. view odds of downtrend. https://srnk.us/go/2108304,2020-09-17 00:02:54,-1,['mstr']
244251401,$mstr collecting calls for next year pass 200. this will be too ez,2020-09-16 19:25:20,-69,['mstr']
244240307,"digital turbine and veeco instruments among top tech gainers, while voxeljet and immersion among losers  $refr $axti $veco $mstr $apps 

https://newsfilter.io/a/2d7cae2630443bd7f9e843a898fa392c",2020-09-16 18:57:04,-69,"['axti', 'mstr', 'refr', 'veco', 'apps']"
244204709,$mstr this is a beauty,2020-09-16 17:23:00,1,['mstr']
244203111,apparently $mstr is the new $ostk,2020-09-16 17:18:48,-69,"['mstr', 'ostk']"
244182502,4-star analyst hamed khorsand from bws financial reiterated a buy on $mstr.  https://www.tipranks.com/analysts/hamed-khorsand,2020-09-16 16:29:00,-69,['mstr']
244162891,$mstr,2020-09-16 15:35:04,-69,['mstr']
244159122,$mstr even bigger reaction than last purchase.,2020-09-16 15:24:40,-69,['mstr']
244156680,$mstr jesus... 😱,2020-09-16 15:18:28,-69,['mstr']
