id,body,created_at,sentiment,symbols
254741632,$pega https://www.aistockfinder.com/stock-forecast/pega pegasystems inc. our predictive algorithm lets us believe this company s stock price has a neutral short term outlook and its stock price is in line with its long term fundamentals in a neutral long term market setup,2020-11-05 23:55:26,-69,['pega']
254548570,$pega leon trefler sold 654 shares [very low conviction] www.insider-analysis.com/search_transactions.php?ticker=table_pega,2020-11-05 12:45:02,-69,['pega']
254547940,"$pega kenneth stillwell sold 5,505 shares [average conviction] www.insider-analysis.com/search_transactions.php?ticker=table_pega",2020-11-05 12:41:07,-69,['pega']
254531993,"what do you think of this? $pega in -4.47% downtrend, sliding for three consecutive days on november 2, 2020. view odds for this and other indicators: https://srnk.us/go/2283626",2020-11-05 10:11:36,-69,['pega']
254467813,"$pega: new sec filing on svp, global customer success, leon trefler: https://www.sec.gov/archives/edgar/data/1013857/000120919120056935/xslf345x03/doc4.xml",2020-11-04 22:26:01,-69,['pega']
254466756,pegasystems inc.&#39;s president just picked up 229 shares  http://www.conferencecalltranscripts.org/4/summary2/?id=8518645 $pega,2020-11-04 22:20:36,-69,['pega']
254466429,"svp of pegasystems inc. just cashed-in 1,300 options  http://www.conferencecalltranscripts.org/4/summary/?id=8518746 $pega",2020-11-04 22:19:03,-69,['pega']
254464802,cfo of pegasystems inc. just picked up 217 shares  http://www.conferencecalltranscripts.org/4/summary/?id=8518692 $pega,2020-11-04 22:12:12,-69,['pega']
254464777,"$pega [15s. delayed] filed sec form 4: svp, global customer success trefler leon: 
disposed 1,300 of common stock at average price $116.08 https://s.flashalert.me/aknn3c",2020-11-04 22:12:05,-69,['pega']
254464684,"$pega $136,539.72 of shares sold by trefler leon (svp, global customer success), reported in a new form 4 filed with the sec  

https://newsfilter.io/a/7ddd148ab68849d113e5de44f41e5a79",2020-11-04 22:11:43,-69,['pega']
254464208,"$pega $1,185,601.83 of shares sold by stillwell kenneth (cfo, svp), reported in a new form 4 filed with the sec  https://newsfilter.io/a/ba591c8bab43ace0c586a72601cbf317",2020-11-04 22:09:36,-69,['pega']
254463128,"$pega [15s. delayed] filed sec form 4: cfo, svp stillwell kenneth: 
disposed 12,546 of common stock at average price $117.88 and converted https://s.flashalert.me/3ymhrv",2020-11-04 22:04:58,-69,['pega']
254462526,"$pega [15s. delayed] filed sec form 4: president stafford hayden: 
delivered securities 89 of common stock at price $113.4 and converted s https://s.flashalert.me/spkll",2020-11-04 22:02:33,-69,['pega']
254462434,"$pega $10,092.60 of shares sold by stafford hayden (president), reported in a new form 4 filed with the sec  

https://newsfilter.io/a/461cec65b9bf59da61c50bff9876e360",2020-11-04 22:02:09,-69,['pega']
254063583,pegasystems $pega bidaskscore is downgraded to bought https://bidaskclub.com/news/company/2020-11-02/pega,2020-11-03 09:02:04,-69,['pega']
253876438,$pega - pegasystems: steady sailing. https://t.co/pacecpducz #investing #trading #markets,2020-11-02 13:57:40,-69,['pega']
253833176,the short sale volume (not short interest) for $pega on 2020-10-30 is 61%. http://shortvolumes.com/?t=pega via @shortvolumes,2020-11-02 02:41:35,-69,['pega']
253762558,don’t miss out on this! $pega rsi indicator left the oversold zone. view odds of uptrend. https://srnk.us/go/2267887,2020-11-01 02:31:29,1,['pega']
253198978,$pega needham maintains to buy : pt $160.00 https://stockhoot.com/extsymbol.aspx?from=analystratingtweet&amp;symbol=pega&amp;t=123&amp;social=stocktwits,2020-10-29 10:56:41,-69,['pega']
253147453,"$pega 
were the earnings leaked?
seems that way.",2020-10-28 23:42:26,1,['pega']
253129991,last10k highlighted 20 positive and negative remarks in $pega&#39;s 10-q filed today. see them in the quarterly report: https://last10k.com/sec-filings/pega/0001013857-20-000039.htm?utm_source=stocktwits&amp;utm_medium=forum&amp;utm_campaign=sentiment&amp;utm_term=pega,2020-10-28 22:03:53,-69,['pega']
253117460,$pega updates q4 2020after-hours guidance to 0.63-0.77 eps and revenue guidance to $345-375 million. https://www.marketbeat.com/g/52131,2020-10-28 21:10:12,-69,['pega']
253112508,"$pega reported a loss of $0.60, consensus was ($0.31) via @ewhispers #epsmiss http://eps.sh/d/pega",2020-10-28 20:51:46,-69,['pega']
253111789,"pegasystems q3 eps $(0.33) down from $(0.23) yoy, sales $225.95m miss $249.91m estimate

related tickers: $pega",2020-10-28 20:49:24,-69,['pega']
253109972,$pega just filed a 10-q quarterly report with 56 sections and 6 exhibits. access them all or just read their earnings: https://last10k.com/sec-filings/pega/0001013857-20-000039.htm?utm_source=stocktwits&amp;utm_medium=forum&amp;utm_campaign=10kq2040f&amp;utm_term=pega,2020-10-28 20:43:06,-69,['pega']
253108812,$pega just filed with the sec a earnings release and a financial exhibit https://last10k.com/sec-filings/pega/0001013857-20-000040.htm?utm_source=stocktwits&amp;utm_medium=forum&amp;utm_campaign=8k&amp;utm_term=pega,2020-10-28 20:39:37,-69,['pega']
253106948,"$pega earnings call today: 5:00 pm est 
analyst rating: strong buy 
webcast: http://mmm.wallstreethorizon.com/u.asp?u=348091",2020-10-28 20:34:11,-69,['pega']
253106462,"$pega pegasystems eps misses by $0.26, misses on revenue 

https://newsfilter.io/a/63cdf0dbabe65299dbf67a2b76d2bb9b",2020-10-28 20:32:58,-69,['pega']
253100406,$pega pega cloud continues to expand in third quarter of 2020 https://www.otcdynamics.com/pega-pega-cloud-continues-to-expand-in-third-quarter-of-2020,2020-10-28 20:17:41,-69,['pega']
253099039,pegasystems: pega cloud continues to expand in third quarter of 2020  http://www.conferencecalltranscripts.org/8/summary2/?id=8486026 $pega,2020-10-28 20:14:53,-69,['pega']
253097777,pegasystems inc. just filed its quarterly report: 11. (loss) per share... http://www.conferencecalltranscripts.org/q/summary2/?id=8486015 $pega,2020-10-28 20:11:54,-69,['pega']
253097308,"$pega [15s. delayed] filed form 8-k on october 28, 16:09:46: item2.02: results of operations &amp; financial condition https://s.flashalert.me/amh2s",2020-10-28 20:10:51,-69,['pega']
253097106,"$pega form 8-k: results of operations and financial condition on october 28, 2020, pegasystems issued a press release announcing its financial results for the third quarter of 2020. a copy of the pres.. 

https://newsfilter.io/a/4a64166b5f2cc5b3c8c2473b03f35144",2020-10-28 20:10:30,-69,['pega']
253096787,"$pega [15s. delayed] filed form 10-q on october 28, 16:08:27 https://s.flashalert.me/ca0n4n",2020-10-28 20:09:56,-69,['pega']
253096627,"$pega form 10-q (quarterly report [sections 13 or 15(d)]) filed with the sec 

https://newsfilter.io/a/40dc79030c94b9dc4faefd2cf1151e5c",2020-10-28 20:09:34,-69,['pega']
253094616,"$pega pega cloud continues to expand in third quarter of 2020
https://www.stocktitan.net/news/pega/pega-cloud-continues-to-expand-in-third-quarter-of-hvk221iq37jl.html",2020-10-28 20:05:40,-69,['pega']
253094604,"$pega pega cloud continues to expand in third quarter of 2020 

https://newsfilter.io/a/a181c5c279e7578bcd0984e3e0050891",2020-10-28 20:05:39,-69,['pega']
253094578,$pega - http://www.trade-ideas.com/ticky/ticky.html?symbol=pega - trading down pretty good in the post market - new postmarket low.  next support 114.695 from 9/24/2020.,2020-10-28 20:05:35,-69,['pega']
253055809,$pega is mega enjoy ah,2020-10-28 17:53:02,1,['pega']
253002386,"$pega reports after the close, estimize consensus +0.02 eps and +6.11m revs compared to ws
http://www.estimize.com/pega/fq3-2020?utm_content=prerelease&amp;utm_medium=tweet&amp;utm_source=stocktwits",2020-10-28 15:00:28,-69,['pega']
252857074,$pega new article : pegasystems q3 2020 earnings preview https://www.stck.pro/news/pega/8785203,2020-10-27 21:43:05,-69,['pega']
252381115,$pega - upcoming quarterly report is on 28th of october 2020. volume analysis: chaikin ad line may suggest possible…,2020-10-25 05:47:32,-69,['pega']
252379887,pegasystems to release earnings after the market closes on wednesday. analysts expect -0.31 eps. www.marketbeat.com/p/487296 $pega #pega,2020-10-25 05:01:46,-69,['pega']
252236946,$pega the greed to 💯 in 2020 yo fookin 🧠.    🐒🍌🧠,2020-10-23 19:06:49,1,['pega']
251835393,"$pega pega helps stepchange create online service easing the financial burdens for uk citizens in covid-19 hardships
https://www.stocktitan.net/news/pega/pega-helps-step-change-create-online-service-easing-the-financial-w860x4ukxgrl.html

#covid19",2020-10-22 13:01:10,-69,['pega']
251381657,$pega new article : pegasystems named a leader in real-time interaction management by independent research firm https://www.stck.pro/news/pega/8608240,2020-10-20 17:09:06,-69,['pega']
251379344,$pega pegasystems named a leader in real-time interaction management by independent research firm https://www.otcdynamics.com/pega-pegasystems-named-a-leader-in-real-time-interaction-management-by-independent-research-firm,2020-10-20 17:01:47,-69,['pega']
251379322,"$pega [15s. delayed]: issued press release on october 20, 12:56:00: pegasystems named a leader in real-time interaction management by inde https://s.flashalert.me/1s5za",2020-10-20 17:01:41,-69,['pega']
251379087,$pega: pegasystems named a leader in real-time interaction management by independent research firm https://www.chartmill.com/news/pega/prnews-2020-10-20-pegasystems-named-a-leader-in-real-time-interaction-management-by-independent-research-firm?utm_source=stocktwits&amp;utm_medium=pressrelease&amp;utm_content=pega&amp;utm_campaign=social_tracking,2020-10-20 17:01:00,-69,['pega']
251377743,"$pega pegasystems named a leader in real-time interaction management by independent research firm
https://www.stocktitan.net/news/pega/pegasystems-named-a-leader-in-real-time-interaction-management-by-urz35ktoug3d.html",2020-10-20 16:56:51,-69,['pega']
251221830,"possible swing trading patterns are detected for $ste, $rgen and $pega by our stock screener. https://www.chartmill.com/stock/stock-screener?sid=28&amp;f=s_str,s_n20h,etf_none,p_pg20,v1_50b20,cu_b_sm10v,cu_a_sm20v,exch_us&amp;v=3&amp;s=n&amp;sd=asc&amp;timeframe=daily&amp;type=candles&amp;months=3&amp;width=720&amp;cl=f&amp;o1=3&amp;o2=3&amp;op1=10,16711680&amp;op2=30,255&amp;utm_source=stocktwits&amp;utm_medium=screener&amp;utm_content=stock_screener:_swing_trading&amp;utm_campaign=social_tracking",2020-10-19 22:44:00,-69,"['pega', 'rgen', 'ste']"
250593151,$pega: pega to announce financial results for the third quarter of 2020 via conference call and webcast https://www.chartmill.com/stock/quote/pega/news?utm_source=stocktwits&amp;utm_medium=pressrelease&amp;utm_content=pega&amp;utm_campaign=social_tracking,2020-10-15 21:10:00,-69,['pega']
250590970,$pega pega to announce financial results for the third quarter of 2020 via conference call and webcast https://www.otcdynamics.com/pega-pega-to-announce-financial-results-for-the-third-quarter-of-2020-via-conference-call-and-webcast,2020-10-15 21:00:11,-69,['pega']
250590321,$pega new article : pega to announce financial results for the third quarter of 2020 via conference call and webcast https://www.stck.pro/news/pega/8497811,2020-10-15 20:57:23,-69,['pega']
250589625,pega to announce financial results for the third quarter of 2020 via conference call and webcast http://www.conferencecalltranscripts.org/summary/?id=71358&amp;pr=true $pega,2020-10-15 20:54:22,-69,['pega']
250589049,"$pega [15s. delayed]: issued press release on october 15, 16:41:00: pega to announce financial results for the third quarter of 2020 via c https://s.flashalert.me/equjs",2020-10-15 20:51:41,-69,['pega']
250587814,"$pega pega to announce financial results for the third quarter of 2020 via conference call and webcast
https://www.stocktitan.net/news/pega/pega-to-announce-financial-results-for-the-third-quarter-of-2020-via-otl7ycqoieho.html",2020-10-15 20:41:41,-69,['pega']
250169400,"$pega pega helps hmrc to mitigate risk for uk government&#39;s covid-19 support initiatives
https://www.stocktitan.net/news/pega/pega-helps-hmrc-to-mitigate-risk-for-uk-government-s-covid-19-j6i4sj6oob78.html

#covid19",2020-10-14 13:00:56,-69,['pega']
249250000,"$pega barclays maintains equal-weight on pegasystems, raises price target to $130",2020-10-09 12:01:37,-69,['pega']
249249766,$pega barclays maintains to equal-weight : pt $130.00 https://stockhoot.com/extsymbol.aspx?from=analystratingtweet&amp;symbol=pega&amp;t=225&amp;social=stocktwits,2020-10-09 12:00:35,-69,['pega']
