id,body,created_at,sentiment,symbols
254868007,$sabr go up,2020-11-06 15:44:18,1,['sabr']
254864949,$sabr there’s your dip,2020-11-06 15:35:52,1,['sabr']
254849799,"$sabr misses by $0.10, reports revs in-line https://www.briefing.com/in-depth-analysis/content/article?articleid=in20201106075230sabr",2020-11-06 14:54:41,-69,['sabr']
254841393,$sabr q4 guidance looks good. its a keeper!,2020-11-06 14:33:28,1,['sabr']
254830608,"$sabr what does sabre&#39;s debt look like? 

https://newsfilter.io/a/cdcf93c7a2d115f5ff6aa59c433b7ce1",2020-11-06 13:55:41,-69,['sabr']
254828190,$sabr,2020-11-06 13:45:25,-69,['sabr']
254824488,"$sabr reported a loss of $0.87, consensus was ($0.66), earnings whisper was ($0.80) via @ewhispers #whispermiss http://eps.sh/d/sabr",2020-11-06 13:29:05,-69,['sabr']
254823936,"$sabr new article : sabre eps misses by $0.10, beats on revenue https://www.stck.pro/news/sabr/8969639",2020-11-06 13:26:20,-69,['sabr']
254823385,"$sabr sabre: q3 earnings insights 

https://newsfilter.io/a/c77fc16546eee4c07197307cbfdefb1c",2020-11-06 13:23:41,-69,['sabr']
254822665,$sabr i’ll buy at $6,2020-11-06 13:20:24,-1,['sabr']
254822611,$sabr new article : sabre&#39;s third quarter 2020 earnings materials available on its investor relations website https://www.stck.pro/news/sabr/8969486,2020-11-06 13:20:07,-69,['sabr']
254822026,$sabr new article : sabre: q3 earnings insights https://www.stck.pro/news/sabr/8969415,2020-11-06 13:17:25,-69,['sabr']
254821547,$sabr just filed with the sec a earnings release and a financial exhibit https://last10k.com/sec-filings/sabr/0001597033-20-000194.htm?utm_source=stocktwits&amp;utm_medium=forum&amp;utm_campaign=8k&amp;utm_term=sabr,2020-11-06 13:15:08,-69,['sabr']
254820927,$sabr: sabre&#39;s third quarter 2020 earnings materials available on its investor relations website https://www.chartmill.com/stock/quote/sabr/news?utm_source=stocktwits&amp;utm_medium=pressrelease&amp;utm_content=sabr&amp;utm_campaign=social_tracking,2020-11-06 13:12:02,-69,['sabr']
254820619,"$sabr earnings call today: 9:00 am est 
webcast: http://mmm.wallstreethorizon.com/u.asp?u=248501 
stockpods beta is now live. visit to find analyst ratings, stock price targets, and phone/pin for today&#39;s earnings calls: https://www.stockpods.com",2020-11-06 13:10:33,-69,['sabr']
254820003,sabre&#39;s third quarter 2020 earnings materials available on its investor relations website http://www.conferencecalltranscripts.org/summary/?id=89290&amp;pr=true $sabr,2020-11-06 13:07:46,-69,['sabr']
254818512,"$sabr sabre eps misses by $0.10, beats on revenue 

https://newsfilter.io/a/3ad7792949903b7ff14aa1e728f0936b",2020-11-06 13:00:35,-69,['sabr']
254817608,"$sabr sabre&#39;s third quarter 2020 earnings materials available on its investor relations website 

https://newsfilter.io/a/a0c7cc3bdd0e9df90ffebaa4716dc187",2020-11-06 12:55:32,-69,['sabr']
254817600,"$sabr sabre&#39;s third quarter 2020 earnings materials available on its investor relations website
https://www.stocktitan.net/news/sabr/sabre-s-third-quarter-2020-earnings-materials-available-on-its-o01kemzhcij2.html

#earnings",2020-11-06 12:55:28,-69,['sabr']
254816513,$sabr could have been worse ... at least they beat on revenue.,2020-11-06 12:49:04,-69,['sabr']
254815325,sabre: adjusted eps totaled ($0.82)  http://www.conferencecalltranscripts.org/8/summary2/?id=8528019 $sabr,2020-11-06 12:41:16,-69,['sabr']
254815216,"$sabr [15s. delayed] filed form 8-k on november 06, 07:39:32: item2.02: results of operations &amp; financial condition https://s.flashalert.me/m6vz0s",2020-11-06 12:40:31,-69,['sabr']
254815162,"$sabr form 8-k: results of operations and financial condition.on november 6, 2020, sabre issued a press release and will hold a conference call regarding its financial results for the quarter ended se.. 

https://newsfilter.io/a/158e51b8deb45c4a568e6f6de7454938",2020-11-06 12:40:07,-69,['sabr']
254807151,sabre $sabr bidaskscore is increased to sold https://bidaskclub.com/news/company/2020-11-05/sabr,2020-11-06 11:41:04,-69,['sabr']
254795709,$znga $gm $sabr $crk call heavy pre/post er tickers,2020-11-06 08:35:20,-69,"['crk', 'znga', 'gm', 'sabr']"
254790019,$sabr it’s all about overlook. we know quarter was not great! see you above $16,2020-11-06 06:22:18,1,['sabr']
254789181,"a sneak peek at sabre corporation ($sabr) 3q20 earnings

https://www.stockmarketintellects.com/a-sneak-peek-at-sabre-corporation-sabr-3q20-earnings/",2020-11-06 06:09:23,-69,['sabr']
254662027,$sabr soon my bags need to be filled with gold,2020-11-05 19:25:32,1,['sabr']
254660208,"$sabr getting back to my purchase price from a few months ago, looks ready for a big move.",2020-11-05 19:19:12,1,['sabr']
254657838,$sabr walking it up,2020-11-05 19:10:59,-69,['sabr']
254654751,"$sabr reports before the open tomorrow, estimize consensus +0.01 eps and +8.12m revs compared to ws
http://www.estimize.com/sabr/fq3-2020?utm_content=prerelease&amp;utm_medium=tweet&amp;utm_source=stocktwits",2020-11-05 19:00:40,-69,['sabr']
254645121,$sabr you guys think earnings are priced in and this keeps climbing?,2020-11-05 18:27:08,1,['sabr']
254642062,$sabr sabre option order flow sentiment has shifted from bullish to bearish. https://tinyurl.com/ybma3eoc,2020-11-05 18:15:58,-69,['sabr']
254626750,$sabr new article : sabre q3 2020 earnings preview https://www.stck.pro/news/sabr/8954926,2020-11-05 17:20:06,-69,['sabr']
254595885,$sabr recover please!,2020-11-05 15:35:19,1,['sabr']
254398797,"$sabr unusual put split

1,750 jan2022 7 puts opened for $2.25. $393k premium. 50 oi",2020-11-04 17:43:55,-69,['sabr']
254350869,$sabr new article : hedge funds were wrong about loading up on sabre corporation (sabr) https://www.stck.pro/news/sabr/8931508,2020-11-04 14:59:40,-69,['sabr']
254332386,$sabr sabre unveils first product powered by its proprietary sabre travel ai™ technology https://www.otcdynamics.com/sabr-sabre-unveils-first-product-powered-by-its-proprietary-sabre-travel-ai-technology,2020-11-04 13:48:49,-69,['sabr']
254328841,"$sabr sabre unveils first product powered by its proprietary sabre travel ai™ technology 

https://newsfilter.io/a/985c5ac13c9bfd734cc87fc7b897607d",2020-11-04 13:30:34,-69,['sabr']
254328827,"$sabr sabre unveils first product powered by its proprietary sabre travel ai™ technology
https://www.stocktitan.net/news/sabr/sabre-unveils-first-product-powered-by-its-proprietary-sabre-travel-6kh06gm6gg9f.html",2020-11-04 13:30:32,-69,['sabr']
254253925,$sabr $ge $huya $kbe dark pool large prints from today,2020-11-04 00:53:54,-69,"['ge', 'kbe', 'sabr', 'huya']"
254189900,$sabr its easy money guys,2020-11-03 19:39:04,1,['sabr']
254114510,"$sabr announced an enhancement to its agreement with qantas that will offer agents access to richer information about the airline&#39;s fares, products and services",2020-11-03 15:06:59,-69,['sabr']
254112488,$sabr i think being on cramer had people took a double look at this stock at this stock and saw huge potential. cramer might have bought some shares after the call as well.... lol,2020-11-03 15:01:39,1,['sabr']
254090367,"cramer gives his opinion on jumia technologies, nio, more

related tickers: $crwd $fgen $jmia $nio $sabr",2020-11-03 13:46:55,-69,"['nio', 'sabr', 'fgen', 'jmia', 'crwd']"
254087321,"cramer gives his opinion on jumia technologies, nio, more https://benzinga.com/z/18182702#.x6fbzl4qnre.twitter $jmia $crwd $sabr",2020-11-03 13:32:10,-69,"['sabr', 'jmia', 'crwd']"
254086071,$sabr new article : sabre strengthens partnership with qantas to offer travel industry more rich content https://www.stck.pro/news/sabr/8907208,2020-11-03 13:25:22,-69,['sabr']
254085073,sabre strengthens partnership with qantas to offer travel industry more rich content http://www.conferencecalltranscripts.org/summary/?id=85721&amp;pr=true $sabr,2020-11-03 13:20:02,-69,['sabr']
254082174,"$sabr [15s. delayed]: issued press release on november 03, 08:00:00: sabre strengthens partnership with qantas to offer travel industry mo https://s.flashalert.me/amvlq",2020-11-03 13:04:07,-69,['sabr']
254081438,"$sabr sabre strengthens partnership with qantas to offer travel industry more rich content
https://www.stocktitan.net/news/sabr/sabre-strengthens-partnership-with-qantas-to-offer-travel-industry-emx7bx6482y1.html",2020-11-03 13:00:34,-69,['sabr']
254081434,"$sabr sabre strengthens partnership with qantas to offer travel industry more rich content 

https://newsfilter.io/a/24f4682ec32e48c746cdac95a61ba057",2020-11-03 13:00:34,-69,['sabr']
254061913,"buying $sabr before dividends come through, great return on short investment",2020-11-03 08:01:08,1,['sabr']
254057968,sabre to release earnings before the market opens on friday. analysts expect -0.65 eps. www.marketbeat.com/p/493131 $sabr #sabr,2020-11-03 06:02:03,-69,['sabr']
254054062,short sale volume (not short interest) for $sabr at 2020-11-02 is 65%. http://shortvolumes.com/?t=sabr via @shortvolumes,2020-11-03 04:50:35,-69,['sabr']
254040278,$sabr had approximately 8m usd go to the short side at 64 pct short  the bears are on the attack  https://www.algowins.com/?wdt_column_filter[1]=sabr,2020-11-03 02:21:08,-1,['sabr']
253925111,$sabr slow and steady is the way,2020-11-02 16:51:38,1,['sabr']
253920619,$sabr resume the run,2020-11-02 16:35:43,1,['sabr']
253761208,$sabr why was the sp stagnant from 2015-2020?,2020-11-01 02:02:48,-69,['sabr']
253712026,$sabr they aren’t going bk,2020-10-31 11:20:47,-69,['sabr']
253686219,$sabr not bankrupt ?,2020-10-31 00:26:06,-69,['sabr']
