id,body,created_at,sentiment,symbols
254909674,the altman-z score of $ea is much better than the industry average of 3.65. https://www.chartmill.com/stock/analyzer/stock/ea?view=fundamental-analysis&amp;key=57c8b400-a9f6-4bdf-ad1e-bf70236e335d&amp;utm_source=stocktwits&amp;utm_medium=fa&amp;utm_content=ea&amp;utm_campaign=social_tracking,2020-11-06 18:02:00,-69,['ea']
254908044,"new monthly lows 
$znga $ea $amrs $srne $ps  
 
+8 more results 
stockbeep.com/mlo-nov6p",2020-11-06 17:55:54,-69,"['ea', 'znga', 'amrs', 'srne', 'ps']"
254907750,$ea ea sports its in the warp and loot box not the game,2020-11-06 17:54:50,-69,['ea']
254905460,$ea worst #1 worst gaming stock it will go down more and more 0 there are  downgrades already   it can break 100 in few days,2020-11-06 17:45:44,-1,['ea']
254902082,$ea new article : what stands out in take-two and ea&#39;s q2 reports https://www.stck.pro/news/ea/8973312,2020-11-06 17:32:08,-69,['ea']
254898477,"$ea buybacks almost worth 10% of mkt cap👍, that sounds good to me",2020-11-06 17:18:16,1,['ea']
254896339,"$ea reignite the thrilling chase and rush of the escape in need for speed™ hot pursuit remastered, available now https://www.otcdynamics.com/ea-reignite-the-thrilling-chase-and-rush-of-the-escape-in-need-for-speed-hot-pursuit-remastered-available-now",2020-11-06 17:10:35,-69,['ea']
254895384,"reignite the thrilling chase and rush of the escape in need for speed™ hot pursuit remastered, available now http://www.conferencecalltranscripts.org/summary/?id=89534&amp;pr=true $ea",2020-11-06 17:07:05,-69,['ea']
254895363,"$ea reignite the thrilling chase and rush of the escape in need for speed™ hot pursuit remastered, available now
https://www.stocktitan.net/news/ea/reignite-the-thrilling-chase-and-rush-of-the-escape-in-need-for-nevt6jj4mx98.html",2020-11-06 17:07:00,-69,['ea']
254894995,"$ea all good, i’ll hold and buy more on dips to average down and collect the not so juicy dividends but divs nonetheless coming up.  big fan of battlefield here and next one will be epic.",2020-11-06 17:05:34,1,['ea']
254894988,"$ea reignite the thrilling chase and rush of the escape in need for speed™ hot pursuit remastered, available now 

https://newsfilter.io/a/061915427b55a5ecbc34132a63111009",2020-11-06 17:05:32,-69,['ea']
254892851,"$ea volume up by +102.54 % | 5,941,747 vs 2,933,611 
  https://www.sleekoptions.com/sleekscan.aspx?did=ea",2020-11-06 16:58:08,-69,['ea']
254891754,"$ea 
maintains bank of america neutral usd 141 » usd 138
downgraded by piper sandler overweight » neutral usd 157 » usd 133
https://www.stocktargetadvisor.com/stock/usa/nye/ea#analyst-rating-tab",2020-11-06 16:54:37,-69,['ea']
254891394,"electronic arts falls, take-two rises on quarterly results

$ea $ttwo

https://www.thestreet.com/investing/electronic-arts-falls-take-two-rises-on-quarterly-results",2020-11-06 16:53:30,-69,"['ea', 'ttwo']"
254890714,$ea new article : electronic arts -8.3% as piper sandler downgrades on downbeat year-end outlook https://www.stck.pro/news/ea/8973346,2020-11-06 16:51:15,-69,['ea']
254885914,$ea 120 by eod,2020-11-06 16:36:05,-69,['ea']
254885091,"$ea electronic arts -8.3% as piper sandler downgrades on downbeat year-end outlook 

https://newsfilter.io/a/71a61bb35692e2d84c89881269b19ed7",2020-11-06 16:33:36,-69,['ea']
254881389,$ea morgan stanley maintains to equal-weight : pt $140.00 https://stockhoot.com/extsymbol.aspx?from=analystratingtweet&amp;symbol=ea&amp;t=947&amp;social=stocktwits,2020-11-06 16:21:59,-69,['ea']
254877838,$ea new article : electronic arts just became the video game industry&#39;s newest dividend stock https://www.stck.pro/news/ea/8972933,2020-11-06 16:11:06,-69,['ea']
254872959,$ea option order flow sentiment has shifted from bullish to bearish. https://tinyurl.com/ycbszd85,2020-11-06 15:57:30,-69,['ea']
254869977,"at 4q19 earnings call $ea guided at fy21 revs of $5.525b &amp; eps of $3.35 &amp; 1q20 revs of $1.22b &amp; eps of $0.93 

at 1q20 earnings call $ea guided at fy21 revs of $5.625b &amp; eps of $2.97 &amp; 2q20 revs of $1.125b &amp; eps of $0.21

• reported 1q20 revs of $1.459b &amp; eps of $1.25
• completes $2.4b repurchase auth.

at 2q20 earnings call $ea guided at fy21 revs of $5.625b &amp; eps of $3.15 &amp; 3q20 revs of $1.675b &amp; eps of $0.61

• reported 2q20 revs of $1.151b &amp; eps of $0.63
• announces new $2.6b, 2yr repurchase auth &amp; quarterly cash dividend of $0.17 (div yield of 0.58%) - 1st dividend in history.

-- skynet news algo is simply reading the headlines. analyst estimates were excessive but company estimates were beat &amp; fy21 rev &amp; eps ests were increased from last quarter. further, new consoles from microsoft &amp; sony are a catalyst. ea play offering 2 year financing w/ subscription.",2020-11-06 15:49:32,-69,['ea']
254869761,$ea umm this is undervalued when its under 130...,2020-11-06 15:49:01,-69,['ea']
254868995,$ea bought 117.50. macd crossover and rsi at 52. let’s go!,2020-11-06 15:46:52,1,['ea']
254864865,big loser alert: trading today&#39;s -10.4% move in electronic arts $ea https://wp.me/p5blgb-bm2x,2020-11-06 15:35:38,-69,['ea']
254861337,"$ea is feeling like trump today... the world&#39;s against it... the board of directors and campaign staff lied, but the gamers and voters are loyal... oh well...",2020-11-06 15:25:56,1,['ea']
254857954,"$ea buy the dip, bull market will take it to 130",2020-11-06 15:15:58,1,['ea']
254857790,"$ttwo $atvi $ea $znga  problem in these gaming stocks is the decrease in mau, though ppl pay more for microtransactions but overall less ppl are playing games. this decrease is concerning for investors. stay long but we could suffer for a while.",2020-11-06 15:15:27,-69,"['atvi', 'ea', 'ttwo', 'znga']"
254856042,$ea bought,2020-11-06 15:10:34,-69,['ea']
254855298,"$atvi this shit is on sale, why tf would you sell based on $ea lmao",2020-11-06 15:08:29,1,"['atvi', 'ea']"
254854823,$ea earnings reaction plus red market leading to major overreaction but this should recover,2020-11-06 15:07:17,1,['ea']
