id,body,created_at,sentiment,symbols
254737112,"$tree $zs $z $sq arkk mostly sold everything into strength today....

join us www.pineapplestocks.com (free trial available)",2020-11-05 23:32:50,-69,"['tree', 'sq', 'z', 'zs']"
254727177,$zs - overlap analysis alert: zscaler exponential moving average may suggest possible… https://www.macroaxis.com/invest/overlap-studies/exponential-moving-average/zs,2020-11-05 22:47:32,-69,['zs']
254663994,@joshrocketship please add $nio and $zs,2020-11-05 19:32:29,1,"['nio', 'zs']"
254597168,$zs someone is buying big here!,2020-11-05 15:39:08,1,['zs']
254520212,"$zs above 50 dma , above avwap, demand index &gt;0 , down trend reversal, institutional bought $94 m , sold $42 m, revenue growth 46% , wedbush target $ 175 , entry: above $ 145.50 , target : $ 155 , $163 stop: below $ 138",2020-11-05 05:51:17,-69,['zs']
254479218,$feye i am collecting easy cash flow $feye from $12 ..guessing when this up move [[ 15.. 15.30 .. 16.30 .. 17 ]] ends at end of november 2020 starts month or 2 month long pullback again #cybersecurity is in uptrend $bug $crwd $zs,2020-11-04 23:30:21,1,"['feye', 'zs', 'crwd', 'bug']"
254477475,"looks as arkk has been shifting out of tech for the most part other than buying $fsly 
they’ve dumped a ton of $zs ... 

join us www.pineapplestocks.com  
(free trial)",2020-11-04 23:19:01,-69,"['zs', 'fsly']"
254438523,news $zs zscaler to host first quarter fiscal year 2021 earnings conference call https://marketwirenews.com/news-releases/zscaler-to-host-first-quarter-fiscal-year-2021-earni-7326910948567367.html?i=c,2020-11-04 20:38:26,-69,['zs']
254405692,$zs---daily chart could potential long.,2020-11-04 18:11:23,-69,['zs']
254380984,$zs fly zs fly !! expecting good earnings .,2020-11-04 16:39:04,1,['zs']
254325329,$zs zscaler to host first quarter fiscal year 2021 earnings conference call https://www.otcdynamics.com/zs-zscaler-to-host-first-quarter-fiscal-year-2021-earnings-conference-call,2020-11-04 13:09:32,-69,['zs']
254324085,"$zs [15s. delayed]: issued press release on november 04, 08:00:00: zscaler to host first quarter fiscal year 2021 earnings conference call https://s.flashalert.me/i9730",2020-11-04 13:02:47,-69,['zs']
254323959,zscaler to host first quarter fiscal year 2021 earnings conference call http://www.conferencecalltranscripts.org/summary/?id=86824&amp;pr=true $zs,2020-11-04 13:02:04,-69,['zs']
254323710,"$zs zscaler to host first quarter fiscal year 2021 earnings conference call 

https://newsfilter.io/a/b0539295b46c6c9d0533b67b7536003e",2020-11-04 13:01:04,-69,['zs']
254323479,"$zs zscaler to host first quarter fiscal year 2021 earnings conference call
https://www.stocktitan.net/news/zs/zscaler-to-host-first-quarter-fiscal-year-2021-earnings-conference-5ttxrat683uw.html

#earnings",2020-11-04 13:00:04,-69,['zs']
254184151,"$zs karen blasing sold 3,000 shares [low conviction] www.insider-analysis.com/search_transactions.php?ticker=table_zs",2020-11-03 19:15:40,-69,['zs']
254162021,"$jmia $nio $pins $sq $zs 
🥰🥰🥰🥰🥰🤠🤠🤠🤠",2020-11-03 17:46:33,1,"['nio', 'sq', 'pins', 'zs', 'jmia']"
254153038,"bearish sentiment in $zs nov-13 puts at $130 strike price. 700 contracts, $200k premium.  https://www.swaggystocks.com/dashboard/stocklabs/option-flow/zs",2020-11-03 17:12:14,-69,['zs']
254060365,zscaler $zs bidaskscore is lowered to held https://bidaskclub.com/news/company/2020-11-02/zs,2020-11-03 07:07:03,-69,['zs']
254052172,"zscaler director karen blasing sells $404,610.00 in $zs https://www.marketbeat.com/i/414057",2020-11-03 04:24:06,-69,['zs']
254033197,it&#39;s time to seriously look at $zs and its peers in $hack.,2020-11-03 01:15:00,-69,"['hack', 'zs']"
254012452,"$zs: new sec filing on director, karen blasing: https://www.sec.gov/archives/edgar/data/1713683/000171368320000181/xslf345x03/wf-form4_160435647736449.xml",2020-11-02 22:46:02,-69,['zs']
254011474,"zscaler, inc. director just cashed-in 3,000 options  http://www.conferencecalltranscripts.org/4/summary/?id=8507678 $zs",2020-11-02 22:40:18,-69,['zs']
254010782,"$zs [15s. delayed] filed sec form 4: director blasing karen: 
disposed 3,000 of common stock at average price $134.87 and converted securi https://s.flashalert.me/jfbna",2020-11-02 22:35:52,-69,['zs']
254010737,"$zs $387,153.44 of shares sold by blasing karen (director), reported in a new form 4 filed with the sec  

https://newsfilter.io/a/a98836f43a612c242bf74087dc0d3d2e",2020-11-02 22:35:33,-69,['zs']
253997976,"top it security companies by market cap 🔒 (as of today)

1. crowdstrike ( $crwd ) $26.90 b
2. palo alto networks ( $panw ) $21.12 b
3. zscaler ( $zs ) $17.90 b
4. fortinet ( $ftnt ) $17.86 b
5. cloudflare ( $net ) $15.89 b

more: https://companiesmarketcap.com/it-security/largest-companies-by-market-cap/",2020-11-02 21:35:43,-69,"['ftnt', 'panw', 'zs', 'crwd', 'net']"
253918344,$zs red to green move:  -1.75%  to +0.35% https://www.sleekoptions.com/sleekscan.aspx?did=zs,2020-11-02 16:27:22,-69,['zs']
253827221,"as a (my opinion) moron once said, &quot; we are turning the corner.&quot; i am hoping that as we move out of another disastrous october $zs and other investments will turn the corner going into november.",2020-11-02 01:26:51,1,['zs']
253785497,you guys think holding $zs is better than diving into the $cibr etf?,2020-11-01 15:23:15,-69,"['cibr', 'zs']"
253703744,tf sell $zs at 135.75 : 136.76 bigcap 98% shp 1.57 s 2.43 n 0.76 rsi 34.8% srsi 0% adxr 27.23 #stocks #trading #finance #market https://tinyurl.com/y6k6m7te,2020-10-31 04:51:50,-1,['zs']
253699914,"$snow assuming a 140% growth rate and maintaining its margins, this is still 50% more expensive than other cloud providers such as $zs $okta etc.  it better stomp on earning estimates or we will have a $fsly here.",2020-10-31 03:31:13,-69,"['snow', 'okta', 'zs', 'fsly']"
253604305,"$zs monthly. one note about high-flying growth names on fire since march: the expensive valuation did not matter (in fact, helped to fuel) on the way up but can wreak havoc on downside. zscaler is very expensive and could only be starting to top",2020-10-30 17:50:06,-1,['zs']
253461523,"according to the technical breakouts screen, $ntra, $se and $zs are showing a decent breakout pattern for today. https://www.chartmill.com/stock/stock-screener?sid=202&amp;f=v1_50b500,atrpct_a_1,sl_ta_7_x,sl_se_7_x,p_pg20,exch_us&amp;s=se&amp;v=3&amp;utm_source=stocktwits&amp;utm_medium=screener&amp;utm_content=stock_screener:_technical_breakout_setups&amp;utm_campaign=social_tracking",2020-10-30 04:36:00,-69,"['se', 'ntra', 'zs']"
253287324,$zs ark swapping out $zs for $fsly looking like a truly disastrous call 🤷‍♂️,2020-10-29 16:09:55,1,"['zs', 'fsly']"
253194681,$zs er coming. will be fantastic quarter for eps,2020-10-29 10:09:45,1,['zs']
253094985,"eod closed 10/28/2020
$slv 6 x slv 20nov 23 call 
@ .60; -$240
$twtr 3 x twtr 20nov 50 call 
@ 3.66; +$414
$zs 1 x zs 18dec 170 call 
@ 5.05; -$145
$crwd 1 x crwd 18dec 145 call 
@ 7.35; +$20
$zen 2 x zen 18dec 120 call 
@ 3.10; -$40
*total: +$9",2020-10-28 20:06:13,-69,"['slv', 'twtr', 'zen', 'zs', 'crwd']"
253093102,"$twlo #twlo lotto call hit nicely if held longer, ended the day at 6.8 from 4.2 for 61% if held into the end the 295 weekly call we alerted.

$zs #zs $okta #okta $orcl #orcl $crm #crm",2020-10-28 20:02:15,1,"['orcl', 'crm', 'twlo', 'okta', 'zs']"
253030576,$feye i am guessing we see $15 this week .. just guessing and i&#39;d like $feye rise above $16.30 in november 2020 #cybersecurity is in uptrend $pltr $zs $bug $crwd,2020-10-28 16:23:57,1,"['pltr', 'feye', 'zs', 'crwd', 'bug']"
253017791,$zs in,2020-10-28 15:44:17,1,['zs']
253017257,$zs l 143.64,2020-10-28 15:42:41,-69,['zs']
252975091,$pltr sold $11 yesterday bot around $10 today #cybersecurity is in uptrend $feye $zs $crwd $bug,2020-10-28 13:57:15,1,"['pltr', 'feye', 'zs', 'crwd', 'bug']"
252970685,"$crwd
stc 1 x crwd 18dec 145 call 
@ 7.35; +$20
$qqq $cybr $zs $xlk",2020-10-28 13:47:54,-69,"['xlk', 'qqq', 'cybr', 'zs', 'crwd']"
252970420,"$zs
stc 1 x zs 18dec 170 call 
@ 5.05; -$145
$qqq $crwd $cybr $xlk",2020-10-28 13:47:22,-69,"['xlk', 'qqq', 'cybr', 'zs', 'crwd']"
252932758,"$feye i saw the wave at $12 collecting easy cash flow since -- eps accelerating rev guidance raise for ai cloud next q4 , i don&#39;t like selling. i&#39;d like $16.30 in november 2020, i like blood red days to buy riding the wave  #halloween2020 #election2020 #cybersecurity is in uptrend $pltr $bug $crwd $zs",2020-10-28 11:20:29,1,"['pltr', 'feye', 'zs', 'crwd', 'bug']"
252836968,$feye call options pricing gives +10% +11% move up $feye tomorrow -- i don&#39;t like selling expecting rise over $16.30 november 2020 #cybersecurity is in uptrend  $pltr $zs $crwd $bug,2020-10-27 20:26:50,1,"['pltr', 'feye', 'zs', 'crwd', 'bug']"
252832107,$feye i saw the sign bot $feye $12 .. i&#39;d like to see rise above $16.30 in november 2020 #cybersecurity is in uptrend at $pltr $feye $bug $zs $crwd,2020-10-27 20:14:22,1,"['pltr', 'feye', 'zs', 'crwd', 'bug']"
252828618,"eod open continued... 10/27/2020
$twtr 3 x twtr 20nov 50 call 
@ 4.775; +$748.50
$baba 1 x baba 18dec 340 call 
@ 10.025; +$352.50
$jd 4 x jd 18dec 95 call 
@ 2.075; +$138
$pdd 2 x pdd 18dec 100 call 
@ 5.00; +$276
$zs 1 x zs 18dec 170 call 
@ 6.425; -$7.50
*total: +$2545",2020-10-27 20:06:49,-69,"['twtr', 'jd', 'baba', 'zs', 'pdd']"
252808861,$zs goodbye trash. covered,2020-10-27 19:08:54,-69,['zs']
252807744,$zs why a pos today??,2020-10-27 19:05:00,-69,['zs']
252798400,$zs short this,2020-10-27 18:34:17,-1,['zs']
252790708,$zs zero bid here,2020-10-27 18:06:41,-1,['zs']
252790356,$crwd this chart isn&#39;t as good as $zs,2020-10-27 18:05:29,-69,"['zs', 'crwd']"
252770613,$feye looking at 12:55pm call &amp; put pricing seems $feye bears got tiny $0.02 upper hand earnigns amc today -- i don&#39;t play options for tiny $0.02 advantage $bug $crwd $zs  #cybersecurity is in uptrend,2020-10-27 17:00:07,1,"['feye', 'zs', 'crwd', 'bug']"
252765019,"$feye i am guessing $feye gives eps, revenue and guidance upside -- i&#39;d like to see rise over $16.30 in november 2020 #cybersecurity is in uptrend $bug $zs $crwd",2020-10-27 16:42:31,1,"['feye', 'zs', 'crwd', 'bug']"
252743606,going to take a position on $zs long,2020-10-27 15:30:46,1,['zs']
252731535,$zs looks like its trying to break out of today&#39;s small consolidation around $150.50. north of $151 and think the run can resume.,2020-10-27 14:50:18,1,['zs']
252707532,$zs&gt;151.95 nice long swing play setup,2020-10-27 13:37:14,-69,['zs']
252706048,$zs up 3 days in a row 146.58 | 147.05 | 149 | 150 |  https://www.sleekoptions.com/sleekscan.aspx?sub1=dscan,2020-10-27 13:32:41,-69,['zs']
252697117,$zs don’t sleep on this,2020-10-27 12:53:08,1,['zs']
252668482,zscaler $zs bidaskscore is lowered to bought https://bidaskclub.com/news/company/2020-10-26/zs,2020-10-27 05:52:03,-69,['zs']
