id,body,created_at,sentiment,symbols
254880221,how will this affect the market? $syna price moved above its 50-day moving average. view odds of uptrend. https://srnk.us/go/2288513,2020-11-06 16:18:25,1,['syna']
254830842,$syna needham maintains to buy : pt $130.00 https://stockhoot.com/extsymbol.aspx?from=analystratingtweet&amp;symbol=syna&amp;t=849&amp;social=stocktwits,2020-11-06 13:56:37,-69,['syna']
254825327,"$syna and $eman ?
match up possible 
need to listen in on $syna  all to see",2020-11-06 13:32:43,-69,"['syna', 'eman']"
254823712,$syna rosenblatt maintains to buy : pt $110.00 https://stockhoot.com/extsymbol.aspx?from=analystratingtweet&amp;symbol=syna&amp;t=71&amp;social=stocktwits,2020-11-06 13:25:12,-69,['syna']
254822063,"$syna beats by $0.18, beats on revs; guides q2 revs in-line https://www.briefing.com/in-depth-analysis/content/article?articleid=in20201105164604syna",2020-11-06 13:17:35,-69,['syna']
254808378,synaptics reports first quarter fiscal 2021 results  http://www.conferencecalltranscripts.org/8/summary/?id=8527680 $syna,2020-11-06 11:51:48,-69,['syna']
254757011,last10k highlighted 18 positive and negative remarks in $syna&#39;s 10-q filed today. see them in the quarterly report: https://last10k.com/sec-filings/syna/0001564590-20-051445.htm?utm_source=stocktwits&amp;utm_medium=forum&amp;utm_campaign=sentiment&amp;utm_term=syna,2020-11-06 01:17:25,-69,['syna']
254749330,$syna just filed with the sec a earnings release and a financial exhibit https://last10k.com/sec-filings/syna/0001193125-20-286848.htm?utm_source=stocktwits&amp;utm_medium=forum&amp;utm_campaign=8k&amp;utm_term=syna,2020-11-06 00:34:37,-69,['syna']
254725518,synaptics incorporated just filed its quarterly report: 3. net income per sh... http://www.conferencecalltranscripts.org/q/summary2/?id=8524102 $syna,2020-11-05 22:40:36,-69,['syna']
254721449,$syna just filed a 10-q quarterly report with 74 sections and 7 exhibits. access them all or just read their earnings: https://last10k.com/sec-filings/syna/0001564590-20-051445.htm?utm_source=stocktwits&amp;utm_medium=forum&amp;utm_campaign=10kq2040f&amp;utm_term=syna,2020-11-05 22:24:55,-69,['syna']
254716985,"$syna earnings call today: 5:00 pm est 
webcast: http://mmm.wallstreethorizon.com/u.asp?u=347074 
stockpods beta is now live. visit to find analyst ratings, stock price targets, and phone/pin for today&#39;s earnings calls: https://www.stockpods.com",2020-11-05 22:09:31,-69,['syna']
254716585,$syna updates q2 2021after-hours guidance to eps and revenue guidance to $340-370 million. https://www.marketbeat.com/g/52897,2020-11-05 22:08:11,-69,['syna']
254714885,"$syna [15s. delayed] filed form 10-q on november 05, 17:00:55 https://s.flashalert.me/yftgl",2020-11-05 22:02:35,-69,['syna']
254714764,"$syna form 10-q (quarterly report [sections 13 or 15(d)]) filed with the sec 

https://newsfilter.io/a/3b9e25305849c7bc6cf1ee3559223494",2020-11-05 22:02:13,-69,['syna']
254704356,"$syna synaptics eps beats by $0.18, beats on revenue 

https://newsfilter.io/a/af99a402a5530f24de1a481ef3766918",2020-11-05 21:32:25,-69,['syna']
254702647,"synaptics q1 eps $1.85 beats $1.67 estimate, sales $328.40m beat $324.81m estimate

related tickers: $syna",2020-11-05 21:28:07,-69,['syna']
254702580,"$syna reported earnings of $1.85, consensus was $1.67, earnings whisper was $1.80 via @ewhispers #whisperbeat http://eps.sh/d/syna",2020-11-05 21:27:57,-69,['syna']
254701688,"$syna [15s. delayed] filed form 8-k on november 05, 16:22:50: item2.02: results of operations &amp; financial condition https://s.flashalert.me/kh5x0",2020-11-05 21:25:53,-69,['syna']
254700948,"$syna form 8-k: results of operations and financial condition. the company is furnishing this current report on form 8-k in connection with the disclosure of information, in the form of a press releas.. 

https://newsfilter.io/a/0ef65f6365fa1c1cfe399626841a90b9",2020-11-05 21:24:03,-69,['syna']
254690746,"$syna synaptics reports first quarter fiscal 2021 results 

https://newsfilter.io/a/099183f10d8633bb32374718156b7ce7",2020-11-05 21:02:51,-69,['syna']
254690485,"$syna synaptics reports first quarter fiscal 2021 results
https://www.stocktitan.net/news/syna/synaptics-reports-first-quarter-fiscal-2021-nvjxvfm7kyxd.html",2020-11-05 21:02:13,-69,['syna']
254530146,"synaptics incorporated ($syna) 1q21 investor call on 5th november 2020 at 5:00 pm eastern time

https://www.stockmarketintellects.com/synaptics-incorporated-syna-1q21-investor-call-on-5th-november-2020-at-500-pm-eastern-time/",2020-11-05 09:36:25,-69,['syna']
254524895,"a sneak peek at synaptics incorporated ($syna) 1q21 earnings

https://www.stockmarketintellects.com/a-sneak-peek-at-synaptics-incorporated-syna-1q21-earnings/",2020-11-05 07:31:55,-69,['syna']
254396756,"$syna 2,467 shares acquired by hardman susan j (director), reported in a new form 4 filed with the sec  https://newsfilter.io/a/531f384630e400a9b8e25b62c870132b",2020-11-04 17:36:20,-69,['syna']
254395485,"$syna [15s. delayed] filed sec form 4: director hardman susan j: 
granted 2,467 of common stock at price $0 on 2020-11-02, increased holdi https://s.flashalert.me/t0yck",2020-11-04 17:31:41,-69,['syna']
254394395,"$syna [15s. delayed] filed sec form 4: director chan nelson c: 
granted 2,467 of common stock at price $0 on 2020-11-02, increased holding https://s.flashalert.me/pu79u",2020-11-04 17:27:35,-69,['syna']
254394300,"$syna 2,467 shares acquired by chan nelson c (director), reported in a new form 4 filed with the sec  

https://newsfilter.io/a/a159a908951abfaa75293ef8374e1d36",2020-11-04 17:27:15,-69,['syna']
254393364,"$syna [15s. delayed] filed sec form 4: director geeslin keith: 
granted 2,467 of common stock at price $0 on 2020-11-02, increased holding https://s.flashalert.me/rfcoq",2020-11-04 17:24:00,-69,['syna']
254393256,"$syna reported 3 new insider trades to the sec in the last 2 minutes.

2,467 shares acquired by whims james l (director)   https://newsfilter.io/articles/4-form-b78f62b0d92c8725ee1df2fcfca72892
2,467 shares acquired by buchanan jeffrey d (director)   https://newsfilter.io/articles/4-form-9bc6fb17cb8cb100c01a7260badbfd2d
2,467 shares acquired by geeslin keith (director)   https://newsfilter.io/articles/4-form-73e6ad4029bcfb6c88dc4d192213233f",2020-11-04 17:23:36,-69,['syna']
254392724,"$syna [15s. delayed] filed sec form 4: director whims james l: 
granted 2,467 of common stock at price $0 on 2020-11-02, increased holding https://s.flashalert.me/olnsr",2020-11-04 17:21:49,-69,['syna']
254392005,"$syna [15s. delayed] filed sec form 4: director buchanan jeffrey d: 
granted 2,467 of common stock at price $0 on 2020-11-02, increased ho https://s.flashalert.me/jhuirb",2020-11-04 17:18:59,-69,['syna']
254390970,"synaptics incorporated director just picked up 2,467 shares  http://www.conferencecalltranscripts.org/4/summary2/?id=8517085 $syna",2020-11-04 17:15:21,-69,['syna']
254390464,"$syna [15s. delayed] filed sec form 4: director allgood kiva a.: 
granted 2,467 of common stock at price $0 on 2020-11-02, increased holdi https://s.flashalert.me/lyays5",2020-11-04 17:13:32,-69,['syna']
254390372,"$syna 2,467 shares acquired by allgood kiva a. (director), reported in a new form 4 filed with the sec  

https://newsfilter.io/a/cd06d56578e696beeecd3504201c2c5f",2020-11-04 17:13:13,-69,['syna']
254356191,$syna new article : synaptics earnings preview https://www.stck.pro/news/syna/8931798,2020-11-04 15:15:58,-69,['syna']
254236818,"$syna: new sec filing on insider, dean warren butler: https://www.sec.gov/archives/edgar/data/817720/000120919120056721/xslf345x03/doc4.xml",2020-11-03 22:57:01,-69,['syna']
254236531,"$syna reported 2 new insider trades to the sec in the last 2 minutes.

$1,477,430.90 of shares sold by hurlston michael e. (see remarks below)   https://newsfilter.io/articles/4-form-ab00bcca66c9a212dd1c840de1add278
$547,193.79 of shares sold by butler dean warren (see remarks)   https://newsfilter.io/articles/4-form-eb374b6f325fd3f45ac5035ed04ff79a",2020-11-03 22:54:41,-69,['syna']
254236273,"$syna [15s. delayed] filed sec form 4: see remarks below hurlston michael e.: 
delivered securities 19,270 of common stock at average pric https://s.flashalert.me/ycht7",2020-11-03 22:52:54,-69,['syna']
254235831,"$syna [15s. delayed] filed sec form 4: see remarks butler dean warren: 
delivered securities 7,137 of commmon stock at price $76.67 and gr https://s.flashalert.me/07ux1",2020-11-03 22:50:03,-69,['syna']
254235451,synaptics incorporated&#39;s see remarks just disposed of 261 shares  http://www.conferencecalltranscripts.org/4/summary/?id=8513189 $syna,2020-11-03 22:47:21,-69,['syna']
254235370,"$syna [15s. delayed] filed sec form 4: see remarks awsare saleel: 
delivered securities 10,254 of common stock at average price $76.67 and https://s.flashalert.me/jlsycn",2020-11-03 22:46:51,-69,['syna']
254235315,"$syna $786,174.18 of shares sold by awsare saleel (see remarks), reported in a new form 4 filed with the sec  

https://newsfilter.io/a/6e74e5dab30f113ecc7ba51148c13501",2020-11-03 22:46:31,-69,['syna']
254235135,"$syna $881,858.34 of shares sold by mcfarland john (svp, general counsel &amp; sec.), reported in a new form 4 filed with the sec  https://newsfilter.io/a/e354087a3bf1d21b82c042d76f03b945",2020-11-03 22:45:25,-69,['syna']
254234450,svp of synaptics incorporated just picked up 469 shares  http://www.conferencecalltranscripts.org/4/summary/?id=8513128 $syna,2020-11-03 22:41:20,-69,['syna']
254234340,"$syna [15s. delayed] filed sec form 4: svp, general counsel &amp; sec. mcfarland john: 
delivered securities 11,502 of common stock at average https://s.flashalert.me/jgdul",2020-11-03 22:40:43,-69,['syna']
254233466,"synaptics incorporated&#39;s see remarks just disposed of 1,000 shares  http://www.conferencecalltranscripts.org/4/summary/?id=8513113 $syna",2020-11-03 22:35:23,-69,['syna']
254233395,"$syna [15s. delayed] filed sec form 4: see remarks nolan kermit: 
delivered securities 5,498 of common stock at average price $76.67 and g https://s.flashalert.me/tzds7",2020-11-03 22:34:52,-69,['syna']
254233324,"$syna $421,531.66 of shares sold by nolan kermit (see remarks), reported in a new form 4 filed with the sec  

https://newsfilter.io/a/05da07ad17d044df1c2588444cde046e",2020-11-03 22:34:28,-69,['syna']
253988660,securities to be offered to employees in employee benefit plans http://www.conferencecalltranscripts.org/no/summary/?id=8506611 $syna,2020-11-02 21:07:09,-69,['syna']
253987722,"$syna [15s. delayed] filed form s-8 on november 02, 16:03:57 https://s.flashalert.me/om2g2y",2020-11-02 21:05:11,-69,['syna']
253987548,"$syna form s-8 (securities to be offered to employees in employee benefit plans) filed with the sec 

https://newsfilter.io/a/e86262f3bc3ce7543f11566b1be80715",2020-11-02 21:04:41,-69,['syna']
253804662,synaptics $syna bidaskscore is #reiterated to held https://bidaskclub.com/news/company/2020-10-30/syna,2020-11-01 20:25:03,-69,['syna']
253372193,"$syna just filed with the sec a event for officers, a vote of security holders and a financial exhibit https://last10k.com/sec-filings/syna/0001193125-20-281023.htm?utm_source=stocktwits&amp;utm_medium=forum&amp;utm_campaign=8k&amp;utm_term=syna",2020-10-29 20:23:36,-69,['syna']
253364587,departure of directors or certain  http://www.conferencecalltranscripts.org/8/summary2/?id=8492454 $syna,2020-10-29 20:09:04,-69,['syna']
253361262,"$syna [15s. delayed] filed form 8-k on october 29, 16:00:55: item5.02: departure of election 0f officers or compensatory arrangements https://s.flashalert.me/9fksec",2020-10-29 20:02:27,-69,['syna']
253361034,"$syna form 8-k: departure of directors or certain officers; election of directors; appointment of certain officers; compensatory arrangements of certain officers. as described in item 5.07 below, syna.. 

https://newsfilter.io/a/0a64e9eef5886f6e22859acf71d9f9da",2020-10-29 20:01:57,-69,['syna']
252473200,$pfsi $rhe $syna new watchlist additions,2020-10-26 12:49:36,1,"['syna', 'pfsi', 'rhe']"
252313471,$syna $smci $slab suggested for #iot - value screen: https://bit.ly/2g8fs2r,2020-10-24 04:14:46,-69,"['slab', 'smci', 'syna']"
252312578,"$eman 
i suspect $syna may still be one of the tier ones 

https://venturebeat.com/2018/08/28/synaptics-chip-paves-the-way-for-dual-2k-vr-headsets-with-1000-ppi/",2020-10-24 03:56:15,-69,"['syna', 'eman']"
252211432,"$syna: new sec filing on insider, dean warren butler: https://www.sec.gov/archives/edgar/data/817720/000120919120055652/xslf345x03/doc4.xml",2020-10-23 17:34:01,-69,['syna']
252210157,"synaptics incorporated&#39;s see remarks just disposed of 2,685 shares  http://www.conferencecalltranscripts.org/4/summary/?id=8470483 $syna",2020-10-23 17:29:21,-69,['syna']
252210028,"$syna [15s. delayed] filed sec form 4: see remarks butler dean warren: 
delivered securities 2,685 of common stock at price $78.98 on 2020 https://s.flashalert.me/0hjvrm",2020-10-23 17:28:52,-69,['syna']
251897591,2 5g stocks that could set the market on fire this earnings season $swks $syna https://bit.ly/31ubzi8,2020-10-22 15:36:27,-69,"['swks', 'syna']"
250962870,synaptics $syna bidaskscore is #reiterated to held https://bidaskclub.com/news/company/2020-10-16/syna,2020-10-18 09:01:02,-69,['syna']
250364018,"$syna john mcfarland sold 9,214 shares [very high conviction] www.insider-analysis.com/search_transactions.php?ticker=table_syna",2020-10-15 00:42:06,-69,['syna']
250143003,"synaptics svp john mcfarland sells $764,762.00 in $syna https://www.marketbeat.com/i/411876",2020-10-14 09:53:18,-69,['syna']
250066780,"svp of synaptics incorporated just disposed of 9,214 shares  http://www.conferencecalltranscripts.org/4/summary/?id=8441149 $syna",2020-10-13 21:19:06,-69,['syna']
250066465,"$syna [15s. delayed] filed sec form 4: svp, general counsel &amp; sec. mcfarland john: 
disposed 9,214 of common stock at average price $83 on https://s.flashalert.me/mt2dbb",2020-10-13 21:17:55,-69,['syna']
249822623,$syna - upcoming quarterly report is on 5th of november 2020. overlap analysis alert: synaptics incorporated triple…,2020-10-12 23:38:32,-69,['syna']
249696145,"$syna after that barrons write-up, too... think breakout to 100 is imminent.",2020-10-12 15:15:22,1,['syna']
249657852,short sale volume (not short interest) for $syna on 2020-10-09 is 60%. http://shortvolumes.com/?t=syna via @shortvolumes,2020-10-12 13:23:33,-69,['syna']
249559743,$syna - latest headline from finance.yahoo.com:… https://www.macroaxis.com/invest/stock-analysis/syna/synaptics-incorporated #insidertrading #stocks #fintechnews,2020-10-11 14:51:32,-69,['syna']
249445660,"$aimt, $drna and $syna are being bought by large players and show a pocket pivot signal today. https://www.chartmill.com/stock/stock-screener?sid=31&amp;f=smlev20v_b_lev,smlev20v_r,p_pg10,pp_1,v1_50b200,cu_a_sm50v,der5_a_0.03,s_ppt,exch_us&amp;v=3&amp;timeframe=daily&amp;type=candles&amp;o1=17&amp;op1=10%252c2,16711680&amp;i1=49&amp;ia1=on&amp;cl=f&amp;months=0.05&amp;o2=3&amp;op2=50,255&amp;width=720&amp;o3=3&amp;op3=10,65280&amp;utm_source=stocktwits&amp;utm_medium=screener&amp;utm_content=stock_screener:_large_effective_volume_+_pocket_pivot_today&amp;utm_campaign=social_tracking",2020-10-09 22:54:00,-69,"['syna', 'drna', 'aimt']"
249437193,"$syna: new sec filing on insider, phillip ralph kumin: https://www.sec.gov/archives/edgar/data/817720/000120919120054534/xslf345x03/doc4.xml",2020-10-09 21:55:01,-69,['syna']
249432209,"$syna [15s. delayed] filed sec form 4: see remarks kumin phillip ralph: 
delivered securities 1,443 of common stock at price $81.66 and gr https://s.flashalert.me/slh5mk",2020-10-09 21:27:06,-69,['syna']
249431624,"$syna [15s. delayed] filed sec form 4: see remarks below hurlston michael e.: 
delivered securities 6,423 of common stock at price $81.66  https://s.flashalert.me/dw6ucq",2020-10-09 21:23:49,-69,['syna']
249431069,"$syna [15s. delayed] filed sec form 4: see remarks nolan kermit: 
delivered securities 2,213 of common stock at price $81.66 and granted 4 https://s.flashalert.me/dqztze",2020-10-09 21:20:56,-69,['syna']
249430525,"$syna [15s. delayed] filed sec form 4: svp, general counsel &amp; sec. mcfarland john: 
delivered securities 10,121 of common stock at price $ https://s.flashalert.me/ew0rlh",2020-10-09 21:18:03,-69,['syna']
249430372,"synaptics incorporated&#39;s see remarks just picked up 3,249 shares  http://www.conferencecalltranscripts.org/4/summary/?id=8435551 $syna",2020-10-09 21:17:17,-69,['syna']
249430161,"$syna [15s. delayed] filed sec form 4: see remarks butler dean warren: 
delivered securities 3,568 of common stock at price $81.66 and gra https://s.flashalert.me/zc823",2020-10-09 21:16:14,-69,['syna']
249429546,"synaptics incorporated&#39;s see remarks just picked up 6,138 shares  http://www.conferencecalltranscripts.org/4/summary/?id=8435538 $syna",2020-10-09 21:13:10,-69,['syna']
249429457,"$syna [15s. delayed] filed sec form 4: see remarks awsare saleel: 
delivered securities 6,740 of common stock at price $81.66 and granted  https://s.flashalert.me/03smhk",2020-10-09 21:12:39,-69,['syna']
249418676,"$syna [15s. delayed] filed form 8-k/a on october 09, 16:23:04: item9.01: financial statements and exhibits https://s.flashalert.me/wzdxa",2020-10-09 20:24:08,-69,['syna']
249384633,$syna will definitely snap back,2020-10-09 18:40:03,-69,['syna']
248980627,"$syna: synaptics to report first quarter fiscal 2021 results on november 5, 2020 https://www.chartmill.com/news/syna/globenews-2020-10-8-synaptics-to-report-first-quarter-fiscal-2021-results-on-november-5-2020?utm_source=stocktwits&amp;utm_medium=pressrelease&amp;utm_content=syna&amp;utm_campaign=social_tracking",2020-10-08 12:47:01,-69,['syna']
248972068,"$syna new article : synaptics to report first quarter fiscal 2021 results on november 5, 2020 https://www.stck.pro/news/syna/8314917",2020-10-08 12:09:53,-69,['syna']
248971980,"synaptics to report first quarter fiscal 2021 results on november 5, 2020 http://www.conferencecalltranscripts.org/summary/?id=66520&amp;pr=true $syna",2020-10-08 12:09:29,-69,['syna']
248969992,"$syna synaptics to report first quarter fiscal 2021 results on november 5, 2020
https://www.stocktitan.net/news/syna/synaptics-to-report-first-quarter-fiscal-2021-results-on-november-5-4pb5viobvpb9.html",2020-10-08 12:00:18,-69,['syna']
248750784,"5 growth-rated nasdaq-listed tech stocks to pick right now

$zm $etsy $dbx $qrvo $syna

  https://www.zacks.com/stock/news/1072087/5-growthrated-nasdaqlisted-tech-stocks-to-pick-right-now?art_rec=home-home-investment_ideas_stocks-id08-txt-1072087&amp;art_rec=home-home-investment_ideas_stocks-id32-txt-1072087",2020-10-07 15:14:51,-69,"['syna', 'etsy', 'qrvo', 'dbx', 'zm']"
248720385,5 growth-rated nasdaq-listed tech stocks to pick right now $qrvo $syna $zm $dbx $etsy https://bit.ly/3lnav9q,2020-10-07 14:00:00,-69,"['syna', 'etsy', 'qrvo', 'dbx', 'zm']"
