id,body,created_at,sentiment,symbols
254863065,what are the hedge funds going to do now? $novt macd histogram just turned positive. view odds of uptrend. https://srnk.us/go/2288361,2020-11-06 15:30:43,1,['novt']
254024146,"what would you do? $novt in -2.86% downtrend, falling for three consecutive days on october 26, 2020. view odds for this and other indicators: https://srnk.us/go/2274938",2020-11-03 00:05:28,-69,['novt']
253694033,novanta $novt bidaskscore is #reiterated to stronglybought https://bidaskclub.com/news/company/2020-10-29/novt,2020-10-31 02:02:04,-69,['novt']
252322254,overvalued signal alert: $novt. more insights: https://stockinvest.us/technical-analysis/novt?utm_source=stocktwits&amp;utm_medium=autopost,2020-10-24 10:36:27,-1,['novt']
252314346,goldenstar signal alert: $novt. more insights: https://stockinvest.us/technical-analysis/novt?utm_source=stocktwits&amp;utm_medium=autopost,2020-10-24 04:32:04,1,['novt']
252080482,goldenstar signal alert: $novt. more insights: https://stockinvest.us/technical-analysis/novt?utm_source=stocktwits&amp;utm_medium=autopost,2020-10-23 03:42:53,1,['novt']
251791480,goldenstar signal alert: $novt. more insights: https://stockinvest.us/technical-analysis/novt?utm_source=stocktwits&amp;utm_medium=autopost,2020-10-22 03:30:05,1,['novt']
251260610,goldenstar signal alert: $novt. more insights: https://stockinvest.us/technical-analysis/novt?utm_source=stocktwits&amp;utm_medium=autopost,2020-10-20 05:35:04,1,['novt']
250846799,"$novt new article : novanta to present at the baird global industrial conference on wednesday, november 11, 2020 https://www.stck.pro/news/novt/8521720",2020-10-16 21:01:05,-69,['novt']
250842521,"$novt [15s. delayed]: issued press release on october 16, 16:35:00: novanta to present at the baird global industrial conference on wednes https://s.flashalert.me/gpkrat",2020-10-16 20:40:37,-69,['novt']
250842248,"$novt novanta to present at the baird global industrial conference on wednesday, november 11, 2020
https://www.stocktitan.net/news/novt/novanta-to-present-at-the-baird-global-industrial-conference-on-h1abe5a8de3o.html",2020-10-16 20:39:20,-69,['novt']
250842182,"novanta to present at the baird global industrial conference on wednesday, november 11, 2020 http://www.conferencecalltranscripts.org/summary/?id=72257&amp;pr=true $novt",2020-10-16 20:39:01,-69,['novt']
250841786,"$novt novanta to present at the baird global industrial conference on wednesday, november 11, 2020 https://www.otcdynamics.com/novt-novanta-to-present-at-the-baird-global-industrial-conference-on-wednesday-november-11-2020",2020-10-16 20:37:21,-69,['novt']
250320061,"$novt new article : novanta inc. schedules earnings release and conference call for tuesday, november 10, 2020 https://www.stck.pro/news/novt/8473437",2020-10-14 20:46:01,-69,['novt']
250318481,"$novt [15s. delayed]: issued press release on october 14, 16:35:00: novanta inc. schedules earnings release and conference call for tuesda https://s.flashalert.me/54bkj",2020-10-14 20:40:30,-69,['novt']
250318214,"$novt novanta inc. schedules earnings release and conference call for tuesday, november 10, 2020 https://www.otcdynamics.com/novt-novanta-inc-schedules-earnings-release-and-conference-call-for-tuesday-november-10-2020",2020-10-14 20:39:33,-69,['novt']
250317765,"novanta inc. schedules earnings release and conference call for tuesday, november 10, 2020 http://www.conferencecalltranscripts.org/summary/?id=70000&amp;pr=true $novt",2020-10-14 20:38:01,-69,['novt']
250317508,"$novt novanta inc. schedules earnings release and conference call for tuesday, november 10, 2020
https://www.stocktitan.net/news/novt/novanta-inc-schedules-earnings-release-and-conference-call-for-jqe6yplk40c4.html

#earnings",2020-10-14 20:37:04,-69,['novt']
250166132,"$novt matthijs glastra sold 5,000 shares [high conviction] www.insider-analysis.com/search_transactions.php?ticker=table_novt",2020-10-14 12:47:00,-69,['novt']
250145685,goldenstar signal alert: $novt. more insights: https://stockinvest.us/technical-analysis/novt?utm_source=stocktwits&amp;utm_medium=autopost,2020-10-14 10:35:26,1,['novt']
250118721,"$novt: new sec filing on chief executive officer, matthijs glastra: https://www.sec.gov/archives/edgar/data/1076930/000112760220026873/xslf345x03/form4.xml",2020-10-14 02:36:02,-69,['novt']
250117295,$novt https://www.aistockfinder.com/stock-forecast/novt novanta inc. our model foresees the price of this stock has a neutral short term outlook with a flat long term setup,2020-10-14 02:23:16,-69,['novt']
250105930,"novanta ceo matthijs glastra sells $574,600.00 in $novt https://www.marketbeat.com/i/411769",2020-10-14 00:52:32,-69,['novt']
250095915,$novt new insider selling: 5000 shares. http://insiderbuyingselling.com/?t=novt,2020-10-13 23:45:36,-69,['novt']
250069193,"$novt [15s. delayed] filed sec form 4: insider glastra matthijs: 
disposed 5,000 of common stock at price $114.92 on 2020-10-12, decreased https://s.flashalert.me/gj1dqp",2020-10-13 21:28:31,-69,['novt']
249485923,novanta $novt bidaskscore is upgraded to stronglybought https://bidaskclub.com/news/company/2020-10-09/novt,2020-10-10 11:14:04,-69,['novt']
247102253,goldenstar signal alert: $novt. more insights: https://stockinvest.us/technical-analysis/novt?utm_source=stocktwits&amp;utm_medium=autopost,2020-09-29 22:33:40,1,['novt']
246306059,novanta $novt bidaskscore is upgraded to bought https://bidaskclub.com/news/company/2020-09-24/novt,2020-09-25 14:58:02,-69,['novt']
244673580,how does this affect your portfolio? $novt in uptrend: stochastic indicator recovers from oversold zone. view odds for this and other indicators: https://srnk.us/go/2113279,2020-09-18 11:38:08,-69,['novt']
244415635,novanta $novt bidaskscore is increased to held https://bidaskclub.com/news/company/2020-09-16/novt,2020-09-17 13:01:05,-69,['novt']
243344373,novanta downgraded by bidaskclub to sell. https://www.marketbeat.com/r/1477053 $novt,2020-09-12 07:10:04,-69,['novt']
242827694,thestreet lowers novanta (nasdaq:novt) to c+ $novt #novt https://www.marketbeat.com/n/4456155/,2020-09-10 11:13:27,-69,['novt']
242827030,novanta downgraded by thestreet to c+. https://www.marketbeat.com/r/1476112 $novt,2020-09-10 11:07:28,-69,['novt']
242603423,"$novt new movia 2-axis scan head complements laser beam-steering portfolio 

https://newsfilter.io/a/5893e8ddc1eccd4dab22ec45e3d9c42e",2020-09-09 14:07:32,-69,['novt']
242258597,analysts anticipate novanta inc (nasdaq:novt) will announce earnings of $0.40 per share $novt #novt https://www.marketbeat.com/n/4452949/,2020-09-08 02:12:14,-69,['novt']
241767205,"good move or bad move? $novt&#39;s 10-day moving average crossed above its 50-day moving average on august 6, 2020. view odds for this and other indicators: https://srnk.us/go/2061712",2020-09-04 06:21:57,-69,['novt']
240432678,novanta (nasdaq:novt) rating lowered to hold at bidaskclub $novt #novt https://www.marketbeat.com/n/4445249/,2020-08-31 05:15:11,-69,['novt']
240432544,novanta downgraded by bidaskclub to hold. https://www.marketbeat.com/r/1472268 $novt,2020-08-31 05:11:47,-69,['novt']
240281425,novanta $novt bidaskscore is lowered to held https://bidaskclub.com/news/company/2020-08-28/novt,2020-08-29 16:01:08,-69,['novt']
239139991,novanta $novt bidaskscore is lowered to bought https://bidaskclub.com/news/company/2020-08-24/novt,2020-08-25 18:07:03,-69,['novt']
238980818,novanta (nasdaq:novt) downgraded to buy at bidaskclub $novt #novt https://www.marketbeat.com/n/4440185/,2020-08-25 09:33:02,-69,['novt']
238980032,novanta downgraded by bidaskclub to buy. https://www.marketbeat.com/r/1470246 $novt,2020-08-25 09:20:18,-69,['novt']
237843961,"$novt matthijs glastra sold 4,199 shares [high conviction] www.insider-analysis.com/search_transactions.php?ticker=table_novt",2020-08-20 13:26:15,-69,['novt']
237843196,$novt matthijs glastra sold 600 shares [low conviction] www.insider-analysis.com/search_transactions.php?ticker=table_novt,2020-08-20 13:24:16,-69,['novt']
237733747,"$novt: new sec filing on chief executive officer, matthijs glastra: https://www.sec.gov/archives/edgar/data/1076930/000112760220023911/xslf345x03/form4.xml",2020-08-19 22:54:02,-69,['novt']
237730684,"novanta ceo matthijs glastra sells $562,700.00 in $novt https://www.marketbeat.com/i/403502",2020-08-19 22:40:33,-69,['novt']
237705778,"$novt [15s. delayed] filed sec form 4: insider glastra matthijs: 
disposed 5,670 of common stock at average price $99.24 between 2020-08-1 https://s.flashalert.me/9gxuy",2020-08-19 21:10:41,-69,['novt']
237705661,"#fwsells $novt glastra matthijs, chief executive officer of novanta inc sold 5000 shares on 2020-08-17. https://formwhispers.com/s?t=novt",2020-08-19 21:10:23,-69,['novt']
237705650,"$novt $562,676.37 of shares sold by glastra matthijs (chief executive officer), reported in a new form 4 filed with the sec  

https://newsfilter.io/a/35a3b05ae8c0621f57915500f6b9cd9e",2020-08-19 21:10:22,-69,['novt']
236649722,"$novt new article : novanta to present at the baird global healthcare conference on wednesday, september 9, 2020 https://www.stck.pro/news/novt/6971182",2020-08-14 20:53:15,-69,['novt']
236647696,"$novt novanta to present at the baird global healthcare conference on wednesday, september 9, 2020 https://www.otcdynamics.com/novt-novanta-to-present-at-the-baird-global-healthcare-conference-on-wednesday-september-9-2020",2020-08-14 20:46:15,-69,['novt']
236646175,"$novt [15s. delayed]: issued press release on august 14, 16:35:00: novanta to present at the baird global healthcare conference on wednesd https://s.flashalert.me/mmxgs",2020-08-14 20:40:38,-69,['novt']
236645180,"novanta to present at the baird global healthcare conference on wednesday, september 9, 2020 http://www.conferencecalltranscripts.org/include?location=http://www.businesswire.com/news/home/20200814005005/en/novanta-present-baird-global-healthcare-conference-wednesday/?feedref=zd8jjkgyuzbwdixoadxmjgt1albrg1eq4maevp39211kzpny4nusb_qpy_g-4zdhevrmp3sigu8q3wq1of24lt93qbezrwa15hgblqmobxyoy3ch5vgwf9d0wb9dzp5ttt_uavxl_cpergzmcyu-rw== $novt",2020-08-14 20:37:02,-69,['novt']
236644670,"$novt novanta to present at the baird global healthcare conference on wednesday, september 9, 2020 

https://newsfilter.io/a/e024dbd0c15aec9c1b534ceb360c9a3f",2020-08-14 20:35:29,-69,['novt']
236117511,"$novt peter l chang sold 3,726 shares [high conviction] www.insider-analysis.com/search_transactions.php?ticker=table_novt",2020-08-13 13:54:40,-69,['novt']
235992540,"novanta cao peter chang sells $421,894.98 in $novt https://www.marketbeat.com/i/402120",2020-08-13 00:08:21,-69,['novt']
235934825,"$novt [15s. delayed] filed sec form 4: insider chang peter l: 
disposed 3,726 of common stock at price $113.23 on 2020-08-10, decreased ho https://s.flashalert.me/7zrr9",2020-08-12 20:43:59,-69,['novt']
235934692,"#fwsells $novt chang peter l, cao-corporate controller of novanta inc sold 3726 shares on 2020-08-10. https://formwhispers.com/s?t=novt",2020-08-12 20:43:38,-69,['novt']
235934682,"$novt $421,894.98 of shares sold by chang peter l (cao-corporate controller), reported in a new form 4 filed with the sec  

https://newsfilter.io/a/3e2a408191967070be4065623588ce10",2020-08-12 20:43:36,-69,['novt']
235249329,the industry average roa is 2.90%. $novt outperforms 88% of its industry peers. https://www.chartmill.com/stock/analyzer/stock/novt?view=fundamental-analysis&amp;key=a09a87b6-8a9e-4442-b768-9f19780aeefb&amp;utm_source=stocktwits&amp;utm_medium=fa&amp;utm_content=novt&amp;utm_campaign=social_tracking,2020-08-10 23:59:34,-69,['novt']
