id,body,created_at,sentiment,symbols
254760909,"$sanm: new sec filing on chairman and ceo, jure sola: https://www.sec.gov/archives/edgar/data/897723/000110465920121788/xslf345x03/a4.xml",2020-11-06 01:41:02,-69,['sanm']
254695138,"sanmina-sci corporation&#39;s chairman and ceo just picked up 29,470 shares  http://www.conferencecalltranscripts.org/4/summary2/?id=8523045 $sanm",2020-11-05 21:11:58,-69,['sanm']
254693306,"$sanm [15s. delayed] filed sec form 4: chairman and ceo sola jure: 
converted securities 29,470 of common stock at price $11.23 on 2020-11 https://s.flashalert.me/6o1tto",2020-11-05 21:08:22,-69,['sanm']
254693099,"$sanm $330,948.10 of shares acquired by sola jure (chairman and ceo), reported in a new form 4 filed with the sec  

https://newsfilter.io/a/e18cb5ace5f92f197ca7054ad6e402b5",2020-11-05 21:07:58,-69,['sanm']
254310627,do you agree with the a.i. prediction? $sanm rsi indicator left the oversold zone. view odds of uptrend. https://srnk.us/go/2280003,2020-11-04 10:44:11,1,['sanm']
253697395,good move or bad move? $sanm rsi indicator left the oversold zone. view odds of uptrend. https://srnk.us/go/2264182,2020-10-31 02:51:52,1,['sanm']
253365617,$sanm sanmina corporation invites you to join its fourth quarter and fiscal year 2020 earnings conference call https://www.otcdynamics.com/sanm-sanmina-corporation-invites-you-to-join-its-fourth-quarter-and-fiscal-year-2020-earnings-conference-call,2020-10-29 20:11:11,-69,['sanm']
253360966,"$sanm sanmina corporation invites you to join its fourth quarter and fiscal year 2020 earnings conference call
https://www.stocktitan.net/news/sanm/sanmina-corporation-invites-you-to-join-its-fourth-quarter-and-6231qubehly5.html

#earnings",2020-10-29 20:01:50,-69,['sanm']
253360862,"$sanm sanmina invites you to join its fourth quarter and fiscal year 2020 earnings conference call 

https://newsfilter.io/a/a78f07d497a03031c7910960740fda1b",2020-10-29 20:01:38,-69,['sanm']
252666220,#deathcross $sanm at 25.25 r10  hilo 42% t1y 35 hold 2.7 pe 16.8 div n/a #sanmina co #stocks #trading #finance #market https://tinyurl.com/y2b3cfhc,2020-10-27 04:51:53,-1,['sanm']
252309851,"td buy $sanm at 26.43, supp 26.08 resis 27.96 r7  hilo 49% t1y 35 hold 2.7 pe 17.6 div n/a #sanmina co #stocks #trading #finance #market https://tinyurl.com/y6o9lxby",2020-10-24 03:07:58,1,['sanm']
252235566,sanmina $sanm bidaskscore is lowered to stronglysold https://bidaskclub.com/news/company/2020-10-22/sanm,2020-10-23 19:02:05,-69,['sanm']
251193616,"$sanm [15s. delayed] filed sec form 4: evp &amp; cfo adzema kurt: 
delivered securities 10,744 of common stock at average price $27.33 on 2020 https://s.flashalert.me/nbhohc",2020-10-19 20:20:48,-69,['sanm']
251188801,"$sanm: new sec filing on svp &amp; corp controller, brent billinger: https://www.sec.gov/archives/edgar/data/897723/000110465920116064/xslf345x03/a4.xml",2020-10-19 20:06:01,-69,['sanm']
251187503,"$sanm [15s. delayed] filed sec form 4: svp &amp; corp controller billinger brent: 
delivered securities 1,240 of common stock at price $27.21  https://s.flashalert.me/gzv0u",2020-10-19 20:02:26,-69,['sanm']
249731252,sanmina $sanm bidaskscore is #reiterated to sold https://bidaskclub.com/news/company/2020-10-07/sanm,2020-10-12 17:14:03,-69,['sanm']
246632582,"don’t miss out on this! $sanm&#39;s 10-day moving average broke below its 50-day moving average on september 15, 2020. view odds for this and other indicators: https://srnk.us/go/2147585",2020-09-28 07:25:12,-69,['sanm']
246469271,"how do you think the market will react to this? $sanm in -4.02% downtrend, falling for three consecutive days on september 23, 2020. view odds for this and other indicators: https://srnk.us/go/2139973",2020-09-26 02:42:49,-69,['sanm']
246233440,sanmina corp (nasdaq:sanm) receives consensus rating of &quot;hold&quot; from analysts $sanm #sanm https://www.marketbeat.com/n/4470641/,2020-09-25 09:43:33,-69,['sanm']
244675605,sanmina $sanm bidaskscore is increased to sold https://bidaskclub.com/news/company/2020-09-17/sanm,2020-09-18 11:52:05,-69,['sanm']
244661730,sanmina corp (nasdaq:sanm) short interest update $sanm #sanm https://www.marketbeat.com/n/4464173/,2020-09-18 09:03:14,-69,['sanm']
244659967,sanmina (nasdaq:sanm) lifted to sell at bidaskclub $sanm #sanm https://www.marketbeat.com/n/4464155/,2020-09-18 08:18:51,-69,['sanm']
244659739,sanmina upgraded by bidaskclub to sell. https://www.marketbeat.com/r/1479081 $sanm,2020-09-18 08:14:12,-69,['sanm']
242265049,"are the daytraders watching this? $sanm in -5.71% downtrend, falling for three consecutive days on september 4, 2020. view odds for this and other indicators: https://srnk.us/go/2078015",2020-09-08 03:37:29,-69,['sanm']
241984179,$sanm just filed with the sec a event for officers https://last10k.com/sec-filings/sanm/0001104659-20-102688.htm?utm_source=stocktwits&amp;utm_medium=forum&amp;utm_campaign=8k&amp;utm_term=sanm,2020-09-04 21:15:33,-69,['sanm']
241983684,"$sanm [15s. delayed] filed form 8-k on september 04, 17:11:45 https://s.flashalert.me/ta6td",2020-09-04 21:12:52,-69,['sanm']
241983618,"$sanm form 8-k: departure of directors or certain officers; election of directors; appointment of certain officers; compensatory arrangements of certain officers in connection with the previously anno.. 

https://newsfilter.io/a/7b15b7a67cfc435adba27c42f7d5c631",2020-09-04 21:12:32,-69,['sanm']
241938706,"🚀 | $lmt $ba $noc $sanm $rtx 
secret mideast arms deal includes even more u.s. aircraft: report https://www.investors.com/news/defense-stocks-secret-mideast-arms-deal-includes-more-us-aircraft/?src=a00220&amp;yptr=yahoo",2020-09-04 18:48:13,-69,"['sanm', 'ba', 'lmt', 'noc', 'rtx']"
240451220,"#levermann #us #smallcap #sell wk35 $calm (-2), $wgo (2), $med (3), $big (3), $sanm (1), gef (1), csiq (4), idcc (2), fix (0), pbh (2) http://tinyurl.com/y69dzaqu",2020-08-31 11:03:26,-1,"['calm', 'sanm', 'big', 'med', 'wgo']"
240448193,sanmina corp (nasdaq:sanm) given average recommendation of &quot;hold&quot; by analysts $sanm #sanm https://www.marketbeat.com/n/4445557/,2020-08-31 10:27:08,-69,['sanm']
240380111,"#levermann #global #smallcap #sell wk35 $calm (-2), $wgo (2), $med (3), $big (3), $sanm (1), gef (1), csiq (4), idcc (2), pfv.de (2), fix (0) http://tinyurl.com/y6pbrefe",2020-08-30 19:48:20,-1,"['calm', 'sanm', 'big', 'med', 'wgo']"
240340904,accelerating growth: $sanm is expecting stronger growth in the upcoming 2 years than in the passed 5 years. https://www.chartmill.com/stock/quote/sanm/fundamental-analysis?key=002da72b-1dbf-4dd7-aba6-a9d9c79dfcff&amp;utm_source=stocktwits&amp;utm_medium=fa&amp;utm_content=sanm&amp;utm_campaign=social_tracking,2020-08-30 06:16:00,-69,['sanm']
239587977,$sanm sanmina corp. the network has forecasted the market value of this company has a neutral short term outlook and has a negative long term outlook,2020-08-27 01:18:19,-69,['sanm']
239517488,$sanm just filed with the sec a event for officers https://last10k.com/sec-filings/sanm/0001104659-20-098677.htm?utm_source=stocktwits&amp;utm_medium=forum&amp;utm_campaign=8k&amp;utm_term=sanm,2020-08-26 20:13:43,-69,['sanm']
239514376,"$sanm [15s. delayed] filed form 8-k on august 26, 16:05:14 https://s.flashalert.me/os781k",2020-08-26 20:06:27,-69,['sanm']
239514206,"$sanm form 8-k: departure of directors or certain officers; election of directors; appointment of certain officers; compensatory arrangements of certain officers on august 20, 2020, sanmina entered in.. 

https://newsfilter.io/a/22d4d663bb6ae3783ed3b37a5616a38c",2020-08-26 20:06:08,-69,['sanm']
239004791,"$sanm sanmina bolsters backplane testing capabilities at sites in california and mexico 

https://newsfilter.io/a/9ec94c9118558e6c604b6d913c638bb7",2020-08-25 12:30:34,-69,['sanm']
239004790,"$sanm sanmina bolsters backplane testing capabilities at sites in california and mexico
https://www.stocktitan.net/news/sanm/sanmina-bolsters-backplane-testing-capabilities-at-sites-in-92p2s2lg2yhq.html",2020-08-25 12:30:34,-69,['sanm']
238642690,"how will this affect the market? $sanm in uptrend: price may ascend as a result of having broken its lower bollinger band on august 18, 2020. view odds for this and other indicators: https://srnk.us/go/2022089",2020-08-24 08:16:02,-69,['sanm']
238534061,"$sanm jure sola sold 55,838 shares [very high conviction] www.insider-analysis.com/search_transactions.php?ticker=table_sanm",2020-08-23 10:53:53,-69,['sanm']
238372293,"$sanm: new sec filing on chairman and ceo, jure sola: https://www.sec.gov/archives/edgar/data/897723/000110465920097563/xslf345x03/a4.xml",2020-08-21 20:08:01,-69,['sanm']
238369432,"$sanm [15s. delayed] filed sec form 4: chairman and ceo sola jure: 
disposed 55,838 of common stock at price $27.73 on 2020-08-20, decreas https://s.flashalert.me/n0j3tu",2020-08-21 20:01:52,-69,['sanm']
238369273,"$sanm $1,548,387.74 of shares sold by sola jure (chairman and ceo), reported in a new form 4 filed with the sec  

https://newsfilter.io/a/e508deb482795bd23e6a11ee5fae76ef",2020-08-21 20:01:34,-69,['sanm']
238311379,sanmina $sanm bidaskscore is downgraded to stronglysold https://bidaskclub.com/news/company/2020-08-20/sanm,2020-08-21 17:36:03,-69,['sanm']
238161259,sanmina downgraded by bidaskclub to strong sell. https://www.marketbeat.com/r/1469266 $sanm,2020-08-21 10:12:02,-69,['sanm']
236931096,$sanm new article : sanmina ceo liebel leaves company after less than 11 months in the role https://www.stck.pro/news/sanm/7028784,2020-08-17 13:25:41,-69,['sanm']
236923913,"$sanm sanmina ceo leaving, jure sola to reassume chairman and ceo role 

https://newsfilter.io/a/1a9295a77fd9b97c4ba2fab008bce76b",2020-08-17 13:00:34,-69,['sanm']
236922253,sanmina-sci: sanmina announces its co-founder and executive chairman to  http://www.conferencecalltranscripts.org/8/summary/?id=8253204 $sanm,2020-08-17 12:54:26,-69,['sanm']
236921326,$sanm just filed with the sec a event for officers and a financial exhibit https://last10k.com/sec-filings/sanm/0001104659-20-095855.htm?utm_source=stocktwits&amp;utm_medium=forum&amp;utm_campaign=8k&amp;utm_term=sanm,2020-08-17 12:50:43,-69,['sanm']
236920210,"$sanm [15s. delayed] filed form 8-k on august 17, 08:45:18 https://s.flashalert.me/md2cw",2020-08-17 12:46:07,-69,['sanm']
236920140,"$sanm form 8-k: departure of directors or certain officers; election of directors; appointment of certain officers; compensatory arrangements of certain officers on august 17, 2020, sanmina announced .. 

https://newsfilter.io/a/2388a7b18621d67b819a6c715851be1f",2020-08-17 12:45:47,-69,['sanm']
236920050,$sanm new article : sanmina announces its co-founder and executive chairman to reassume chairman and ceo role https://www.stck.pro/news/sanm/7028715,2020-08-17 12:45:25,-69,['sanm']
236916856,"$sanm sanmina announces its co-founder and executive chairman to reassume chairman and ceo role
https://www.stocktitan.net/news/sanm/sanmina-announces-its-co-founder-and-executive-chairman-to-reassume-eg8jgcakznbs.html",2020-08-17 12:30:39,-69,['sanm']
236916834,"$sanm sanmina announces its co-founder and executive chairman to reassume chairman and ceo role 

https://newsfilter.io/a/6c208fdec477720b1f9a4e4e6dac8ee1",2020-08-17 12:30:32,-69,['sanm']
236242831,"$sanm jure sola bought 25,000 shares [very high conviction] www.insider-analysis.com/search_transactions.php?ticker=table_sanm",2020-08-13 18:30:12,-69,['sanm']
236241956,"$sanm jure sola sold 50,000 shares [very high conviction] www.insider-analysis.com/search_transactions.php?ticker=table_sanm",2020-08-13 18:28:09,-69,['sanm']
236241015,"$sanm jure sola bought 50,000 shares [very high conviction] www.insider-analysis.com/search_transactions.php?ticker=table_sanm",2020-08-13 18:26:07,-69,['sanm']
235970839,"sanmina chairman jure sola sells $2,274,750.00 in $sanm https://www.marketbeat.com/i/402089",2020-08-12 22:37:46,-69,['sanm']
235959640,"$sanm: new sec filing on executive chairman, jure sola: https://www.sec.gov/archives/edgar/data/897723/000110465920093971/xslf345x03/a4.xml",2020-08-12 21:57:02,-69,['sanm']
235944648,sanmina-sci corporation&#39;s executive chairman just disposed of 412 shares  http://www.conferencecalltranscripts.org/4/summary/?id=8232792 $sanm,2020-08-12 21:10:28,-69,['sanm']
235943933,"$sanm [15s. delayed] filed sec form 4: executive chairman sola jure: 
disposed 111,404 of common stock at average price $30.35 and convert https://s.flashalert.me/fhk0m",2020-08-12 21:08:30,-69,['sanm']
235943811,"#fwsells $sanm sola jure, executive chairman of sanmina corp sold 111404 shares on 2020-08-11. https://formwhispers.com/s?t=sanm",2020-08-12 21:08:10,-69,['sanm']
235943793,"$sanm $2,134,180.96 of shares sold by sola jure (executive chairman), reported in a new form 4 filed with the sec  

https://newsfilter.io/a/7028a243a1c4db6597e640391a8a8514",2020-08-12 21:08:07,-69,['sanm']
235553403,"$sanm jure sola bought 22,493 shares [very high conviction] www.insider-analysis.com/search_transactions.php?ticker=table_sanm",2020-08-11 20:16:51,-69,['sanm']
235551984,"$sanm jure sola sold 32,161 shares [very high conviction] www.insider-analysis.com/search_transactions.php?ticker=table_sanm",2020-08-11 20:14:17,-69,['sanm']
235550506,"$sanm jure sola bought 32,161 shares [very high conviction] www.insider-analysis.com/search_transactions.php?ticker=table_sanm",2020-08-11 20:11:44,-69,['sanm']
235188024,$sanm new insider selling: 54654 shares. http://insiderbuyingselling.com/?t=sanm,2020-08-10 20:27:32,-69,['sanm']
235175025,"sanmina-sci corporation&#39;s executive chairman just cashed-in 54,654 options  http://www.conferencecalltranscripts.org/4/summary2/?id=8220882 $sanm",2020-08-10 20:04:18,-69,['sanm']
235174162,"$sanm [15s. delayed] filed sec form 4: executive chairman sola jure: 
disposed 54,654 of common stock at average price $30.02 and converte https://s.flashalert.me/4jjh1",2020-08-10 20:02:51,-69,['sanm']
235173900,"#fwsells $sanm sola jure, executive chairman of sanmina corp sold 54654 shares on 2020-08-07. https://formwhispers.com/s?t=sanm",2020-08-10 20:02:26,-69,['sanm']
235173868,"$sanm $1,026,820.41 of shares sold by sola jure (executive chairman), reported in a new form 4 filed with the sec  

https://newsfilter.io/a/147705e33824b75df68bc5a4aebe0fe3",2020-08-10 20:02:23,-69,['sanm']
234622968,"$sanm jure sola bought 1,584 shares [low conviction] www.insider-analysis.com/search_transactions.php?ticker=table_sanm",2020-08-07 19:41:53,-69,['sanm']
234621659,"$sanm jure sola sold 3,300 shares [average conviction] www.insider-analysis.com/search_transactions.php?ticker=table_sanm",2020-08-07 19:38:48,-69,['sanm']
234620485,"$sanm jure sola bought 3,300 shares [average conviction] www.insider-analysis.com/search_transactions.php?ticker=table_sanm",2020-08-07 19:35:42,-69,['sanm']
234382958,"sanmina chairman jure sola sells $99,264.00 in $sanm https://www.marketbeat.com/i/401268",2020-08-07 02:59:10,-69,['sanm']
234288377,"$sanm: new sec filing on executive chairman, jure sola: https://www.sec.gov/archives/edgar/data/897723/000110465920091412/xslf345x03/a4.xml",2020-08-06 20:31:02,-69,['sanm']
234274577,"sanmina-sci corporation&#39;s executive chairman just cashed-in 4,884 options  http://www.conferencecalltranscripts.org/4/summary2/?id=8209089 $sanm",2020-08-06 20:07:15,-69,['sanm']
234271595,"$sanm [15s. delayed] filed sec form 4: executive chairman sola jure: 
disposed 4,884 of common stock at average price $30.07 and converted https://s.flashalert.me/19zv6",2020-08-06 20:02:25,-69,['sanm']
234271456,"#fwsells $sanm sola jure, executive chairman of sanmina corp sold 4884 shares on 2020-08-05. https://formwhispers.com/s?t=sanm",2020-08-06 20:02:11,-69,['sanm']
234271385,"$sanm $92,031.72 of shares sold by sola jure (executive chairman), reported in a new form 4 filed with the sec  

https://newsfilter.io/a/82861dd01e340fb1de03576595f98ade",2020-08-06 20:02:04,-69,['sanm']
232706045,"sanmina-sci: sanm.oq - q3 2020 sanmina corp earnings call event date/time: july 29, 2020 / 9:00 http://www.conferencecalltranscripts.org/8/summary/?id=8186915 $sanm",2020-07-31 20:13:20,-69,['sanm']
232703682,"$sanm [15s. delayed] filed form 8-k/a on july 31, 16:05:47: item2.02: results of operations &amp; financial condition https://s.flashalert.me/bkpknw",2020-07-31 20:07:41,-69,['sanm']
232703385,"$sanm form 8-k/a (current report, items 2.02 and 9.01) filed with the sec 

https://newsfilter.io/a/7a633d51840b39abb1a779418079178b",2020-07-31 20:07:05,-69,['sanm']
232675477,last10k highlighted 46 positive and negative remarks in $sanm&#39;s 10-q filed today. see them in the quarterly report: https://last10k.com/sec-filings/sanm/0000897723-20-000028.htm?utm_source=stocktwits&amp;utm_medium=forum&amp;utm_campaign=sentiment&amp;utm_term=sanm,2020-07-31 19:02:02,-69,['sanm']
232644186,$sanm just filed a 10-q quarterly report with 56 sections and 5 exhibits. access them all or just read their earnings: https://last10k.com/sec-filings/sanm/0000897723-20-000028.htm?utm_source=stocktwits&amp;utm_medium=forum&amp;utm_campaign=10kq2040f&amp;utm_term=sanm,2020-07-31 17:40:49,-69,['sanm']
232643999,sanmina-sci corporation just filed its quarterly report: earnings per share b... http://www.conferencecalltranscripts.org/q/summary2/?id=8186356 $sanm,2020-07-31 17:40:21,-69,['sanm']
232643633,"$sanm [15s. delayed] filed form 10-q on july 31, 13:38:03 https://s.flashalert.me/4mqd2c",2020-07-31 17:39:20,-69,['sanm']
232643529,"$sanm form 10-q (quarterly report [sections 13 or 15(d)]) filed with the sec 

https://newsfilter.io/a/5c9baa179d5a9359528fdba029b9ba01",2020-07-31 17:39:02,-69,['sanm']
232320165,"sanmina (nasdaq:sanm) releases quarterly earnings results, beats expectations by $0.62 eps $sanm #sanm https://www.marketbeat.com/n/4416790",2020-07-30 19:48:57,-69,['sanm']
232242768,"$sanm reportedly achieved approx. +14% after earnings beat, solid guidance. you could also find this company with some of the greatest potential opportunities: http://psce.pw/goldandcryptocurrencysavehavenpotential",2020-07-30 16:51:43,1,['sanm']
232224615,big gainer alert: trading today&#39;s 15.3% move in sanmina $sanm https://wp.me/p5blgb-amwt,2020-07-30 16:06:34,-69,['sanm']
232187794,sanmina&#39;s pt raised by citigroup inc to $33.00. neutral rating. https://www.marketbeat.com/r/1454450 $sanm,2020-07-30 14:45:42,-69,['sanm']
232180287,"thu jul 30th
gaining stocks this morning:

adma: +42.6%
home: +34.1%
cmpr: +23.7%
rfp: +23.5%
blnk: +22.0%
$ostk: +20.5%
$prk: +20.1%
$uctt: +19.4%
$sanm: +18.6%

click here for a visual version:
https://thebubbleboard.com/?tickers=adma,home,cmpr,rfp,blnk,ostk,prk,uctt,sanm&amp;name=jul%2030th%20gainers&amp;utm_medium=bot-post",2020-07-30 14:30:32,-69,"['prk', 'ostk', 'sanm', 'uctt']"
232166599,$sanm lets gooooo,2020-07-30 14:04:05,-69,['sanm']
232136697,$sanm citigroup maintains to neutral : pt $33.00 https://stockhoot.com/extsymbol.aspx?from=analystratingtweet&amp;symbol=sanm&amp;t=327&amp;social=stocktwits,2020-07-30 13:06:17,-69,['sanm']
232135949,sanmina&#39;s pt raised by craig hallum to $40.00. buy rating. https://www.marketbeat.com/r/1454295 $sanm,2020-07-30 13:04:32,-69,['sanm']
232119109,up in pre-market📈💰✔️ $solo $sbph $sanm $bngo $amag,2020-07-30 12:17:49,1,"['amag', 'sanm', 'sbph', 'bngo', 'solo']"
232115298,"$sanm (+14.0% pre) sanmina stock rallies on big earnings, outlook beat - mw

http://ooc.bz/l/57703",2020-07-30 12:05:03,-69,['sanm']
232085974,"$sanm new article : sanmina +14% after earnings beat, solid guidance https://www.stck.pro/news/sanm/6662084",2020-07-30 08:10:05,-69,['sanm']
232082146,"$sanm sanmina +14% after earnings beat, solid guidance 

https://newsfilter.io/a/d2f25ba15817ebdfc2e201d6e8823138",2020-07-30 06:58:31,-69,['sanm']
232034528,"31 stocks moving in wednesday&#39;s after-hours session  $qcom $sanm $sfm $qrvo $lrcx 

https://newsfilter.io/a/cd22f2c5426d960e0dca66c6b55638da",2020-07-30 00:19:32,-69,"['lrcx', 'qcom', 'sanm', 'sfm', 'qrvo']"
232021741,$sanm 31.5 is our target still but a few upgrades and breaks of 31.5 take us to 33 easily followers,2020-07-29 23:20:02,1,['sanm']
231994716,"$sanm new article : sanmina eps beats by $0.52, beats on revenue https://www.stck.pro/news/sanm/6652243",2020-07-29 21:38:26,-69,['sanm']
231991536,$sanm updates q4 2020after-hours guidance to 0.73-0.83 eps and revenue guidance to $1.73-1.83 billion. https://www.marketbeat.com/g/50186,2020-07-29 21:29:31,-69,['sanm']
231991234,$sanm just filed with the sec a earnings release and a financial exhibit https://last10k.com/sec-filings/sanm/0001104659-20-087841.htm?utm_source=stocktwits&amp;utm_medium=forum&amp;utm_campaign=8k&amp;utm_term=sanm,2020-07-29 21:28:40,-69,['sanm']
231986209,sanmina-sci: balance sheet and cash flow  http://www.conferencecalltranscripts.org/8/summary/?id=8173986 $sanm,2020-07-29 21:14:54,-69,['sanm']
231985834,"$sanm [15s. delayed] filed form 8-k on july 29, 17:12:43 https://s.flashalert.me/2qdxr",2020-07-29 21:13:51,-69,['sanm']
231985681,"$sanm form 8-k: results of operations and financial condition on july 29, 2020, sanmina issued the press release attached as exhibit 99.1 announcing unaudited financial results for its fiscal quarter .. 

https://newsfilter.io/a/4e86847ca5fa25ba5c6292396bfe2753",2020-07-29 21:13:27,-69,['sanm']
231974929,"rita lane appointed to board of directors of amphenol  $aph $lhx $sanm 

https://newsfilter.io/a/6c31e6bfb3f49660b075de9e3ecc453f",2020-07-29 20:44:27,-69,"['sanm', 'aph', 'lhx']"
231972948,$sanm i sold itm puts...and still left money on the table. congrats to longs.,2020-07-29 20:39:16,-69,['sanm']
231970886,"$sanm new article : sanmina stock rallies on big earnings, outlook beat https://www.stck.pro/news/sanm/6652139",2020-07-29 20:34:05,-69,['sanm']
231970715,"$sanm sanmina eps beats by $0.52, beats on revenue 

https://newsfilter.io/a/028f0a6f34924f05c18a72b8066886eb",2020-07-29 20:33:36,-69,['sanm']
231970081,$sanm new article : sanmina: q3 earnings insights https://www.stck.pro/news/sanm/6652040,2020-07-29 20:31:41,-69,['sanm']
231962303,$sanm sanmina reports third quarter financial results https://www.otcdynamics.com/sanm-sanmina-reports-third-quarter-financial-results,2020-07-29 20:13:13,-69,['sanm']
231961451,sanmina reports third quarter financial results http://www.conferencecalltranscripts.org/include?location=https://www.prnewswire.com:443/news-releases/sanmina-reports-third-quarter-financial-results-301102463.html $sanm,2020-07-29 20:11:28,-69,['sanm']
231959837,"$sanm reported earnings of $0.86, consensus was $0.24 via @ewhispers #epsbeat http://eps.sh/d/sanm",2020-07-29 20:07:53,-69,['sanm']
231957157,"$sanm sanmina reports third quarter financial results 

https://newsfilter.io/a/d483405d5003555801c3d43b6d683785",2020-07-29 20:02:33,-69,['sanm']
231957126,"$sanm sanmina reports third quarter financial results
https://www.stocktitan.net/news/sanm/sanmina-reports-third-quarter-financial-40fu57nht0fi.html",2020-07-29 20:02:30,-69,['sanm']
231913429,"$sanm earnings call today: 5:00 pm est 
analyst rating: hold  
webcast: http://mmm.wallstreethorizon.com/u.asp?u=334474",2020-07-29 18:30:56,-69,['sanm']
231820775,"$sanm reports after the close, estimize consensus -0.02 eps and -18.27m revs compared to ws
http://www.estimize.com/sanm/fq3-2020?utm_content=prerelease&amp;utm_medium=tweet&amp;utm_source=stocktwits",2020-07-29 15:00:35,-69,['sanm']
231655017,$sanm new article : sanmina q3 2020 earnings preview https://www.stck.pro/news/sanm/6629513,2020-07-28 21:37:20,-69,['sanm']
231023994,sanmina to release earnings after the market closes on wednesday. analysts expect 0.24 eps. www.marketbeat.com/p/466533 $sanm #sanm,2020-07-26 05:02:15,-69,['sanm']
230490155,"td sell $sanm at 26.35, supp 23.94 resis 26.35 r10  hilo 48% t1y 31 hold 2.7 pe 18.0 div n/a #sanmina co #stocks #trading #finance #market https://bit.ly/3jbmtd6",2020-07-24 03:47:05,-1,['sanm']
230344048,"$sanm is said to expands thailand facility; adds custom microelectronics and optical assembly capabilities. also, you could check this other company with potential opportunities: http://psce.pw/biginvestmentpotential",2020-07-23 18:15:58,1,['sanm']
229931103,"$sanm was expands thailand facility; adds custom microelectronics and optical assembly capabilities. also, you could check this other company with potential opportunities: http://psce.pw/biginvestmentpotential",2020-07-22 15:40:37,1,['sanm']
229852464,sanmina corporation invites you to join its third quarter fiscal 2020 earnings conference call http://www.conferencecalltranscripts.org/include?location=https://www.prnewswire.com:443/news-releases/sanmina-corporation-invites-you-to-join-its-third-quarter-fiscal-2020-earnings-conference-call-301097770.html $sanm,2020-07-22 12:47:04,-69,['sanm']
229847585,"$sanm sanmina invites you to join its third quarter fiscal 2020 earnings conference call 

https://newsfilter.io/a/aa2942c0c75cfb56e03a797ab8fb268d",2020-07-22 12:30:35,-69,['sanm']
228750916,"$sanm: new sec filing on ceo, hartmut liebel: https://www.sec.gov/archives/edgar/data/897723/000110465920084501/xslf345x03/a4.xml",2020-07-17 20:07:02,-69,['sanm']
228749351,"sanmina-sci corporation&#39;s ceo just disposed of 6,916 shares  http://www.conferencecalltranscripts.org/4/summary/?id=8139801 $sanm",2020-07-17 20:03:21,-69,['sanm']
228748393,"$sanm [15s. delayed] filed sec form 4: ceo liebel hartmut: 
delivered securities 6,916 of common stock at price $26.07 on 2020-07-15, decr https://s.flashalert.me/jzxqh2",2020-07-17 20:01:26,-69,['sanm']
228748170,"$sanm $180,300.12 of shares sold by liebel hartmut (ceo), reported in a new form 4 filed with the sec  

https://newsfilter.io/a/b31a8b8cc545712a6106df6343e7933b",2020-07-17 20:01:04,-69,['sanm']
227914998,sanmina upgraded by bidaskclub to sell. https://www.marketbeat.com/r/1445329 $sanm,2020-07-15 13:10:23,-69,['sanm']
227877030,buy signal for $sanm. bearish divergence for $fb. partial profits signal for $aapl and $fb. more stocks: https://reversallevels.com/2020/07/rl-for-july-15.html $spy $gld,2020-07-15 09:16:21,-69,"['aapl', 'sanm', 'gld', 'spy', 'fb']"
226983243,daily reversal levels for next monday. buy signal for $gbx. bullish divergence for $sanm. bearish divergence for $rok. more stocks: https://www.reversallevels.com/2020/07/rl-for-july-11.html $spy $gld,2020-07-11 07:18:21,-69,"['sanm', 'gbx', 'gld', 'rok', 'spy']"
224985122,sanmina (nasdaq:sanm) upgraded by zacks investment research to &quot;hold&quot; $sanm #sanm https://www.marketbeat.com/n/4393028/,2020-07-02 17:03:50,-69,['sanm']
221691605,sanmina $sanm bidaskscore is lowered to stronglysold https://bidaskclub.com/news/company-news/company-news-company-news/2020/06/sanmina-sci-corporation-sanm-bidaskscore-is-lowered-to-strongly-sold/,2020-06-21 19:46:05,-69,['sanm']
221574213,sanmina downgraded by bidaskclub to strong sell. https://www.marketbeat.com/r/1432779 $sanm,2020-06-20 11:47:14,-69,['sanm']
221296929,"are the daytraders watching this? $sanm in uptrend: price may ascend as a result of having broken its lower bollinger band on june 11, 2020. view odds for this and other indicators: https://srnk.us/go/1756630",2020-06-19 12:23:09,-69,['sanm']
220294662,$sanm sanm gang!!! https://amzn.to/3cw8hoj,2020-06-16 12:21:15,1,['sanm']
220184693,$sanm - next fiscal quarter end is on 30th of june 2020. semi deviation is down to 5.52 as… https://www.macroaxis.com/invest/technicalindicator/sanm/semi-deviation,2020-06-15 21:41:35,-69,['sanm']
216632207,"compared to an average industry pe ratio of 20.72, $sanm is valued rather cheaply. https://www.chartmill.com/stock/quote/sanm/fundamental-analysis?key=002da72b-1dbf-4dd7-aba6-a9d9c79dfcff&amp;utm_source=stocktwits&amp;utm_medium=fa&amp;utm_content=sanm&amp;utm_campaign=social_tracking",2020-06-03 03:35:00,-69,['sanm']
215912954,&lt;br/&gt; http://www.conferencecalltranscripts.org/no/summary/?id=7965975 $sanm,2020-05-29 20:21:54,-69,['sanm']
215908785,"$sanm [15s. delayed] filed form sd on may 29, 16:08:25 https://s.flashalert.me/v5e5l",2020-05-29 20:09:35,-69,['sanm']
215530316,have you seen this? $sanm macd histogram just turned positive. view odds of uptrend. https://srnk.us/go/1668266,2020-05-28 15:59:27,1,['sanm']
215151945,sanmina $sanm bidaskscore is #reiterated to sold https://bidaskclub.com/news/company-news/company-news-company-news/2020/05/sanmina-sci-corporation-sanm-bidaskscore-is-reiterated-to-sold/,2020-05-27 05:34:05,-69,['sanm']
214653286,"sanmina svp brent billinger sells $25,216.70 in $sanm https://www.marketbeat.com/i/390765",2020-05-22 23:29:54,-69,['sanm']
214614864,"$sanm: new sec filing on executive chairman, jure sola: https://www.sec.gov/archives/edgar/data/897723/000110465920065327/xslf345x03/a4.xml",2020-05-22 20:07:01,-69,['sanm']
214613780,"sanmina-sci corporation&#39;s executive chairman just disposed of 61,094 shares  http://www.conferencecalltranscripts.org/4/summary/?id=7935307 $sanm",2020-05-22 20:04:09,-69,['sanm']
214613610,sanmina-sci corporation&#39;s svp &amp; corp controller just disposed of 922 shares  http://www.conferencecalltranscripts.org/4/summary/?id=7935324 $sanm,2020-05-22 20:03:41,-69,['sanm']
214612898,"$sanm [15s. delayed] filed sec form 4: svp &amp; corp controller billinger brent: 
disposed 922 of common stock at price $27.35 on 2020-05-20, https://s.flashalert.me/bihvs",2020-05-22 20:01:48,-69,['sanm']
214612834,"$sanm [15s. delayed] filed sec form 4: executive chairman sola jure: 
disposed 61,094 of common stock at price $27.27 on 2020-05-21, decre https://s.flashalert.me/osf4w",2020-05-22 20:01:40,-69,['sanm']
214612683,"$sanm $1,666,033.38 of shares sold by sola jure (executive chairman), reported in a new form 4 filed with the sec  

https://newsfilter.io/a/b0081142d21973cb5b1bac0a20561b2f",2020-05-22 20:01:20,-69,['sanm']
214152412,sanmina downgraded by valuengine to sell. https://www.marketbeat.com/r/1416973 $sanm,2020-05-21 06:15:42,-69,['sanm']
213768297,sanmina-sci corporation&#39;s svp &amp; corp controller just disposed of 578 shares  http://www.conferencecalltranscripts.org/4/summary/?id=7916394 $sanm,2020-05-19 20:45:20,-69,['sanm']
213756315,"$sanm: new sec filing on svp &amp; corp controller, brent billinger: https://www.sec.gov/archives/edgar/data/897723/000110465920063725/xslf345x03/a4.xml",2020-05-19 20:09:01,-69,['sanm']
213753459,"$sanm [15s. delayed] filed sec form 4: svp &amp; corp controller billinger brent: 
delivered securities 578 of common stock at price $24.92 on https://s.flashalert.me/ftclov",2020-05-19 20:02:13,-69,['sanm']
211871647,"evp of sanmina-sci corporation just disposed of 4,579 shares  http://www.conferencecalltranscripts.org/4/summary2/?id=7868220 $sanm",2020-05-11 21:17:54,-69,['sanm']
211871275,"sanmina-sci corporation director just disposed of 5,974 shares  http://www.conferencecalltranscripts.org/4/summary/?id=7868215 $sanm",2020-05-11 21:16:45,-69,['sanm']
211843891,"$sanm [15s. delayed] filed sec form 4: director goldsberry john: 
disposed 5,974 of common stock at price $28.12 on 2020-05-08, decreased  https://s.flashalert.me/1cfvk",2020-05-11 20:02:05,-69,['sanm']
211843655,"$sanm [15s. delayed] filed sec form 4: evp, global human resources reid alan mcwilliams: 
disposed 4,579 of common stock at price $26.93 o https://s.flashalert.me/rj2adp",2020-05-11 20:01:35,-69,['sanm']
211843474,"$sanm $123,312.47 of shares sold by reid alan mcwilliams (evp, global human resources), reported in a new form 4 filed with the sec  

https://newsfilter.io/a/be52c74da00a8cb93c19abaac82c2ca3",2020-05-11 20:01:11,-69,['sanm']
210443945,"$sanm sanmina achieves medical device single audit program certification at facilities in malaysia, singapore and sweden 

https://newsfilter.io/a/96fded23949174bfc507cc3d4e3600ae",2020-05-05 12:30:34,-69,['sanm']
210320027,$fn prints tonight. optical has been a bright spot from $nptn $sanm we know datacenter has been red hot.,2020-05-04 19:29:57,1,"['sanm', 'fn', 'nptn']"
209993687,"quality undervalued stocks like $sanm showing up in our fundamental piotroski f-score screen. https://www.chartmill.com/stock/stock-screener?sid=227&amp;f=sl_pio_7_x,v1_50b200,sl_pb_x_2,sl_val_6_x,exch_us&amp;v=14&amp;type=candles&amp;o1=3&amp;op1=200,16711680&amp;timeframe=daily&amp;months=0&amp;o2=3&amp;op2=50,255&amp;width=720&amp;o3=1&amp;ia3=on&amp;cl=f&amp;nw=on&amp;utm_source=stocktwits&amp;utm_medium=screener&amp;utm_content=stock_screener:_high_piotroski_f-score_and_good_valuation&amp;utm_campaign=social_tracking",2020-05-01 22:05:00,-69,['sanm']
209361646,securities to be offered to employees in employee benefit plans http://www.conferencecalltranscripts.org/no/summary/?id=7811100 $sanm,2020-04-29 19:07:57,-69,['sanm']
209360851,"$sanm filed form s-8 on april 29, 15:05:20 https://s.flashalert.me/zqkvn",2020-04-29 19:05:50,-69,['sanm']
209360828,"$sanm form s-8 (securities to be offered to employees in employee benefit plans) filed with the sec 

https://newsfilter.io/a/b070c41936916e7230fdbe4c6537fa37",2020-04-29 19:05:46,-69,['sanm']
209338038,last10k highlighted 41 positive and negative remarks in $sanm&#39;s 10-q filed today. see them in the quarterly report: https://last10k.com/sec-filings/sanm/0000897723-20-000014.htm?utm_source=stocktwits&amp;utm_medium=forum&amp;utm_campaign=sentiment&amp;utm_term=sanm,2020-04-29 18:00:43,-69,['sanm']
209317528,$sanm just filed a 10-q quarterly report with 75 sections and 5 exhibits. access them all or just read their earnings: https://last10k.com/sec-filings/sanm/0000897723-20-000014.htm?utm_source=stocktwits&amp;utm_medium=forum&amp;utm_campaign=10kq2040f&amp;utm_term=sanm,2020-04-29 17:06:09,-69,['sanm']
209316720,sanmina-sci corporation just filed its quarterly report: earnings per share b... http://www.conferencecalltranscripts.org/q/summary2/?id=7810486 $sanm,2020-04-29 17:04:06,-69,['sanm']
209315321,"$sanm filed form 10-q on april 29, 12:59:25 https://s.flashalert.me/f9vpem",2020-04-29 17:00:32,-69,['sanm']
209315270,"$sanm form 10-q (quarterly report [sections 13 or 15(d)]) filed with the sec 

https://newsfilter.io/a/f0241179fbb06b7a9d9889ec0927c433",2020-04-29 17:00:25,-69,['sanm']
209300615,"compared to an average enterprise value to ebitda ratio of 12.98, $sanm is valued rather cheaply. https://www.chartmill.com/stock/quote/sanm/fundamental-analysis?key=002da72b-1dbf-4dd7-aba6-a9d9c79dfcff&amp;utm_source=stocktwits&amp;utm_medium=fa&amp;utm_content=sanm&amp;utm_campaign=social_tracking",2020-04-29 16:19:03,-69,['sanm']
209298290,$sanm citigroup maintains to neutral : pt $30.00 https://stockhoot.com/extsymbol.aspx?from=analystratingtweet&amp;symbol=sanm&amp;t=217&amp;social=stocktwits,2020-04-29 16:12:42,-69,['sanm']
209066619,$sanm cfra maintains to hold : pt $30.00 https://stockhoot.com/extsymbol.aspx?from=analystratingtweet&amp;symbol=sanm&amp;t=739&amp;social=stocktwits,2020-04-28 18:17:12,-69,['sanm']
208961657,"$sanm (+0.2% pre) sanmina stock declines on earnings miss, outlook - reuters

http://ooc.bz/l/52206",2020-04-28 12:31:43,-69,['sanm']
208938186,"10 stocks to watch for april 28, 2020  $pfe $googl $sanm $ups $cat 

https://newsfilter.io/a/798ddce76ea83eb9b4550a313eded059",2020-04-28 08:16:04,-69,"['sanm', 'cat', 'pfe', 'ups', 'googl']"
208908831,sanmina corp updates q3 guidance to $0.30-$0.40 eps &amp; revenue guidance to $1.50-$1.60 billion.  https://www.marketbeat.com/g/48576 $sanm,2020-04-28 01:02:54,-69,['sanm']
208908778,sanmina announces earnings. $0.32 eps. misses estimates. $2.59b revenue.  https://www.marketbeat.com/s/454254 $sanm,2020-04-28 01:02:32,-69,['sanm']
208874768,"after market losers: $sanm, $spyv and $nbr https://www.chartmill.com/stock/stock-screener?v=5&amp;f=s_aml,p_pg10,v1_50b500,exch_us&amp;utm_source=stocktwits&amp;utm_medium=screener&amp;utm_content=stock_screener:_after_market_losers&amp;utm_campaign=social_tracking",2020-04-27 21:38:00,-69,"['sanm', 'nbr', 'spyv']"
208862781,sanmina-sci: balance sheet and cash flow  http://www.conferencecalltranscripts.org/8/summary2/?id=7794516 $sanm,2020-04-27 20:49:11,-69,['sanm']
208857068,"$sanm new article : sanmina stock declines on earnings miss, outlook https://dashboard.stck.pro/news.php?ticker=sanm&amp;rowid=4409192 get all the latest $sanm related news here : https://dashboard.stck.pro/news.php?ticker=sanm",2020-04-27 20:29:30,-69,['sanm']
208855145,$sanm new article : sanmina -6% as coronavirus sinks q2 results https://dashboard.stck.pro/news.php?ticker=sanm&amp;rowid=4409128 get all the latest $sanm related news here : https://dashboard.stck.pro/news.php?ticker=sanm,2020-04-27 20:22:48,-69,['sanm']
208854394,"$sanm misses the estimize eps consensus by 30c and the estimize revenue consensus by $72.58m. reports fq2 earnings of 32c eps and $1.59...
http://www.estimize.com/sanm/fq2-2020?utm_content=beat_or_miss&amp;utm_medium=tweet&amp;utm_source=stocktwits",2020-04-27 20:20:35,-69,['sanm']
208853657,"$sanm: issued press release on april 27, 16:02:00: sanmina reports second quarter financial results https://s.flashalert.me/lyrb8",2020-04-27 20:18:15,-69,['sanm']
208853149,"$sanm sanmina -6% as coronavirus sinks q2 results 

https://newsfilter.io/a/d170b00cdd6d80918c72e4f1cf89d2ad",2020-04-27 20:16:50,-69,['sanm']
208853092,$sanm just filed a earnings release and a financial exhibit https://last10k.com/sec-filings/sanm/0001104659-20-051601.htm?utm_source=stocktwits&amp;utm_medium=forum&amp;utm_campaign=8k&amp;utm_term=sanm,2020-04-27 20:16:44,-69,['sanm']
208851710,"$sanm filed form 8-k on april 27, 16:11:28 https://s.flashalert.me/pibv4j",2020-04-27 20:12:19,-69,['sanm']
208851661,"$sanm form 8-k: results of operations and financial condition on april 27, 2020, sanmina issued the press release attached as exhibit 99.1 announcing unaudited financial results for its fiscal quarter.. 

https://newsfilter.io/a/e3047c870283399557ef80214f65982f",2020-04-27 20:12:09,-69,['sanm']
208850338,"$sanm new article : sanmina eps misses by $0.27, misses on revenue https://dashboard.stck.pro/news.php?ticker=sanm&amp;rowid=4409024 get all the latest $sanm related news here : https://dashboard.stck.pro/news.php?ticker=sanm",2020-04-27 20:08:13,-69,['sanm']
208849558,"$sanm reported earnings of $0.32, consensus was $0.42 via @ewhispers #epsmiss http://eps.sh/d/sanm",2020-04-27 20:06:04,-69,['sanm']
208849473,"$sanm sanmina eps misses by $0.27, misses on revenue 

https://newsfilter.io/a/401d38c5369f6b2d5b77d7a368adce03",2020-04-27 20:05:50,-69,['sanm']
208848231,"$sanm sanmina reports second quarter financial results 

https://newsfilter.io/a/6ac9144d4f37b5799c90c855e5f1f75c",2020-04-27 20:02:32,-69,['sanm']
208822969,"$sanm earnings call today: 5:00 pm est 
analyst rating: hold 
webcast: http://mmm.wallstreethorizon.com/u.asp?u=319429",2020-04-27 18:46:27,-69,['sanm']
208759741,$sanm is scheduled to report #earnings after the market closes today via @ewhispers http://eps.sh/s/sanm,2020-04-27 15:04:46,-69,['sanm']
208758354,"$sanm reports after the close, estimize consensus +0.06 eps and +38m revs compared to ws
http://www.estimize.com/sanm/fq2-2020?utm_content=prerelease&amp;utm_medium=tweet&amp;utm_source=stocktwits",2020-04-27 15:00:40,-69,['sanm']
208641021,$sanm new article : sanmina q1 2020 earnings preview https://dashboard.stck.pro/news.php?ticker=sanm&amp;rowid=4397838 get all the latest $sanm related news here : https://dashboard.stck.pro/news.php?ticker=sanm,2020-04-26 21:42:20,-69,['sanm']
208640847,"sanmina corp to report earnings on april 27, 2020. earnings per share (eps) estimate: $0.62 $sanm https://srnk.us/go/1530639",2020-04-26 21:40:08,-69,['sanm']
208595429,sanmina to release earnings after the market closes on monday. analysts expect 0.42 eps.  $sanm https://www.marketbeat.com/p/454254,2020-04-26 05:03:48,-69,['sanm']
208534928,daily reversal levels for next monday. bullish divergence for oil. buy signals for $sanm and $tlry. bullish divergence for $gbx. more stocks: https://www.reversallevels.com/2020/04/rl-for-apr-27.html $spy $gld,2020-04-25 08:14:41,-69,"['sanm', 'gbx', 'gld', 'spy', 'tlry']"
207732727,$sanm: sanmina corporation invites you to join its second quarter fiscal 2020 earnings conference call https://www.chartmill.com/stock/quote/sanm/news?utm_source=stocktwits&amp;utm_medium=pressrelease&amp;utm_content=sanm&amp;utm_campaign=social_tracking,2020-04-21 22:01:00,-69,['sanm']
207732507,"$sanm: issued press release on april 21, 17:55:00: sanmina corporation invites you to join its second quarter fiscal 2020 earnings confere https://s.flashalert.me/qbbwk",2020-04-21 21:59:55,-69,['sanm']
207731642,"$sanm sanmina invites you to join its second quarter fiscal 2020 earnings conference call 

https://newsfilter.io/a/f926d342c06ae7d589b8cc2425e9dcac",2020-04-21 21:55:31,-69,['sanm']
206989285,sanmina $sanm bidaskscore is lowered to sold https://bidaskclub.com/news/company-news/company-news-company-news/2020/04/sanmina-sci-corporation-sanm-bidaskscore-is-lowered-to-sold/,2020-04-17 15:29:06,-69,['sanm']
205732451,$sanm earnest partners llc has filed form sc 13g/a with sec. reporting 5.8% ownership.,2020-04-10 17:20:02,-69,['sanm']
205732033,how will this affect the market? $sanm price moved above its 50-day moving average. view odds of uptrend. https://srnk.us/go/1469121,2020-04-10 17:14:33,1,['sanm']
205731719,"earnest partners, llc just provided an update on share ownership of sanmina-sci corporation http://www.conferencecalltranscripts.org/13g/summary2/?id=7731134 $sanm",2020-04-10 17:10:34,-69,['sanm']
205731584,"$sanm filed form sc 13g/a on april 10, 13:08:16 https://s.flashalert.me/v1jgin",2020-04-10 17:09:00,-69,['sanm']
205731571,"$sanm form sc 13g/a (statement of acquisition of beneficial ownership by individuals) filed with the sec 

https://newsfilter.io/a/a82c853b8fa448e1da2f4a2a5828de38",2020-04-10 17:08:54,-69,['sanm']
204146810,bearish divergence for gold. sell signals for $ntla $sanm and $shop = failed rallies. ongoing speculative buy signal for oil. more stocks: https://www.reversallevels.com/2020/04/rl-for-apr-2.html $spy $gld,2020-04-02 06:08:25,-69,"['sanm', 'gld', 'spy', 'shop', 'ntla']"
