id,body,created_at,sentiment,symbols
254935059,"$msi gregory q brown sold 27,890 shares [high conviction] www.insider-analysis.com/search_transactions.php?ticker=table_msi",2020-11-06 19:39:25,-69,['msi']
254926658,2020-11-06 19:07:19+00:00 $msi    moving,2020-11-06 19:07:19,-69,['msi']
254841417,"is this good for your portfolio? $msi enters a downtrend because momentum indicator dropped below the 0 level on october 28, 2020. view odds for this and other indicators: https://srnk.us/go/2288152",2020-11-06 14:33:33,-69,['msi']
254802090,"$msi daniel g pekofske sold 2,694 shares [low conviction] www.insider-analysis.com/search_transactions.php?ticker=table_msi",2020-11-06 10:42:20,-69,['msi']
254790066,"$msi mark s. hacker sold 60,160 shares [very high conviction] www.insider-analysis.com/search_transactions.php?ticker=table_msi",2020-11-06 06:23:21,-69,['msi']
254788312,motorolasolutions $msi bidaskscore is downgraded to held https://bidaskclub.com/news/company/2020-11-05/msi,2020-11-06 05:58:04,-69,['msi']
254704790,"motorola solutions&#39;s chairman and ceo just cashed-in 32,590 options  http://www.conferencecalltranscripts.org/4/summary/?id=8523152 $msi",2020-11-05 21:33:25,-69,['msi']
254697407,"$msi $3,500,583.63 of shares sold by brown gregory q (chairman and ceo), reported in a new form 4 filed with the sec  https://newsfilter.io/a/5f6eb639a574db570a0ed233a33ebd93",2020-11-05 21:16:24,-69,['msi']
254695107,"$msi [15s. delayed] filed sec form 4: chairman and ceo brown gregory q: 
disposed 32,590 of motorola solutions at average price $140.81 an https://s.flashalert.me/z1zqx",2020-11-05 21:11:53,-69,['msi']
254645097,"$msi gregory q brown sold 120,000 shares [very high conviction] www.insider-analysis.com/search_transactions.php?ticker=table_msi",2020-11-05 18:27:00,-69,['msi']
254573589,$msi fu insider sellers...you are sending a clear message to shareholders,2020-11-05 14:34:35,-69,['msi']
254553430,$msi max pain=165.00. maturity=11/20/2020. #maxpain #options http://maximum-pain.com/options/msi?m=11%2f20%2f2020,2020-11-05 13:11:32,-69,['msi']
254514264,$msi new insider selling: 120000 shares. http://insiderbuyingselling.com/?t=msi,2020-11-05 04:18:36,-69,['msi']
254509977,"motorola solutions ceo gregory q. brown sells $10,014,000.00 in $msi https://www.marketbeat.com/i/414538",2020-11-05 03:32:42,-69,['msi']
254497382,"motorola solutions&#39;s chairman and ceo just cashed-in 120,000 options  http://www.conferencecalltranscripts.org/4/summary/?id=8519898 $msi",2020-11-05 01:38:37,-69,['msi']
254495283,"$msi [15s. delayed] filed sec form 4: chairman and ceo brown gregory q: 
disposed 120,000 of motorola solutions at average price $164.98 a https://s.flashalert.me/pnuzw7",2020-11-05 01:22:07,-69,['msi']
254495239,"$msi $15,114,995.25 of shares sold by brown gregory q (chairman and ceo), reported in a new form 4 filed with the sec  

https://newsfilter.io/a/3b9cf0cdd15e2516cb704f87c989ec32",2020-11-05 01:21:48,-69,['msi']
254478729,"$msi: new sec filing on cvp and cao, daniel g pekofske: https://www.sec.gov/archives/edgar/data/68505/000175124020000007/xslf345x03/edgar.xml",2020-11-04 23:27:02,-69,['msi']
254464927,"motorola solutions&#39;s cvp and cao just disposed of 1,007 shares  http://www.conferencecalltranscripts.org/4/summary2/?id=8518700 $msi",2020-11-04 22:12:40,-69,['msi']
254464737,"evp of motorola solutions just cashed-in 60,160 options  http://www.conferencecalltranscripts.org/4/summary2/?id=8518688 $msi",2020-11-04 22:11:57,-69,['msi']
254464612,"$msi $284,708.14 of shares sold by pekofske daniel g (cvp and cao), reported in a new form 4 filed with the sec  https://newsfilter.io/a/a692899c970b749c359e1671e2c6999f",2020-11-04 22:11:19,-69,['msi']
254463594,"$msi [15s. delayed] filed sec form 4: cvp and cao pekofske daniel g: 
disposed 2,694 of motorola solutions at average price $163.37 and co https://s.flashalert.me/lj6050",2020-11-04 22:06:43,-69,['msi']
254463068,"$msi [15s. delayed] filed sec form 4: evp, gc &amp; chief admin officer hacker mark s.: 
disposed 60,160 of motorola solutions at price $162 a https://s.flashalert.me/nearvn",2020-11-04 22:04:44,-69,['msi']
254462960,"$msi $4,850,700.80 of shares sold by hacker mark s. (evp, gc &amp; chief admin officer), reported in a new form 4 filed with the sec  

https://newsfilter.io/a/05f288864046ba5b38342055d0885b7c",2020-11-04 22:04:23,-69,['msi']
254323183,"$msi i just got a notification from fidelity for an oddlot offer - i only have 17 shares... but it&#39;s not clear to me if this is voluntary or forced?  it says voluntary, but gives a single option:  to sell, at market rate, but $10 per share &quot;effort&quot; taken off (max $100).  why the hell would you do that if you can just sell directly for free?!  anyone have a detailed take on it?  must i take the oddlot offer?",2020-11-04 12:58:08,-69,['msi']
254310252,"$msi er on 11/4 before open. sp were up 27 times out of last 44 qtrs (61%) in er. $msi credit suisse maintains to outperform : pt $181.00. anybody buying/selling in earnings? 
 
https://stocksearning.com/stocks/msi/earnings-date 
#msi #motorolasolutionsinc #stockmarket #stocktwits #stocksearning",2020-11-04 10:36:18,-69,['msi']
253936185,"feasible portfolio: motorola solutions($msi),… https://www.macroaxis.com/invest/marketriskandreturn?s=msi,fdx,sigi,ter,mmm,f,ua,hrl,isbc,mcd,ibkr,swn #insidertrading #stocks #fintechnews",2020-11-02 17:37:02,-69,['msi']
253867491,$msi morneau shepell expands telemedicine solution to the united states https://www.otcdynamics.com/msi-morneau-shepell-expands-telemedicine-solution-to-the-united-states,2020-11-02 13:10:38,-69,['msi']
253732083,"very bullish portfolio: motorola solutions($msi),… https://www.macroaxis.com/invest/marketriskandreturn?s=msi,ntrs,googl,payx,pll,dell,tjx,fsrv,acn,flr,banf #insidertrading #stocks #fintechnews",2020-10-31 17:35:01,-69,['msi']
253714608,motorolasolutions $msi bidaskscore is lowered to bought https://bidaskclub.com/news/company/2020-10-30/msi,2020-10-31 12:41:04,-69,['msi']
253562706,$msi - next earnings report is on 4th of february 2021. motorola solutions money flow index momentum detected…,2020-10-30 15:32:03,-69,['msi']
253527100,$msi new article : public safety agencies invest in motorola solutions&#39; software suite to help save seconds and save lives https://www.stck.pro/news/msi/8841192,2020-10-30 14:09:06,-69,['msi']
253524509,"$msi [15s. delayed]: issued press release on october 30, 10:00:00: public safety agencies invest in motorola solutions’ software suite to  https://s.flashalert.me/dkxsqj",2020-10-30 14:02:51,-69,['msi']
253524110,public safety agencies invest in motorola solutions’ software suite to help save seconds and save lives http://www.conferencecalltranscripts.org/summary/?id=83005&amp;pr=true $msi,2020-10-30 14:02:01,-69,['msi']
253523862,"$msi public safety agencies invest in motorola solutions’ software suite to help save seconds and save lives
https://www.stocktitan.net/news/msi/public-safety-agencies-invest-in-motorola-solutions-software-suite-mblmqyxc58z9.html",2020-10-30 14:01:29,-69,['msi']
253523426,"$msi public safety agencies invest in motorola solutions’ software suite to help save seconds and save lives 

https://newsfilter.io/a/2bd194fa77172d358be380e72f7d56dd",2020-10-30 14:00:34,-69,['msi']
253497030,$msi credit suisse maintains to outperform : pt $181.00 https://stockhoot.com/extsymbol.aspx?from=analystratingtweet&amp;symbol=msi&amp;t=852&amp;social=stocktwits,2020-10-30 12:29:17,-69,['msi']
253491845,last10k highlighted 51 positive and negative remarks in $msi&#39;s 10-q filed today. see them in the quarterly report: https://last10k.com/sec-filings/msi/0000068505-20-000028.htm?utm_source=stocktwits&amp;utm_medium=forum&amp;utm_campaign=sentiment&amp;utm_term=msi,2020-10-30 12:03:02,-69,['msi']
253483475,motorola solutions just filed its quarterly report: the computation of b... http://www.conferencecalltranscripts.org/q/summary2/?id=8497066 $msi,2020-10-30 11:02:35,-69,['msi']
253479184,$msi just filed a 10-q quarterly report with 91 sections and 5 exhibits. access them all or just read their earnings: https://last10k.com/sec-filings/msi/0000068505-20-000028.htm?utm_source=stocktwits&amp;utm_medium=forum&amp;utm_campaign=10kq2040f&amp;utm_term=msi,2020-10-30 10:12:59,-69,['msi']
253479079,"$msi form 10-q (quarterly report [sections 13 or 15(d)]) filed with the sec 

https://newsfilter.io/a/a911bb9948efdf3c158fc93ef00994ee",2020-10-30 10:11:41,-69,['msi']
253439092,$msi updates q4 guidance to $2.71-2.76 eps and revenue guidance to $2.23-2.25 billion. https://www.marketbeat.com/g/52460,2020-10-30 01:03:34,-69,['msi']
253420620,$msi updates fy 2020after-hours guidance to 7.52-7.58 eps and revenue guidance to $7.374345-7.374345 billion. https://www.marketbeat.com/g/,2020-10-29 23:13:14,-69,['msi']
253420616,$msi updates q4 2020after-hours guidance to 2.71-2.76 eps and revenue guidance to $2.23438-2.246265 billion. https://www.marketbeat.com/g/5,2020-10-29 23:13:13,-69,['msi']
253401104,$msi new article : motorola solutions: q3 earnings insights https://www.stck.pro/news/msi/8829345,2020-10-29 21:44:00,-69,['msi']
253398910,"$msi [15s. delayed]: issued press release on october 29, 16:10:00: motorola solutions reports third-quarter 2020 financial results https://s.flashalert.me/1wjab",2020-10-29 21:35:55,-69,['msi']
253397890,"$msi motorola solutions reports third-quarter 2020 financial results 

https://newsfilter.io/a/0b425a6e1a6091bbd731ca03017ca3ac",2020-10-29 21:32:36,-69,['msi']
253388017,"motorola solutions q3 eps $1.95 beats $1.76 estimate, sales $1.87b beat $1.82b estimate

related tickers: $msi",2020-10-29 21:01:28,-69,['msi']
253382119,"$msi earnings are out!! - get chart, ratings, trade ideas https://stockhoot.com/earningscalendar.aspx?from=afterearningstweet&amp;symbol=msi&amp;t=403&amp;social=stocktwits",2020-10-29 20:45:19,-69,['msi']
253380274,$msi just filed with the sec a earnings release and a financial exhibit https://last10k.com/sec-filings/msi/0000068505-20-000026.htm?utm_source=stocktwits&amp;utm_medium=forum&amp;utm_campaign=8k&amp;utm_term=msi,2020-10-29 20:40:52,-69,['msi']
253378250,motorola solutions reports third-quarter 2020 financial results  http://www.conferencecalltranscripts.org/8/summary2/?id=8492815 $msi,2020-10-29 20:36:24,-69,['msi']
253371591,"$msi [15s. delayed] filed form 8-k on october 29, 16:21:19: item2.02: results of operations &amp; financial condition https://s.flashalert.me/admsc",2020-10-29 20:22:27,-69,['msi']
253371400,"$msi form 8-k: results of operations and financial conditionthe information in this form 8-k that is furnished under “item 2.02. results of operations and financial condition” and exhibit 99.1 attache.. 

https://newsfilter.io/a/55a4d1ca59db2d7230486bf9eb49926a",2020-10-29 20:22:03,-69,['msi']
253369639,"$msi reported earnings of $1.95, consensus was $1.63 via @ewhispers #epsbeat http://eps.sh/d/msi",2020-10-29 20:18:45,-69,['msi']
253368806,"$msi new article : motorola solutions eps beats by $0.17, beats on revenue https://www.stck.pro/news/msi/8827420",2020-10-29 20:17:11,-69,['msi']
253368765,"$msi motorola solutions eps beats by $0.17, beats on revenue 

https://newsfilter.io/a/9da9e676d3a8d7a0fea0d34c3d714ca5",2020-10-29 20:17:08,-69,['msi']
253331109,"$msi earnings call today: 5:00 pm est 
analyst rating: buy 
webcast: http://mmm.wallstreethorizon.com/u.asp?u=348093",2020-10-29 18:29:05,-69,['msi']
253264730,$msi is scheduled to report #earnings after the market closes today via @ewhispers http://eps.sh/s/msi,2020-10-29 15:02:41,-69,['msi']
253264156,"$msi reports after the close, estimize consensus +0.05 eps and +15.63m revs compared to ws
http://www.estimize.com/msi/fq3-2020?utm_content=prerelease&amp;utm_medium=tweet&amp;utm_source=stocktwits",2020-10-29 15:01:14,-69,['msi']
253217592,"$msi #earnings today amc - get chart, ratings, trade ideas  https://stockhoot.com/earningscalendar.aspx?from=individualtweet&amp;symbol=msi&amp;t=503&amp;social=stocktwits",2020-10-29 12:46:05,-69,['msi']
252917652,$msi earnings amc motorola solutions inc on 10/29/2020 see earningscalendar.io  | add to calendar | learn more | #stocks,2020-10-28 07:14:43,-69,['msi']
252891910,$msi earnings amc motorola solutions incon 10/29/2020 see earningscalendar.io  | add to calendar | learn more | #stocks,2020-10-28 01:14:38,-69,['msi']
252699837,"$msi motorola solutions delivers unrivalled versatility for frontline workers
https://www.stocktitan.net/news/msi/motorola-solutions-delivers-unrivalled-versatility-for-frontline-xxf0e1iigsgg.html",2020-10-27 13:06:11,-69,['msi']
252429039,$msi this name continues to work its way higher. closed over the 78.6% fib for the first time since 3/6.  levels to trade:,2020-10-26 00:15:48,1,['msi']
252284512,4-star analyst keith housum from northcoast research maintained a buy on $msi.  https://www.tipranks.com/analysts/keith-housum,2020-10-23 22:42:42,-69,['msi']
252226488,"motorola solutions upgraded to buy from &#39;under review&#39; at mkm partners
— marketwatch
$msi",2020-10-23 18:30:08,-69,['msi']
252180080,$msi morneau can&#39;t stay above his 50 average.,2020-10-23 15:43:17,-69,['msi']
252136827,$msi - http://www.trade-ideas.com/ticky/ticky.html?symbol=msi - everyone is talking about this - currently at 2 x average daily social activity,2020-10-23 13:43:04,-69,['msi']
252136775,"$aaxn i wish i bought $msi  always  watchin it , never pulled the trigger.",2020-10-23 13:42:57,-69,"['aaxn', 'msi']"
252126738,"$stx analyst upgrades and initiations for today...🤑👇💲🍀💰
$siri $msi $carg $msft",2020-10-23 13:08:01,-69,"['msft', 'siri', 'stx', 'msi', 'carg']"
252120399,$msi : mkm partners upgrades from neutral to buy,2020-10-23 12:36:26,-69,['msi']
252117621,"mkm partners upgrades motorola solutions to buy

related tickers: $msi",2020-10-23 12:21:34,-69,['msi']
252115638,"$msi
msi upgraded by mkm partners from $170.00 ➝ $199.00 to neutral ➝ buy
source:https://www.marketbeat.com/ratings/
view the full list of news/momentum plays on watch at : bit.ly/32gfart
[no bias / position]
[find me at https://stocktwits.com/sbiswas | https://twitter.com/soumyajyoti_b]",2020-10-23 12:10:09,-69,['msi']
252000232,$msi morneau shepell releases the results of its performance universe of pension managers&#39; pooled funds https://www.otcdynamics.com/msi-morneau-shepell-releases-the-results-of-its-performance-universe-of-pension-managers-pooled-funds,2020-10-22 20:47:25,-69,['msi']
251391843,"our investment portfolio: motorola solutions($msi),… https://www.macroaxis.com/invest/marketcorrelation?s=msi,cnp,pep,ctas,var,fcnca,glw,eqt,csx #insidertrading #stocks #fintechnews",2020-10-20 17:42:32,-69,['msi']
251203181,$msi morneau shepell announces new appointment to board of directors https://www.otcdynamics.com/msi-morneau-shepell-announces-new-appointment-to-board-of-directors,2020-10-19 20:56:46,-69,['msi']
251022843,"small portfolio: motorola solutions($msi), pinnacle… https://www.macroaxis.com/invest/marketriskandreturn?s=msi,pnw,glw,oi,pch,ua,gnw,spg,crm,altr,bsx,dkng #insidertrading #stocks #fintechnews",2020-10-19 02:52:33,-69,['msi']
251010911,"$msi strong follow through for motorola last week.  tested the 78.6% fib but closed below it.  levels, resistance/support i&#39;m trading:",2020-10-19 00:25:25,-69,['msi']
250906807,"updated ratings for motorola solutions($msi), ready… https://www.macroaxis.com/invest/marketratings?s=msi,rc,mtb,sun,sigi,x,len,emn,cat,c,tif,dov #insidertrading #stocks #fintechnews",2020-10-17 13:43:32,-69,['msi']
250896134,motorolasolutions $msi bidaskscore is upgraded to stronglybought https://bidaskclub.com/news/company/2020-10-16/msi,2020-10-17 06:41:03,-69,['msi']
250888799,"risk-adjusted landscape for motorola solutions($msi),… https://www.macroaxis.com/invest/marketriskandreturn?s=msi,hal,cf,blk,wat,bby,nflx,rf,jnj,wynn,cci,wrld #correlations #stocks #stockratings",2020-10-17 03:27:02,-69,['msi']
250839885,$msi morneau shepell&#39;s clients selected as finalists at 2020 workplace benefits awards https://www.otcdynamics.com/msi-morneau-shepells-clients-selected-as-finalists-at-2020-workplace-benefits-awards,2020-10-16 20:29:29,-69,['msi']
250588690,$msi motorola solutions to issue third-quarter 2020 earnings results on oct. 29 https://www.otcdynamics.com/msi-motorola-solutions-to-issue-third-quarter-2020-earnings-results-on-oct-29,2020-10-15 20:49:07,-69,['msi']
250584716,$msi new article : motorola solutions to issue third-quarter 2020 earnings results on oct. 29 https://www.stck.pro/news/msi/8497034,2020-10-15 20:28:35,-69,['msi']
250582211,motorola solutions to issue third-quarter 2020 earnings results on oct. 29 http://www.conferencecalltranscripts.org/summary/?id=71263&amp;pr=true $msi,2020-10-15 20:19:39,-69,['msi']
250582069,"$msi motorola solutions to issue third-quarter 2020 earnings results on oct. 29
https://www.stocktitan.net/news/msi/motorola-solutions-to-issue-third-quarter-2020-earnings-results-on-3qlmbcga667r.html

#earnings",2020-10-15 20:19:16,-69,['msi']
250581932,"$msi [15s. delayed]: issued press release on october 15, 16:15:00: motorola solutions to issue third-quarter 2020 earnings results on oct. https://s.flashalert.me/wmzms",2020-10-15 20:18:47,-69,['msi']
250573593,"$msi one of the only few greens in a sea of blood.

$qqq $spy",2020-10-15 19:53:55,-69,"['spy', 'msi', 'qqq']"
250520730,news out $msi communities thrive when they are safe: motorola solutions brings fully integrated software suite to the cloud to streamline operations for public safety agencies and expedite response times to citizens https://marketwirenews.com/news-releases/communities-thrive-when-they-are-safe-motorola-solut-8119271088200772.html?i=c,2020-10-15 17:04:02,-69,['msi']
250481120,"$swir $msi is up 2.5%
&quot;communities thrive when they are safe: motorola solutions brings fully integrated software suite to the cloud to streamline operations for public safety agencies and expedite response times to citizens&quot; 
https://www.valdostadailytimes.com/news/business/communities-thrive-when-they-are-safe-motorola-solutions-brings-fully-integrated-software-suite-to-the/article_b2331e09-dd9a-54b9-898d-894ebf13e225.html   

friendly reminder from3/19...
&quot;motorola solutions, sierra wireless team to deliver integrated in-vehicle lte broadband solutions&quot;
https://urgentcomm.com/2019/03/04/motorola-solutions-sierra-wireless-team-to-deliver-integrated-in-vehicle-lte-broadband-solutions/

“with this agreement, the sierra wireless gateways and routers will become an integral part of the solutions that motorola builds.”

motorola solutions and sierra wireless plan to develop new solutions, but those areas are not being revealed at this time, according to mueller.

“this is all based on commercially available technologies, both from sierra wireless and motorola solutions,” mueller said. “this is an announcement about the formalization of the relationship. we will be developing additional features over time.”",2020-10-15 15:02:17,1,"['swir', 'msi']"
250453431,"$msi still working and kicking higher today. i am still long from the breakout level i pointed out (link below)
https://twitter.com/taplot/status/1313927939055001600",2020-10-15 13:52:50,1,['msi']
250443745,$msi new article : communities thrive when they are safe: motorola solutions brings fully integrated software suite to the cloud to streamline operations for public safety agencies and expedite response times to citizens https://www.stck.pro/news/msi/8489376,2020-10-15 13:31:13,-69,['msi']
250442309,$msi communities thrive when they are safe: motorola solutions brings fully integrated software suite to the cloud to streamline operations for public safety agencies and expedite response times to citizen https://www.otcdynamics.com/msi-communities-thrive-when-they-are-safe-motorola-solutions-brings-fully-integrated-software-suite-to-the-cloud-to-streamline-operations-for-public-safety-agencies-and-expedite-response-tim,2020-10-15 13:27:09,-69,['msi']
250440926,communities thrive when they are safe: motorola solutions brings fully integrated software suite to the cloud to streamline operations for public safety agencies and expedite response times to citizens http://www.conferencecalltranscripts.org/summary/?id=70818&amp;pr=true $msi,2020-10-15 13:23:01,-69,['msi']
250440463,"$msi [15s. delayed]: issued press release on october 15, 09:18:00: communities thrive when they are safe: motorola solutions brings fully  https://s.flashalert.me/dn3uvz",2020-10-15 13:21:34,-69,['msi']
250440420,"$msi communities thrive when they are safe: motorola solutions brings fully integrated software suite to the cloud to streamline operations for public safety agencies and expedite response times to citizens
https://www.stocktitan.net/news/msi/communities-thrive-when-they-are-safe-motorola-solutions-brings-c0rw3u3a84ri.html",2020-10-15 13:21:28,-69,['msi']
250396527,"$msi john p molloy sold 11,975 shares [average conviction] www.insider-analysis.com/search_transactions.php?ticker=table_msi",2020-10-15 07:35:38,-69,['msi']
250353295,$msi - upcoming quarterly report is on 4th of november 2020. stable average true range shift https://www.macroaxis.com/invest/volatility-indicators/average-true-range/msi,2020-10-14 23:31:35,-69,['msi']
250257493,$msi dip presented me with a new opportunity.,2020-10-14 17:21:33,1,['msi']
250144565,$msi one third of american employees are less motivated at work than before the pandemic https://www.otcdynamics.com/msi-one-third-of-american-employees-are-less-motivated-at-work-than-before-the-pandemic,2020-10-14 10:19:02,-69,['msi']
250144522,$msi almost 4 in 10 employees are less motivated at work since the pandemic https://www.otcdynamics.com/msi-almost-4-in-10-employees-are-less-motivated-at-work-since-the-pandemic,2020-10-14 10:18:26,-69,['msi']
250082575,"$msi: new sec filing on evp, products &amp; sales, john p molloy: https://www.sec.gov/archives/edgar/data/68505/000165659220000007/xslf345x03/edgar.xml",2020-10-13 22:28:01,-69,['msi']
250052162,"evp of motorola solutions just cashed-in 11,975 options  http://www.conferencecalltranscripts.org/4/summary/?id=8440719 $msi",2020-10-13 20:29:16,-69,['msi']
250051934,"$msi [15s. delayed] filed sec form 4: evp, products &amp; sales molloy john p: 
disposed 11,975 of motorola solutions at price $165 and conver https://s.flashalert.me/ssywe",2020-10-13 20:28:31,-69,['msi']
250038734,"moc
$msi -46m sell
$shw -38m sell
$info -36m sell
$cl -35m sell
$dis -35m sell",2020-10-13 19:54:29,-69,"['info', 'cl', 'dis', 'shw', 'msi']"
249638166,"new correlation matrix for motorola solutions($msi),… https://www.macroaxis.com/invest/marketcorrelation?s=msi,tif,bax,tcbi,avb,altr,pico #insidertrading #stocks #fintechnews",2020-10-12 11:36:02,-69,['msi']
249603316,$msi - upcoming quarterly report is on 4th of november 2020. ta alert: price may reverse… https://www.macroaxis.com/invest/overlap-studies/midpoint-price-over-period/msi,2020-10-12 01:04:34,-69,['msi']
249596379,"updated ratings for motorola solutions($msi), discover… https://www.macroaxis.com/invest/marketratings?s=msi,dfs,mchp,pwr,ctxs,len,jnpr,novn,low,emr,tcs,gold #correlations #stocks #stockratings",2020-10-11 23:39:33,-69,['msi']
249575332,"$msi new position for me on friday after spotting really unusual option activity (see prior post).  clearly breaking out.  levels, supports/resistance i&#39;m trading:",2020-10-11 18:44:44,1,['msi']
249565101,$msi - upcoming quarterly report is on 4th of november 2020. stable overlap event triggered for motorola solutions:…,2020-10-11 16:17:04,-69,['msi']
249546213,"$msi, $xlnx and $amzn are the top gainers in the s&amp;p500 for the day. https://www.chartmill.com/stock/stock-screener?v=3&amp;f=ind_22&amp;s=pt&amp;utm_source=stocktwits&amp;utm_medium=screener&amp;utm_content=stock_screener:_top_s&amp;p500_gainers&amp;utm_campaign=social_tracking",2020-10-11 06:18:00,-69,"['amzn', 'xlnx', 'msi']"
249540301,$wkhs $dkng $play  $msi dark pool alerts on unusual option orders,2020-10-11 03:16:06,1,"['msi', 'play', 'wkhs', 'dkng']"
249508424,"$msi option volume was 13x normal on friday with 6,649 contracts. call volume was 95% and put volume was 5%. http://tinyurl.com/y3u4242r",2020-10-10 18:12:26,-69,['msi']
249492348,$msi high oi range is 125.00 to 165.00 for option expiration 10/16/2020 putcallratio=1.53 #maxpain #options http://maximum-pain.com/options/msi?m=10%2f16%2f2020,2020-10-10 13:58:13,-69,['msi']
249478089,#goldencross $msi at 166.78 r8  hilo 69% t1y 166 buy pe 34.7 div 1.57% #motorola s #stocks #trading #finance #market https://bit.ly/2sjjwzg,2020-10-10 05:00:47,1,['msi']
249426281,smart money out of nowhere buying $msi with half of the premium being flagged as unusual options activity according to insiderfinance.io,2020-10-09 20:57:14,-69,['msi']
249413369,"recap 10/9 unusual calls:
$gm nov 35 c
$lbtyk oct23 21 c
$ge jan 10 c
$rkt oct23 24 c
$msi oct 170 c

live breaking trading news
www.openoutcrier.com",2020-10-09 20:05:58,-69,"['lbtyk', 'ge', 'rkt', 'gm', 'msi']"
249404433,"$msi interesting option hit the tape.  10/16 180c 1,238x.  opening trade above ask.  long",2020-10-09 19:41:18,1,['msi']
249304168,"$msi there it goes. beautiful breakout.
i alerted to the breakout while it was taking place here https://stocktwits.com/taplot/message/248841394",2020-10-09 14:46:41,1,['msi']
248952556,possible runner signal alert: $msi. more insights: https://stockinvest.us/technical-analysis/msi?utm_source=stocktwits&amp;utm_medium=autopost,2020-10-08 08:36:10,1,['msi']
248861596,$msi morneau shepell launches unified telemedicine solution to enhance canadians&#39; total wellbeing https://www.otcdynamics.com/msi-morneau-shepell-launches-unified-telemedicine-solution-to-enhance-canadians-total-wellbeing,2020-10-07 20:42:50,-69,['msi']
248841394,$msi $msi breaking out of critical resistance level. $159 been a ceiling for msi that is getting breached today.  could,2020-10-07 19:43:28,1,['msi']
248821360,$msi finally,2020-10-07 18:47:11,-69,['msi']
248816032,$msi #breakout underway,2020-10-07 18:31:41,1,['msi']
248811056,4 #swingtrade ideas $aapl $msi $crmd $nvax ... charts with target projection &gt;&gt; https://www.traderhr.com/trade-ideas-for-wed-oct-7-2020/  #bullish,2020-10-07 18:16:15,1,"['aapl', 'nvax', 'crmd', 'msi']"
248545666,few #tradeideas from my premium #watchlist $bl $msi $avgo $nuan etc...,2020-10-06 19:25:31,-69,"['nuan', 'avgo', 'msi', 'bl']"
248350990,"$msi: new sec filing on evp and cfo, jason j winkler: https://www.sec.gov/archives/edgar/data/68505/000181651120000004/xslf345x03/edgar.xml",2020-10-06 01:54:02,-69,['msi']
248295955,motorola solutions&#39;s evp and cfo just disposed of 116 shares  http://www.conferencecalltranscripts.org/4/summary2/?id=8419181 $msi,2020-10-05 20:30:39,-69,['msi']
248292833,"$msi [15s. delayed] filed sec form 4: evp and cfo winkler jason j: 
delivered securities 116 of motorola solutions at price $156.79 on 202 https://s.flashalert.me/kdigsu",2020-10-05 20:21:05,-69,['msi']
248125588,"new volatility landscape for motorola solutions($msi),… https://www.macroaxis.com/invest/marketriskandreturn?s=msi,len,bsx,schw,pgr,csco,mpc,an,ge #insidertrading #stocks #fintechnews",2020-10-05 05:22:01,-69,['msi']
248123135,$msi - latest headline from newsdaemon.com:… https://www.macroaxis.com/invest/stock-analysis/msi/motorola-solutions #insidertrading #stocks #fintechnews,2020-10-05 04:28:03,-69,['msi']
247813168,$msi motorola solutions’ commandcentral citizen input is available to the u.s. public safety market https://www.otcdynamics.com/msi-motorola-solutions-commandcentral-citizen-input-is-available-to-the-u-s-public-safety-market,2020-10-02 14:37:42,-69,['msi']
247806061,$msi new article : motorola solutions’ commandcentral citizen input is available to the u.s. public safety market https://www.stck.pro/news/msi/8174954,2020-10-02 14:19:06,-69,['msi']
247800179,"$msi [15s. delayed]: issued press release on october 02, 10:00:00: motorola solutions’ commandcentral citizen input is available to the u. https://s.flashalert.me/nyi14n",2020-10-02 14:05:30,-69,['msi']
247799961,motorola solutions’ commandcentral citizen input is available to the u.s. public safety market http://www.conferencecalltranscripts.org/summary/?id=63596&amp;pr=true $msi,2020-10-02 14:05:02,-69,['msi']
247798856,"$msi motorola solutions’ commandcentral citizen input is available to the u.s. public safety market
https://www.stocktitan.net/news/msi/motorola-solutions-command-central-citizen-input-is-available-to-the-kor2fkxgmca8.html",2020-10-02 14:02:24,-69,['msi']
247296361,$msi open interest for maturity 10/16/2020. high put=125.00 high call=165.00 putcallratio=1.52 #maxpain #options http://maximum-pain.com/options/msi?m=10%2f16%2f2020,2020-09-30 17:20:36,-69,['msi']
247153865,$msi - next fiscal quarter end is on 30th of september 2020. stable normalized average true… https://www.macroaxis.com/invest/volatility-indicators/normalized-average-true-range/msi,2020-09-30 03:13:01,-69,['msi']
247122608,"$msi: new sec filing on director, egon durban: https://www.sec.gov/archives/edgar/data/68505/000089924320026480/xslf345x03/doc4.xml",2020-09-30 00:28:02,-69,['msi']
247120261,motorola solutions director just picked up 109 shares  http://www.conferencecalltranscripts.org/4/summary/?id=8399061 $msi,2020-09-30 00:13:27,-69,['msi']
247120069,"$msi [15s. delayed] filed sec form 4: director durban egon: 
granted 109 of common stock at price $154 on 2020-09-25, increased holding by https://s.flashalert.me/rneraj",2020-09-30 00:12:19,-69,['msi']
247119829,motorola solutions director just picked up 120 shares  http://www.conferencecalltranscripts.org/4/summary/?id=8398999 $msi,2020-09-30 00:10:55,-69,['msi']
247119692,"$msi [15s. delayed] filed sec form 4: director mondre greg: 
granted 120 of common stock at price $154 on 2020-09-25, increased holding by https://s.flashalert.me/5zawt",2020-09-30 00:10:04,-69,['msi']
246882337,"motorola solutions ($msi) current daily volatility is 1.75%, with… https://www.macroaxis.com/invest/stock/msi/motorola-solutions #trading #ideas #stocks",2020-09-29 06:24:03,-69,['msi']
246882129,$msi - next fiscal quarter end is on 30th of september 2020. stable motorola solutions volume alert: price may…,2020-09-29 06:18:04,-69,['msi']
246520805,"$msi, $cmcsa and $appn are showing a squeeze play pattern today. they could be ready for breakout. https://www.chartmill.com/stock/stock-screener?sid=12&amp;f=sqds,v1_50b300,sl_ti_105_x,exch_us&amp;v=3&amp;timeframe=daily&amp;type=candles&amp;months=0.05&amp;width=400&amp;cl=f&amp;o1=0&amp;o2=57&amp;op1=14&amp;op2=20,1.5,10&amp;utm_source=stocktwits&amp;utm_medium=screener&amp;utm_content=stock_screener:_momentum_squeeze_play_setups&amp;utm_campaign=social_tracking",2020-09-26 20:18:00,-69,"['cmcsa', 'msi', 'appn']"
246185395,$msi - keep motorola solutions and… https://www.macroaxis.com/invest/competition/msi/fkwl/motorola-vs-franklin #portfolio_prospective #better_portfolio #diversify,2020-09-24 23:55:32,-69,['msi']
245886278,"technical analysis of #motorolasolutions #msi $msi
 https://www.finscreener.com/tittech/technical-analysis?&amp;cp=2825",2020-09-24 00:36:43,-69,['msi']
245658581,$msi new article : motorola solutions’ apx next xe purpose-built radio brings enhanced communications and actionable intelligence to firefighters https://www.stck.pro/news/msi/7941678,2020-09-23 13:25:15,-69,['msi']
245653207,"$msi [15s. delayed]: issued press release on september 23, 09:00:00: motorola solutions’ apx next xe purpose-built radio brings enhanced c https://s.flashalert.me/kwbqla",2020-09-23 13:05:57,-69,['msi']
245652515,"$msi motorola solutions’ apx next xe purpose-built radio brings enhanced communications and actionable intelligence to firefighters 

https://newsfilter.io/a/f2f77f600085fc18e8e1e3ea3a4ca920",2020-09-23 13:03:18,-69,['msi']
245644844,$bb  https://blogs.blackberry.com/en/2020/09/blackberry-athoc-public-safety-edition-provides-local-governments-and-universities-ability-to-securely-communicate-critical-information-directly-to-their-community  $twlo $rng $msft $msi does not meet all the standards in secure alert communications and secure data in transit,2020-09-23 12:31:46,1,"['msft', 'bb', 'msi', 'twlo', 'rng']"
244863613,2020-09-17 short sale volume (not short interest) for $msi is 54%. http://shortvolumes.com/?t=msi via @shortvolumes,2020-09-18 21:05:36,-69,['msi']
244360288,"motorola solutions ceo gregory q. brown sells $14,004,900.00 in $msi https://www.marketbeat.com/i/408215",2020-09-17 03:57:31,-69,['msi']
244329667,"risk-adjusted landscape for motorola solutions($msi),… https://www.macroaxis.com/invest/marketriskandreturn?s=msi,ip,etn,cffn,mmc,odfl,ntap,mn #correlations #stocks #stockratings",2020-09-17 00:36:33,-69,['msi']
244272955,"$msi $10,492,768.78 of shares sold by brown gregory q (chairman and ceo), reported in a new form 4 filed with the sec  https://newsfilter.io/a/7efed69783a4d6d2cb303627acbf50c0",2020-09-16 20:24:06,-69,['msi']
244271457,"$msi [15s. delayed] filed sec form 4: chairman and ceo brown gregory q: 
disposed 90,000 of motorola solutions at average price $155.61 an https://s.flashalert.me/nxfm0q",2020-09-16 20:19:28,-69,['msi']
244271339,"#fwsells $msi brown gregory q, chairman and ceo of motorola solutions, inc. sold 90000 shares on 2020-09-14. https://formwhispers.com/s?t=msi",2020-09-16 20:19:08,-69,['msi']
244189297,$aaxn i’m stronger than #blacklivesmatter if i sold all my shares right now this stock would go back to $100+ tomorrow. i’m going hold until the #buyout from $msi because i predicted that from day 1,2020-09-16 16:45:22,1,"['aaxn', 'msi']"
244064398,motorolasolutions $msi bidaskscore is increased to bought https://bidaskclub.com/news/company/2020-09-15/msi,2020-09-16 05:58:04,-69,['msi']
243984983,$msi luckily i work for this company and got that 15% off! can’t wait to see what the future brings! w,2020-09-15 20:36:26,-69,['msi']
243955023,$msi is this going to break last two highs? build up this far seems a bit more gradual...less pumpy,2020-09-15 19:15:18,-69,['msi']
243928147,"💰 revenue history for motorola solutions ($msi)️:

2020 q2 :   $1.61 b     -2.24%
2020 q1 :   $1.65 b    -30.35%
2019 q4 :   $2.37 b

more: https://companiesmarketcap.com/motorola-solutions/revenue/",2020-09-15 17:58:56,-69,['msi']
243777438,"breakout pattern shown in $nvda, $msi and $itw. https://www.chartmill.com/stock/stock-screener?sid=202&amp;f=v1_50b500,atrpct_a_1,sl_ta_7_x,sl_se_7_x,p_pg20,exch_us&amp;s=se&amp;v=3&amp;utm_source=stocktwits&amp;utm_medium=screener&amp;utm_content=stock_screener:_technical_breakout_setups&amp;utm_campaign=social_tracking",2020-09-15 04:38:00,-69,"['nvda', 'itw', 'msi']"
243748039,"💰 earnings history for motorola solutions ($msi)️:

2020 q2 :   $0.23 b    -15.41%
2020 q1 :   $0.27 b    +10.71%
2019 q4 :   $0.25 b

more: https://companiesmarketcap.com/motorola-solutions/earnings/",2020-09-15 00:24:48,-69,['msi']
243694996,"$msi [15s. delayed] filed sec form 4: cvp and cao pekofske daniel g: 
delivered securities 39 of motorola solutions at price $150.34 on 20 https://s.flashalert.me/dg5mhj",2020-09-14 20:10:30,-69,['msi']
243694895,"$msi $5,863.26 of shares sold by pekofske daniel g (cvp and cao), reported in a new form 4 filed with the sec  

https://newsfilter.io/a/dc10f1822ebecfde28c5e81db81c9ff9",2020-09-14 20:10:11,-69,['msi']
243656923,"$msi motorola solutions was awarded a new government contract &quot;motorola services&quot;, total contract value: $119,033.28 

https://newsfilter.io/a/5f7a98c038ab44f4e324261403647f4d",2020-09-14 18:20:49,-69,['msi']
243548473,"$msi new article : when emergencies strike, motorola solutions’ new cloud service provides maximum resiliency for essential communication networks https://www.stck.pro/news/msi/7699567",2020-09-14 13:09:33,-69,['msi']
243547700,"$msi [15s. delayed]: issued press release on september 14, 09:00:00: when emergencies strike, motorola solutions’ new cloud service provid https://s.flashalert.me/vmnaie",2020-09-14 13:06:31,-69,['msi']
243546341,"$msi when emergencies strike, motorola solutions’ new cloud service provides maximum resiliency for essential communication networks 

https://newsfilter.io/a/9f6740b8a0efdbff7718b9e5fd907948",2020-09-14 13:01:27,-69,['msi']
243456225,"📈 market cap history for motorola solutions ($msi)️:

2020 : $27 b   -2.92%
2019 : $27 b   +46.07%
2018 : $19 b   +28.52%
2017 : $15 b   +6.38%

more: https://companiesmarketcap.com/motorola-solutions/marketcap/",2020-09-13 20:06:34,-69,['msi']
243332031,"risk-adjusted landscape for motorola solutions($msi),… https://www.macroaxis.com/invest/marketriskandreturn?s=msi,bsx,erie,life,esgr,bll,payx,lyv,col,gis #insidertrading #stocks #fintechnews",2020-09-12 02:50:02,-69,['msi']
243148710,"only three days left to motorola solutions, inc. ($msi) ex-dividend date

https://www.stockmarketintellects.com/only-three-days-left-to-motorola-solutions-inc-msi-ex-dividend-date/",2020-09-11 14:01:23,-69,['msi']
242814008,$1.82 billion in sales expected for motorola solutions inc (nyse:msi) this quarter $msi #msi https://www.marketbeat.com/n/4455913/,2020-09-10 06:52:05,-69,['msi']
242464235,"very bullish portfolio: motorola solutions($msi), verizon… https://www.macroaxis.com/invest/marketriskandreturn?s=msi,vz,de,cce,jwn,stt,swn,ffiv,fcx,hrs,r,jec #canada #canadian_equities #ca",2020-09-08 20:59:31,-69,['msi']
242268959,"do you agree with the a.i. prediction? $msi&#39;s price moved above its 50-day moving average on august 6, 2020. view odds for this and other indicators: https://srnk.us/go/2078134",2020-09-08 04:43:48,-69,['msi']
242233405,$msi delta expiration 09/18/2020 #maxpain #options http://maximum-pain.com/greeks/msi?m=09%2f18%2f2020,2020-09-07 21:04:49,-69,['msi']
242127983,"how does this affect your portfolio? $msi&#39;s price moved above its 50-day moving average on august 6, 2020. view odds for this and other indicators: https://srnk.us/go/2072173",2020-09-06 11:34:34,-69,['msi']
242068261,&quot;four reasons for a reverse split&quot; $tyc $msi $aig $c https://cabotwealth.com/daily/stock-market/four-reasons-for-a-reverse-split/,2020-09-05 17:22:51,-69,"['aig', 'c', 'tyc', 'msi']"
241934732,$msi,2020-09-04 18:37:11,1,['msi']
241764644,motorolasolutions $msi bidaskscore is #reiterated to held https://bidaskclub.com/news/company/2020-09-02/msi,2020-09-04 05:36:04,-69,['msi']
241737915,2020-09-03 short sale volume (not short interest) for $msi is 49%. http://shortvolumes.com/?t=msi via @shortvolumes,2020-09-04 01:50:36,-69,['msi']
241603185,icymi: roi indicates better performing stocks: $payc $payx $msi http://dlvr.it/rfwpj2,2020-09-03 18:03:13,-69,"['payx', 'msi', 'payc']"
241083588,roi indicates better performing stocks: $payc $payx $msi http://dlvr.it/rfqmtx,2020-09-02 11:01:18,-69,"['payx', 'msi', 'payc']"
241054466,$msi is anyone seeing a drop on this ah? market watch is showing a 8.63% drop??,2020-09-02 03:35:09,-69,['msi']
240812939,"motorola solutions svp cynthia yazdi sells $278,485.53 in $msi https://www.marketbeat.com/i/405304",2020-09-01 14:18:28,-69,['msi']
240756683,"morgan stanley initiates coverage on motorola solutions with overweight rating, announces price target of $28

related tickers: $msi",2020-09-01 11:39:11,-69,['msi']
240753625,$msi morgan stanley initiates coverage on to overweight : pt $28.00 https://stockhoot.com/extsymbol.aspx?from=analystratingtweet&amp;symbol=msi&amp;t=718&amp;social=stocktwits,2020-09-01 11:24:09,-69,['msi']
240752928,motorola solutions (nyse:msi) earns overweight rating from analysts at morgan stanley $msi #msi https://www.marketbeat.com/n/4446757/,2020-09-01 11:20:07,-69,['msi']
240751173,motorola solutions initiated by morgan stanley at overweight. $28.00 pt. https://www.marketbeat.com/r/1472644 $msi,2020-09-01 11:07:57,-69,['msi']
240639802,"$msi: new sec filing on evp, software &amp; services, kelly s mark: https://www.sec.gov/archives/edgar/data/68505/000150884820000007/xslf345x03/edgar.xml",2020-08-31 20:38:02,-69,['msi']
240636417,"$msi reported 2 new insider trades to the sec in the last 2 minutes.

$296,304.69 of shares sold by yazdi cynthia (svp cos mktg&amp;com&amp;msifoundation)   https://newsfilter.io/articles/4-form-a9d930c3f0de8b56b4f7a5265ea67eab
$22,269.10 of shares sold by mark kelly s (evp, software &amp; services)   https://newsfilter.io/articles/4-form-2729beb90809d4c1309fd37e173bfe25",2020-08-31 20:29:01,-69,['msi']
240635737,"$msi [15s. delayed] filed sec form 4: svp cos mktg&amp;com&amp;msifoundation yazdi cynthia: 
disposed 1,937 of motorola solutions at average price https://s.flashalert.me/9pxa2s",2020-08-31 20:27:13,-69,['msi']
240635623,"#fwsells $msi yazdi cynthia, svp cos mktg&amp;com&amp;msifoundation of motorola solutions, inc. sold 1821 shares on 2020-08-28. https://formwhispers.com/s?t=msi",2020-08-31 20:26:54,-69,['msi']
240634663,"$msi [15s. delayed] filed sec form 4: evp, software &amp; services mark kelly s: 
delivered securities 145 of motorola solutions at price $153 https://s.flashalert.me/vcqnwm",2020-08-31 20:24:22,-69,['msi']
240632745,"$msi [15s. delayed] filed sec form 4: cvp and cao pekofske daniel g: 
granted 658 of motorola solutions at price $0 on 2020-08-27, increas https://s.flashalert.me/g17lmd",2020-08-31 20:19:32,-69,['msi']
240632619,"$msi 658 shares acquired by pekofske daniel g (cvp and cao), reported in a new form 4 filed with the sec  

https://newsfilter.io/a/ad1dc76a0d4033631d07e3a79f9e7ab5",2020-08-31 20:19:13,-69,['msi']
240494073,$msi new article : motorola solutions adds callyo to public safety portfolio https://www.stck.pro/news/msi/7357044,2020-08-31 14:00:14,-69,['msi']
240493637,"$msi motorola solutions adds callyo to public safety portfolio 

https://newsfilter.io/a/341db50fc67d79f3ef9197c2ee92d348",2020-08-31 13:59:15,-69,['msi']
240466285,"$msi [15s. delayed]: issued press release on august 31, 08:30:00: motorola solutions adds cloud-based mobile application capabilities with https://s.flashalert.me/groeki",2020-08-31 12:35:03,-69,['msi']
240341777,$msi new article : remember when we wore cell phones on belts? this motorola phone started the trend https://www.stck.pro/news/msi/7329934,2020-08-30 06:51:05,-69,['msi']
240340933,$msi - next fiscal quarter end is on 30th of september 2020. stable motorola solutions chaikin ad line volume…,2020-08-30 06:17:02,-69,['msi']
240259311,stocktwits trending alert: trading recent interest in motorola solutions $msi https://wp.me/p5blgb-afg7,2020-08-29 07:04:23,-69,['msi']
240259100,"$msi john p molloy sold 6,800 shares [average conviction] www.insider-analysis.com/search_transactions.php?ticker=table_msi",2020-08-29 06:57:03,-69,['msi']
240258995,"$msi john p molloy bought 6,800 shares [average conviction] www.insider-analysis.com/search_transactions.php?ticker=table_msi",2020-08-29 06:53:02,-69,['msi']
240204048,motorola solutions announces quarterly dividend of $0.64.  payable on 10/15/2020. 1.67% yield.  https://www.marketbeat.com/d/140167 $msi,2020-08-28 21:29:38,-69,['msi']
240082011,$msi still plugging along! this room needs some excitement. it’s too ‘business-y’ in here!👩🏼‍💻,2020-08-28 15:45:35,-69,['msi']
239950898,"#fwsells $msi molloy john p, evp, products &amp; sales of motorola solutions, inc. sold 6800 shares on 2020-08-25. https://formwhispers.com/s?t=msi",2020-08-28 03:14:35,-69,['msi']
239912301,"motorola solutions evp john p. molloy sells $1,054,000.00 in $msi https://www.marketbeat.com/i/404932",2020-08-27 23:44:01,-69,['msi']
