id,body,created_at,sentiment,symbols
254785083,$adsk - upcoming quarterly report is on 24th of november 2020. overlap analysis alert: autodesk mavp may suggest…,2020-11-06 05:12:02,-69,['adsk']
254720007,your daily news digest for autodesk $adsk https://wsfriend.com/daily/news/adsk/2020-11-05/,2020-11-05 22:20:04,-69,['adsk']
254552007,$adsk https://wallstreetrace.com/2020/11/05/lets-take-a-look-at-autodesk-inc-adsk-stock/,2020-11-05 13:04:14,-69,['adsk']
254466882,your daily news digest for autodesk $adsk https://wsfriend.com/daily/news/adsk/2020-11-04/,2020-11-04 22:21:18,-69,['adsk']
254444823,"$adsk #adsk provided us a nice intraday trade via puts 20%+, held onto the 242.50 level of support, so closed out.",2020-11-04 21:03:18,-69,['adsk']
254386292,$adsk curious,2020-11-04 16:58:18,-69,['adsk']
254380378,"$adsk nasdaq 100 and the election (so far)..    
https://www.channelchek.com/news-channel/the_prolonged_vote_counting_impact_on_the_stock_market",2020-11-04 16:36:50,-69,['adsk']
254374171,"$adsk #adsk going down, weak in a strong market, suspect",2020-11-04 16:14:41,-1,['adsk']
254362141,$adsk  why is this bleeding???any insight?,2020-11-04 15:33:42,-69,['adsk']
254303529,this is amazing! what do you think? $adsk price moved above its 50-day moving average. view odds of uptrend. https://srnk.us/go/2279702,2020-11-04 08:17:38,1,['adsk']
254230625,your daily news digest for autodesk $adsk https://wsfriend.com/daily/news/adsk/2020-11-03/,2020-11-03 22:18:15,-69,['adsk']
254071421,peak profit for the last 6 expired option alerts for $adsk -98.92| 255.71| 218.13| 240.63| 23.08| 23.24|,2020-11-03 11:41:52,-69,['adsk']
254032299,most gaining stocks in the nasdaq 100 today: $adsk https://www.chartmill.com/stock/stock-screener?v=3&amp;f=ind_20&amp;s=pt&amp;utm_source=stocktwits&amp;utm_medium=screener&amp;utm_content=stock_screener:_top_nasdaq_100_gainers&amp;utm_campaign=social_tracking,2020-11-03 01:08:01,-69,['adsk']
254007208,your daily news digest for autodesk $adsk https://wsfriend.com/daily/news/adsk/2020-11-02/,2020-11-02 22:17:37,-69,['adsk']
253958705,"cfra: election-year novembers since 1944 saw the s&amp;p 500 rise an average of 0.8% but gain in price only 42% of the time. december fared much better, however, as it recorded an average increase of 1.4% and rose in price 84% of the time, reflecting seasonal optimism and the evaporation of election uncertainty. finally, the first calendar year of the four-year presidential cycle saw the s&amp;p 500 rise an average 8.1% but post a less-than-stellar 63% frequency of advance.

representative companies from the s&amp;p 1500 subindustries with the highest returns since the last presidential election day:

$aapl $amzn $adsk $msft $klac tmo bby ctas",2020-11-02 19:08:13,-69,"['aapl', 'adsk', 'amzn', 'klac', 'msft']"
253868988,autodesk extends invitation to join financial results conference call http://www.conferencecalltranscripts.org/summary/?id=84317&amp;pr=true $adsk,2020-11-02 13:19:39,-69,['adsk']
253867997,$adsk autodesk extends invitation to join financial results conference call https://www.otcdynamics.com/adsk-autodesk-extends-invitation-to-join-financial-results-conference-call,2020-11-02 13:13:18,-69,['adsk']
253865948,"$adsk autodesk extends invitation to join financial results conference call 

https://newsfilter.io/a/a622d799c7804c22690e5d7d4c764465",2020-11-02 13:01:20,-69,['adsk']
253865926,"$adsk autodesk extends invitation to join financial results conference call
https://www.stocktitan.net/news/adsk/autodesk-extends-invitation-to-join-financial-results-conference-oy5flkp2ea9h.html",2020-11-02 13:01:14,-69,['adsk']
253812007,your daily news digest for autodesk $adsk https://wsfriend.com/daily/news/adsk/2020-11-01/,2020-11-01 22:17:30,-69,['adsk']
253748837,your daily news digest for autodesk $adsk https://wsfriend.com/daily/news/adsk/2020-10-31/,2020-10-31 22:15:55,-69,['adsk']
253735198,"#gindustry #buy wk44 $adsk, $rp, $akam, $ftnt, $otex, panw, chkp, adbe, snps, cdns  #software #apps vgt ftec xt #growthstocks #stocks #finance #investment https://tinyurl.com/y5f9oleg",2020-10-31 18:25:20,1,"['adsk', 'akam', 'otex', 'ftnt', 'rp']"
253671247,your daily news digest for autodesk $adsk https://wsfriend.com/daily/news/adsk/2020-10-30/,2020-10-30 22:16:52,-69,['adsk']
253616865,watching $adsk one of those wonderful  &#39;next five&#39; like $isrg $vrtx $pypl and $now,2020-10-30 18:30:59,-69,"['adsk', 'isrg', 'vrtx', 'now', 'pypl']"
253613965,four upgraded stocks to buy on the dip $chd $gis $meli $adsk https://talkmarkets.com/content/stocks--equities/four-upgraded-stocks-to-buy-on-the-dip?post=283598,2020-10-30 18:20:41,-69,"['adsk', 'meli', 'chd', 'gis']"
253539494,what are the hedge funds going to do now? $adsk price moved above its 50-day moving average. view odds of uptrend. https://srnk.us/go/2262345,2020-10-30 14:38:06,1,['adsk']
253409127,your daily news digest for autodesk $adsk https://wsfriend.com/daily/news/adsk/2020-10-29/,2020-10-29 22:17:01,-69,['adsk']
253305177,$adsk 👀 the nov 270c,2020-10-29 17:07:35,1,['adsk']
253185162,comprehensive non-correlated autodesk $adsk trading report https://tinyurl.com/y5hquddw,2020-10-29 06:15:04,-69,['adsk']
253132459,your daily news digest for autodesk $adsk https://wsfriend.com/daily/news/adsk/2020-10-28/,2020-10-28 22:15:59,-69,['adsk']
253064633,added some $adsk shares here,2020-10-28 18:26:11,1,['adsk']
252930964,$adsk https://finance.yahoo.com/news/autodesk-nasdaq-adsk-continue-grow-101753568.html,2020-10-28 11:07:22,-69,['adsk']
252863743,your daily news digest for autodesk $adsk https://wsfriend.com/daily/news/adsk/2020-10-27/,2020-10-27 22:16:55,-69,['adsk']
252625737,your daily news digest for autodesk $adsk https://wsfriend.com/daily/news/adsk/2020-10-26/,2020-10-26 22:16:41,-69,['adsk']
252475578,have $hear $adsk $unh $clx on our watchlist this week.  free chart setups can be found at https://www.breakouttrade.com/trade-advice/,2020-10-26 13:01:11,-69,"['adsk', 'clx', 'unh', 'hear']"
252420114,your daily news digest for autodesk $adsk https://wsfriend.com/daily/news/adsk/2020-10-25/,2020-10-25 22:16:28,-69,['adsk']
252359990,your daily news digest for autodesk $adsk https://wsfriend.com/daily/news/adsk/2020-10-24/,2020-10-24 22:16:57,-69,['adsk']
252341132,"#gindustry #buy wk43 $adsk, $rp, $akam, $sap, $otex, ftnt, panw, chkp, snps, adbe  #software #apps vgt ftec xt #growthstocks #stocks #finance #investment https://tinyurl.com/y4hc5ys5",2020-10-24 17:25:18,1,"['adsk', 'akam', 'otex', 'sap', 'rp']"
252288546,short sale volume (not short interest) for $adsk at 2020-10-22 is 52%. http://shortvolumes.com/?t=adsk via @shortvolumes,2020-10-23 23:14:34,-69,['adsk']
252280535,your daily news digest for autodesk $adsk https://wsfriend.com/daily/news/adsk/2020-10-23/,2020-10-23 22:16:37,-69,['adsk']
252098889,"updated ratings for keycorp($key), autodesk($adsk),… https://www.macroaxis.com/invest/marketratings?s=key,adsk,eqr,ntrs,trmk,dis,nwl,dow,goog,yum,cinf,wfc #correlations #stocks #stockratings",2020-10-23 08:53:32,-69,"['adsk', 'key']"
252091990,autodesk $adsk bidaskscore is downgraded to held https://bidaskclub.com/news/company/2020-10-22/adsk,2020-10-23 06:01:03,-69,['adsk']
252022399,your daily news digest for autodesk $adsk https://wsfriend.com/daily/news/adsk/2020-10-22/,2020-10-22 22:17:06,-69,['adsk']
251806223,"$adsk are amongst the strongest stocks in the market, nearing a new high. https://www.chartmill.com//stock/stock-screener?sid=16&amp;f=p_pg10,v1_50b500,s_str,s_nnh,exch_us&amp;v=3&amp;timeframe=daily&amp;type=candles&amp;months=0.05&amp;width=720&amp;cl=f&amp;o1=3&amp;o2=3&amp;o3=1&amp;op1=200,16711680&amp;op2=50,255&amp;utm_source=stocktwits&amp;utm_medium=screener&amp;utm_content=stock_screener:_strong_stocks_near_new_high&amp;utm_campaign=social_tracking",2020-10-22 08:56:00,-69,['adsk']
251747139,your daily news digest for autodesk $adsk https://wsfriend.com/daily/news/adsk/2020-10-21/,2020-10-21 22:21:12,-69,['adsk']
251631289,$adsk new article : hyundai and autodesk join forces to design ultimate mobility vehicles https://www.stck.pro/news/adsk/8633265,2020-10-21 16:05:05,-69,['adsk']
251576945,$adsk strong technicals and fundies. initiating a buy here .,2020-10-21 13:49:35,-69,['adsk']
251521515,autodesk $adsk bidaskscore is increased to bought https://bidaskclub.com/news/company/2020-10-20/adsk,2020-10-21 05:18:03,-69,['adsk']
251468669,your daily news digest for autodesk $adsk https://wsfriend.com/daily/news/adsk/2020-10-20/,2020-10-20 22:16:56,-69,['adsk']
251376968,"$adsk green to red move:  +1.02% to -0.15%  
 https://www.sleekoptions.com/sleekscan.aspx?did=adsk",2020-10-20 16:54:28,-69,['adsk']
251357582,$adsk big volume coming in. hope this is the start of making its way to green for the day.,2020-10-20 15:54:36,1,['adsk']
251331417,$fizz $irdm and other @marketsmith #breakout_alerts like $adsk yesterday - persistence helps the bulls @ibdinvestors  @investorsbusinessdaily #ibdpartner,2020-10-20 14:45:07,1,"['adsk', 'fizz', 'irdm']"
251320495,"$adsk great stretch from last month, looking correction like $zm $fsly $twlo",2020-10-20 14:19:32,-69,"['adsk', 'twlo', 'zm', 'fsly']"
251251009,comprehensive non-correlated autodesk $adsk trading report https://tinyurl.com/y3dy99w5,2020-10-20 03:00:04,-69,['adsk']
251241925,"$bll and $adsk making a new 52 week high. https://www.chartmill.com/stock/stock-screener?f=p_pg10,v1_50b500,s_nh,exch_us&amp;v=3&amp;utm_source=stocktwits&amp;utm_medium=screener&amp;utm_content=stock_screener:_new_52_week_high_today&amp;utm_campaign=social_tracking",2020-10-20 01:27:00,-69,"['adsk', 'bll']"
251230744,"$adsk  52w high earlier  268.44
https://youtu.be/2euh0gif2sa",2020-10-19 23:50:30,-69,['adsk']
251217775,your daily news digest for autodesk $adsk https://wsfriend.com/daily/news/adsk/2020-10-19/,2020-10-19 22:17:31,-69,['adsk']
251183413,$adsk 230 in no time,2020-10-19 19:50:18,-1,['adsk']
251152675,$adsk looking 250 handle,2020-10-19 18:05:06,-69,['adsk']
251147270,"$adsk good move bulls, no position yet, looking for correction here in few days.",2020-10-19 17:45:50,-1,['adsk']
251137736,"$adsk keeping an eye, no position yet, might add if drops below 230-240 handle",2020-10-19 17:09:10,-69,['adsk']
251130585,$adsk confirmed,2020-10-19 16:42:19,1,['adsk']
251109836,"breaking out today
$adsk 
$staa 
$upld 
$spwr 
$enph",2020-10-19 15:28:49,-69,"['adsk', 'spwr', 'staa', 'enph', 'upld']"
251104155,$adsk @itsallaboutheoptions what happens after steps?,2020-10-19 15:09:48,-69,['adsk']
251095341,$dini $baba $adsk $amat $qcom added to all here,2020-10-19 14:43:09,1,"['adsk', 'amat', 'qcom', 'baba']"
251080176,"breakout into opening: 3 stocks to watch

https://www.bulldude.com/chart-patterns/breakout-into-opening-3-stocks-to-watch-4/

$adsk $spx $spy $ndx $qqq",2020-10-19 14:00:52,-69,"['spx', 'adsk', 'spy', 'qqq', 'ndx']"
251075451,$adsk 9days green? great move.,2020-10-19 13:48:02,-69,['adsk']
251064630,$adsk buy now. big swing up about to happen,2020-10-19 13:08:18,1,['adsk']
251062465,$adsk looks like this is set to test and breakthrough september ath. would think $270 range is in play.,2020-10-19 12:58:27,1,['adsk']
251031959,peak profit for the last 6 expired option alerts for $adsk 255.71| 218.13| 240.63| 23.08| 23.24| 4.88|,2020-10-19 05:45:47,-69,['adsk']
251031642,$adsk [oct-23 245.00 puts] option volume up +152.63 % |  volume: 96 vs 38 https://www.sleekoptions.com/sleekscan.aspx?sub1=dscan,2020-10-19 05:35:42,-69,['adsk']
251028353,$adsk 270 by closs,2020-10-19 04:22:21,1,['adsk']
251013778,$sail $adsk potential breakout . $adsk forming well defined cup bas and with good volume and seems ready to run before,2020-10-19 01:02:03,1,"['adsk', 'sail']"
251000836,your daily news digest for autodesk $adsk https://wsfriend.com/daily/news/adsk/2020-10-18/,2020-10-18 22:15:59,-69,['adsk']
250983603,peak profit for the last 6 expired option alerts for $adsk 255.71| 218.13| 240.63| 23.08| 23.24| 4.88|,2020-10-18 17:51:20,-69,['adsk']
250982961,$adsk [oct-23 245.00 puts] option volume up +152.63 % |  volume: 96 vs 38 https://www.sleekoptions.com/sleekscan.aspx?sub1=dscan,2020-10-18 17:41:15,-69,['adsk']
250979036,"$adsk this is on my watch list to go short on.  i won&#39;t be buying any puts until i see the charts starting to break downwards.  until then, enjoy the ride up.",2020-10-18 16:39:51,-1,['adsk']
250978195,"$adsk cup formed, handle next, run into earnings. updating my adsk idea from a few days back which has played out nicel",2020-10-18 16:28:09,1,['adsk']
250962468,"most gaining stocks in the nasdaq 100 today: $adsk, $bmrn and $jd https://www.chartmill.com/stock/stock-screener?v=3&amp;f=ind_20&amp;s=pt&amp;utm_source=stocktwits&amp;utm_medium=screener&amp;utm_content=stock_screener:_top_nasdaq_100_gainers&amp;utm_campaign=social_tracking",2020-10-18 08:23:00,-69,"['adsk', 'bmrn', 'jd']"
250959633,peak profit for the last 6 expired option alerts for $adsk 255.71| 218.13| 240.63| 23.08| 23.24| 4.88|,2020-10-18 05:41:39,-69,['adsk']
250959353,$adsk [oct-23 245.00 puts] option volume up +152.63 % |  volume: 96 vs 38 https://www.sleekoptions.com/sleekscan.aspx?sub1=dscan,2020-10-18 05:31:34,-69,['adsk']
250939137,your daily news digest for autodesk $adsk https://wsfriend.com/daily/news/adsk/2020-10-17/,2020-10-17 22:17:09,-69,['adsk']
250939024,"$adsk setting up going into next week, strong close despite market selling into close.",2020-10-17 22:14:59,-69,['adsk']
250933072,"$adsk 😍😍😍😍😍🙌🥳 
https://youtu.be/ykfte5ly7iu",2020-10-17 20:29:28,-69,['adsk']
250931231,"best 5-day returns in s&amp;p 500 for week ending 10/16/2020: 1. autodesk $adsk (9.46%), 2. international paper $ip (9.07%), 3. westrock $wrk (8.41%), 4. concho resources $cxo (7.93%), 5. blackrock $blk (7.49%). average 5-day return to all stocks in the index was -0.24% #weeklybest",2020-10-17 19:59:35,-69,"['adsk', 'blk', 'cxo', 'ip', 'wrk']"
250931144,"with 8 consecutive days of positive returns, autodesk $adsk (3.15%) has its longest #streak of positive daily returns over the last 10 years",2020-10-17 19:58:17,-69,['adsk']
250926752,"remember the prescient guy on cnbc i reported on 3 weeks ago. &quot;faang is sooo last week,&quot; this guy made up the term the next five
$vrtx $isrg $adsk $pypl $now    i even tried one (for a day.)

10/09/2020  12:23:28  bought 33 vrtx @ 268.33   -8,854.89  
 10/09/2020  15:26:32  sold 33 vrtx @ 269.33   8,887.69

barron&#39;s 10/17 pg m8 vertex said it was pulling the plug on a treatment some saw as a crown jewel in its pulmonary drug portfolio code name vx-814 
$vrtx 10/16 close 218.08",2020-10-17 18:50:20,-69,"['adsk', 'isrg', 'vrtx', 'now', 'pypl']"
250922631,peak profit for the last 6 expired option alerts for $adsk 255.71| 218.13| 240.63| 23.08| 23.24| 4.88|,2020-10-17 17:47:37,-69,['adsk']
250921897,$adsk [oct-23 245.00 puts] option volume up +152.63 % |  volume: 96 vs 38 https://www.sleekoptions.com/sleekscan.aspx?sub1=dscan,2020-10-17 17:37:32,-69,['adsk']
250921175,"#gindustry #buy wk42 $adsk, $rp, $akam, $ftnt, $otex, sap, panw, snps, chkp, adbe  #software #apps vgt ftec xt #growthstocks #stocks #finance #investment https://tinyurl.com/yyf5e2pa",2020-10-17 17:25:19,1,"['adsk', 'akam', 'otex', 'ftnt', 'rp']"
