id,body,created_at,sentiment,symbols
254876714,$ibm buy the dip,2020-11-06 16:07:49,1,['ibm']
254861412,$ibm new article : ibm is targeting telcom giants with a new product made possible by its $34 billion red hat acquisition and an exec says it shows the company&#39;s master plan for cloud https://www.stck.pro/news/ibm/8972045,2020-11-06 15:26:13,-69,['ibm']
254860955,"$ibm ex div date is this sunday, nov. 8!",2020-11-06 15:24:47,-69,['ibm']
254850171,$ibm added. recent 5g news. potential move up plus upcoming dividend ! 🤑,2020-11-06 14:55:33,-69,['ibm']
254846344,"fri nov 6th
today&#39;s worst performing sector just after the open:

technology -1.2%

biggest 20 technology stocks by mkt cap:
1) $asml: +0.2%
2) $csco: -0.1%
3) $sap: -0.2%
4) $txn: -0.2%
5) $ibm: -0.2%
...

see all 20 here:
https://thebubbleboard.com/?tickers=asml,csco,sap,txn,ibm,fis,avgo,qcom,orcl,acn,intc,tsm,nvda,sne,crm,aapl,msft,adbe,now,shop&amp;name=technology&amp;utm_medium=bot-post",2020-11-06 14:46:08,-69,"['asml', 'csco', 'ibm', 'sap', 'txn']"
254829481,$ibm new article : how ibm watson analyzes arguments about u.s.-china space race https://www.stck.pro/news/ibm/8970210,2020-11-06 13:51:06,-69,['ibm']
254809368,comprehensive non-correlated international business machine $ibm trading report https://tinyurl.com/y4ovzm8d,2020-11-06 12:00:04,-69,['ibm']
254775642,$spy $ibm is $ibm holding back the indices? https://elliottwave-forecast.com/stock-market/ibm-below-06-08-2020-peak-is-holding-the-indices/ #trading #stocks #uselection #election2020 #uselections2020,2020-11-06 03:35:09,-69,"['ibm', 'spy']"
254773323,"ibm unveils could for 5g telecom companies

https://pageone.ng/2020/11/05/ibm-unveils-could-for-5g-telecom-companies/

$ibm",2020-11-06 03:16:52,-69,['ibm']
254759957,"3 dividend technology stocks with yields of 2.5% and up

$csco $glw $ibm  

https://m.benzinga.com/article/18213196",2020-11-06 01:34:48,-69,"['csco', 'glw', 'ibm']"
254753216,"$nok $ibm all these partners and contracts.  hope its all pays off. small holder, but 5g has got take off at some point.",2020-11-06 00:55:11,1,"['ibm', 'nok']"
254717371,$ibm ibm is one of the best blue chip stocks 😉! https://youtu.be/skiqkveblmu,2020-11-05 22:10:58,-69,['ibm']
254717230,your daily news digest for international business machines $ibm https://wsfriend.com/daily/news/ibm/2020-11-05/,2020-11-05 22:10:27,-69,['ibm']
254704721,"3 dividend technology stocks with yields of 2.5% and up

related tickers: $aapl $csco $glw $ibm $vz",2020-11-05 21:33:17,-69,"['aapl', 'csco', 'glw', 'ibm', 'vz']"
254701163,"ibm unveils could for 5g telecom companies

https://pageone.ng/2020/11/05/ibm-unveils-could-for-5g-telecom-companies/

$ibm",2020-11-05 21:24:38,-69,['ibm']
254701111,3 dividend technology stocks with yields of 2.5% and up $ibm $csco $glw https://benzinga.com/z/18213196#.x6rszp89dpc.twitter,2020-11-05 21:24:29,-69,"['csco', 'glw', 'ibm']"
254657040,$ibm yup! ibm aabb,2020-11-05 19:08:14,1,['ibm']
254637333,$ibm bullish as fuck they work with stellar lumens i love em i say ibm hits all time high q3 2021,2020-11-05 17:58:38,1,['ibm']
254625635,$ibm yesterday was them keeping it down to accumulate. this should go to 145.00 within 90 days. could be a three bagger in two years.,2020-11-05 17:16:20,-69,['ibm']
254624598,"$ibm $nok ibm launches cloud for 5g telecommunications with nokia, samsung among partners 

https://newsfilter.io/a/6c4f24ac550a817bb2428fd019e91f14",2020-11-05 17:12:23,-69,"['ibm', 'nok']"
254623079,"ibm unveils could for 5g telecom companies

https://pageone.ng/2020/11/05/ibm-unveils-could-for-5g-telecom-companies/

$ibm",2020-11-05 17:06:24,-69,['ibm']
254598108,$spy $ibm is $ibm holding back the indices? https://elliottwave-forecast.com/stock-market/ibm-below-06-08-2020-peak-is-holding-the-indices/ #trading #stocks #uselection #election2020 #uselections2020,2020-11-05 15:42:01,-69,"['ibm', 'spy']"
254562918,$spy $ibm is $ibm holding back the indices? https://elliottwave-forecast.com/stock-market/ibm-below-06-08-2020-peak-is-holding-the-indices/ #trading #stocks #uselection #election2020 #uselections2020,2020-11-05 13:54:40,-69,"['ibm', 'spy']"
254556914,$ibm $120 today,2020-11-05 13:27:37,1,['ibm']
254517478,ibm: below 06.08.2020 peak is holding the indices https://elliottwave-forecast.com/stock-market/ibm-below-06-08-2020-peak-is-holding-the-indices/  $ibm #elliottwave #spx #dow #indices #trading,2020-11-05 05:01:56,-69,['ibm']
254504895,"when a stock hits resistance, its price action can often spend days in smaller than usual trading ranges. when one such day is punctuated on either side by larger than usual trading ranges (gaps included), the patterns that result are often considered to be short-term trend reversal indicators. the best known of these patterns is called an evening star formation.

one rare form of this formation is so unusual that it has its own name in the annals of japanese candlestick lore: the abandoned baby pattern. the chart below displays three instances of this pattern among the following stocks: nextera energy ($nee), international business machines ($ibm), and bank of america ($bac). the pattern generally indicates that the prices are slightly more likely than not to trend lower over the next one or two weeks.",2020-11-05 02:42:59,-69,"['bac', 'ibm', 'nee']"
254482270,$spy $ibm is $ibm holding back the indices? https://elliottwave-forecast.com/stock-market/ibm-below-06-08-2020-peak-is-holding-the-indices/ #trading #stocks #uselection #election2020 #uselections2020,2020-11-04 23:50:05,-69,"['ibm', 'spy']"
254464707,your daily news digest for international business machines $ibm https://wsfriend.com/daily/news/ibm/2020-11-04/,2020-11-04 22:11:49,-69,['ibm']
254463962,$ibm damn inside buyers can&#39;t have my shares.,2020-11-04 22:08:23,-69,['ibm']
254463745,the most important thing to understand $cat $ibm $jpm https://talkmarkets.com/content/bonds/the-most-important-thing-to-understand?post=284277,2020-11-04 22:07:26,-69,"['cat', 'ibm', 'jpm']"
254440033,$ibm no eps growth in three years appl trades at a p/e 3x ibm. that&#39;s ridiculous.,2020-11-04 20:45:05,-69,['ibm']
254435508,".50 cent options
$ibm nov 6 110 put .52
$spy",2020-11-04 20:25:00,-69,"['ibm', 'spy']"
254429328,$ibm the stock is down because watson is furious that they are hand counting votes,2020-11-04 19:56:35,-69,['ibm']
254402171,"$ibm not getting index is so high ,ibm  is not .make no sense.bullish",2020-11-04 17:57:13,1,['ibm']
254394707,$ibm only big tech down today. insider buying makes it appealing $120 oew?,2020-11-04 17:28:44,1,['ibm']
254386435,"$ibm they are holding this down to gather shares today. 21,000 insider shares bought in 5 the last days.",2020-11-04 16:58:44,-69,['ibm']
254380817,$ibm market up big - this is down - $125 anyone?!,2020-11-04 16:38:26,1,['ibm']
254362421,$ibm insiders buying is the best tell tale sign you could ever want.,2020-11-04 15:34:34,-69,['ibm']
254354949,$ibm why did ibm go down earlier?,2020-11-04 15:12:07,-69,['ibm']
254337390,$ibm loving ibm at these levels and here&#39;s why. hybrid cloud and quantum computing are the future https://www.youtube.com/watch?v=pb99ik1jnym,2020-11-04 14:12:38,1,['ibm']
254331938,$spy $ibm is $ibm holding back the indices? https://elliottwave-forecast.com/stock-market/ibm-below-06-08-2020-peak-is-holding-the-indices/ #trading #stocks #uselection #election2020 #uselections2020,2020-11-04 13:46:31,-69,"['ibm', 'spy']"
254321692,"$ibm new article : even more ibm directors bought stock this week, bringing the total to 6 https://www.stck.pro/news/ibm/8928565",2020-11-04 12:47:24,-69,['ibm']
254318631,"$ibm even more ibm directors bought stock this week, bringing the total to 6 http://dlvr.it/rkz66d",2020-11-04 12:23:03,-69,['ibm']
254316986,$ibm new article : better buy: microsoft vs. ibm https://www.stck.pro/news/ibm/8928033,2020-11-04 12:07:06,-69,['ibm']
254300638,ibm: below 06.08.2020 peak is holding the indices https://elliottwave-forecast.com/stock-market/ibm-below-06-08-2020-peak-is-holding-the-indices/  $ibm #elliottwave #spx #dow #indices #trading,2020-11-04 07:37:13,-69,['ibm']
254258049,"$ibm further downside in the short term possible, but the stock is close to extreme from 2013 high  https://elliottwave-forecast.com/stock-market/ibm-below-06-08-2020-peak-is-holding-the-indices/ #elliottwave #trading",2020-11-04 01:22:48,-69,['ibm']
254257832,we&#39;ve told members that $ibm is close to reaching 100% from 2013 high and support should be seen there for the market overall #elliottwave #trading,2020-11-04 01:21:22,-69,['ibm']
254257308,$spy $ibm is $ibm holding back the indices? https://elliottwave-forecast.com/stock-market/ibm-below-06-08-2020-peak-is-holding-the-indices/ #trading #stocks #uselection #election2020 #uselections2020,2020-11-04 01:17:44,-69,"['ibm', 'spy']"
254238888,"$ibm the symbol is not ready to rally within the weekly cycle. we explained the idea at the following article. https://elliottwave-forecast.com/video-blog/ibm-long-term-investment-opportunity/, the symbol is doing a wxy from the 2013 peak. #elliottwave #trading $spy",2020-11-03 23:10:46,-69,"['ibm', 'spy']"
254229006,$spy $ibm is $ibm holding back the indices? https://elliottwave-forecast.com/stock-market/ibm-below-06-08-2020-peak-is-holding-the-indices/ #trading #stocks #uselection #election2020 #uselections2020,2020-11-03 22:09:15,-69,"['ibm', 'spy']"
254228753,your daily news digest for international business machines $ibm https://wsfriend.com/daily/news/ibm/2020-11-03/,2020-11-03 22:07:48,-69,['ibm']
254207604,$ibm can we go $116,2020-11-03 20:45:58,1,['ibm']
254194903,"$ibm andrew n liveris bought 2,655 shares [very low conviction] www.insider-analysis.com/search_transactions.php?ticker=table_ibm",2020-11-03 19:58:30,-69,['ibm']
254172897,$ibm why is this not at $150+ yet?!,2020-11-03 18:29:23,-69,['ibm']
254170486,$ibm safety in stormy seas. must be worth $125,2020-11-03 18:19:18,-69,['ibm']
254158438,$ibm $120 @close,2020-11-03 17:32:21,1,['ibm']
254157421,$ibm eod $120,2020-11-03 17:28:35,1,['ibm']
254156366,$ibm 120 bullish,2020-11-03 17:24:47,1,['ibm']
254150912,$ibm holding 5 @ $114 for 10 yrs.,2020-11-03 17:03:39,1,['ibm']
254147566,"current dow 30 earnings reported in technology: $aapl $msft $intc $ibm $crm
https://www.finscreener.com/earnings/earnings-reported/dj30",2020-11-03 16:51:04,-69,"['aapl', 'intc', 'msft', 'crm', 'ibm']"
