id,body,created_at,sentiment,symbols
254877340,$bigc @phatpuffdaddy i hope you took profits my boy. $shop grew 100% during pandemic and even that is richly valued.,2020-11-06 16:09:39,-69,"['shop', 'bigc']"
254877190,"$shop social commerce is a term you&#39;re going to be hearing a lot more of in the coming months and years

example: the shopify integration with tiktok",2020-11-06 16:09:10,-69,['shop']
254873065,"$pltr just as a comparison $shop 2019 revenue 1,58 billion usd, mcap 125 billion usd, sp $1029

predicting that $pltr will beat $shop in revenue and mcap in couple of months. sp will act accordingly

short term tp $30 - 50. mcap 50 - 80b.",2020-11-06 15:57:48,1,"['pltr', 'shop']"
254870517,$tsla $amzn $aapl $shop $spy biden tryna get to the white house,2020-11-06 15:50:59,-69,"['aapl', 'amzn', 'spy', 'tsla', 'shop']"
254868174,"$lspd btig analyst mark palmer raised the firm&#39;s price target on lightspeed pos to $58 from a$53 and reiterates a buy rating on the shares. yesterday&#39;s &quot;strong&quot; q2 results show the &quot;resilience of lightspeed&#39;s cloud-based point of sale platform amidst the covid-19 pandemic, palmer tells investors in a research note. further, the acquisition of shopkeep furthers its push into the u.s., adds the analyst.

$sq $tsla $shop  $acb",2020-11-06 15:44:47,1,"['sq', 'tsla', 'shop', 'acb', 'lspd']"
254862065,"$shop this is a terrible article in my opinion. bezos sold that much in my mind for tax reasons and potential blue wave. not because he thinks amazon is over valued...certainly not selling shopify cause bezos is dumped more amazon. bad thesis. 

https://www.fool.ca/2020/11/06/shopify-tsxshop-13-3-billion-reasons-to-cut-your-stake/",2020-11-06 15:28:03,-69,['shop']
254862009,$shop $1150,2020-11-06 15:27:56,1,['shop']
254857110,"$jd last quarter jd did $28.5 billion in revenue and $2.3 billion net income jd current market cap 146 billion market cap 

$amzn in 2016 1st q did 29 billion and 513 million net income. they had a 350 billion market cap

amazon market cap is double even though jd has a 100 million more users and serves a much, muchhh larger population!! jd has more users than the entire u.s. population. and i can only assume we will do better than amazon&#39;s 2017 numbers this next quarter. and why is jd is such a discount? politics!!! surely this is $1,000 stock in the next 2 years!!!!
$shop $sq",2020-11-06 15:13:32,1,"['amzn', 'sq', 'jd', 'shop']"
254852493,"$bzun imagine $shop plus (30%+ of their merchants and 90%+ of their gmv) but within the giant chinese market. specializing in helping international brands break into the market, along with a growing base of domestic brands. now imagine they also start moving down the spectrum of large to medium-sized merchants using their commerce platform and automation tools that they built for these large merchants (ross). that&#39;s bzun.",2020-11-06 15:01:16,1,"['shop', 'bzun']"
254850723,"$prpl $bigc $ftch $shop $etsy  
 
purple rev.growth @ 57.53%  yoy 
small float of 37 million shares 
total cash $95 million  
e-commerce market  
 
purple going places  
 
look @ their filings cause this company likely to hit $40&#39;s soon enough.  
 
also, ftch great e-commerce company as well 
https://www.sec.gov/cgi-bin/browse-edgar?cik=1643953&amp;owner=exclude",2020-11-06 14:56:57,-69,"['etsy', 'shop', 'prpl', 'ftch', 'bigc']"
254850558,$shop do you it will go past 1040 today?,2020-11-06 14:56:28,1,['shop']
254847079,$shop why is it even filing so bad?,2020-11-06 14:48:04,1,['shop']
254834909,"premarket losers 
$amzn $googl $shop $ea $zm  
 
track today&#39;s losers. live scans start 930am et 
stockbeep.com/prelose-nov6",2020-11-06 14:12:02,-69,"['amzn', 'ea', 'googl', 'shop', 'zm']"
254834567,$shop here’s you’re biggest threat i covered reason why lgiq pt $80/share logiq: e-commerce intrinsic valuation offers a deep value opportunity | seeking alpha https://seekingalpha.com/instablog/984807-chris-lacoursiere/5491039-logiq-e-commerce-intrinsic-valuation-offers-deep-value-opportunity,2020-11-06 14:10:51,-69,['shop']
254823541,$shop https://martechseries.com/mobile/mobile-marketing/e-commerce-and-mobile-commerce/bambuser-launches-new-shopify-app-live-video-shopping/,2020-11-06 13:24:27,1,['shop']
254819710,"$shop 02 nov. 2020 
cashop 
rosenblatt securities 
mark zgutowicz 
87 
buy 
$1,831.06",2020-11-06 13:06:31,1,['shop']
254813982,"$bigc $shop $ftch $etsy $prpl  
didn&#39;t like these two statements by bigc cfo, basically saying lower volume/sales 
 
 &quot;and we continue to forecast our business under the expectation that volumes will normalize back down to pre=covid levels over the course of the next three to six months&quot; cfo - robert alvarez 
 
&quot;when we think about gmv levels for q4, we&#39;re ramping it down more&quot; cfo 
 
bigc could surprise with new add-ons or partnerships but if &quot;volumes normalize back down&quot; not likely to help bigc&#39;s eps or rev. growth. 
 
i see they now have $179 million in cash which is good but likely to will need to hold at least $500m to expand/compete &amp; improve their position in the e-commerce market place.  
 
also keep in mind that nasdaq is up 7.6% this week &amp; bigc is up 16.3% in the last 4 trading days as well",2020-11-06 12:32:02,-69,"['etsy', 'shop', 'prpl', 'ftch', 'bigc']"
254812768,"$shop totally manipulated by mm for  pre market  
$15-$25  with few orders  will add this in 1 hr friday morning  
 
*  trend is covid/ raising winter shopping  season  
shop in 175 countries makes every penny out of each sales of  
customer unlike $bigc   
nasdaq website see ask bid manipulation",2020-11-06 12:24:14,1,"['shop', 'bigc']"
254796038,4 high-growth stocks to buy before 2021 $snap $shop $amzn $zm also $spyg https://talkmarkets.com/content/stocks--equities/4-high-growth-stocks-to-buy-before-2021?post=284436,2020-11-06 08:45:59,-69,"['amzn', 'spyg', 'snap', 'shop', 'zm']"
254793778,$tdoc $shop up and down at current range for 5months already,2020-11-06 07:43:33,-69,"['shop', 'tdoc']"
254787174,$shop go shop go!,2020-11-06 05:41:07,1,['shop']
254780687,$spy $aapl $amd $shop $tsla the rally continues here https://youtu.be/gt3uxfezcoy,2020-11-06 04:21:47,1,"['aapl', 'amd', 'spy', 'tsla', 'shop']"
254764423,"$shop $2,000 will be too easy",2020-11-06 02:06:39,1,['shop']
254763297,"$shop bulls are not leaving anytime soon, just sayin !",2020-11-06 01:58:26,1,['shop']
254755013,$shop any idea on tomorrow&#39;s opening price?,2020-11-06 01:05:35,-69,['shop']
254744980,"$shop it&#39;s been a good run, closed my position here.",2020-11-06 00:11:53,-69,['shop']
254744865,$lspd beautiful reverse {c&amp;h} breaking out here on the {weekly} chart. $49.71 triggered long today. stop would be placed at $45. the company&#39;s commerce-enabling platform for small &amp; medium-sized retailers &amp; restaurateurs have earned a rep as being the next shopify. $shop $sq $qqq,2020-11-06 00:11:16,1,"['sq', 'qqq', 'shop', 'lspd']"
254739697,$twlo and $shop posted this morning ! hope some got the idea ;),2020-11-05 23:45:46,-69,"['twlo', 'shop']"
254727692,$shop holla if you still have 1k calls,2020-11-05 22:49:43,1,['shop']
254711921,"$shop bigcommerce won’t ever have as many merchants as shopify. and partly because bigcommerce doesn’t make any revenue off of marketplace sales, whereas that is shopify’s biggest revenue stream.",2020-11-05 21:53:24,1,['shop']
254707474,$bigc $shop why bigc wins?,2020-11-05 21:40:17,1,"['shop', 'bigc']"
254706850,"$bigc keep on growing \m/ the next $shop in terms of stock price. in terms of valuation of product, bigc wins in my opinion.",2020-11-05 21:38:34,1,"['shop', 'bigc']"
254703052,"$bigc $prpl $shop $etsy $ftch  
in the last 4 days bigc was up 18%+ going into the er so the reaction in price shouldn&#39;t be a shock to some of us.  
 
bigc float has increased from 9 million to 31 million shares  since ipo 
 
currently prpl or ftch are favored but if bigc pulls back significantly could be an opportunity yet it depends on the cc.",2020-11-05 21:29:11,-69,"['etsy', 'shop', 'prpl', 'ftch', 'bigc']"
254702486,$shop thinking of buying here with big move from $ttd they trade together or at least they used to,2020-11-05 21:27:44,1,"['shop', 'ttd']"
254699310,$shop why did this stock did not do a reverse split yet ?,2020-11-05 21:20:19,-69,['shop']
254698280,$shop approaching upper resistance,2020-11-05 21:18:11,-69,['shop']
254695802,$shop 10% off ath”s will take it!!,2020-11-05 21:13:19,1,['shop']
254693771,"$shop hoping this market needs a breather tomorrow, insane 3-day rally surely cools off for a nice 2-3% dip to end the week right?...",2020-11-05 21:09:16,-1,['shop']
254691712,$shop adding derivatives here.,2020-11-05 21:05:15,-69,['shop']
254688135,$shop $,2020-11-05 20:55:19,-69,['shop']
254684849,$shop what a keeper    🎣,2020-11-05 20:44:21,1,['shop']
254674476,"$shop in my view this has all potential to go 1500$ short term. this is the new amazon earnings beat already proved that. amazon is too big and bureaucratic to compete with this nimble sister. 
pt  1820$.",2020-11-05 20:06:59,1,['shop']
254673293,"$shop $twlo calla looking good, posted earlier, if paid attention, up 2.5/cont.",2020-11-05 20:03:18,-69,"['twlo', 'shop']"
254671272,$shop adding calls.,2020-11-05 19:56:45,1,['shop']
254670701,$shop some calls here!,2020-11-05 19:54:51,1,['shop']
254670485,"🚀 1 week gains on these dip buy alerts! 💪
$amzn $shop $zm $tsla $ddog 
✔ follow and turn on notifications for more amazing trade ideas! 🚨
✔ we are also streaming our proprietary trade idea&#39;s scanner for free!!! check it out! 

https://www.youtube.com/unitedtraderschannel/live",2020-11-05 19:54:11,1,"['amzn', 'tsla', 'shop', 'zm', 'ddog']"
254670391,"$shop over the past 6 months, $shop had a 96.2% chance of making a 1% gain or more within 5 days, if you bought at the friday closing price. average return is 7.3%. this is my analysis if you want to check it out: http://stockdips.com/fmd/shop.htm",2020-11-05 19:53:51,-69,['shop']
254670382,$shop i don&#39;t understand why shop is going back and forth - like a teenager who doesn&#39;t know what to do. my pt for it is 1820$.,2020-11-05 19:53:49,1,['shop']
254655873,$shop ,2020-11-05 19:04:24,1,['shop']
254655381,"$shop sold too early 😭😂 still made profit tho. i will wait for the post election dip/cooldown and load up for the run to $1,100",2020-11-05 19:02:41,1,['shop']
254652290,$shop i keep telling y’all.  buy $lspd and $clct,2020-11-05 18:52:11,1,"['clct', 'shop', 'lspd']"
254651953,$nio $prty $shop wow,2020-11-05 18:50:50,1,"['nio', 'prty', 'shop']"
254645399,$shop once marijuana will be legalized and sold on shops on shopify.. cgc and shopify should spike! it’s the biden fantasy presidency!,2020-11-05 18:28:04,-69,['shop']
254642969,$shop should be below 700 so much hype and overvalue here sell sell sell sell,2020-11-05 18:19:17,-1,['shop']
254641178,$shop just below our mushroom spot! peace shop❤️,2020-11-05 18:12:41,1,['shop']
254641154,$shop it&#39;s a fraud company,2020-11-05 18:12:34,-69,['shop']
254638280,$shop $1100 soon,2020-11-05 18:01:41,1,['shop']
254637829,"$shop out 25% at my 1025 goal (from 925).   next stop, 50% at 1100",2020-11-05 18:00:19,1,['shop']
254630377,"if you are complaining about $pins, you did not do your dd. the next $shop. also that cup only getting sexier.",2020-11-05 17:33:29,1,"['pins', 'shop']"
254630150,"$bigc this could very well be the last chance to get this stock under $100 people. this is a good company in the fastest growing sector with so many tail winds pushing it... i reiterate high covid cases helps ecommerce plays. divided government helps tech stocks. fiscal stimulus which cocaine mitch just committed too helps consumer discretionary spending. lastly, does anyone think that they won&#39;t have grown during the holiday spending season? if you are selling this stock or shorting it then you are a fool. buy $bigc $shop $bzun, you literally could close your eyes, spin around and throw a dart and expect great returns in a year.",2020-11-05 17:32:31,1,"['shop', 'bzun', 'bigc']"
254620929,"premarket gainers 
$amzn $googl $shop $qcom $chtr  
 
track today&#39;s gainers. live scans start 930am et 
stockbeep.com/pregain-nov5",2020-11-05 16:58:32,-69,"['amzn', 'chtr', 'qcom', 'googl', 'shop']"
254620916,"premarket gainers 
$amzn $googl $shop $zm $now  
 
track today&#39;s gainers. live scans start 930am et 
stockbeep.com/pregain-nov4",2020-11-05 16:58:30,-69,"['amzn', 'now', 'googl', 'shop', 'zm']"
254619117,$shop https://www.prnewswire.com/news-releases/bambuser-launches-new-shopify-app-for-live-video-shopping-301167164.html,2020-11-05 16:52:02,1,['shop']
254615007,"$shop unusual call sweep

212 nov(20) 1025 calls opened for $41.50. $879k premium. 47 oi",2020-11-05 16:37:10,-69,['shop']
254613834,"bearish sentiment in $shop feb-19 puts at $1000 strike price. 500 contracts, $6.0m premium.  https://www.swaggystocks.com/dashboard/stocklabs/option-flow/shop",2020-11-05 16:33:06,-69,['shop']
254612843,"media pump on shop for sucker buyers. 
$shop  ripening for juice collection. 
 
$spy $qqq $dia",2020-11-05 16:29:49,-69,"['dia', 'spy', 'qqq', 'shop']"
254610462,$shop $shop posted positive earnings with a bullish outlook. $shop posted good earnings with the pead projecting a bull,2020-11-05 16:21:16,1,['shop']
254609369,$shop new article : operation hope founder brings urgency to financial inclusion with shopify partnership https://www.stck.pro/news/shop/8953635,2020-11-05 16:17:21,-69,['shop']
254604732,"$pltr another comparison $shop sp $1023 / mcap 124b

that&#39;s were $pltr also belongs. 100b mcap club (sp $50+).",2020-11-05 16:02:22,1,"['pltr', 'shop']"
254604713,$four acquire 3dcart e-commerce platform powering 14000 businesses. mini $shop in the making! $sq $pypl,2020-11-05 16:02:16,-69,"['sq', 'shop', 'pypl', 'four']"
254599766,"hello $shop!  getting pumped again by media. juice building for collection. 
 
$spy $qqq $dia",2020-11-05 15:47:09,-69,"['dia', 'spy', 'qqq', 'shop']"
254597286,"$prpl $bigc $shop $etsy $ftch  
purple has rev. @ $175m per.quarter  (float @ 37 m)  
  
bigc has rev. @ $36m per quarter (float @ 31 m)   
  
purple has $95 million+ cash   
  
bigc has $25 million+ cash   
  
purple rev. per yr @ $530 million   
  
bigc rev. per yr @ $129 million   
  
purple is profitable &amp; bigc is currently not proiftable   
  
both are e-commerce co.",2020-11-05 15:39:29,-69,"['etsy', 'shop', 'prpl', 'ftch', 'bigc']"
254591390,"$lspd btig analyst mark palmer raised the firm&#39;s price target on lightspeed to $53 from $47 and keeps a buy rating on the shares. the analyst said &quot;the story remains compelling as it has just begun to capture the significant opportunity arising from the covid-19 pandemic.&quot;

$sq $shop $bigc",2020-11-05 15:22:28,1,"['sq', 'shop', 'bigc', 'lspd']"
254591098,$shop all of e-commerce are in triple digits and this sits at 20 dollars.,2020-11-05 15:21:41,-69,['shop']
254589228,"$tsla $aapl $shop always trust a wedbush upgrade lmfao...
https://www.fa-mag.com/news/wedbush--securities-pays--250-000-to-settle-charges-in-pump-and-dump-scheme-43809.html",2020-11-05 15:16:21,-69,"['aapl', 'tsla', 'shop']"
254589195,"$shop bullish on $shop i keep making updates on my website and it looks pretty professional! i have never made a website before. check it out!

and buy something😉

took two days to setup

www.murphspaw.com",2020-11-05 15:16:15,1,['shop']
254588515,"$prpl $bigc $shop $etsy $ftch  
purple forecast er nov.11th  
 
eps @ $0.24 
 
sales/rev. @ $175.4 million  
 
share float @ 37 million (small float &amp; only 6m more shares than bigc which has rev. @ $36 million vs. purple&#39;s $175 million)  
 
purple wil be a mover",2020-11-05 15:14:18,-69,"['etsy', 'shop', 'prpl', 'ftch', 'bigc']"
254587065,$shop yo,2020-11-05 15:10:25,1,['shop']
254582857,$shop still doing the create bag holders thing. okay.,2020-11-05 14:59:52,-1,['shop']
254578375,$shop doing the canadian thing.... fading,2020-11-05 14:48:04,-69,['shop']
254577951,$shop this is a dead horse,2020-11-05 14:46:58,-69,['shop']
254576030,$lspd i want 20% today ❗️❗️❗️❗️❗️❗️❗️❗️ ez money $bigc $shop $plug $fsr,2020-11-05 14:41:46,1,"['plug', 'shop', 'fsr', 'bigc', 'lspd']"
254575494,$shop new article : the post-earnings dip in shopify stock is a massive opportunity https://www.stck.pro/news/shop/8951619,2020-11-05 14:40:10,-69,['shop']
254573207,$twlo $shop well hellooooooo,2020-11-05 14:33:25,-69,"['twlo', 'shop']"
254572845,$shop had 50 contracts at 910 nice profits on the 1k strike.,2020-11-05 14:32:16,1,['shop']
254572601,$shop ,2020-11-05 14:31:26,-69,['shop']
254570377,$twlo $shop let&#39;s gooooo... here sharing 2 positions,2020-11-05 14:23:34,-69,"['twlo', 'shop']"
254566989,$shop should i hop on for a swing at this price?,2020-11-05 14:10:13,1,['shop']
254553891,$zm $nvda $goog $shop = good moving in premarket📈💰✔️,2020-11-05 13:13:44,1,"['goog', 'nvda', 'shop', 'zm']"
254553575,"$amzn, $googl, $shop, $tqqq,  $nflx = nice moving in premarket📈💰✔️",2020-11-05 13:12:18,1,"['amzn', 'nflx', 'tqqq', 'googl', 'shop']"
