id,body,created_at,sentiment,symbols
254877340,$bigc @phatpuffdaddy i hope you took profits my boy. $shop grew 100% during pandemic and even that is richly valued.,2020-11-06 16:09:39,-69,"['shop', 'bigc']"
254877190,"$shop social commerce is a term you&#39;re going to be hearing a lot more of in the coming months and years

example: the shopify integration with tiktok",2020-11-06 16:09:10,-69,['shop']
254873065,"$pltr just as a comparison $shop 2019 revenue 1,58 billion usd, mcap 125 billion usd, sp $1029

predicting that $pltr will beat $shop in revenue and mcap in couple of months. sp will act accordingly

short term tp $30 - 50. mcap 50 - 80b.",2020-11-06 15:57:48,1,"['pltr', 'shop']"
254870517,$tsla $amzn $aapl $shop $spy biden tryna get to the white house,2020-11-06 15:50:59,-69,"['aapl', 'amzn', 'spy', 'tsla', 'shop']"
254868174,"$lspd btig analyst mark palmer raised the firm&#39;s price target on lightspeed pos to $58 from a$53 and reiterates a buy rating on the shares. yesterday&#39;s &quot;strong&quot; q2 results show the &quot;resilience of lightspeed&#39;s cloud-based point of sale platform amidst the covid-19 pandemic, palmer tells investors in a research note. further, the acquisition of shopkeep furthers its push into the u.s., adds the analyst.

$sq $tsla $shop  $acb",2020-11-06 15:44:47,1,"['sq', 'tsla', 'shop', 'acb', 'lspd']"
254862065,"$shop this is a terrible article in my opinion. bezos sold that much in my mind for tax reasons and potential blue wave. not because he thinks amazon is over valued...certainly not selling shopify cause bezos is dumped more amazon. bad thesis. 

https://www.fool.ca/2020/11/06/shopify-tsxshop-13-3-billion-reasons-to-cut-your-stake/",2020-11-06 15:28:03,-69,['shop']
254862009,$shop $1150,2020-11-06 15:27:56,1,['shop']
254857110,"$jd last quarter jd did $28.5 billion in revenue and $2.3 billion net income jd current market cap 146 billion market cap 

$amzn in 2016 1st q did 29 billion and 513 million net income. they had a 350 billion market cap

amazon market cap is double even though jd has a 100 million more users and serves a much, muchhh larger population!! jd has more users than the entire u.s. population. and i can only assume we will do better than amazon&#39;s 2017 numbers this next quarter. and why is jd is such a discount? politics!!! surely this is $1,000 stock in the next 2 years!!!!
$shop $sq",2020-11-06 15:13:32,1,"['amzn', 'sq', 'jd', 'shop']"
254852493,"$bzun imagine $shop plus (30%+ of their merchants and 90%+ of their gmv) but within the giant chinese market. specializing in helping international brands break into the market, along with a growing base of domestic brands. now imagine they also start moving down the spectrum of large to medium-sized merchants using their commerce platform and automation tools that they built for these large merchants (ross). that&#39;s bzun.",2020-11-06 15:01:16,1,"['shop', 'bzun']"
254850723,"$prpl $bigc $ftch $shop $etsy  
 
purple rev.growth @ 57.53%  yoy 
small float of 37 million shares 
total cash $95 million  
e-commerce market  
 
purple going places  
 
look @ their filings cause this company likely to hit $40&#39;s soon enough.  
 
also, ftch great e-commerce company as well 
https://www.sec.gov/cgi-bin/browse-edgar?cik=1643953&amp;owner=exclude",2020-11-06 14:56:57,-69,"['etsy', 'shop', 'prpl', 'ftch', 'bigc']"
254850558,$shop do you it will go past 1040 today?,2020-11-06 14:56:28,1,['shop']
254847079,$shop why is it even filing so bad?,2020-11-06 14:48:04,1,['shop']
254834909,"premarket losers 
$amzn $googl $shop $ea $zm  
 
track today&#39;s losers. live scans start 930am et 
stockbeep.com/prelose-nov6",2020-11-06 14:12:02,-69,"['amzn', 'ea', 'googl', 'shop', 'zm']"
254834567,$shop here’s you’re biggest threat i covered reason why lgiq pt $80/share logiq: e-commerce intrinsic valuation offers a deep value opportunity | seeking alpha https://seekingalpha.com/instablog/984807-chris-lacoursiere/5491039-logiq-e-commerce-intrinsic-valuation-offers-deep-value-opportunity,2020-11-06 14:10:51,-69,['shop']
254823541,$shop https://martechseries.com/mobile/mobile-marketing/e-commerce-and-mobile-commerce/bambuser-launches-new-shopify-app-live-video-shopping/,2020-11-06 13:24:27,1,['shop']
254819710,"$shop 02 nov. 2020 
cashop 
rosenblatt securities 
mark zgutowicz 
87 
buy 
$1,831.06",2020-11-06 13:06:31,1,['shop']
254813982,"$bigc $shop $ftch $etsy $prpl  
didn&#39;t like these two statements by bigc cfo, basically saying lower volume/sales 
 
 &quot;and we continue to forecast our business under the expectation that volumes will normalize back down to pre=covid levels over the course of the next three to six months&quot; cfo - robert alvarez 
 
&quot;when we think about gmv levels for q4, we&#39;re ramping it down more&quot; cfo 
 
bigc could surprise with new add-ons or partnerships but if &quot;volumes normalize back down&quot; not likely to help bigc&#39;s eps or rev. growth. 
 
i see they now have $179 million in cash which is good but likely to will need to hold at least $500m to expand/compete &amp; improve their position in the e-commerce market place.  
 
also keep in mind that nasdaq is up 7.6% this week &amp; bigc is up 16.3% in the last 4 trading days as well",2020-11-06 12:32:02,-69,"['etsy', 'shop', 'prpl', 'ftch', 'bigc']"
254812768,"$shop totally manipulated by mm for  pre market  
$15-$25  with few orders  will add this in 1 hr friday morning  
 
*  trend is covid/ raising winter shopping  season  
shop in 175 countries makes every penny out of each sales of  
customer unlike $bigc   
nasdaq website see ask bid manipulation",2020-11-06 12:24:14,1,"['shop', 'bigc']"
254796038,4 high-growth stocks to buy before 2021 $snap $shop $amzn $zm also $spyg https://talkmarkets.com/content/stocks--equities/4-high-growth-stocks-to-buy-before-2021?post=284436,2020-11-06 08:45:59,-69,"['amzn', 'spyg', 'snap', 'shop', 'zm']"
254793778,$tdoc $shop up and down at current range for 5months already,2020-11-06 07:43:33,-69,"['shop', 'tdoc']"
254787174,$shop go shop go!,2020-11-06 05:41:07,1,['shop']
254780687,$spy $aapl $amd $shop $tsla the rally continues here https://youtu.be/gt3uxfezcoy,2020-11-06 04:21:47,1,"['aapl', 'amd', 'spy', 'tsla', 'shop']"
254764423,"$shop $2,000 will be too easy",2020-11-06 02:06:39,1,['shop']
254763297,"$shop bulls are not leaving anytime soon, just sayin !",2020-11-06 01:58:26,1,['shop']
254755013,$shop any idea on tomorrow&#39;s opening price?,2020-11-06 01:05:35,-69,['shop']
254744980,"$shop it&#39;s been a good run, closed my position here.",2020-11-06 00:11:53,-69,['shop']
254744865,$lspd beautiful reverse {c&amp;h} breaking out here on the {weekly} chart. $49.71 triggered long today. stop would be placed at $45. the company&#39;s commerce-enabling platform for small &amp; medium-sized retailers &amp; restaurateurs have earned a rep as being the next shopify. $shop $sq $qqq,2020-11-06 00:11:16,1,"['sq', 'qqq', 'shop', 'lspd']"
254739697,$twlo and $shop posted this morning ! hope some got the idea ;),2020-11-05 23:45:46,-69,"['twlo', 'shop']"
254727692,$shop holla if you still have 1k calls,2020-11-05 22:49:43,1,['shop']
254711921,"$shop bigcommerce won’t ever have as many merchants as shopify. and partly because bigcommerce doesn’t make any revenue off of marketplace sales, whereas that is shopify’s biggest revenue stream.",2020-11-05 21:53:24,1,['shop']
254707474,$bigc $shop why bigc wins?,2020-11-05 21:40:17,1,"['shop', 'bigc']"
254706850,"$bigc keep on growing \m/ the next $shop in terms of stock price. in terms of valuation of product, bigc wins in my opinion.",2020-11-05 21:38:34,1,"['shop', 'bigc']"
254703052,"$bigc $prpl $shop $etsy $ftch  
in the last 4 days bigc was up 18%+ going into the er so the reaction in price shouldn&#39;t be a shock to some of us.  
 
bigc float has increased from 9 million to 31 million shares  since ipo 
 
currently prpl or ftch are favored but if bigc pulls back significantly could be an opportunity yet it depends on the cc.",2020-11-05 21:29:11,-69,"['etsy', 'shop', 'prpl', 'ftch', 'bigc']"
254702486,$shop thinking of buying here with big move from $ttd they trade together or at least they used to,2020-11-05 21:27:44,1,"['shop', 'ttd']"
254699310,$shop why did this stock did not do a reverse split yet ?,2020-11-05 21:20:19,-69,['shop']
254698280,$shop approaching upper resistance,2020-11-05 21:18:11,-69,['shop']
254695802,$shop 10% off ath”s will take it!!,2020-11-05 21:13:19,1,['shop']
254693771,"$shop hoping this market needs a breather tomorrow, insane 3-day rally surely cools off for a nice 2-3% dip to end the week right?...",2020-11-05 21:09:16,-1,['shop']
254691712,$shop adding derivatives here.,2020-11-05 21:05:15,-69,['shop']
254688135,$shop $,2020-11-05 20:55:19,-69,['shop']
254684849,$shop what a keeper    🎣,2020-11-05 20:44:21,1,['shop']
254674476,"$shop in my view this has all potential to go 1500$ short term. this is the new amazon earnings beat already proved that. amazon is too big and bureaucratic to compete with this nimble sister. 
pt  1820$.",2020-11-05 20:06:59,1,['shop']
254673293,"$shop $twlo calla looking good, posted earlier, if paid attention, up 2.5/cont.",2020-11-05 20:03:18,-69,"['twlo', 'shop']"
254671272,$shop adding calls.,2020-11-05 19:56:45,1,['shop']
254670701,$shop some calls here!,2020-11-05 19:54:51,1,['shop']
254670485,"🚀 1 week gains on these dip buy alerts! 💪
$amzn $shop $zm $tsla $ddog 
✔ follow and turn on notifications for more amazing trade ideas! 🚨
✔ we are also streaming our proprietary trade idea&#39;s scanner for free!!! check it out! 

https://www.youtube.com/unitedtraderschannel/live",2020-11-05 19:54:11,1,"['amzn', 'tsla', 'shop', 'zm', 'ddog']"
254670391,"$shop over the past 6 months, $shop had a 96.2% chance of making a 1% gain or more within 5 days, if you bought at the friday closing price. average return is 7.3%. this is my analysis if you want to check it out: http://stockdips.com/fmd/shop.htm",2020-11-05 19:53:51,-69,['shop']
254670382,$shop i don&#39;t understand why shop is going back and forth - like a teenager who doesn&#39;t know what to do. my pt for it is 1820$.,2020-11-05 19:53:49,1,['shop']
254655873,$shop ,2020-11-05 19:04:24,1,['shop']
254655381,"$shop sold too early 😭😂 still made profit tho. i will wait for the post election dip/cooldown and load up for the run to $1,100",2020-11-05 19:02:41,1,['shop']
254652290,$shop i keep telling y’all.  buy $lspd and $clct,2020-11-05 18:52:11,1,"['clct', 'shop', 'lspd']"
254651953,$nio $prty $shop wow,2020-11-05 18:50:50,1,"['nio', 'prty', 'shop']"
254645399,$shop once marijuana will be legalized and sold on shops on shopify.. cgc and shopify should spike! it’s the biden fantasy presidency!,2020-11-05 18:28:04,-69,['shop']
254642969,$shop should be below 700 so much hype and overvalue here sell sell sell sell,2020-11-05 18:19:17,-1,['shop']
254641178,$shop just below our mushroom spot! peace shop❤️,2020-11-05 18:12:41,1,['shop']
254641154,$shop it&#39;s a fraud company,2020-11-05 18:12:34,-69,['shop']
254638280,$shop $1100 soon,2020-11-05 18:01:41,1,['shop']
254637829,"$shop out 25% at my 1025 goal (from 925).   next stop, 50% at 1100",2020-11-05 18:00:19,1,['shop']
254630377,"if you are complaining about $pins, you did not do your dd. the next $shop. also that cup only getting sexier.",2020-11-05 17:33:29,1,"['pins', 'shop']"
254630150,"$bigc this could very well be the last chance to get this stock under $100 people. this is a good company in the fastest growing sector with so many tail winds pushing it... i reiterate high covid cases helps ecommerce plays. divided government helps tech stocks. fiscal stimulus which cocaine mitch just committed too helps consumer discretionary spending. lastly, does anyone think that they won&#39;t have grown during the holiday spending season? if you are selling this stock or shorting it then you are a fool. buy $bigc $shop $bzun, you literally could close your eyes, spin around and throw a dart and expect great returns in a year.",2020-11-05 17:32:31,1,"['shop', 'bzun', 'bigc']"
254620929,"premarket gainers 
$amzn $googl $shop $qcom $chtr  
 
track today&#39;s gainers. live scans start 930am et 
stockbeep.com/pregain-nov5",2020-11-05 16:58:32,-69,"['amzn', 'chtr', 'qcom', 'googl', 'shop']"
254620916,"premarket gainers 
$amzn $googl $shop $zm $now  
 
track today&#39;s gainers. live scans start 930am et 
stockbeep.com/pregain-nov4",2020-11-05 16:58:30,-69,"['amzn', 'now', 'googl', 'shop', 'zm']"
254619117,$shop https://www.prnewswire.com/news-releases/bambuser-launches-new-shopify-app-for-live-video-shopping-301167164.html,2020-11-05 16:52:02,1,['shop']
254615007,"$shop unusual call sweep

212 nov(20) 1025 calls opened for $41.50. $879k premium. 47 oi",2020-11-05 16:37:10,-69,['shop']
254613834,"bearish sentiment in $shop feb-19 puts at $1000 strike price. 500 contracts, $6.0m premium.  https://www.swaggystocks.com/dashboard/stocklabs/option-flow/shop",2020-11-05 16:33:06,-69,['shop']
254612843,"media pump on shop for sucker buyers. 
$shop  ripening for juice collection. 
 
$spy $qqq $dia",2020-11-05 16:29:49,-69,"['dia', 'spy', 'qqq', 'shop']"
254610462,$shop $shop posted positive earnings with a bullish outlook. $shop posted good earnings with the pead projecting a bull,2020-11-05 16:21:16,1,['shop']
254609369,$shop new article : operation hope founder brings urgency to financial inclusion with shopify partnership https://www.stck.pro/news/shop/8953635,2020-11-05 16:17:21,-69,['shop']
254604732,"$pltr another comparison $shop sp $1023 / mcap 124b

that&#39;s were $pltr also belongs. 100b mcap club (sp $50+).",2020-11-05 16:02:22,1,"['pltr', 'shop']"
254604713,$four acquire 3dcart e-commerce platform powering 14000 businesses. mini $shop in the making! $sq $pypl,2020-11-05 16:02:16,-69,"['sq', 'shop', 'pypl', 'four']"
254599766,"hello $shop!  getting pumped again by media. juice building for collection. 
 
$spy $qqq $dia",2020-11-05 15:47:09,-69,"['dia', 'spy', 'qqq', 'shop']"
254597286,"$prpl $bigc $shop $etsy $ftch  
purple has rev. @ $175m per.quarter  (float @ 37 m)  
  
bigc has rev. @ $36m per quarter (float @ 31 m)   
  
purple has $95 million+ cash   
  
bigc has $25 million+ cash   
  
purple rev. per yr @ $530 million   
  
bigc rev. per yr @ $129 million   
  
purple is profitable &amp; bigc is currently not proiftable   
  
both are e-commerce co.",2020-11-05 15:39:29,-69,"['etsy', 'shop', 'prpl', 'ftch', 'bigc']"
254591390,"$lspd btig analyst mark palmer raised the firm&#39;s price target on lightspeed to $53 from $47 and keeps a buy rating on the shares. the analyst said &quot;the story remains compelling as it has just begun to capture the significant opportunity arising from the covid-19 pandemic.&quot;

$sq $shop $bigc",2020-11-05 15:22:28,1,"['sq', 'shop', 'bigc', 'lspd']"
254591098,$shop all of e-commerce are in triple digits and this sits at 20 dollars.,2020-11-05 15:21:41,-69,['shop']
254589228,"$tsla $aapl $shop always trust a wedbush upgrade lmfao...
https://www.fa-mag.com/news/wedbush--securities-pays--250-000-to-settle-charges-in-pump-and-dump-scheme-43809.html",2020-11-05 15:16:21,-69,"['aapl', 'tsla', 'shop']"
254589195,"$shop bullish on $shop i keep making updates on my website and it looks pretty professional! i have never made a website before. check it out!

and buy something😉

took two days to setup

www.murphspaw.com",2020-11-05 15:16:15,1,['shop']
254588515,"$prpl $bigc $shop $etsy $ftch  
purple forecast er nov.11th  
 
eps @ $0.24 
 
sales/rev. @ $175.4 million  
 
share float @ 37 million (small float &amp; only 6m more shares than bigc which has rev. @ $36 million vs. purple&#39;s $175 million)  
 
purple wil be a mover",2020-11-05 15:14:18,-69,"['etsy', 'shop', 'prpl', 'ftch', 'bigc']"
254587065,$shop yo,2020-11-05 15:10:25,1,['shop']
254582857,$shop still doing the create bag holders thing. okay.,2020-11-05 14:59:52,-1,['shop']
254578375,$shop doing the canadian thing.... fading,2020-11-05 14:48:04,-69,['shop']
254577951,$shop this is a dead horse,2020-11-05 14:46:58,-69,['shop']
254576030,$lspd i want 20% today ❗️❗️❗️❗️❗️❗️❗️❗️ ez money $bigc $shop $plug $fsr,2020-11-05 14:41:46,1,"['plug', 'shop', 'fsr', 'bigc', 'lspd']"
254575494,$shop new article : the post-earnings dip in shopify stock is a massive opportunity https://www.stck.pro/news/shop/8951619,2020-11-05 14:40:10,-69,['shop']
254573207,$twlo $shop well hellooooooo,2020-11-05 14:33:25,-69,"['twlo', 'shop']"
254572845,$shop had 50 contracts at 910 nice profits on the 1k strike.,2020-11-05 14:32:16,1,['shop']
254572601,$shop ,2020-11-05 14:31:26,-69,['shop']
254570377,$twlo $shop let&#39;s gooooo... here sharing 2 positions,2020-11-05 14:23:34,-69,"['twlo', 'shop']"
254566989,$shop should i hop on for a swing at this price?,2020-11-05 14:10:13,1,['shop']
254553891,$zm $nvda $goog $shop = good moving in premarket📈💰✔️,2020-11-05 13:13:44,1,"['goog', 'nvda', 'shop', 'zm']"
254553575,"$amzn, $googl, $shop, $tqqq,  $nflx = nice moving in premarket📈💰✔️",2020-11-05 13:12:18,1,"['amzn', 'nflx', 'tqqq', 'googl', 'shop']"
254548610,$shop this is still a dog compared to meli and amazon,2020-11-05 12:45:14,-69,['shop']
254545281,$shop ty for ez profit on 1k calla from 910,2020-11-05 12:25:02,1,['shop']
254544564,"$four i feel, companies like $shop , $bigc , and countless others like $four (with 3dcart acquisition), will pose significant threat to $amzn marketplace.",2020-11-05 12:19:49,-69,"['amzn', 'shop', 'four', 'bigc']"
254541854,"$four deserves higher pe mutliple than 15. my logic- 3dcart which is like $bigc or $shop 

with 15, it will get pt $69 
with 17, it will get pt $79",2020-11-05 12:03:04,1,"['shop', 'four', 'bigc']"
254537216,$shop headed to 1500,2020-11-05 11:24:12,1,['shop']
254533012,$shop why is this lagging behind in e-commerce?  should be $1100,2020-11-05 10:29:19,-69,['shop']
254532178,"$ostk bitcoin and crypto literally flying, that could give the firestart to this baby fallen asleep despite blowout revenues increase $shop $amzn $meli",2020-11-05 10:14:47,1,"['amzn', 'meli', 'ostk', 'shop']"
254529297,$shop this was dragged down on monster er beat.. now this will break ath,2020-11-05 09:18:34,-69,['shop']
254521657,$shop who doesn&#39;t love to $shop this is easy money... buy &amp; hold...your going to want this on your portfolio 3-5 years guaranteed 💰🤑,2020-11-05 06:21:49,1,['shop']
254509079,"$bigc  $shop $etsy $ftch $prpl  
bigc er forecast 
eps @  -$0.29  
sales @ $36 million  
 
current share float @ 30.82 million (an increase from 9 million)",2020-11-05 03:23:23,-69,"['etsy', 'shop', 'prpl', 'ftch', 'bigc']"
254509015,"$shop will probably pullback tomorrow and maybe friday, but afterward we climb higher.",2020-11-05 03:22:53,-69,['shop']
254507281,the alerts came out swinging at open. setting us up for some easy money. check the discord link. $shop $dkng $wday $fb,2020-11-05 03:05:30,-69,"['fb', 'wday', 'shop', 'dkng']"
254502586,$shop  market will decide this but if up then 1050,2020-11-05 02:22:08,-69,['shop']
254494670,"$shop futures are green!

hopefully another green day!

what do u think end of week pt?",2020-11-05 01:17:35,1,['shop']
254486566,another great day for the team 18 alerts with 17 wins and 1 loss monster alerta for $amzn $shop $fb and $okta,2020-11-05 00:17:55,-69,"['amzn', 'fb', 'shop', 'okta']"
254485029,"$amzn  $shop $ftch $prpl $aapl  
bezo&#39;s sells 400,000,000+ shares of amzn  
  
also, large put 6,099 vol. today @ 3100 strike for nov.6th",2020-11-05 00:07:06,-69,"['aapl', 'amzn', 'shop', 'prpl', 'ftch']"
254477791,"$shop after spending wonderful 2-3 years with shopify(avg price $160). i would be selling 50% of my position once it reaches above $1000 on a bull day. i will have around 300k with that.   
  
anyone please could suggest what is the next multiyear multi bagger i can do research on and park the money there? it can&#39;t be  
$csiq or $fsly  
 as i am already big there :).",2020-11-04 23:21:05,1,"['csiq', 'shop', 'fsly']"
254471064,tcg ticker requests - $insg $shop $gpro $dkng $x  - technical analysis (nov 4th 2020)  https://www.chartguys.com/daily-market-videos/3368/tcg-ticker-requests-insg-shop-gpro-dkng-x-gsk-pins-technical-analysis-nov-4th-2020,2020-11-04 22:41:56,-69,"['gpro', 'insg', 'x', 'shop', 'dkng']"
254466768,$shop omg. buy the major dips and stop asking questions!!!! rinse and repeat.,2020-11-04 22:20:41,1,['shop']
254464523,$shop nice 👍,2020-11-04 22:11:01,1,['shop']
254457294,$shop shopify: add it to your cart https://seekingalpha.com/article/4384984,2020-11-04 21:42:38,-69,['shop']
254447517,$shop when can we expect ath’s?,2020-11-04 21:10:45,1,['shop']
254442958,$shop gap up to 1005 tomorrow. then run up to 1020,2020-11-04 20:56:53,1,['shop']
254440286,"$shop shopify is riding the pandemic-fueled tailwinds of e-commerce to serve more merchants, in more places, with more services. the company posted its second record quarter in a row, and it very likely won&#39;t be its last. with more consumers spending more online than ever before and the company executing at a high level, it might be a great time to pick up some shares of this quality growth stock.",2020-11-04 20:46:11,1,['shop']
254439658,$shop what is holding this down. wtf,2020-11-04 20:43:29,-69,['shop']
254438161,$shop $shop.ca resting/consolidating recent gains.,2020-11-04 20:36:47,-69,"['shop', 'shop.ca']"
254437570,$shop ah will be a riot!,2020-11-04 20:34:08,1,['shop']
254432135,$shop so the bears had their time and it only lasted two days,2020-11-04 20:09:35,-69,['shop']
254431207,$shop let&#39;s rock the boat !!,2020-11-04 20:05:13,1,['shop']
254429461,$shop new article : shopify just had its best quarter ever (again) https://www.stck.pro/news/shop/8937030,2020-11-04 19:57:15,-69,['shop']
254429418,$shop shopify just had its best quarter ever (again) http://dlvr.it/rl0zwn,2020-11-04 19:57:02,-69,['shop']
254427967,$shop so far so good,2020-11-04 19:50:37,1,['shop']
254424579,"$bigc whoever wins, it doesn&#39;t affect this stock on the long term. load the boat now. $shop $etsy $pins $spy",2020-11-04 19:35:48,1,"['spy', 'etsy', 'pins', 'shop', 'bigc']"
254423155,"the market looks great today.💚💚
 al most of the stock is working on the downtrend, we must to locks profits even small gain, then buy back when drops lowest, buy low sell high. $amzn  $googl  $goog  $shop $fb",2020-11-04 19:29:26,1,"['amzn', 'goog', 'fb', 'googl', 'shop']"
254421501,$shop ❤️ do something today that your future self will thank you for❤️,2020-11-04 19:21:44,1,['shop']
254417297,$shop squeeze coming,2020-11-04 19:03:01,1,['shop']
254411038,$shop my one true love,2020-11-04 18:35:01,-69,['shop']
254404673,"pre-market action plan today:

$shop long 20pts
$tsla pivot fail ss 12pts, long 6pts
$zm pivot fail ss 12pts
$nvda long 10pts, 550c 100%+",2020-11-04 18:07:08,-69,"['nvda', 'tsla', 'shop', 'zm']"
254402203,my only red position in my blue chip account $shop -2.40%,2020-11-04 17:57:20,-69,['shop']
254396121,"$shop  
https://youtu.be/ok-8x_nmgo4",2020-11-04 17:34:04,1,['shop']
254392768,$shop hahahah hellooo,2020-11-04 17:22:00,-69,['shop']
254391532,$shop this should be $1100,2020-11-04 17:17:15,-69,['shop']
254391339,$shop need that 1100 baby.,2020-11-04 17:16:35,1,['shop']
254388523,"$shop we focus on creating value for merchants and other stakeholders, including our shareholders.  
 
❤️ tobi",2020-11-04 17:06:11,1,['shop']
254388075,$shop ☺ still ....so in love with you ❤,2020-11-04 17:04:40,1,['shop']
254376786,$shop just buy every dip. ppl who laughed at you don&#39;t understand you 😘 you are the best selling engine out there. see you at 2k by 2023 👁👅👁,2020-11-04 16:23:50,1,['shop']
254373758,$nio $shop $best $prty,2020-11-04 16:13:16,1,"['best', 'nio', 'prty', 'shop']"
254364038,$shop 995 by end of the hour,2020-11-04 15:40:03,1,['shop']
254359067,$shop the gap to 942 needs to fill,2020-11-04 15:24:24,-69,['shop']
254355548,"$bigc https://www.youtube.com/watch?v=86urggqonva
earnings tomorrow! run to the hilllllllls \m/ $shop $spy $pins",2020-11-04 15:14:04,1,"['spy', 'pins', 'shop', 'bigc']"
254354756,$shop goldentreesupply are selling 3m n95 mask to us and canada huge revenue for shop,2020-11-04 15:11:31,1,['shop']
254346967,"$shop sold the top for a nice 17,000 profit on 1000 strike calls! check back later after michigan is called",2020-11-04 14:47:47,1,['shop']
254342464,$shop that was tough... tp target 1300,2020-11-04 14:34:02,1,['shop']
254341976,$shop welcome to the sweet shop!!!,2020-11-04 14:32:31,1,['shop']
254341393,$shop ath on the way l o n g  a nd  s t r o n g ❤️,2020-11-04 14:29:59,1,['shop']
254339224,$tsla $shop $fb $amzn $goog so what do you do in situations like these. you care absolutely nothing about how much potential there is to go higher and move into cash. you de-risk. de-leverage. you protect your fking money. in trading. they call these jumps opportunities. sure. market may go up a couple points. but at these levels and the uncertainty across the entire economy and political landscape. why risk it. that’s absolute smart investing.,2020-11-04 14:21:14,-69,"['amzn', 'goog', 'fb', 'tsla', 'shop']"
254335250,$shop buy at the open or wait for the pre-ejaculate sell off?,2020-11-04 14:03:02,1,['shop']
254335113,$shop trump bump,2020-11-04 14:02:25,1,['shop']
254334150,$shop what’s the target on this? today? this week? i have 1000 strike calls lotto play overnight! should be up big on them!,2020-11-04 13:57:49,1,['shop']
254332865,"$amzn  $googl $nvda $fb  $shop = good working, hold👍👍🔥🔥",2020-11-04 13:51:17,1,"['amzn', 'nvda', 'fb', 'googl', 'shop']"
254329882,$shop why is shopify so expensive? http://dlvr.it/rkzm9w,2020-11-04 13:35:32,-69,['shop']
254328975,$shop new article : why is shopify so expensive? https://www.stck.pro/news/shop/8929754,2020-11-04 13:31:09,-69,['shop']
254327640,"$shop i just made an online business through shopify. it was so easy to set up. definitely buying shares for long term. i have no experience for website design. check it out!
www.murphspaw.com",2020-11-04 13:24:09,-69,['shop']
254325753,"and that&#39;s how its done! 💪
another easy swing trade🤑
$amzn $shop $zm $tsla $ddog 
✔ follow and turn on notifications for more amazing trade ideas! 
✔ we are also streaming our proprietary trade idea&#39;s scanner for free!!! check it out! 

https://www.youtube.com/unitedtraderschannel/live",2020-11-04 13:12:01,-69,"['amzn', 'tsla', 'shop', 'zm', 'ddog']"
254322641,$shop squeeeeeeeeezzzzeeeeeeeeee,2020-11-04 12:54:23,1,['shop']
254316958,"$bigc earnings tomorrow, $spy $shop $pins $qqq 
y m c a !",2020-11-04 12:06:57,1,"['spy', 'qqq', 'pins', 'shop', 'bigc']"
254315728,$shop about time,2020-11-04 11:55:49,-69,['shop']
254315698,$amzn $etsy  $se $shop ecommerce! 💰💰👏,2020-11-04 11:55:34,1,"['amzn', 'se', 'etsy', 'shop']"
254314200,$bigc good morning folks! let&#39;s run past 100s as earnings is tomorrow! ecom is the future! $shop $etsy $pins $spy,2020-11-04 11:37:18,1,"['spy', 'etsy', 'pins', 'shop', 'bigc']"
254312549,comprehensive non-correlated shopify inc $shop trading report https://tinyurl.com/yys4hbbx,2020-11-04 11:15:04,-69,['shop']
254309794,$shop plunge,2020-11-04 10:26:44,-1,['shop']
254309778,$shop look for a double top before a record breaking,2020-11-04 10:26:30,-69,['shop']
254308435,peak profit for the last 6 expired option alerts for $shop 173.34| 201.72| 197.63| 246.53| 196.60| 219.49|,2020-11-04 10:00:35,-69,['shop']
254298060,$shop: the revenue has grown by 73.40% in the past year. this is a very strong growth! https://www.chartmill.com/stock/quote/shop/fundamental-analysis?key=2682050b-3e77-4227-bc12-31c53283b791&amp;utm_source=stocktwits&amp;utm_medium=fa&amp;utm_content=shop&amp;utm_campaign=social_tracking,2020-11-04 06:58:00,-69,['shop']
254271976,$qqq $shop shop looky here!,2020-11-04 03:11:15,1,"['qqq', 'shop']"
254269225,$shop never let go❤️💪,2020-11-04 02:53:13,1,['shop']
254264296,$shop hold tight bulls you know where we are goin!❤️💪,2020-11-04 02:15:25,1,['shop']
254251740,$shop https://youtu.be/pjnazejvd6y,2020-11-04 00:37:41,1,['shop']
254235782,$prty when’s the $shop and $wmt partnership gonna he announced 😬🤫,2020-11-03 22:49:39,1,"['wmt', 'prty', 'shop']"
254226689,$shop 💼,2020-11-03 21:57:28,-69,['shop']
254215869,$jmia 156m shares on the market? 😂 $shop  has 105m . price targets? realistic.,2020-11-03 21:11:31,-69,"['shop', 'jmia']"
254205455,$shop people are weird buying this fraud,2020-11-03 20:38:58,-69,['shop']
254204763,$gp bought $shop and $nvda based purely on technical chartd,2020-11-03 20:36:39,-69,"['nvda', 'shop', 'gp']"
254202833,$shop    &quot;i just love dancing&quot;    let&#39;s do it  shop !,2020-11-03 20:29:48,1,['shop']
254201153,$shop bit of a bull trap formed here,2020-11-03 20:23:30,-1,['shop']
254195928,"$bigc $shop $ftch $prpl $etsy  
&quot;vix puts galore today&quot; heavy hedging? 
 
spy put vol. @ 41,263 today w/strike @ 300 price //nov.20th  
  
spy put vol. @ 25,049  today w//strike @ 315 price //nov.20th  
  
spy  put vol. @ 21,172 today w//strike @ 320 price //nov.20th  
  
no call vol. larger than 19k @ 350 strike which is up 74%  
 
soon we will find out if  this volatility is made real. it now seems too expected",2020-11-03 20:02:44,-69,"['etsy', 'shop', 'prpl', 'ftch', 'bigc']"
254190622,$shop no one is trading this smh.,2020-11-03 19:41:47,-69,['shop']
254181938,$shop my winter sweater from shopify store ❤️,2020-11-03 19:06:24,1,['shop']
254176460,"$shop 

aths soon.",2020-11-03 18:43:53,1,['shop']
254168484,"$prpl $bigc $ftch $etsy $shop  
$0.24-sales 
$175.4m-reporting date 
nov 11-after close 
 
9 days until er &amp; would like to see a run-up into er &amp; perhaps sell do to the fact that most e-commerce stocks have dipped after earnings even when the beat the significant.",2020-11-03 18:11:17,-69,"['etsy', 'shop', 'prpl', 'ftch', 'bigc']"
254166711,$shop 😘,2020-11-03 18:04:11,1,['shop']
254165970,$shop well it&#39;s about time,2020-11-03 18:01:14,1,['shop']
254157598,"$shop $gnus. buy one share of $shop or 800 shares of $gnus. only one of the has the realistic potential to go up 50% in the next 30 days.

&quot;gnus&quot; genius brands - listen to andy&#39;s (c.e.o.) comments at the 36:24 mark from his 10/26 interview:

https://t.co/bnyxeyibq4

arnold, warren  and shaq are already on board. 

substantially oversold here.

company has $100,000,000 in cash. no debt.

investor invested $58,000,000 on friday at $1.55/share.  arnold paid $1.39. unknown what shaq paid.

&quot;kartoon channel&quot; is on amazon. samsung. roku 
alibaba, netflix, nickelodeon and apple.

down load the app.

substantially undervalued.",2020-11-03 17:29:14,-69,"['shop', 'gnus']"
254156429,$acmr $spce $lmnd $shop added some.,2020-11-03 17:25:00,1,"['acmr', 'shop', 'spce', 'lmnd']"
254154974,$se been sitting on this since $122 and don&#39;t plan on selling anytime soon. $200 next year and if they improve margins this babys rocketing like $shop and $meli,2020-11-03 17:19:41,-69,"['meli', 'se', 'shop']"
254146651,"$shop growth rate has declined. recent earnings call revealed negative qoq.  
 
how long can it stay above 700 a share?",2020-11-03 16:47:52,-1,['shop']
254145609,"$bigc london, nov. 3, 2020 /prnewswire/ -- epos now, a global software and payments technology company supporting over 30,000 retail and hospitality locations, has launched a major partnership with us ecommerce giant, bigcommerce.
$spy $shop $etsy",2020-11-03 16:44:18,1,"['spy', 'etsy', 'shop', 'bigc']"
254139749,"top canadian companies by market cap 🇨🇦

1. shopify ( $shop ) $114.56 b
2. royal bank of canada ( $ry ) $101.83 b
3. toronto dominion bank ( $td ) $82.78 b
4. canadian national railway ( $cni ) $74.68 b
5. enbridge ( $enb ) $55.97 b

more: https://companiesmarketcap.com/canada/largest-companies-in-canada-by-market-cap/",2020-11-03 16:24:42,-69,"['cni', 'enb', 'ry', 'td', 'shop']"
254138449,"$ostk bitcoins rising, e-commerce rising.... overstock stuck....??? $bigc $btc.x $shop",2020-11-03 16:20:16,-69,"['ostk', 'btc.x', 'shop', 'bigc']"
254137519,"$bigc volume still not there yet and she’s moving! $spy $shop 

should be interesting leading up to er",2020-11-03 16:17:15,1,"['spy', 'shop', 'bigc']"
254133406,"$shop 💥- great short term target, they blew out earnings recently.  available at a discount:",2020-11-03 16:03:57,1,['shop']
254130766,$shop  i predict president trump will be reelected,2020-11-03 15:55:40,1,['shop']
254128802,$shop staying perky,2020-11-03 15:49:27,1,['shop']
254128411,"bullish sentiment in $shop nov-06 calls at $900 strike price. 1k contracts, $4.6m premium.  https://www.swaggystocks.com/dashboard/stocklabs/option-flow/shop",2020-11-03 15:48:13,-69,['shop']
254125196,$shop almost no demand below this level (see volume side bars),2020-11-03 15:38:00,-69,['shop']
254124089,$shop it&#39;s up today 2% today but so is *everything*. i wouldn&#39;t celebrate yet.,2020-11-03 15:34:34,-69,['shop']
254123355,"$shop smack her on the ask &amp; let&#39;s goooo ☺
$1300 soon enough",2020-11-03 15:32:19,1,['shop']
254123345,$shop we are past the 730/1030 fade...heading higher🤔,2020-11-03 15:32:17,-69,['shop']
254119453,$shop added,2020-11-03 15:21:00,-69,['shop']
254117584,$shop why isn’t this moving?,2020-11-03 15:15:53,-69,['shop']
254107314,$shop it looks like a repeat of yesterday?,2020-11-03 14:47:35,-69,['shop']
254101551,"$pypl @cnbc commentator says &quot;trading at a hefty multiple.&quot; wrong! jimmy chill must be asleep at the wheel. price to sales is same as fb and 10times cheaper than $zm,  5times cheaper than $shop 40% cheaper than $v and $ma  get the facts. btfd",2020-11-03 14:30:23,-69,"['ma', 'v', 'shop', 'pypl', 'zm']"
254099857,"$shop  
02 nov. 2020 
cashop 
rosenblatt securities 
mark zgutowicz 
120 
buy 
$1,850.52",2020-11-03 14:24:04,1,['shop']
254095666,"premarket gainers 
$tsla $amzn $shop $googl $unh  
 
track today&#39;s gainers. live scans start 930am et 
stockbeep.com/pregain-nov3",2020-11-03 14:06:29,-69,"['amzn', 'unh', 'tsla', 'googl', 'shop']"
254095550,$dkng $spot $shop $bynd reversal ideas for the month of november,2020-11-03 14:05:59,1,"['spot', 'shop', 'bynd', 'dkng']"
254079766,"$ostk wyfair +20%, sector on fire again $shop $bigc $wix",2020-11-03 12:49:37,1,"['ostk', 'wix', 'shop', 'bigc']"
254072306,"$shop kinda trading weird, given indexes are up big. hmmm",2020-11-03 11:52:21,-69,['shop']
254069696,"🙌daily watchlist is now out! glta🎁
$amzn $roku $shop $pins $zm 
✔ follow and turn on notifications for more amazing trade ideas! 
✔ we are also streaming our proprietary trade idea&#39;s scanner for free!!! check it out! 

https://www.youtube.com/unitedtraderschannel/live",2020-11-03 11:20:12,-69,"['amzn', 'roku', 'pins', 'shop', 'zm']"
254068551,$shop i cannot even imagine how bad the sp will be with a few mistakes. never pay for a decade of growth in advance. you take all the risk.,2020-11-03 11:04:00,-1,['shop']
254064416,$zm $shop $spy oh man... the people thinking this week is going to turn out well for the market is mind blowing. the number of people thinking who wins is even the main concern is even more mind blowing.,2020-11-03 09:28:50,-1,"['spy', 'shop', 'zm']"
254057321,"$shop $spy $qqq 

another beautiful inverse head &amp; shoulder that played out perfectly on shop earlier this year (march-april2020). this one i managed to play it but took profits in the 700-800 range instead. 

https://stocktwits.com/fpl/message/180490579

———",2020-11-03 05:48:44,-69,"['spy', 'qqq', 'shop']"
254046703,"$spy $aapl $snap $shop $roku

&quot;gnus&quot;  andy&#39;s interview on 10/26.
listen at the 36:24 mark.

https://t.co/ihennm1u0s

private party invested $58,000,000@$1.55/share on friday.

on sale at $1.05.

arnold. warren, and shaq are on board.

back to $11.68.",2020-11-03 03:20:46,-69,"['aapl', 'spy', 'roku', 'snap', 'shop']"
254042898,$shop had approximately 418m usd go to the short side at 46 pct short  bears and bulls are fighting close  https://www.algowins.com/?wdt_column_filter[1]=shop,2020-11-03 02:44:42,-69,['shop']
254039003,$shop the stock has such a large tam(total addressable market) and it isn’t even close to being tapped yet! in the short term i do not know how this will trade but this is a multibagger stock several years down the road!,2020-11-03 02:08:51,-69,['shop']
254030330,$shop we haven’t even began holiday shopping buy asap will only be more online shopping,2020-11-03 00:53:20,1,['shop']
254023994,"$shop shop: double top. double top
pros:
descending volume during formation
pps below 50ma
rs descending and below 0
r/",2020-11-03 00:04:20,-1,['shop']
254018505,$bigc $shop $w $zm it&#39;s time you dump these and move to value. big crash coming soon.,2020-11-02 23:24:48,-69,"['w', 'shop', 'zm', 'bigc']"
254017063,"🏆daily watchlist recap:🤑
$nvda $zm $shop $spot $tsla 
✔ follow and turn on notifications for more amazing trade ideas!
🚨 learn more about our trades by following the link below for our live trading stream! https://www.youtube.com/unitedtraderschannel/",2020-11-02 23:14:30,1,"['nvda', 'tsla', 'spot', 'shop', 'zm']"
254013928,"$bigc https://www.bigcommerce.com/blog/shopify-alternatives/#choose-bigcommerce-as-your-alternative
$shop 
competition is always nice :)",2020-11-02 22:54:58,1,"['shop', 'bigc']"
254012149,$shop subscriptions u idiots https://news.shopify.com/merchants-can-now-offer-subscriptions-and-post-purchase-upsells-directly-in-shopify-checkout,2020-11-02 22:44:28,1,['shop']
254010204,$shop weekly squeeze + bearish divergence. this ones about to get rekt imo,2020-11-02 22:32:21,-69,['shop']
254002164,#stocks rise on november 2 ahead of #election day $amd $qqq $msft $spy $shop https://talkmarkets.com/content/us-markets/stocks-rise-on-november-2-ahead-of-election-day?post=283980,2020-11-02 21:53:58,-69,"['msft', 'amd', 'spy', 'qqq', 'shop']"
253998397,"stocks rise on no vember 2 ahead of election day https://mottcapitalmanagement.com/stocks-rise-on-november-2-ahead-of-election-day/  $shop, $amd, $msft, $swks $spy",2020-11-02 21:37:18,-69,"['msft', 'swks', 'amd', 'spy', 'shop']"
253992009,$shop 650 comes with 2 weeks. mark it,2020-11-02 21:16:04,-1,['shop']
253991138,$shop been stuck in that $900-$1100 for couple months now,2020-11-02 21:13:41,-69,['shop']
253984005,"$shop tsla held up all day even amzn is way off its lows today...but $shop is weak af...after a 183 points drop in five days why would u sell now, unless they cancel xmas",2020-11-02 20:52:47,1,['shop']
253983183,"$shop i love how last week, the idiot bulls were like &quot;1100 by end of week for sure!&quot;

lmfao.

bulls got rekt for being idiots and its only gonna get worse when trump loses. 

if you lost money because you thought shop would actually be up after earnings i have one long for you...

hahahahahahahahahahahahahahahahahahaha",2020-11-02 20:49:43,-69,['shop']
253977647,$shop weakhands are a bunch of pansies in here,2020-11-02 20:26:01,1,['shop']
253976424,$shop seems like it&#39;s not going up for some reason even when nasdaq index is going up.  any news?,2020-11-02 20:21:23,-69,['shop']
253975839,$shop news?,2020-11-02 20:18:59,-1,['shop']
253971938,$shop push shop push,2020-11-02 20:02:14,1,['shop']
253966799,"$shop tagged 900, up 11 now.  
 
don&#39;t see any trades.",2020-11-02 19:41:12,-69,['shop']
253962988,$shop boss level,2020-11-02 19:25:49,1,['shop']
253962239,"$shop growth has slowed down. negative qoq figures in the most recent earnings call.  
 
panic sell when it breaks 850.",2020-11-02 19:22:57,-1,['shop']
253958803,$shop this is wrong and manipulated.... this will go under 900$ very soon,2020-11-02 19:08:35,-69,['shop']
253958484,$shop probably fills to 850. $shop,2020-11-02 19:07:21,-69,['shop']
253957479,$shop i do not understand.  blow out er.  and we get a dump.  is it just the election?,2020-11-02 19:03:16,-69,['shop']
253957292,$shop down 4 days in a row. 1082.89 | 1026.71 | 977 | 925.43 | 909.61 |  https://www.sleekoptions.com/sleekscan.aspx?sub1=dscan,2020-11-02 19:02:29,-69,['shop']
253956986,"$shop 

should be in the 1200s. buy the dip.",2020-11-02 19:01:15,1,['shop']
253956223,$shop i like the 850p if we close under 900 today.,2020-11-02 18:58:24,-69,['shop']
254882780,"coming off a record q3, now is the time to buy $shop stock https://investorplace.com/2020/11/coming-off-a-record-q3-now-is-time-to-buy-shopify-stock/",2020-11-06 16:26:21,-69,['shop']
254886289,"$shop new article : coming off a record q3, now is the time to buy shopify stock https://www.stck.pro/news/shop/8973378",2020-11-06 16:37:15,-69,['shop']
254888176,$ttd another wall street darling has been born - will join the quad-digits club with $amzn $shop $cmg $googl,2020-11-06 16:43:00,-69,"['amzn', 'cmg', 'googl', 'shop', 'ttd']"
254890901,"$shop $roku 

biden can smell victory.  it&#39;s gonna happen.  biden will win for sure.

bye bye to trump and his caravan of cronies.  

at least now he&#39;ll have more time to spend with his daughter.....errrr, i meant with his wife.  lol",2020-11-06 16:51:56,-69,"['roku', 'shop']"
254898550,$ttd this is the $shop  it will be $100b by 2023 the share price will be $2400 buy and sleeep,2020-11-06 17:18:35,-69,"['shop', 'ttd']"
254898618,"$shop 👍 
shopify - piper sandler&#39;s digital awakening day - fireside chat",2020-11-06 17:18:54,1,['shop']
254910489,"$shop new article : shopify&#39;s valuation is excessive, despite rapid growth https://www.stck.pro/news/shop/8974947",2020-11-06 18:05:14,-69,['shop']
254912578,$shop i’d buy calls on this chart😉,2020-11-06 18:13:01,1,['shop']
254915583,"$jd it is a big deal that biden wins...in relation to chinese tickers.  this will explode, $300+ end of next year! if we were on par with amazon and where they were trading when they were doing these numbers in revenue (even tho jd&#39;s are better) we&#39;d be trading at $190 right now!! and we&#39;d still be better. keep in mind..our users are 100 ish million greater nowwww than $amzn  not their 2016 subscribers. wake up..come show china some love!!! 
$shop. $ostk $ebay",2020-11-06 18:24:56,1,"['amzn', 'ebay', 'ostk', 'jd', 'shop']"
254916475,$bigc  that’s it that seals the deal. i am no longer a bigcommerce fan. in all my years of investing i have never seen such a shit stock and pathetic management team. this is a disgrace of a company to the e-commerce sector and i am taking my fan hood to $shop where they know how to run a e-commerce stock,2020-11-06 18:28:27,-69,"['shop', 'bigc']"
254919500,$shop my $1000 buy limit missed by $3 daaaaamn,2020-11-06 18:40:01,-69,['shop']
254922776,$shop haha we green,2020-11-06 18:52:08,-69,['shop']
254924264,$shop is setting up for a potential test of its all-time highs.,2020-11-06 18:57:51,-69,['shop']
254924615,$shop pt for eod?,2020-11-06 18:59:11,1,['shop']
254925082,$shop 3 month $1000 range,2020-11-06 19:00:52,-1,['shop']
254926799,"@tank21  $shop ready for breakout 
$shop 11/20 1150c (6.2x7.1) (stop/loss below $4)",2020-11-06 19:07:53,-69,['shop']
254928713,"$eth.x ethereum is going to the moon, ethereum 2.0 is getting closer everyday
$btc.x $tsla $plug $shop",2020-11-06 19:15:22,1,"['plug', 'tsla', 'btc.x', 'shop', 'eth.x']"
254929228,$shop whole lotta rockets and drops only to be back at square one after 4 months,2020-11-06 19:17:19,-69,['shop']
254929877,patience !! $shop,2020-11-06 19:19:42,-69,['shop']
254934496,$shop 16-sep-22 880 puts traded 59 times for $1.1 million in premium. https://tinyurl.com/y3ms2bqs,2020-11-06 19:37:17,-69,['shop']
254947812,"$shop  coming off a record q3, now is the time to buy shopify stock

https://investorplace.com/2020/11/coming-off-a-record-q3-now-is-time-to-buy-shopify-stock/",2020-11-06 20:27:57,-69,['shop']
254950526,"$shop rising covid cases are terrible news, but good for e commerce stocks! this will only continue shift to e commerce",2020-11-06 20:38:01,-69,['shop']
254953864,$shop looking like some nice green for monday!,2020-11-06 20:49:10,1,['shop']
254958180,$bigc what’s everyone’s 12-24 month pt? seems like $shop  fomo could drive this much much higher. keeping a close eye on this one.,2020-11-06 21:03:18,-69,"['shop', 'bigc']"
254982144,"$shop 

shopify inc., a commerce company, provides a cloud-based multi-channel commerce platform for small and medium-sized businesses in canada, the united states, the united kingdom, australia, and internationally.

this year alone shopify has inked deals with walmart and facebook to run their ecommerce on walmart+ and instragram, respectively. in late oct, they announced earnings and the numbers were blowout numbers...once again.

shopify is the next amazon

https://leofinance.io/hive-167922/@rollandthomas/zvnotegu",2020-11-06 23:00:12,1,['shop']
254988585,$shop red to green move:  -3.22%  to +0.82% https://www.sleekoptions.com/sleekscan.aspx?did=shop,2020-11-06 23:44:23,-69,['shop']
255006026,$shop for the holidays!,2020-11-07 02:24:46,1,['shop']
255006391,$shop they threw in a monkey wretch ah’s into at open so we didn’t get that gap up. next leg up coming monday though.,2020-11-07 02:29:19,-69,['shop']
255011494,$bigc 🚽 x $ = 🚽. ain’t no $shop,2020-11-07 03:33:26,-69,"['shop', 'bigc']"
255012672,how does this affect your portfolio? $shop enters uptrend as momentum indicator ascends above 0 level. view odds of uptrend. https://srnk.us/go/2290313,2020-11-07 03:49:05,1,['shop']
255024077,pivotpoint bottom signal alert: $shop. more insights: https://stockinvest.us/technical-analysis/shop?utm_source=stocktwits&amp;utm_medium=autopost,2020-11-07 07:51:51,1,['shop']
255030528,"seeing the bfcm ads starting to pop up.  every year, $shop 🚀 during this season. 
l o n g",2020-11-07 12:57:10,1,['shop']
255031185,have you seen this? $shop price moved above its 50-day moving average. view odds of uptrend. https://srnk.us/go/2291673,2020-11-07 13:13:36,1,['shop']
255033419,"$nio prediction for next week ....

with earnings looming ( 11/17 on tuesday ) i think we see a ramp into next weekend. 7 trading days left for folks who haven’t caught this run yet to be a part of something special. if you had a chance to invest in $tsla again when it was valued in the 40s, what would you do? 

to the investors who think “this stock is to high it has to come down” .. tell that to $shop $sq $pton .... shorts will get ran over.",2020-11-07 14:03:35,1,"['nio', 'sq', 'tsla', 'shop', 'pton']"
255035209,$shop weekly chart.  holding above the channel,2020-11-07 14:35:15,-69,['shop']
255044324,"$nio $tsla $plug $shop samzn

bye bye dictator trump!!!!",2020-11-07 16:45:55,-69,"['plug', 'nio', 'tsla', 'shop']"
255052839,the altman-z score of $shop is much better than the industry average of 3.66. https://www.chartmill.com/stock/analyzer/stock/shop?view=fundamental-analysis&amp;key=2682050b-3e77-4227-bc12-31c53283b791&amp;utm_source=stocktwits&amp;utm_medium=fa&amp;utm_content=shop&amp;utm_campaign=social_tracking,2020-11-07 17:47:00,-69,['shop']
255124781,a quick ratio of 17.87 indicates that $shop has no problem at all paying its short term obligations. https://www.chartmill.com/stock/quote/shop/fundamental-analysis?key=2682050b-3e77-4227-bc12-31c53283b791&amp;utm_source=stocktwits&amp;utm_medium=fa&amp;utm_content=shop&amp;utm_campaign=social_tracking,2020-11-08 08:21:00,-69,['shop']
253956187,$shop i will buy at 550$,2020-11-02 18:58:17,-69,['shop']
253953989,"$shop been shouting it all day and here it comes. watch what happens when shop trades below 900, it’s a quick and massive flush",2020-11-02 18:48:46,-1,['shop']
253952867,"top e-commerce companies by market cap 🛒 (as of today)

1. amazon ( $amzn ) $1.489 t
2. alibaba ( $baba ) $827.59 b
3. jingdong mall ( $jd ) $125.40 b
4. shopify ( $shop ) $110.64 b
5. pinduoduo ( $pdd ) $107.23 b

more: https://companiesmarketcap.com/e-commerce/largest-e-commerce-companies-by-market-cap/",2020-11-02 18:44:06,-69,"['amzn', 'jd', 'baba', 'shop', 'pdd']"
253951717,"$pypl shopify, ebay, etsy and most major e-retail all use paypal.. let that sink in... $shop $ebay $etsy",2020-11-02 18:39:18,1,"['ebay', 'etsy', 'shop', 'pypl']"
253950112,$shop this is so weird..... why is it still above 900$?,2020-11-02 18:32:57,-69,['shop']
253944670,$shop massive massive crater in the works,2020-11-02 18:11:25,-1,['shop']
253943776,3 top growth stocks to buy now $fsly $shop $nvda https://bit.ly/2tnwciu,2020-11-02 18:07:46,-69,"['nvda', 'shop', 'fsly']"
253943738,$zm $amzn $shop these covid plays still have a long way to go down,2020-11-02 18:07:38,-1,"['amzn', 'shop', 'zm']"
253940601,$shop  glad i sold my calls at 1109 god damnnn what a drop. i still have some 1055 puts,2020-11-02 17:54:36,-69,['shop']
253937727,top bullish flow (a/o12:42pmest): $amzn $xom $shop $viac $nflx,2020-11-02 17:43:13,-69,"['amzn', 'nflx', 'xom', 'shop', 'viac']"
253927968,$shop if it falls below the secondary ($900) it’s at 830 the next day,2020-11-02 17:03:26,-1,['shop']
253926924,"$shop $fb $goog $amzn $nflx who&#39;s ready for the devestation tomorrow when this election gets contested? 
https://www.investopedia.com/the-impact-of-a-contested-election-on-the-stock-market-5084506",2020-11-02 16:59:01,-69,"['amzn', 'goog', 'nflx', 'fb', 'shop']"
253925143,"$shop so when shopify makes money, the shares crash? jesus, i&#39;m scared to see what happens when shop loses money.",2020-11-02 16:51:48,-69,['shop']
253920016,$shop get it together shop. i need you to be beast i know you are! let&#39;s go!,2020-11-02 16:33:28,1,['shop']
253918018,$shop bunch of weak bulls lmao,2020-11-02 16:26:21,1,['shop']
253915744,$shop tik tok 😘,2020-11-02 16:18:22,1,['shop']
253914730,"we have identified an unusual $shop block that expires on november 20, 2020 with a strike price of $785.00.

1,303 put contracts with a price of $6.70 were purchased at a $873,010 premium.",2020-11-02 16:14:19,-69,['shop']
253914195,$shop jan 2021 1200call in average 20.20 will build position for long calls from today with this. this option was around 70dollars per contract 3 days ago,2020-11-02 16:12:09,1,['shop']
253907508,$shop wow electric slide around here 900$ 🎯,2020-11-02 15:48:00,-1,['shop']
253906997,$shop expecting a bounce here.,2020-11-02 15:46:11,1,['shop']
253906676,"$tdoc $shop 
recently took control of my 401k funds. yoked to make these two my largest holdings and to sit back and watch them grow for decades as e-commerce and telehealth continue to boom",2020-11-02 15:45:04,1,"['shop', 'tdoc']"
253906302,$shop if it gets below 900 it’s cratering to 767,2020-11-02 15:43:47,-1,['shop']
253905725,$shop lame!,2020-11-02 15:41:44,-69,['shop']
253902469,"$shop ignore the noise, and buy the dip in shop !❤️",2020-11-02 15:30:08,1,['shop']
253897771,$shop sold put for a chunky loss at 935. stocks look like they want to come out strong. ill wait for this to settle a base and will probably grab some calls. $tsla also looks very strong,2020-11-02 15:15:08,-69,"['tsla', 'shop']"
253897389,"$shop shopify’s blowout third quarter numbers underscore that the “new normal” the world is adjusting to is one wherein small retailers place significantly more value on e-commerce, and therefore, lean more heavily on shopify to power their businesses.",2020-11-02 15:13:57,1,['shop']
253897124,$bigc and $shop are plays with no election impact. huge opportunity with $bigc for those who are willing to get in early and park their cash.,2020-11-02 15:13:07,1,"['shop', 'bigc']"
253895951,$shop adding,2020-11-02 15:09:16,1,['shop']
253891833,$shop goldentreesupply are selling 3m n95 mask to us and canada! huge revenue for shop.,2020-11-02 14:56:21,1,['shop']
253887863,"#update stock i&#39;m adding onto:
$amzn $shop $zm $tsla $ddog",2020-11-02 14:44:03,1,"['amzn', 'tsla', 'shop', 'zm', 'ddog']"
253886704,$shop shopify plus! $$$,2020-11-02 14:40:18,1,['shop']
253885630,$shop back to 1000 please. the news is creating election and covid fear so they can load up. stocks only ever go up,2020-11-02 14:36:51,1,['shop']
253878922,$shop should open about 10% down on my put but i&#39;d like to sell near 910 if we can retest low. if market shows strength ill sell closer to 920,2020-11-02 14:08:25,-69,['shop']
253878265,"premarket gainers 
$amzn $googl $clx $shop $dnkn  
 
track today&#39;s gainers. live scans start 930am et 
stockbeep.com/pregain-nov2",2020-11-02 14:05:44,-69,"['amzn', 'clx', 'dnkn', 'googl', 'shop']"
253876870,"brutal losses last week in $amzn -5.25% $aapl -5.4%, $msft -6.4% tesla -7.75% adobe -8.5%, and $shop plunging -9.8% .",2020-11-02 13:59:46,-69,"['aapl', 'amzn', 'msft', 'shop']"
253858131,$shop nice buy point here ride into q4 er,2020-11-02 12:02:33,1,['shop']
253854695,$shop good morning beautiful...still so in love with you ❤,2020-11-02 11:21:30,1,['shop']
253847593,$etsy huge growth comparing to $shop !,2020-11-02 08:25:57,1,"['etsy', 'shop']"
253840667,"$aapl $amzn $nvda $shop $spot the buyers will come in this week, way oversold, here’s what i bought last week https://youtu.be/ydvqkb1zvf8",2020-11-02 04:43:38,1,"['aapl', 'amzn', 'nvda', 'spot', 'shop']"
253840460,$shop,2020-11-02 04:39:29,-69,['shop']
253832627,$shop will blow the earnings this week. wall street is so wrong on their earnings estimates,2020-11-02 02:34:03,-69,['shop']
253819992,"$bigc $prpl $ftch $etsy $shop  
large friday vol puts (nov.20th)  on bigc @ $70 &amp; $55 strike  
 
purple options are just the opposite large call vol. @ $30 &amp; $35 for nov.20th.",2020-11-01 23:59:05,-69,"['etsy', 'shop', 'prpl', 'ftch', 'bigc']"
253812958,"$aapl $shop $amzn $fb $msft  
⇢large spy put vol. purchased friday, $290 strike  that expire in 3 days (nov.4th)💣???",2020-11-01 22:31:04,-69,"['aapl', 'amzn', 'msft', 'fb', 'shop']"
253812846,$shop  buying target $750 upcoming sell off,2020-11-01 22:29:33,-1,['shop']
253806218,"$shop $bigc $ftch $etsy $prpl  
u.s. commerce department will &quot;vigorously defend&quot; executive order seeking to bar transactions with tiktok after nov. 12 - statement 
 
this might have been known friday because there were some large vol. puts purchased on shop for nov.20th @ $780 strike &amp; $800 strike.",2020-11-01 20:49:24,-69,"['etsy', 'shop', 'prpl', 'ftch', 'bigc']"
253800221,$shop https://www.nasdaq.com/articles/3-reasons-to-buy-the-earnings-dip-in-shopify-stock-2020-10-29,2020-11-01 19:13:26,1,['shop']
253796458,"$shop reality knocking at the door?
i mean shop is a great company but even if they double their revenue every year (don’t count too much on it), this stock is still trading at 10+x 2022 revenues... non sense at all!",2020-11-01 18:14:25,-69,['shop']
253790619,$shop check out this chart i made with @trendspider https://chrt.biz/shop/11927zci4cs/chart/,2020-11-01 16:46:10,-1,['shop']
253787959,$shop it keeps sliding down like a champion .. very high volatility.. i think if trump wins it will take off to the moon on wednesday.,2020-11-01 16:04:23,1,['shop']
253775576,$shop q3 2020 earnings call https://youtu.be/uwrobvhg1yc,2020-11-01 11:09:14,-69,['shop']
253773308,"shopify earnings beat as more merchants use its platform for online reach

https://pageone.ng/2020/10/29/shopify-earnings-beat-as-more-merchants-use-its-platform-for-online-reach/

$shop",2020-11-01 08:45:08,-69,['shop']
253773008,"shopify to partner with tiktok in bid to woo more merchants to site

https://pageone.ng/2020/10/27/shopify-to-partner-with-tiktok-in-bid-to-woo-more-merchants-to-site/

$shop $wmt $orcl",2020-11-01 08:28:16,-69,"['orcl', 'wmt', 'shop']"
253765091,$shop charted on may.,2020-11-01 03:30:44,-69,['shop']
253764423,"$spy tech looks like it should benefit big time with these shutdowns. airlines, restaurants, cruise lines forget about. stocks like $zm, $shop, $u etc and others are the ones that will benefit big time",2020-11-01 03:15:04,-69,"['spy', 'shop', 'u', 'zm']"
253762525,$shop buying every dip. next week 1000 and eoy 1800.,2020-11-01 02:30:49,-69,['shop']
253759857,"$shop most likely headed back into the long term rising channel.  maybe even $714, 50% retrace.  daily chart.",2020-11-01 01:35:41,-69,['shop']
253756271,"$shop it will be shopify plus that will bring this to very new highs next quarter and on....they just add on dior, beyond meat, bcbg max azria, paramount pictures and clif bar. a potential multi-billion-dollar opportunity!",2020-11-01 00:30:35,1,['shop']
253749231,$shop the market is about to be trimmed 20% within the next two weeks. sit down tight and don’t panic it will recover once the dust settles.,2020-10-31 22:22:43,-69,['shop']
253747247,$shop happy halloween shop fam ! 🎃,2020-10-31 21:48:29,1,['shop']
253743924,$shop was analyzed by 24 analysts. the buy consensus is at 76%. so analysts seem to be mildly confident about $shop. https://www.chartmill.com/stock/quote/shop/analyst-ratings?utm_source=stocktwits&amp;utm_medium=analyst&amp;utm_content=shop&amp;utm_campaign=social_tracking,2020-10-31 20:53:00,-69,['shop']
