id,body,created_at,sentiment,symbols
254835027,$tyl implied volatility expiration 11/20/2020 #maxpain #options http://maximum-pain.com/iv/tyl?m=11%2f20%2f2020,2020-11-06 14:12:28,-69,['tyl']
254732200,5-star analyst brent bracelin from piper sandler maintained a buy on $tyl.  https://www.tipranks.com/analysts/brent-bracelin,2020-11-05 23:09:00,-69,['tyl']
254562373,"$tyl earnings call today: 10:00 am est 
webcast: http://mmm.wallstreethorizon.com/u.asp?u=234260 
stockpods beta is now live. visit to find analyst ratings, stock price targets, and phone/pin for today&#39;s earnings calls: https://www.stockpods.com",2020-11-05 13:52:20,-69,['tyl']
254551983,$tyl needham maintains to buy : pt $280.00 https://stockhoot.com/extsymbol.aspx?from=analystratingtweet&amp;symbol=tyl&amp;t=585&amp;social=stocktwits,2020-11-05 13:04:07,-69,['tyl']
254529398,"tyler technologies, inc. ($tyl) 3q20 investor call on 5th november 2020 at 10:00 am eastern time

https://www.stockmarketintellects.com/tyler-technologies-inc-tyl-3q20-investor-call-on-5th-november-2020-at-1000-am-eastern-time/",2020-11-05 09:20:30,-69,['tyl']
254500445,$tyl updates fy20 guidance to $5.48-5.58 eps and revenue guidance to $1.117-1.129 billion. https://www.marketbeat.com/g/52766,2020-11-05 02:03:49,-69,['tyl']
254482982,"$tyl beats by $0.17, reports revs in-line; guides fy20 eps above consensus, revs below consensus https://www.briefing.com/in-depth-analysis/content/article?articleid=in20201104162510tyl",2020-11-04 23:54:18,-69,['tyl']
254476944,$tyl updates fy 2020after-hours guidance to 5.48-5.58 eps and revenue guidance to $1.118-1.13 billion. https://www.marketbeat.com/g/52702,2020-11-04 23:15:33,-69,['tyl']
254475893,last10k highlighted 60 positive and negative remarks in $tyl&#39;s 10-q filed today. see them in the quarterly report: https://last10k.com/sec-filings/tyl/0000860731-20-000034.htm?utm_source=stocktwits&amp;utm_medium=forum&amp;utm_campaign=sentiment&amp;utm_term=tyl,2020-11-04 23:09:17,-69,['tyl']
254472577,$tyl just filed with the sec a earnings release https://last10k.com/sec-filings/tyl/0000860731-20-000032.htm?utm_source=stocktwits&amp;utm_medium=forum&amp;utm_campaign=8k&amp;utm_term=tyl,2020-11-04 22:50:15,-69,['tyl']
254470657,$tyl just filed a 10-q quarterly report with 56 sections and 3 exhibits. access them all or just read their earnings: https://last10k.com/sec-filings/tyl/0000860731-20-000034.htm?utm_source=stocktwits&amp;utm_medium=forum&amp;utm_campaign=10kq2040f&amp;utm_term=tyl,2020-11-04 22:39:44,-69,['tyl']
254468581,"$tyl new article : tyler technologies eps beats by $0.17, beats on revenue https://www.stck.pro/news/tyl/8939215",2020-11-04 22:29:47,-69,['tyl']
254463590,$tyl earnings are out!!  https://stockhoot.com/earningscalendar.aspx?from=afterearningstweet&amp;symbol=tyl&amp;t=402&amp;social=stocktwits,2020-11-04 22:06:43,-69,['tyl']
254460396,tyler technologies just filed its quarterly report: earnings per shareth... http://www.conferencecalltranscripts.org/q/summary/?id=8518483 $tyl,2020-11-04 21:54:29,-69,['tyl']
254458969,$tyl new article : tyler technologies reports earnings for third quarter 2020 https://www.stck.pro/news/tyl/8938744,2020-11-04 21:49:09,-69,['tyl']
254458340,tyler technologies reports earnings for third quarter 2020  http://www.conferencecalltranscripts.org/8/summary/?id=8518380 $tyl,2020-11-04 21:46:41,-69,['tyl']
254457712,"$tyl [15s. delayed] filed form 10-q on november 04, 16:42:58 https://s.flashalert.me/bn21h",2020-11-04 21:44:14,-69,['tyl']
254457625,"$tyl form 10-q (quarterly report [sections 13 or 15(d)]) filed with the sec 

https://newsfilter.io/a/830afdfe0d1eca6ebd710733f7096449",2020-11-04 21:43:53,-69,['tyl']
254456673,"$tyl tyler technologies eps beats by $0.17, beats on revenue 

https://newsfilter.io/a/60e874f7b98bf135b915e283252886ae",2020-11-04 21:40:14,-69,['tyl']
254456397,"tyler tech sees fy20 adj. eps $5.48-$5.58 vs $5.42 estimate, sales $1.118b-$1.13b vs $1.13b est.

related tickers: $tyl",2020-11-04 21:39:13,-69,['tyl']
254456211,"tyler technologies q3 adj. eps $1.50 beats $1.33 estimate, sales $285.70m beat $283.96m estimate

related tickers: $tyl",2020-11-04 21:38:33,-69,['tyl']
254455366,"$tyl [15s. delayed] filed form 8-k on november 04, 16:34:28: item2.02: results of operations &amp; financial condition https://s.flashalert.me/c3sie",2020-11-04 21:35:37,-69,['tyl']
254455258,"$tyl form 8-k: results of operations and financial condition on november 4, 2020, tyler technologies issued the earnings news release announcing results from operations and financial condition as of s.. 

https://newsfilter.io/a/7ade6e1fda5f3a1f1152dc5f5bb51cdb",2020-11-04 21:35:16,-69,['tyl']
254454818,$tyl tyler technologies reports earnings for third quarter 2020 https://www.otcdynamics.com/tyl-tyler-technologies-reports-earnings-for-third-quarter-2020,2020-11-04 21:33:51,-69,['tyl']
254452888,tyler technologies reports earnings for third quarter 2020 http://www.conferencecalltranscripts.org/summary/?id=87466&amp;pr=true $tyl,2020-11-04 21:27:29,-69,['tyl']
254452880,tyler technologies reports earnings for third quarter 2020 http://www.conferencecalltranscripts.org/summary/?id=87465&amp;pr=true $tyl,2020-11-04 21:27:27,-69,['tyl']
254451198,"$tyl tyler technologies reports earnings for third quarter 2020
https://www.stocktitan.net/news/tyl/tyler-technologies-reports-earnings-for-third-quarter-vaibd6o7byxv.html

#earnings",2020-11-04 21:21:51,-69,['tyl']
254450685,"$tyl [15s. delayed, acc.~90%, always check] earnings release november 04, 16:17:00: q3: non-gaap eps of $1.50, gaap eps of $0.94, revenue  https://s.flashalert.me/cltmoz",2020-11-04 21:20:15,-69,['tyl']
254450644,"$tyl [15s. delayed]: issued press release on november 04, 16:17:00: tyler technologies reports earnings for third quarter 2020 https://s.flashalert.me/i8gqa",2020-11-04 21:20:09,-69,['tyl']
254450536,"$tyl reported earnings of $1.50, consensus was $0.96 via @ewhispers #epsbeat http://eps.sh/d/tyl",2020-11-04 21:19:49,-69,['tyl']
254449792,"$tyl tyler technologies reports earnings for third quarter 2020 

https://newsfilter.io/a/0dc31294d462478ec325e49f3a2a99e2",2020-11-04 21:17:30,-69,['tyl']
254371081,$tyl is scheduled to report #earnings after the market closes today via @ewhispers http://eps.sh/s/tyl,2020-11-04 16:03:51,-69,['tyl']
254370124,"$tyl reports after the close, estimize consensus +0.07 eps and +2.26m revs compared to ws
http://www.estimize.com/tyl/fq3-2020?utm_content=prerelease&amp;utm_medium=tweet&amp;utm_source=stocktwits",2020-11-04 16:00:49,-69,['tyl']
254325523,$tyl #earnings today amc   https://stockhoot.com/earningscalendar.aspx?from=individualtweet&amp;symbol=tyl&amp;t=823&amp;social=stocktwits,2020-11-04 13:10:32,-69,['tyl']
253952482,what do you think of this? $tyl in downtrend: stochastic indicator sits in oversold zone for 1 day. view odds for this and other indicators: https://srnk.us/go/2274165,2020-11-02 18:42:22,-69,['tyl']
253768712,tyler technologies to release earnings after the market closes on wednesday. analysts expect 0.96 eps. www.marketbeat.com/p/491607 $tyl #ty,2020-11-01 05:05:55,-69,['tyl']
253479291,$tyl is currently showing a bull flag pattern! a bull flag pattern is a pull back after a strong rise up. https://www.chartmill.com/stock/quote/tyl/technical-analysis?key=1f4c1592-0293-49c3-a02f-ad87d19be270&amp;utm_source=stocktwits&amp;utm_medium=ta&amp;utm_content=tyl&amp;utm_campaign=social_tracking,2020-10-30 10:15:00,-69,['tyl']
253233149,$brk.b should look at acquiring one of these companies: $orly $ttwo $tyl,2020-10-29 13:42:39,-69,"['orly', 'ttwo', 'tyl', 'brk.b']"
253014980,$brk.b should look at  buying $tyl or $ttwo or increasing amount they have invested in tech. berkshire has massively underperformed the nasdaq.,2020-10-28 15:35:42,-69,"['ttwo', 'tyl', 'brk.b']"
252965319,$tyl new article : tyler technologies to participate in november virtual investor conferences https://www.stck.pro/news/tyl/8799098,2020-10-28 13:35:44,-69,['tyl']
252960939,$tyl tyler technologies to participate in november virtual investor conferences https://www.otcdynamics.com/tyl-tyler-technologies-to-participate-in-november-virtual-investor-conferences,2020-10-28 13:23:10,-69,['tyl']
252959842,"$tyl tyler technologies to participate in november virtual investor conferences
https://www.stocktitan.net/news/tyl/tyler-technologies-to-participate-in-november-virtual-investor-gtn6tpi4zaxk.html",2020-10-28 13:20:09,-69,['tyl']
252959827,tyler technologies to participate in november virtual investor conferences http://www.conferencecalltranscripts.org/summary/?id=80251&amp;pr=true $tyl,2020-10-28 13:20:05,-69,['tyl']
252959815,tyler technologies to participate in november virtual investor conferences http://www.conferencecalltranscripts.org/summary/?id=80250&amp;pr=true $tyl,2020-10-28 13:20:03,-69,['tyl']
252959577,"$tyl [15s. delayed]: issued press release on october 28, 09:17:00: tyler technologies to participate in november virtual investor conferen https://s.flashalert.me/tnwrkc",2020-10-28 13:19:28,-69,['tyl']
252958839,"$tyl tyler technologies to participate in november virtual investor conferences 

https://newsfilter.io/a/a5b7948eb0954cd3b79f2698252b11e8",2020-10-28 13:17:28,-69,['tyl']
252710292,$tyl new article : tyler technologies named to “best places to work in maine” list for 13th year https://www.stck.pro/news/tyl/8776477,2020-10-27 13:45:05,-69,['tyl']
252705698,$tyl tyler technologies named to “best places to work in maine” list for 13th year https://www.otcdynamics.com/tyl-tyler-technologies-named-to-best-places-to-work-in-maine-list-for-13th-year,2020-10-27 13:31:26,-69,['tyl']
252703371,tyler technologies named to “best places to work in maine” list for 13th year http://www.conferencecalltranscripts.org/summary/?id=78986&amp;pr=true $tyl,2020-10-27 13:22:06,-69,['tyl']
252703359,tyler technologies named to “best places to work in maine” list for 13th year http://www.conferencecalltranscripts.org/summary/?id=78985&amp;pr=true $tyl,2020-10-27 13:22:03,-69,['tyl']
252702995,"$tyl [15s. delayed]: issued press release on october 27, 09:17:00: tyler technologies named to “best places to work in maine” list for 13t https://s.flashalert.me/wpugt",2020-10-27 13:20:25,-69,['tyl']
252702856,"$tyl tyler technologies named to “best places to work in maine” list for 13th year
https://www.stocktitan.net/news/tyl/tyler-technologies-named-to-best-places-to-work-in-maine-list-for-lpsu2hjnqgot.html",2020-10-27 13:19:49,-69,['tyl']
252702342,"$tyl tyler technologies named to “best places to work in maine” list for 13th year 

https://newsfilter.io/a/7a8cfd25a1ddf4bd13f645304c369a29",2020-10-27 13:17:30,-69,['tyl']
252584342,$tyl max pain is 360.00 for maturity 11/20/2020. #maxpain #options http://maximum-pain.com/options/tyl?m=11%2f20%2f2020,2020-10-26 19:09:39,-69,['tyl']
252409937,tyler ($tyl) current valuation is overvalued. the real value is… https://www.macroaxis.com/invest/stock/tyl/tyler #trading #ideas #stocks,2020-10-25 19:31:35,-69,['tyl']
252373861,"icymi: liberty mutual selects corelogic for deployment of new property estimation platform

https://pageone.ng/2020/10/19/liberty-mutual-selects-corelogic-for-deployment-of-new-property-estimation-platform/

$clgx $splk $tyl $pltr",2020-10-25 02:40:50,-69,"['tyl', 'splk', 'clgx', 'pltr']"
251978766,$tyl i like the look here,2020-10-22 19:47:49,1,['tyl']
251898473,"$tyl, $epam and $pjt detected as possible swing trading plays by our stock screener. https://www.chartmill.com/stock/stock-screener?sid=28&amp;f=s_str,s_n20h,etf_none,p_pg20,v1_50b20,cu_b_sm10v,cu_a_sm20v,exch_us&amp;v=3&amp;s=n&amp;sd=asc&amp;timeframe=daily&amp;type=candles&amp;months=3&amp;width=720&amp;cl=f&amp;o1=3&amp;o2=3&amp;op1=10,16711680&amp;op2=30,255&amp;utm_source=stocktwits&amp;utm_medium=screener&amp;utm_content=stock_screener:_swing_trading&amp;utm_campaign=social_tracking",2020-10-22 15:39:00,-69,"['pjt', 'tyl', 'epam']"
251845539,$tyl new article : tyler technologies schedules third quarter 2020 earnings conference call and webcast https://www.stck.pro/news/tyl/8654815,2020-10-22 13:35:33,-69,['tyl']
251843745,$tyl tyler technologies schedules third quarter 2020 earnings conference call and webcast https://www.otcdynamics.com/tyl-tyler-technologies-schedules-third-quarter-2020-earnings-conference-call-and-webcast,2020-10-22 13:30:21,-69,['tyl']
251841307,tyler technologies schedules third quarter 2020 earnings conference call and webcast http://www.conferencecalltranscripts.org/summary/?id=75827&amp;pr=true $tyl,2020-10-22 13:22:05,-69,['tyl']
251841299,tyler technologies schedules third quarter 2020 earnings conference call and webcast http://www.conferencecalltranscripts.org/summary/?id=75826&amp;pr=true $tyl,2020-10-22 13:22:03,-69,['tyl']
251840928,"$tyl [15s. delayed]: issued press release on october 22, 09:17:00: tyler technologies schedules third quarter 2020 earnings conference cal https://s.flashalert.me/hatee",2020-10-22 13:20:47,-69,['tyl']
251840115,"$tyl tyler technologies schedules third quarter 2020 earnings conference call and webcast
https://www.stocktitan.net/news/tyl/tyler-technologies-schedules-third-quarter-2020-earnings-conference-tdow8r5ybvm2.html

#earnings",2020-10-22 13:17:47,-69,['tyl']
251528032,tylertechnologies $tyl bidaskscore is increased to stronglybought https://bidaskclub.com/news/company/2020-10-20/tyl,2020-10-21 08:02:03,-69,['tyl']
251303378,$tyl new article : indiana&#39;s largest school district goes live with tyler technologies&#39; cloud-based enterprise resource planning solution https://www.stck.pro/news/tyl/8603955,2020-10-20 13:39:06,-69,['tyl']
251300344,$tyl indiana’s largest school district goes live with tyler technologies’ cloud-based enterprise resource planning solution https://www.otcdynamics.com/tyl-indianas-largest-school-district-goes-live-with-tyler-technologies-cloud-based-enterprise-resource-planning-solution,2020-10-20 13:30:06,-69,['tyl']
251298660,indiana’s largest school district goes live with tyler technologies’ cloud-based enterprise resource planning solution http://www.conferencecalltranscripts.org/summary/?id=73366&amp;pr=true $tyl,2020-10-20 13:23:21,-69,['tyl']
251298592,indiana’s largest school district goes live with tyler technologies’ cloud-based enterprise resource planning solution http://www.conferencecalltranscripts.org/summary/?id=73367&amp;pr=true $tyl,2020-10-20 13:23:03,-69,['tyl']
251297955,"$tyl indiana’s largest school district goes live with tyler technologies’ cloud-based enterprise resource planning solution
https://www.stocktitan.net/news/tyl/indiana-s-largest-school-district-goes-live-with-tyler-technologies-r4szebr4ab84.html",2020-10-20 13:20:36,-69,['tyl']
251297552,"$tyl [15s. delayed]: issued press release on october 20, 09:17:00: indiana’s largest school district goes live with tyler technologies’ cl https://s.flashalert.me/snq2mc",2020-10-20 13:19:02,-69,['tyl']
251254798,"icymi: liberty mutual selects corelogic for deployment of new property estimation platform

https://pageone.ng/2020/10/19/liberty-mutual-selects-corelogic-for-deployment-of-new-property-estimation-platform/

$clgx $splk $tyl $pltr",2020-10-20 03:47:12,-69,"['tyl', 'splk', 'clgx', 'pltr']"
251054656,"liberty mutual selects corelogic for deployment of new property estimation platform

https://pageone.ng/2020/10/19/liberty-mutual-selects-corelogic-for-deployment-of-new-property-estimation-platform/

$clgx $splk $tyl $pltr",2020-10-19 12:14:55,-69,"['tyl', 'splk', 'clgx', 'pltr']"
250443442,$tyl new article : tyler technologies to provide statewide case management and supervision solutions to washington state courts https://www.stck.pro/news/tyl/8489331,2020-10-15 13:30:16,-69,['tyl']
250442513,$tyl tyler technologies to provide statewide case management and supervision solutions to washington state courts https://www.otcdynamics.com/tyl-tyler-technologies-to-provide-statewide-case-management-and-supervision-solutions-to-washington-state-courts,2020-10-15 13:27:41,-69,['tyl']
250440953,tyler technologies to provide statewide case management and supervision solutions to washington state courts http://www.conferencecalltranscripts.org/summary/?id=70820&amp;pr=true $tyl,2020-10-15 13:23:05,-69,['tyl']
250440939,tyler technologies to provide statewide case management and supervision solutions to washington state courts http://www.conferencecalltranscripts.org/summary/?id=70819&amp;pr=true $tyl,2020-10-15 13:23:03,-69,['tyl']
250440489,"$tyl [15s. delayed]: issued press release on october 15, 09:17:00: tyler technologies to provide statewide case management and supervision https://s.flashalert.me/hkhfe",2020-10-15 13:21:38,-69,['tyl']
250440442,"$tyl tyler technologies to provide statewide case management and supervision solutions to washington state courts
https://www.stocktitan.net/news/tyl/tyler-technologies-to-provide-statewide-case-management-and-7sloqdtqqg9s.html",2020-10-15 13:21:31,-69,['tyl']
249922187,"$tyl new article : tyler technologies to improve court case and jury management for dallas county, texas https://www.stck.pro/news/tyl/8437819",2020-10-13 14:07:06,-69,['tyl']
249904993,"$tyl tyler technologies to improve court case and jury management for dallas county, texas https://www.otcdynamics.com/tyl-tyler-technologies-to-improve-court-case-and-jury-management-for-dallas-county-texas",2020-10-13 13:25:19,-69,['tyl']
249904215,"tyler technologies to improve court case and jury management for dallas county, texas http://www.conferencecalltranscripts.org/summary/?id=68578&amp;pr=true $tyl",2020-10-13 13:22:22,-69,['tyl']
249904208,"tyler technologies to improve court case and jury management for dallas county, texas http://www.conferencecalltranscripts.org/summary/?id=68577&amp;pr=true $tyl",2020-10-13 13:22:20,-69,['tyl']
249903727,"$tyl [15s. delayed]: issued press release on october 13, 09:17:00: tyler technologies to improve court case and jury management for dallas https://s.flashalert.me/ze5k3",2020-10-13 13:20:36,-69,['tyl']
249903242,"$tyl tyler technologies to improve court case and jury management for dallas county, texas
https://www.stocktitan.net/news/tyl/tyler-technologies-to-improve-court-case-and-jury-management-for-e8l7uc7fgom9.html",2020-10-13 13:18:49,-69,['tyl']
249230822,tylertechnologies $tyl bidaskscore is increased to bought https://bidaskclub.com/news/company/2020-10-08/tyl,2020-10-09 07:58:02,-69,['tyl']
249191997,"last strong #sp500 $spx #large  #technology  #stocks technical analysis today: $tyl
https://www.finscreener.com/technicals/last-strong-technical-analysis-summary/sp500",2020-10-09 00:12:38,-69,"['spx', 'tyl']"
248414202,"$tyl new article : tyler technologies improves computer-aided dispatch process for port of long beach, california https://www.stck.pro/news/tyl/8266961",2020-10-06 13:29:20,-69,['tyl']
248413282,"$tyl tyler technologies improves computer-aided dispatch process for port of long beach, california https://www.otcdynamics.com/tyl-tyler-technologies-improves-computer-aided-dispatch-process-for-port-of-long-beach-california",2020-10-06 13:26:14,-69,['tyl']
248411867,"tyler technologies improves computer-aided dispatch process for port of long beach, california http://www.conferencecalltranscripts.org/summary/?id=65147&amp;pr=true $tyl",2020-10-06 13:21:19,-69,['tyl']
248411857,"tyler technologies improves computer-aided dispatch process for port of long beach, california http://www.conferencecalltranscripts.org/summary/?id=65146&amp;pr=true $tyl",2020-10-06 13:21:17,-69,['tyl']
248411595,"$tyl [15s. delayed]: issued press release on october 06, 09:17:00: tyler technologies improves computer-aided dispatch process for port of https://s.flashalert.me/gejpxn",2020-10-06 13:20:32,-69,['tyl']
248411090,"$tyl tyler technologies improves computer-aided dispatch process for port of long beach, california
https://www.stocktitan.net/news/tyl/tyler-technologies-improves-computer-aided-dispatch-process-for-port-ytkwtm5pbajj.html",2020-10-06 13:18:53,-69,['tyl']
248059693,"how palantir market listing frustrated old investors with technical glitches, missing records 

https://pageone.ng/2020/10/04/how-palantir-market-listing-frustrated-old-investors-with-technical-glitches-missing-records/

$pltr $asan $data $tyl",2020-10-04 14:20:12,-69,"['data', 'tyl', 'asan', 'pltr']"
247911900,"$tyl tyler has been attacked by a randsomware event. all users have been notified and passwords have been changed. mainly limited to suspicious logins. incident occurred sept 23,2020. updates on tylertech.com

my client has been working smoothly. no abnormality detected personally. i changed my logins 1 minute after receiving the notice.",2020-10-02 20:04:02,-69,['tyl']
247700407,"here is a deep-dive into palantir ipo

https://pageone.ng/2020/10/02/here-is-a-deep-dive-into-palantir-ipo/

$pltr $tyl $splk $data",2020-10-02 02:54:13,-69,"['data', 'tyl', 'splk', 'pltr']"
247512530,"palantir ceo, alex karp, says why he prefer to work with cia, ice over china 

https://pageone.ng/2020/10/01/palantir-ceo-alex-karp-says-why-he-prefer-to-work-with-cia-ice-over-china/

$pltr  $tyl $splk",2020-10-01 14:25:37,-69,"['tyl', 'splk', 'pltr']"
247085388,other events  http://www.conferencecalltranscripts.org/8/summary2/?id=8398161 $tyl,2020-09-29 21:16:11,-69,['tyl']
247084988,"$tyl [15s. delayed] filed form 8-k on september 29, 17:13:56: item8.01: other material events https://s.flashalert.me/icgrl",2020-09-29 21:14:40,-69,['tyl']
246885254,double bottom signal alert: $tyl. more insights: https://stockinvest.us/technical-analysis/tyl?utm_source=stocktwits&amp;utm_medium=autopost,2020-09-29 07:46:26,1,['tyl']
246822064,$tyl  so how does a company that gets hacked and has follow on suspicious  logins not take a hit?  makes no sense; especially considering the markets that they serve,2020-09-28 21:39:33,-69,['tyl']
246559110,this is why hedge funds use a.i. $tyl in uptrend: rsi indicator exits oversold zone. view odds for this and other indicators: https://srnk.us/go/2145190,2020-09-27 13:07:50,-69,['tyl']
246540775,"tyler technologies says clients reported suspicious logins after hack
https://faws.com/news/27308595
$tyl",2020-09-27 01:52:13,-69,['tyl']
246430643,hacked software provider acknowledges ransomware attack $tyl #tyl https://www.marketbeat.com/n/4471494/,2020-09-25 21:29:36,-69,['tyl']
246408413,$tyl  like the strength here on tyler.  started a position and going long for a swing.,2020-09-25 19:59:56,1,['tyl']
246391543,"splunk upgraded to outperform by baird on cloud growth

https://pageone.ng/2020/09/25/splunk-upgraded-to-outperform-by-baird-on-cloud-growth/

$splk $data $tyl $pltr",2020-09-25 19:14:59,-69,"['data', 'tyl', 'splk', 'pltr']"
246211385,"palantir estimates $22 billion valuation on public debut

https://pageone.ng/2020/09/25/palantir-estimates-22-billion-valuation-on-public-debut/

$pltr $tyl $splk $data",2020-09-25 03:04:34,-69,"['data', 'tyl', 'splk', 'pltr']"
246171914,"$tyl new article : tyler technologies says it was hacked with ransomware, election programs safe https://www.stck.pro/news/tyl/7980012",2020-09-24 22:43:06,-69,['tyl']
246170284,hacked software provider won&#39;t say if ransomware involved $tyl #tyl https://www.marketbeat.com/n/4470428/,2020-09-24 22:35:06,-69,['tyl']
245931871,double bottom signal alert: $tyl. more insights: https://stockinvest.us/technical-analysis/tyl?utm_source=stocktwits&amp;utm_medium=autopost,2020-09-24 09:39:10,1,['tyl']
245926367,"government software provider tyler hit with ransomware attack
— benzinga
$tyl",2020-09-24 07:52:14,-69,['tyl']
245911938,$tyl these guys got hacked.,2020-09-24 03:42:06,-1,['tyl']
245879102,"$tyl tyler technologies tells clients unknown party accessed internal systems 

https://newsfilter.io/a/db27580338cfca87e934806b753dc653",2020-09-23 23:56:10,-69,['tyl']
245850708,$tyl new article : tyler technologies shows renewed strength as key rating jumps 10 points https://www.stck.pro/news/tyl/7951718,2020-09-23 21:40:08,-69,['tyl']
245733038,"us markets stocks utilities sector with the highest book value per share:  $fis $tdy $avgo $ipgp $tyl 
 
source: finscreener",2020-09-23 16:30:27,-69,"['ipgp', 'fis', 'tdy', 'tyl', 'avgo']"
245631355,tylertechnologies $tyl bidaskscore is increased to held https://bidaskclub.com/news/company/2020-09-22/tyl,2020-09-23 11:01:04,-69,['tyl']
245612260,double bottom signal alert: $tyl. more insights: https://stockinvest.us/technical-analysis/tyl?utm_source=stocktwits&amp;utm_medium=autopost,2020-09-23 04:49:36,1,['tyl']
245413980,"tyler tech gets upgrade at baird on long-term drivers

https://pageone.ng/2020/09/22/tyler-tech-gets-upgrade-at-baird-on-long-term-drivers/

$tyl $data $snow $splk",2020-09-22 15:01:25,-69,"['data', 'tyl', 'splk', 'snow']"
245406127,"$tyl tyler tech upgraded at baird on long-term drivers 

https://newsfilter.io/a/ad665344485df06d5b792a6db982a677",2020-09-22 14:39:12,-69,['tyl']
245405687,$tyl new article : tyler tech upgraded at baird on long-term drivers https://www.stck.pro/news/tyl/7915072,2020-09-22 14:38:06,-69,['tyl']
245378921,"$tyl new article : tyler technologies improves citizen access for iowa city, iowa https://www.stck.pro/news/tyl/7913555",2020-09-22 13:27:57,-69,['tyl']
245377437,"$tyl [15s. delayed]: issued press release on september 22, 09:17:00: tyler technologies improves citizen access for iowa city, iowa https://s.flashalert.me/elntt",2020-09-22 13:22:48,-69,['tyl']
245375865,"$tyl tyler technologies improves citizen access for iowa city, iowa 

https://newsfilter.io/a/3399f94cdd35dd93af3339350b41c0b7",2020-09-22 13:17:33,-69,['tyl']
245349273,$tyl baird upgrades to outperform : pt $370.00 https://stockhoot.com/extsymbol.aspx?from=analystratingtweet&amp;symbol=tyl&amp;t=432&amp;social=stocktwits,2020-09-22 10:19:43,-69,['tyl']
244928010,"tyler technologies, inc. (nyse:tyl) short interest update $tyl #tyl https://www.marketbeat.com/n/4465327/",2020-09-19 10:35:51,-69,['tyl']
244802762,"$tyl moore h lynn jr sold 7,500 shares [high conviction] www.insider-analysis.com/search_transactions.php?ticker=table_tyl",2020-09-18 18:16:52,-69,['tyl']
244651341,"$tyl: new sec filing on president and ceo, h lynn jr moore: https://www.sec.gov/archives/edgar/data/860731/000124008520000058/xslf345x03/primary_doc.xml",2020-09-18 04:56:02,-69,['tyl']
244612214,"tyler technologies ceo h lynn moore jr sells $2,662,500.00 in $tyl https://www.marketbeat.com/i/408399",2020-09-17 23:29:45,-69,['tyl']
244596473,"$tyl [15s. delayed] filed sec form 4: president and ceo moore h lynn jr: 
disposed 7,500 of common stock at price $355 and converted secur https://s.flashalert.me/inye8w",2020-09-17 21:58:56,-69,['tyl']
244596410,"#fwsells $tyl moore h lynn jr, president and ceo of tyler technologies inc sold 7500 shares on 2020-09-15. https://formwhispers.com/s?t=tyl",2020-09-17 21:58:37,-69,['tyl']
244596399,"$tyl $1,846,425.00 of shares sold by moore h lynn jr (president and ceo), reported in a new form 4 filed with the sec  

https://newsfilter.io/a/e415c53ef74ba959c04a6dea6c354b66",2020-09-17 21:58:34,-69,['tyl']
244170960,what would you do? $tyl in uptrend: rsi indicator exits oversold zone. view odds for this and other indicators: https://srnk.us/go/2107167,2020-09-16 15:57:55,-69,['tyl']
244064022,"💰 revenue history for tyler technologies ($tyl)️:

2020 q2 :   $0.27 b     -1.97%
2020 q1 :   $0.27 b     -4.26%
2019 q4 :   $0.28 b

more: https://companiesmarketcap.com/tyler-technologies/revenue/",2020-09-16 05:50:28,-69,['tyl']
244007338,$tyl: encorpe supports tyler technologies to help vocational rehabilitation (vr) agencies meet the looming rsa-911 ... https://www.chartmill.com/stock/quote/tyl/news?utm_source=stocktwits&amp;utm_medium=pressrelease&amp;utm_content=tyl&amp;utm_campaign=social_tracking,2020-09-15 22:05:00,-69,['tyl']
244006425,"$tyl [15s. delayed]: issued press release on september 15, 17:38:00: encorpe supports tyler technologies to help vocational rehabilitation https://s.flashalert.me/qdhbm",2020-09-15 22:00:11,-69,['tyl']
244001776,"$tyl encorpe supports tyler technologies to help vocational rehabilitation agencies meet the looming rsa-911 reporting deadline 

https://newsfilter.io/a/622888ff23834631a70aa0593dee8650",2020-09-15 21:38:57,-69,['tyl']
244001763,"$tyl encorpe supports tyler technologies to help vocational rehabilitation (vr) agencies meet the looming rsa-911 reporting deadline
https://www.stocktitan.net/news/tyl/encorpe-supports-tyler-technologies-to-help-vocational-gsgn39q4o6ay.html",2020-09-15 21:38:52,-69,['tyl']
243625168,"palantir to float 257.1 million shares in u.s. listing

https://pageone.ng/2020/09/14/palantir-to-float-257-1-million-shares-in-u-s-listing/

$palan $data $tyl",2020-09-14 16:42:02,-69,"['data', 'tyl']"
243609158,zacks investment research downgrades tyler technologies (nyse:tyl) to sell $tyl #tyl https://www.marketbeat.com/n/4459560/,2020-09-14 15:55:33,-69,['tyl']
243495119,"📈 market cap history for tyler technologies ($tyl)️:

2020 : $13 b   +12.47%
2019 : $12 b   +65.82%
2018 : $7 b   +6.93%
2017 : $7 b   +27.2%

more: https://companiesmarketcap.com/tyler-technologies/marketcap/",2020-09-14 02:49:02,-69,['tyl']
242316920,"$tyl [15s. delayed]: issued press release on september 08, 09:17:00: tyler technologies’ virtual court recognized as best remote work solu https://s.flashalert.me/xstrnt",2020-09-08 13:20:31,-69,['tyl']
242316104,"$tyl tyler technologies’ virtual court recognized as best remote work solution by amazon web services 

https://newsfilter.io/a/8d7f20e72c2b14b02fb5096e5d202ba6",2020-09-08 13:17:35,-69,['tyl']
242002020,"$tyl marr john s jr bought 4,152 shares [high conviction] www.insider-analysis.com/search_transactions.php?ticker=table_tyl",2020-09-04 22:52:21,-69,['tyl']
242000823,"$tyl marr john s jr sold 15,000 shares [very high conviction] www.insider-analysis.com/search_transactions.php?ticker=table_tyl",2020-09-04 22:44:23,-69,['tyl']
241992766,"$tsla contrary to popular belief, last 3 stocks added to s&amp;p 500 fell when they were added. $tdy came down 13% from its high 2 weeks prior to inclusion, fell another 2.09% on inclusion day, and down an additional 10% for another couple weeks. $tyl came down 10% from its high 2 weeks prior to inclusion, fell another 2.73% on inclusion day, and traded flat the week after. $bio came down 8% from its high 2 weeks prior to inclusion, fell another 0.49% on inclusion day, and down an additional 5% for another week. bears should be the ones boasting s&amp;p inclusion, not bulls.",2020-09-04 21:57:24,-69,"['bio', 'tdy', 'tyl', 'tsla']"
241697535,"$tyl $8,636,425.93 of shares sold by marr john s jr (executive chairman), reported in a new form 4 filed with the sec  https://newsfilter.io/a/7990808c1b189ca880d34c44a8a3a4fa",2020-09-03 22:39:22,-69,['tyl']
241696430,"$tyl [15s. delayed] filed sec form 4: executive chairman marr john s jr: 
disposed 31,000 of common stock at average price $346.4 and conv https://s.flashalert.me/k6zw2",2020-09-03 22:34:43,-69,['tyl']
241696355,"#fwsells $tyl marr john s jr, executive chairman of tyler technologies inc sold 31000 shares on 2020-09-02. https://formwhispers.com/s?t=tyl",2020-09-03 22:34:23,-69,['tyl']
241475957,"$tyl [15s. delayed]: issued press release on september 03, 09:17:00: tyler technologies to participate in september investor conferences https://s.flashalert.me/shz3x",2020-09-03 13:20:29,-69,['tyl']
241474845,"$tyl tyler technologies to participate in september investor conferences 

https://newsfilter.io/a/b5d58e40f373046d3292bd34d0498b59",2020-09-03 13:17:28,-69,['tyl']
