id,body,created_at,sentiment,symbols
254881208,$ttwo - offer to codemasters?,2020-11-06 16:21:29,-69,['ttwo']
254876026,"$ttwo as long as ms and sony can make enough next gen consoles to go around, nba2k21 is going to kill this quarter.",2020-11-06 16:05:52,1,['ttwo']
254873590,morgan stanley reiterates overweight rating on $ttwo &amp; ups tp from $185 to $200,2020-11-06 15:59:20,-69,['ttwo']
254861376,$ttwo new article : video game stock fighting for fourth straight after raised guidance https://www.stck.pro/news/ttwo/8972047,2020-11-06 15:26:05,-69,['ttwo']
254857790,"$ttwo $atvi $ea $znga  problem in these gaming stocks is the decrease in mau, though ppl pay more for microtransactions but overall less ppl are playing games. this decrease is concerning for investors. stay long but we could suffer for a while.",2020-11-06 15:15:27,-69,"['atvi', 'ea', 'ttwo', 'znga']"
254857763,video game stock fighting for fourth straight after raised guidance $ttwo https://talkmarkets.com/content/stocks--equities/video-game-stock-fighting-for-fourth-straight-after-raised-guidance?post=284486,2020-11-06 15:15:24,-69,['ttwo']
254851876,$ttwo nice little dip now...get it bump ah..,2020-11-06 14:59:46,1,['ttwo']
254850926,$ttwo come down and suffer with ea lol,2020-11-06 14:57:26,-69,['ttwo']
254841589,$ttwo told you last night pop was fake. volume was non existent,2020-11-06 14:33:59,-1,['ttwo']
254840926,"$ttwo - http://www.trade-ideas.com/ticky/ticky.html?symbol=ttwo - there it is, the pullback...time to get set - running down: -2.28 in 42 seconds",2020-11-06 14:32:02,-69,['ttwo']
254835077,"$gme maybe a decent chance for a bullish turnaround from negative pm price axn if $spy turns? last night $ttwo results gd and even though mkt not liking $ea results, gaming strong",2020-11-06 14:12:37,1,"['ea', 'ttwo', 'gme', 'spy']"
254831039,securities to be offered to employees in employee benefit plans http://www.conferencecalltranscripts.org/no/summary/?id=8528335 $ttwo,2020-11-06 13:57:21,-69,['ttwo']
254830792,"$ttwo [15s. delayed] filed form s-8 on november 06, 08:55:23 https://s.flashalert.me/ngjw50",2020-11-06 13:56:26,-69,['ttwo']
254830734,"$ttwo form s-8 (securities to be offered to employees in employee benefit plans) filed with the sec 

https://newsfilter.io/a/e07ca5ca70a2e46118d8ed5501314505",2020-11-06 13:56:08,-69,['ttwo']
254829006,"(5:00am utc-8 nov 6 iphone $znga v $gluu us top 100 rankings #socialdistancing head to head) 
 
disgraced $gluu schools $znga on profitability?... 
 
$znga q3 $122m loss,  revenue miss.. 
11 games top 100... 
 
$gluu beats on rev/eps https://seekingalpha.com/news/3632519-glu-mobile-eps-beats-0_06-beats-on-revenue ... 
2 games top 100... 
terminates &quot;originals&quot;... 
$dis #248 
cf #124 
kkh #112 
 
- $znga toon #9 toy #24 e&amp;p #29 csr2 #36 md! #60 hp #68 oz #89 zp #91 wwf2 #97 gots #98 hir #100 
 
- $gluu dh #11 mlb2020 #95 
 
vb conducts twilight zone interview with glu... 
now we know why... 
(july 18, 2020) https://venturebeat.com/2020/07/18/glu-reloads-its-war-chest-for-mobile-game-acquisitions/ ... 
svp akhavan tasked to justify ceo earl&#39;s existence?... 
tencent $tcehy $gluu controlling s/h (ben feder (frmr ceo $ttwo ) dir) -&quot;originals&quot; as  well as pocket gems &quot;episodes&quot;...tortious interference, conflict of interest, undue influence, ...?...  
niccolo de masi, exec chmn $gluu, failed: ceo glu, pres. essential phone... 
gs-led mar, june 2020 spac dmyt i, ii quid pro quo?... 
https://www.youtube.com/watch?v=huztqbks2hy  
 
source: appannie",2020-11-06 13:49:05,-69,"['gluu', 'ttwo', 'dis', 'znga', 'tcehy']"
254828335,the industry average profit margin is -5.36%. $ttwo outperforms 81% of its industry peers. https://www.chartmill.com/stock/analyzer/stock/ttwo?view=fundamental-analysis&amp;key=51460006-71eb-49e1-b8f0-b4700238be39&amp;utm_source=stocktwits&amp;utm_medium=fa&amp;utm_content=ttwo&amp;utm_campaign=social_tracking,2020-11-06 13:46:00,-69,['ttwo']
254825213,stocks making the biggest moves pm 3: $ea $z $iac $xrx $ttwo &amp; more https://www.cnbc.com/2020/11/06/stocks-making-the-biggest-moves-in-the-premarket-cvs-health-coty-t-mobile-us-peloton-more.html?__source=iosappshare%7ccom.apple.uikit.activity.copytopasteboard,2020-11-06 13:32:16,-69,"['ea', 'iac', 'ttwo', 'xrx', 'z']"
254824933,"$ttwo with a bullish setup...

consolidating the monster move off of march low and big break above major resistance back in may. moving above near-term resistance in the pre-market. great risk/reward opportunity to get on board. 

good luck.

real-time alerts at thetradinganalyst.com/",2020-11-06 13:31:03,-69,['ttwo']
254819956,last10k highlighted 66 positive and negative remarks in $ttwo&#39;s 10-q filed today. see them in the quarterly report: https://last10k.com/sec-filings/ttwo/0001628280-20-015824.htm?utm_source=stocktwits&amp;utm_medium=forum&amp;utm_campaign=sentiment&amp;utm_term=ttwo,2020-11-06 13:07:31,-69,['ttwo']
254816368,"$ttwo (+2.8% pre) take-two interactive’s sports games, catalog power revenue beat - barron&#39;s

http://ooc.bz/l/63468",2020-11-06 12:48:11,-69,['ttwo']
254812796,$ttwo just filed a 10-q quarterly report with 58 sections and 6 exhibits. access them all or just read their earnings: https://last10k.com/sec-filings/ttwo/0001628280-20-015824.htm?utm_source=stocktwits&amp;utm_medium=forum&amp;utm_campaign=10kq2040f&amp;utm_term=ttwo,2020-11-06 12:24:28,-69,['ttwo']
254806946,take-two interactive software just filed its quarterly report: earnings per share (... http://www.conferencecalltranscripts.org/q/summary/?id=8527517 $ttwo,2020-11-06 11:38:59,-69,['ttwo']
254803936,"$ttwo form 10-q (quarterly report [sections 13 or 15(d)]) filed with the sec 

https://newsfilter.io/a/637e6d82a867c837d1f5c3c7863d14e1",2020-11-06 11:08:00,-69,['ttwo']
254795065,"$edit, $li and $ttwo gaining after market hours. https://www.chartmill.com/stock/stock-screener?v=5&amp;f=s_amg,p_pg10,v1_50b500,exch_us&amp;utm_source=stocktwits&amp;utm_medium=screener&amp;utm_content=stock_screener:_after_market_gainers&amp;utm_campaign=social_tracking",2020-11-06 08:17:00,-69,"['ttwo', 'edit', 'li']"
254789145,continued low rate environment and introduction of covid vaccines will lead to money flow out of video game companies like $ttwo and into home builders like $len.  pair trade is to long home builders and short video games.,2020-11-06 06:08:53,-69,"['ttwo', 'len']"
254782751,$ttwo has a profit margin of 13.22%. this is amongst the best returns in the industry. https://www.chartmill.com/stock/quote/ttwo/fundamental-analysis?key=51460006-71eb-49e1-b8f0-b4700238be39&amp;utm_source=stocktwits&amp;utm_medium=fa&amp;utm_content=ttwo&amp;utm_campaign=social_tracking,2020-11-06 04:44:02,-69,['ttwo']
254772731,$ttwo closed flow detected,2020-11-06 03:11:55,-69,['ttwo']
254770526,"$ttwo er on 11/5 before open. sp were up 29 times out of last 43 qtrs (67%) in er. estimated eps:1.99 vs 1.48, estimated revenue: $957.53m vs $853.66m. what you expect? 
 
https://stocksearning.com/stocks/ttwo/earnings-date 
#ttwo #taketwointeractivesoftwareinc #stockmarket #stocktwits #stocksearning",2020-11-06 02:53:30,-69,['ttwo']
254764124,$ttwo updates q3 guidance to $1.10-1.21 eps and revenue guidance to $675-725 million. https://www.marketbeat.com/g/53054,2020-11-06 02:04:47,-69,['ttwo']
254764121,$ttwo updates fy21 guidance to $3.22-3.49 eps and revenue guidance to $3.15-3.25 billion. https://www.marketbeat.com/g/53055,2020-11-06 02:04:46,-69,['ttwo']
254754051,$ttwo&#39;s return on equity of 16.85% is amongst the best of the industry. https://www.chartmill.com/stock/quote/ttwo/fundamental-analysis?key=51460006-71eb-49e1-b8f0-b4700238be39&amp;utm_source=stocktwits&amp;utm_medium=fa&amp;utm_content=ttwo&amp;utm_campaign=social_tracking,2020-11-06 01:00:00,-69,['ttwo']
254752381,stocktwits trending alert: trading recent interest in take-two interactive sftw $ttwo https://wp.me/p5blgb-blgr,2020-11-06 00:50:25,-69,['ttwo']
254750968,$ttwo just filed with the sec a earnings release and a financial exhibit https://last10k.com/sec-filings/ttwo/0001104659-20-121816.htm?utm_source=stocktwits&amp;utm_medium=forum&amp;utm_campaign=8k&amp;utm_term=ttwo,2020-11-06 00:43:18,-69,['ttwo']
254749967,"$ttwo net bookings second quarter $957 million, mkt cap of $19 billion.  $ea net bookings second quarter $910 million, mkt cap of $37 billion.....",2020-11-06 00:38:02,1,"['ea', 'ttwo']"
254743385,$ttwo curling up soul glo style spray some activator for a bigger opening gap,2020-11-06 00:03:53,-69,['ttwo']
254742152,"$ttwo new article : take-two +3% as it beats bookings expectations, raises holiday guidance https://www.stck.pro/news/ttwo/8961374",2020-11-05 23:58:06,-69,['ttwo']
254741840,"$ttwo take-two +3% as it beats bookings expectations, raises holiday guidance 

https://newsfilter.io/a/836ee24e7a4b2fe02efa3d9dccb17727",2020-11-05 23:56:28,-69,['ttwo']
254737543,$ea  high was over$140 look at $ttwo  both strong buy rated,2020-11-05 23:35:05,1,"['ea', 'ttwo']"
254735192,"$ttwo please announce the gta6, this will go to $300 ^3^",2020-11-05 23:22:43,-69,['ttwo']
254733753,"$ttwo  zelnick said. “red dead online recurrent consumer spending was up 96% in the quarter, which was amazing.”",2020-11-05 23:15:50,-69,['ttwo']
254731942,$ttwo updates fy 2021after-hours guidance to 5.20-5.45 eps and revenue guidance to $3.15-3.25 billion. https://www.marketbeat.com/g/52950,2020-11-05 23:07:52,-69,['ttwo']
254731938,$ttwo updates q3 2021after-hours guidance to 0.75-0.85 eps and revenue guidance to $675-725 million. https://www.marketbeat.com/g/52951,2020-11-05 23:07:51,-69,['ttwo']
254728550,$ttwo if people never sell this can skip levels the float thins out,2020-11-05 22:53:29,-69,['ttwo']
254728307,&#39;nba 2k&#39; video game publisher delivers slam-dunk earnings report https://www.investors.com/news/technology/ttwo-stock-q2-2021-take-two-earnings/ $ttwo $ea,2020-11-05 22:52:24,-69,"['ea', 'ttwo']"
254725673,$ttwo the paint delay ...,2020-11-05 22:41:16,-69,['ttwo']
254723895,$ttwo: the revenue has been growing by 19.04% on average over the past 5 years. this is quite good. https://www.chartmill.com/stock/analyzer/stock/ttwo?view=fundamental-analysis&amp;key=51460006-71eb-49e1-b8f0-b4700238be39&amp;utm_source=stocktwits&amp;utm_medium=fa&amp;utm_content=ttwo&amp;utm_campaign=social_tracking,2020-11-05 22:34:01,-69,['ttwo']
254721321,$ttwo once nough people wake up this should get a nice push into next week,2020-11-05 22:24:26,-69,['ttwo']
254719137,$ttwo new article : take-two rides catalog sales and live operations to $841.1 million in revenue for q3 2020 https://www.stck.pro/news/ttwo/8959645,2020-11-05 22:17:06,-69,['ttwo']
254717669,$ttwo goooooooooooooooooooooooooooooooo,2020-11-05 22:12:10,-69,['ttwo']
254715511,$ttwo happy i joined this morning,2020-11-05 22:04:37,1,['ttwo']
254714968,$ttwo new sheriff in town ea needs to take two seats,2020-11-05 22:02:55,-69,['ttwo']
254713877,"electronic arts tumbles after results, outlook come up short  $atvi $msft $ttwo $ea 

https://newsfilter.io/a/3701aa1ffd51c033e9d514d18c49bfb4",2020-11-05 21:59:34,-69,"['atvi', 'ea', 'msft', 'ttwo']"
254713301,$ttwo gooooooooooooooooooooooooooooooooooo,2020-11-05 21:57:54,-69,['ttwo']
254713148,"$ttwo reported earnings of $2.22, consensus was $1.48, earnings whisper was $1.74 via @ewhispers #whisperbeat http://eps.sh/d/ttwo",2020-11-05 21:57:24,-69,['ttwo']
254712966,$ttwo $2.4bil in cash now...  time for some serious stock buybacks!,2020-11-05 21:56:53,-69,['ttwo']
254712151,take-two interactive: investor relations &amp; corporate communications corporate communications &amp;  http://www.conferencecalltranscripts.org/8/summary2/?id=8523402 $ttwo,2020-11-05 21:54:13,-69,['ttwo']
254711571,"$ci: given the er and the election news, i am pretty sure that ci would follow $ttwo.",2020-11-05 21:52:15,-69,"['ttwo', 'ci']"
254710717,$ttwo charted on july. perfect.,2020-11-05 21:49:30,-69,['ttwo']
254710463,$ttwo complete dead volume haha. biggest candle after the halt finished is barely 5k shares. what an joke. big money can come in the morning and sell off hard,2020-11-05 21:48:48,-1,['ttwo']
254710322,your daily news digest for take two interactive software $ttwo https://wsfriend.com/daily/news/ttwo/2020-11-05/,2020-11-05 21:48:22,-69,['ttwo']
254709929,$ttwo flies $ea tanks...,2020-11-05 21:47:05,-69,"['ea', 'ttwo']"
254709826,$ttwo i&#39;ve been outfoxed by ttwo on past earnings moves.  kept it simple by selling a 150/190 nov strangle for which the theta should melt off nicely to take off tomorrow as a winner.,2020-11-05 21:46:49,-69,['ttwo']
254709740,$ttwo earnings are out!!  https://stockhoot.com/earningscalendar.aspx?from=afterearningstweet&amp;symbol=ttwo&amp;t=153&amp;social=stocktwits,2020-11-05 21:46:33,-69,['ttwo']
254707827,yes baby slam dunk with those er 🔥🔥 $ttwo $sq 🤑🤑,2020-11-05 21:41:14,1,"['ttwo', 'sq']"
254706091,"take two raises guidance

related tickers: $ttwo",2020-11-05 21:36:41,-69,['ttwo']
254706032,"take-two interactive q2 gaap eps $0.86, gaap sales $841.10m down from $857.80m yoy

related tickers: $ttwo",2020-11-05 21:36:32,-69,['ttwo']
254705384,$ttwo terrible numbers,2020-11-05 21:34:51,-69,['ttwo']
254704656,"$ttwo for people unfamiliar with ttwo, they always halt when they report. have the last few years iirc",2020-11-05 21:33:08,-69,['ttwo']
254704509,"$ttwo earnings call today: 4:30 pm est 
webcast: http://mmm.wallstreethorizon.com/u.asp?u=346999 
stockpods beta is now live. visit to find analyst ratings, stock price targets, and phone/pin for today&#39;s earnings calls: https://www.stockpods.com",2020-11-05 21:32:47,-69,['ttwo']
254703976,$ttwo wait till they bring gta6😅 they will double,2020-11-05 21:31:31,-69,['ttwo']
254703880,$ttwo is halted?,2020-11-05 21:31:19,-69,['ttwo']
254703630,$ttwo wait till they bri g gta6 and more good games they will double,2020-11-05 21:30:37,1,['ttwo']
254703428,"$ttwo what a dud quarter 
we sold all 700 shares at 173 followers",2020-11-05 21:30:09,-69,['ttwo']
254703306,$ttwo wait till they bring gta6 and more new games!,2020-11-05 21:29:51,1,['ttwo']
254703095,"$ttwo wait till
they bting gta6 and more new games",2020-11-05 21:29:18,1,['ttwo']
254702921,$ttwo net booking of $958 vs $800 guide is pretty insane to me.  i&#39;m not sure what more you can ask for from this mgmt team.  excellent execution!,2020-11-05 21:28:50,-69,['ttwo']
254702842,"$ttwo thought i was gonna lose my shirt on this one, never traded this, seen the halt. bought in at $169.90. seen it go down towards close had $40k in this sucker. had a stop set for my cost basis thinking i would lose, sold for $172.25 made $500. unbelievable.",2020-11-05 21:28:37,-69,['ttwo']
254702363,"$ttwo take-two’s (ticker: ttwo) bookings and earnings topped wall street’s forecasts, and the company raised its full-year guidance above consensus estimates.",2020-11-05 21:27:28,1,['ttwo']
254702254,$ttwo substantial miss combined with great guidance... think this will balance between a  red and green over and over,2020-11-05 21:27:16,-69,['ttwo']
254701250,$ttwo missed,2020-11-05 21:24:51,-1,['ttwo']
254700286,"$ttwo [15s. delayed] filed form 8-k on november 05, 16:21:19: item2.02: results of operations &amp; financial condition https://s.flashalert.me/diegy",2020-11-05 21:22:28,-69,['ttwo']
254700252,"$ttwo take-two interactive software eps misses by $0.35, misses on revenue 

https://newsfilter.io/a/4380ef4da1163fdfbfb9316f64161be5",2020-11-05 21:22:25,-69,['ttwo']
254700104,"$ttwo form 8-k: results of operations and financial condition on november 5, 2020, take-two interactive software issued a press release announcing the financial results of the company for its second f.. 

https://newsfilter.io/a/1d6c1291b2ed1b3afa71ba0d903a5ec7",2020-11-05 21:22:04,-69,['ttwo']
254699240,"$ttwo
take-two misses by $0.35, beats on revs; guides q3 eps below consensus, revs below consensus; guides fy21 eps below consensus, revs below consensus (all eps estimates in gaap)",2020-11-05 21:20:11,-1,['ttwo']
254699179,$ttwo so weird not seeing the usual people screaming &quot;halted&quot; and &quot;huge miss!&quot;  where is everyone?,2020-11-05 21:20:03,1,['ttwo']
254698896,"$ttwo co issues downside guidance for q3, sees eps of $1.10-1.21 vs. $1.67 s&amp;p capital iq consensus; sees q3 revs of $675-725 mln vs. $724.88 mln s&amp;p capital iq consensus.",2020-11-05 21:19:28,-69,['ttwo']
254698850,"$ttwo reports q2 (sep) earnings of $0.86 per share, $0.35 worse than the s&amp;p capital iq consensus of $1.21; revenues rose 0.7% year/year to $957.5 mln vs the $884.68 mln s&amp;p capital iq consensus.",2020-11-05 21:19:21,-69,['ttwo']
254698775,"$ttwo take-two misses by $0.35, beats on revs; guides q3 eps below consensus, revs below consensus; guides fy21 eps below consensus, revs below consensus (all eps estimates in gaap)",2020-11-05 21:19:12,-69,['ttwo']
254696628,$ttwo nice print!  beat and guided higher.  best mgmt team in the business.  period,2020-11-05 21:14:57,-69,['ttwo']
254695826,"take-two interactive software, inc. reports strong results for fiscal second quarter 2021 http://www.conferencecalltranscripts.org/summary/?id=88203&amp;pr=true $ttwo",2020-11-05 21:13:22,-69,['ttwo']
254694975,"$ttwo [15s. delayed, acc.~90%, always check] earnings release november 05, 16:05:00: q2: gaap eps of $0.86 https://s.flashalert.me/zpegpk",2020-11-05 21:11:39,-69,['ttwo']
254694961,"$ttwo [15s. delayed]: issued press release on november 05, 16:05:00: take-two interactive software, inc. reports strong results for fiscal https://s.flashalert.me/2xc6i4",2020-11-05 21:11:37,-69,['ttwo']
254694732,"$ttwo to resume trading at  11/05/2020 16:25:00.
get real time notifications at 
https://itunes.apple.com/us/app/apple-store/id1177283638?mt=8",2020-11-05 21:11:05,-69,['ttwo']
254693078,"$ttwo take-two interactive software, inc. reports strong results for fiscal second quarter 2021
https://www.stocktitan.net/news/ttwo/take-two-interactive-software-inc-reports-strong-results-for-fiscal-y4hn26gte64r.html",2020-11-05 21:07:55,-69,['ttwo']
254692597,$ttwo halt (t1) was alerted within seconds at tradethehalt.com with the halt price of $168.68 and volume of 2.03m.,2020-11-05 21:07:02,-69,['ttwo']
254692420,"$ttwo take-two interactive software reports strong results for fiscal second quarter 2021 

https://newsfilter.io/a/60fe658e337099453c3c50eafb9d84b8",2020-11-05 21:06:39,-69,['ttwo']
254692390,$ttwo aight ea took a big hit...,2020-11-05 21:06:36,-69,['ttwo']
254692215,"trading halted for $ttwo halt reason: news pending.
get real time notifications at 
https://itunes.apple.com/us/app/apple-store/id1177283638?mt=8",2020-11-05 21:06:12,-69,['ttwo']
254685036,$ttwo will be a trash report. nothing special to play. red dead 2 is a fat bust. borderlands 3 is a joke. an even worse bust. all this company has is gta lmao,2020-11-05 20:45:03,-1,['ttwo']
254683308,$ttwo i’m willing to bet that this stock freezes after hours and before they report earnings.....,2020-11-05 20:39:04,1,['ttwo']
254682090,$ttwo $sq $pton my money is on these bad boys. let&#39;s go.,2020-11-05 20:34:45,1,"['ttwo', 'sq', 'pton']"
254667760,$ttwo having a hard time understanding what&#39;s pushing this down. unbelievable.,2020-11-05 19:45:14,-69,['ttwo']
254662872,"$ttwo taking back the overhead supply area, probably fair to assume pullbacks back into that range will be buying opps",2020-11-05 19:28:41,-69,['ttwo']
254661721,$ttwo fly baby,2020-11-05 19:24:31,1,['ttwo']
254658627,$ttwo buy the dip,2020-11-05 19:13:59,-69,['ttwo']
254652648,"$ttwo alright, place your bets here guys...gap up or gap down after tonight earning?",2020-11-05 18:53:23,-69,['ttwo']
254650824,$ttwo next gen nba 2k21 the city looks good.  will cause people to double dip on both versions.,2020-11-05 18:46:51,1,['ttwo']
254604326,$ttwo is scheduled to report #earnings after the market closes today via @ewhispers http://eps.sh/s/ttwo,2020-11-05 16:01:09,-69,['ttwo']
254583905,"[update-1](4:00am utc-8 nov 5 iphone $znga v $gluu us top 100 rankings #mobilegaming head to head) 
 
$znga $122m loss q3... 
-9.5% to 8.94... 
 https://finance.yahoo.com/news/zynga-reports-record-revenue-strong-214810593.html... 
piper cuts pt... 
$znga 10 games top 100... 
 
$gluu about to be acquired? 
2 games top 100... 
q2 rev/eps miss... 
terminates &quot;originals&quot;... 
$dis #244 
cf #119 
kkh #110 
 
- $znga toon #9 toy #24 e&amp;p #39 csr2 #45 md! #54 hp #59 oz #64 zp #85 hir #92 wwf2 #96 
 
- $gluu dh #38 mlb2020 #93 
 
vb conducts twilight zone interview with glu... 
now we know why... 
(july 18, 2020) https://venturebeat.com/2020/07/18/glu-reloads-its-war-chest-for-mobile-game-acquisitions/ ... 
svp akhavan tasked to justify ceo earl&#39;s existence?... 
tencent $tcehy $gluu controlling s/h (ben feder (frmr ceo $ttwo ) dir) -&quot;originals&quot; as  well as pocket gems &quot;episodes&quot;...tortious interference, conflict of interest, undue influence, ...?...  
niccolo de masi, exec chmn $gluu, failed: ceo glu, pres. essential phone... 
gs-led mar, june 2020 spac dmyt i, ii quid pro quo?... 
https://www.youtube.com/watch?v=huztqbks2hy  
 
source: appannie",2020-11-05 15:02:26,-69,"['gluu', 'ttwo', 'dis', 'znga', 'tcehy']"
254578089,on tap for top strong earnings continuation...$sq $ea $ttwo $pton $ttd 👍💪🚀,2020-11-05 14:47:19,1,"['ea', 'ttwo', 'sq', 'ttd', 'pton']"
254559106,$ttwo #earnings today amc   https://stockhoot.com/earningscalendar.aspx?from=individualtweet&amp;symbol=ttwo&amp;t=931&amp;social=stocktwits,2020-11-05 13:37:23,-69,['ttwo']
254557184,"(4:00am utc-8 nov 5 iphone $znga v $gluu us top 100 rankings head to head) 
 
$znga 10 games top 100... 
$znga potter #59 jam city&#39;s #73 
$122m loss q3... 
 https://finance.yahoo.com/news/zynga-reports-record-revenue-strong-214810593.html... 
piper cuts pt... 
 
$gluu about to be acquired? 
2 games top 100... 
q2 rev/eps miss... 
terminates &quot;originals&quot;... 
$dis #244 
cf #119 
kkh #110 
 
- $znga toon #9 toy #24 e&amp;p #39 csr2 #45 md! #54 hp #59 oz #64 zp #85 hir #92 wwf2 #96 
 
- $gluu dh #38 mlb2020 #93 
 
vb conducts twilight zone interview with glu... 
now we know why... 
(july 18, 2020) https://venturebeat.com/2020/07/18/glu-reloads-its-war-chest-for-mobile-game-acquisitions/ ... 
svp akhavan tasked to justify ceo earl&#39;s existence?... 
tencent $tcehy $gluu controlling s/h (ben feder (frmr ceo $ttwo ) dir) -&quot;originals&quot; as  well as pocket gems &quot;episodes&quot;...tortious interference, conflict of interest, undue influence, ...?...  
niccolo de masi, exec chmn $gluu, failed: ceo glu, pres. essential phone... 
gs-led mar, june 2020 spac dmyt i, ii quid pro quo?... 
https://www.youtube.com/watch?v=huztqbks2hy  
 
source: appannie",2020-11-05 13:28:55,-69,"['gluu', 'ttwo', 'dis', 'znga', 'tcehy']"
254530324,"take-two interactive software, inc. ($ttwo) 2q21 earnings conference call on 5th november 2020 at 4:30 pm eastern time

https://www.stockmarketintellects.com/take-two-interactive-software-inc-ttwo-2q21-earnings-conference-call-on-5th-november-2020-at-430-pm-eastern-time/",2020-11-05 09:39:53,-69,['ttwo']
254524755,"sneak preview of take-two interactive software, inc. ($ttwo) 2q21 earnings

https://www.stockmarketintellects.com/sneak-preview-of-take-two-interactive-software-inc-ttwo-2q21-earnings/",2020-11-05 07:29:29,-69,['ttwo']
254511980,"$msci $tmus $ttwo $bkr 20 day and 50 day ma cross 
get the free daily stock newsletter from http://moneynial.com",2020-11-05 03:53:42,-69,"['bkr', 'ttwo', 'msci', 'tmus']"
254505595,"(11/04) videogame producers stocks up 3.6% on average(mean) in a day, median return is 3.8%, top movers are $atvi 4.1% $ea 3.8% $ttwo 3.0%, the sector return (on average) over the week is -0.0%, 
https://marketcomposite.com/topic?name=videogame%20producers",2020-11-05 02:49:23,-69,"['atvi', 'ea', 'ttwo']"
254459073,your daily news digest for take two interactive software $ttwo https://wsfriend.com/daily/news/ttwo/2020-11-04/,2020-11-04 21:49:31,-69,['ttwo']
254453073,$ttwo everyone keeps saying buy this. are they going to finally say something about gta?,2020-11-04 21:28:05,1,['ttwo']
254394140,"$ttwo nasdaq 100  and the election (so far).....    
https://www.channelchek.com/news-channel/the_prolonged_vote_counting_impact_on_the_stock_market",2020-11-04 17:26:44,-69,['ttwo']
254367568,"109 days... 💰💰💰 
hows that coin purse looking...👈👀🦏 
 
$gme @4.20, ran to $11.16 (pre/micro) / $15.87 (post) 165%/277% 
$sne @76, ran to $87... 15% 
$ttwo @150, ran to $180+... 20% 
$wfh @51, ran to $59... 16% 
 
ps5, gonna be a heluva good dip/rip...🚨🚀💸",2020-11-04 15:52:31,1,"['ttwo', 'gme', 'sne', 'wfh']"
254364486,$ttwo retesting major supply area where the head and shoulders broke down from,2020-11-04 15:41:35,-69,['ttwo']
254356144,$ttwo new article : take-two interactive&#39;s earnings outlook https://www.stck.pro/news/ttwo/8931799,2020-11-04 15:15:50,-69,['ttwo']
254341664,"(5:00am utc-8 nov 4 iphone $znga v $gluu us top 100 rankings head to head) 
 
$znga 10 games top 100... 
$634m lfcf... 
$znga potter #73 jam city&#39;s #51 
rollic?... 
playtika ipo $10b mc... 
scopely ipo $3.3b mc...  
 
$gluu about to be acquired? 
2 games top 100... 
q2 rev/eps miss... 
terminates &quot;originals&quot;... 
$dis 204 
cf #118 
kkh #121 
 
- $znga toon #11 toy #23 e&amp;p #41 md! #44 csr2 #48 hp #73 gots #84 hir #86 oz #93 zp #100 
 
- $gluu dh #50 mlb2020 #91 
 
vb conducts twilight zone interview with glu... 
now we know why... 
(july 18, 2020) https://venturebeat.com/2020/07/18/glu-reloads-its-war-chest-for-mobile-game-acquisitions/ ... 
svp akhavan tasked to justify ceo earl&#39;s existence?... 
tencent $tcehy $gluu controlling s/h (ben feder (frmr ceo $ttwo ) dir) -&quot;originals&quot; as  well as pocket gems &quot;episodes&quot;...tortious interference, conflict of interest, undue influence, ...?...  
niccolo de masi, exec chmn $gluu, failed: ceo glu, pres. essential phone... 
gs-led mar, june 2020 spac dmyt i, ii quid pro quo?... 
https://www.youtube.com/watch?v=huztqbks2hy  
 
source: appannie",2020-11-04 14:31:20,-69,"['gluu', 'ttwo', 'dis', 'znga', 'tcehy']"
254298792,"$atvi i say it again: it’s a low risk high reward stock! —&gt; “u.s. consumer spending on video games is projected to reach $13.4 billion in the combined november and december 2020 holiday period, an increase of 24 percent when compared to a year ago!”

https://www.npd.com/wps/portal/npd/us/blog/2020/us-video-game-spending-this-holiday-projected-to-reach-a-record-13-4-billion/

 $ttwo  and $ea",2020-11-04 07:09:18,-69,"['atvi', 'ea', 'ttwo']"
254224406,your daily news digest for take two interactive software $ttwo https://wsfriend.com/daily/news/ttwo/2020-11-03/,2020-11-03 21:45:48,-69,['ttwo']
254173179,"$atvi bull call spread...
long - february 2021 $82.50  - 9,500 x $3.75 ea
short - february 2021 $92.50 - 9,500 x $1.30 ea
debit $2.45

$ttwo $ea",2020-11-03 18:30:33,-69,"['atvi', 'ea', 'ttwo']"
254088317,"(4:00am utc-8 2020 election iphone $znga v $gluu us top 100 rankings #socialdistancing head to head) 
 
$znga 5 games top 41... 
$634m lfcf... 
$znga potter #73 jam city&#39;s #58 
rollic?... 
playtika ipo $10b mc... 
scopely ipo $3.3b mc...  
 
$gluu about to be acquired? 
2 games top 100... 
q2 rev/eps miss... 
terminates &quot;originals&quot;... 
$dis #190 
cf #134 
kkh #112 
 
- $znga toon #12 toy #24 md! #32 csr2 #38 e&amp;p #41 hp #73 zp #87 oz #89 
 
- $gluu dh #50 mlb2020 #74  
 
vb conducts twilight zone interview with glu... 
now we know why... 
(july 18, 2020) https://venturebeat.com/2020/07/18/glu-reloads-its-war-chest-for-mobile-game-acquisitions/ ... 
svp akhavan tasked to justify ceo earl&#39;s existence?... 
tencent $tcehy $gluu controlling s/h (ben feder (frmr ceo $ttwo ) dir) -&quot;originals&quot; as  well as pocket gems &quot;episodes&quot;...tortious interference, conflict of interest, undue influence, ...?...  
niccolo de masi, exec chmn $gluu, failed: ceo glu, pres. essential phone... 
gs-led mar, june 2020 spac dmyt i, ii quid pro quo?... 
https://www.youtube.com/watch?v=huztqbks2hy  
 
source: appannie",2020-11-03 13:37:02,-69,"['gluu', 'ttwo', 'dis', 'znga', 'tcehy']"
254085254,$ttwo gaming industry going up with weed legalized thru biden,2020-11-03 13:21:03,-69,['ttwo']
254031212,"$ttwo  nov 02    
- daily stock market timing forecast -    
◆ investing view    
=&gt; neutral - bearish    
◆ search for the daily stock market timing forecast    
http://www.google.com/search?q=pretiming    
◆ upper~lower stock price band for the next 10 days    
price: 147.48  ~ 157.19  
% change: -4.29% ~ 2.01% 
◆ today&#39;s supply-demand(s&amp;d) strength    
=&gt; supply-demand strength has changed to a strengthening buying flow when stock market opening.    
    
◆ daily supply-demand(s&amp;d) strength trend    
=&gt; in the midst of a downward trend of strong downward momentum price flow marked by temporary rises and strong falls.",2020-11-03 00:59:58,-69,['ttwo']
254000757,your daily news digest for take two interactive software $ttwo https://wsfriend.com/daily/news/ttwo/2020-11-02/,2020-11-02 21:47:14,-69,['ttwo']
253972209,"top nasdaq 100 earnings ratings for interactive media: $ntes $ntes $atvi $ea $ttwo 
source: finscreener",2020-11-02 20:03:28,-69,"['atvi', 'ea', 'ntes', 'ttwo']"
253958412,$ttwo and $ea and $ubi making mean moves.,2020-11-02 19:07:02,-69,"['ea', 'ttwo', 'ubi']"
253949732,"just added more $sbux at 85.57, more $ttwo at 151.24, more $dkng at 35.18 and some $aapl at 108.03. 

time for a quick lunch, b4 returning in the 3pm hour to possibly buy more stocks.",2020-11-02 18:31:21,1,"['aapl', 'sbux', 'ttwo', 'dkng']"
253925085,$ttwo time,2020-11-02 16:51:34,1,['ttwo']
253896339,$ttwo close your eyes and remember anything you did good. don&#39;t miss some good information here today. check disclaimer on my profile.http://psce.pw/thesurgeofecommerce,2020-11-02 15:10:34,1,['ttwo']
253870254,"(4:00am utc-8 nov 2 iphone $znga v $gluu us top 100 rankings #mobilegaming #socialdistancing head to head) 
 
$znga 5 games top 42... 
$634m lfcf... 
$znga potter #81 jam city&#39;s #56 
rollic?... 
playtika ipo $10b mc... 
scopely ipo $3.3b mc...  
 
$gluu ==&gt; about to be acquired? 
2 games top 100... 
q2 rev/eps miss... 
terminates &quot;originals&quot;... 
$dis #143 
cf #115 
 
- $znga toon #8 md! #25 toy #26 csr2 #34 e&amp;p #42 zp #78 hp #81 oz #86 hir #99 
 
- $gluu dh #70 mlb2020 #84 
 
vb conducts twilight zone interview with glu... 
now we know why... 
(july 18, 2020) https://venturebeat.com/2020/07/18/glu-reloads-its-war-chest-for-mobile-game-acquisitions/ ... 
svp akhavan tasked to justify ceo earl&#39;s existence?... 
tencent $tcehy $gluu controlling s/h (ben feder (frmr ceo $ttwo ) dir) -&quot;originals&quot; as  well as pocket gems &quot;episodes&quot;...tortious interference, conflict of interest, undue influence, ...?...  
niccolo de masi, exec chmn $gluu, failed: ceo glu, pres. essential phone... 
gs-led mar, june 2020 spac dmyt i, ii quid pro quo?... 
https://www.youtube.com/watch?v=huztqbks2hy  
 
source: appannie",2020-11-02 13:27:58,-69,"['gluu', 'ttwo', 'dis', 'znga', 'tcehy']"
253867970,"$ttwo what investors should consider before investing in the esports industry....
https://www.channelchek.com/news-channel/how_to_invest_in_esports",2020-11-02 13:13:11,-69,['ttwo']
253809924,your daily news digest for take two interactive software $ttwo https://wsfriend.com/daily/news/ttwo/2020-11-01/,2020-11-01 21:47:07,-69,['ttwo']
253781594,"(5:00am utc-8 nov 1 iphone $znga v $gluu us top 100 rankings #mobilegaming #socialdistancing head to head) 
 
$znga 10 games top 100... 
$634m lfcf... 
$znga potter #92 jam city&#39;s #103 
rollic?... 
playtika ipo $10b mc... 
scopely ipo $3.3b mc...  
 
$gluu 2 games top 100... 
q2 rev/eps miss... 
terminates &quot;originals&quot;... 
$dis #180 
cf #135 
kkh #110 
 
- $znga toon #10 md! #24 toy #33 e&amp;p #36 csr2 #45 zp #74 hir #83 gots #85 oz #90 hp #92 
 
- $gluu mlb2020 #57 dh #70 
 
vb conducts twilight zone interview with glu... 
now we know why... 
(july 18, 2020) https://venturebeat.com/2020/07/18/glu-reloads-its-war-chest-for-mobile-game-acquisitions/ ... 
svp akhavan tasked to justify ceo earl&#39;s existence?... 
tencent $tcehy $gluu controlling s/h (ben feder (frmr ceo $ttwo ) dir) -&quot;originals&quot; as  well as pocket gems &quot;episodes&quot;...tortious interference, conflict of interest, undue influence, ...?...  
niccolo de masi, exec chmn $gluu, failed: ceo glu, pres. essential phone... 
gs-led mar, june 2020 spac dmyt i, ii quid pro quo?... 
https://www.youtube.com/watch?v=huztqbks2hy  
 
source: appannie",2020-11-01 14:13:35,-69,"['gluu', 'ttwo', 'dis', 'znga', 'tcehy']"
253762313,$ttwo first nibble at $148. that is where we enter the friend zone. $141 and things really heat up. 93 games in the next 5 years. stay away robin hooders.,2020-11-01 02:26:11,1,['ttwo']
253747083,your daily news digest for take two interactive software $ttwo https://wsfriend.com/daily/news/ttwo/2020-10-31/,2020-10-31 21:45:33,-69,['ttwo']
253717466,"(5:00am utc-7 halloween iphone $znga v $gluu us top 100 rankings #mobilegaming #socialdistancing head to head) 
 
$znga 8 games top 100... 
$634m lfcf... 
$znga potter #93 jam city&#39;s #98 
rollic?... 
playtika ipo $10b mc... 
scopely ipo $3.3b mc...  
 
$gluu 3 games top 100... 
q2 rev/eps miss... 
terminates &quot;originals&quot;... 
$dis #208 
cf #140 
 
- $znga toon #10 md! #27 toy #32 csr2 #36 zp #62 e&amp;p #69 hp #93 oz #97 
 
- $gluu mlb2020 #43 dh #61 kkh #99 
 
vb conducts twilight zone interview with glu... 
now we know why... 
(july 18, 2020) https://venturebeat.com/2020/07/18/glu-reloads-its-war-chest-for-mobile-game-acquisitions/ ... 
svp akhavan tasked to justify ceo earl&#39;s existence?... 
tencent $tcehy $gluu controlling s/h (ben feder (frmr ceo $ttwo ) dir) -&quot;originals&quot; as  well as pocket gems &quot;episodes&quot;...tortious interference, conflict of interest, undue influence, ...?...  
niccolo de masi, exec chmn $gluu, failed: ceo glu, pres. essential phone... 
gs-led mar, june 2020 spac dmyt i, ii quid pro quo?... 
https://www.youtube.com/watch?v=huztqbks2hy  
 
source: appannie",2020-10-31 13:41:29,-69,"['gluu', 'ttwo', 'dis', 'znga', 'tcehy']"
253691589,"(10/30) videogame producers stocks down 3.6% on average(mean) in a day, median return is -3.3%, top movers are $ttwo -4.8% $ea -3.3% $atvi -2.6%, the sector return (on average) over the week is -5.9%, 
https://marketcomposite.com/topic?name=videogame%20producers",2020-10-31 01:29:17,-69,"['atvi', 'ea', 'ttwo']"
253666999,your daily news digest for take two interactive software $ttwo https://wsfriend.com/daily/news/ttwo/2020-10-30/,2020-10-30 21:46:20,-69,['ttwo']
253556809,"$orly $ttwo bought shares in both of these, @ $432.50 &amp; $155.9, respectively",2020-10-30 15:16:39,1,"['orly', 'ttwo']"
253532905,"(6:00am utc-7 oct 30 iphone $znga v $gluu us top 100 rankings #mobilegaming #socialdistancing head to head) 
 
$znga 8 games top 100... 
$634m lfcf... 
$znga potter #82 jam city&#39;s #92 
rollic?... 
playtika ipo $10b mc... 
scopely ipo $3.3b mc...  
 
$gluu 1 game top 100... 
q2 rev/eps miss... 
terminates &quot;originals&quot;... 
 
- $znga toon #10 csr2 #27 toy #28 e&amp;p #61 md! #64 hp #82 zp #91 oz #96 
 
- $gluu dh #51 
 
vb conducts twilight zone interview with glu... 
now we know why... 
(july 18, 2020) https://venturebeat.com/2020/07/18/glu-reloads-its-war-chest-for-mobile-game-acquisitions/ ... 
svp akhavan tasked to justify ceo earl&#39;s existence?... 
tencent $tcehy $gluu controlling s/h (ben feder (frmr ceo $ttwo ) dir) -&quot;originals&quot; as  well as pocket gems &quot;episodes&quot;...tortious interference, conflict of interest, undue influence, ...?...  
niccolo de masi, exec chmn $gluu, failed: ceo glu, pres. essential phone... 
gs-led mar, june 2020 spac dmyt i, ii quid pro quo?... 
https://www.youtube.com/watch?v=huztqbks2hy  
 
source: appannie",2020-10-30 14:23:26,-69,"['gluu', 'ttwo', 'znga', 'tcehy']"
253527151,"$atvi welcome to market manipulation 101. $ttwo did the exact same. once it squeezed out their money at the end of may, it shot up to its highs from june-august of this year. you all just got robbed. unfortunately.",2020-10-30 14:09:11,1,"['atvi', 'ttwo']"
253512125,$ttwo new article : take-two: just getting started https://www.stck.pro/news/ttwo/8840440,2020-10-30 13:32:06,-69,['ttwo']
253505654,"$atvi benchmark analyst mike hickey raised the firm&#39;s price target on activision blizzard to $109 from $102 and keeps a buy rating on the shares after the company reported better than consensus q3 results and raised guidance. he notes that company management was &quot;constructive&quot; on the opportunity for fy21 growth from its &quot;call of duty,&quot; &quot;world of warcraft&quot; and &quot;candy crush&quot; franchises.
$ttwo $tcehy $znga",2020-10-30 13:07:39,1,"['atvi', 'ttwo', 'znga', 'tcehy']"
253504944,"$atvi baird analyst colin sebastian said he remains positive on activision blizzard shares ahead of what should be a strong holiday period and what he believes is conservative guidance. the analyst raised his estimates with higher confidence in the earnings power of its three key segments and ongoing scale benefits. sebastian reiterated his outperform rating and $100 price target on activision blizzard shares.
$ea $ttwo $spy",2020-10-30 13:04:54,1,"['atvi', 'ea', 'ttwo', 'spy']"
253469844,$ttwo earnings run up incoming.  market cap way too low:  january 2022 160c’s 🚀,2020-10-30 06:57:55,1,['ttwo']
253461352,"[update-1](8:00pm utc-7 oct 29 iphone $znga v $gluu us top 100 rankings #mobilegaming #socialdistancing head to head) 
 
$znga 10 games top 100... 
$634m lfcf... 
$znga potter #69 jam city&#39;s #90 
rollic?... 
playtika ipo $10b mc... 
scopely ipo $3.3b mc...  
 
$gluu 2 games top 100... 
q2 rev/eps miss... 
terminates &quot;originals&quot;... 
$dis #202 
cf #125 
 
- $znga toon #9 csr2 #27 toy #30 e&amp;p #46 md! #64 hp #69 oz #84 gots #95 hir #97 zp #100 
 
- $gluu dh #38 mlb2020 #80 
 
vb conducts twilight zone interview with glu... 
now we know why... 
(july 18, 2020) https://venturebeat.com/2020/07/18/glu-reloads-its-war-chest-for-mobile-game-acquisitions/ ... 
svp akhavan tasked to justify ceo earl&#39;s existence?... 
tencent $tcehy $gluu controlling s/h (ben feder (frmr ceo $ttwo ) dir) -&quot;originals&quot; as  well as pocket gems &quot;episodes&quot;...tortious interference, conflict of interest, undue influence, ...?...  
niccolo de masi, exec chmn $gluu, failed: ceo glu, pres. essential phone... 
gs-led mar, june 2020 spac dmyt i, ii quid pro quo?... 
https://www.youtube.com/watch?v=huztqbks2hy  
 
source: appannie",2020-10-30 04:33:36,-69,"['gluu', 'ttwo', 'dis', 'znga', 'tcehy']"
253460967,"[update-1](8:00pm utc-7 oct 9 iphone $znga v $gluu us top 100 rankings #mobilegaming #socialdistancing head to head) 
 
$znga 10 games top 100... 
$634m lfcf... 
$znga potter #69 jam city&#39;s #90 
rollic?... 
playtika ipo $10b mc... 
scopely ipo $3.3b mc...  
 
$gluu 2 games top 100... 
q2 rev/eps miss... 
terminates &quot;originals&quot;... 
$dis #202 
cf #125 
 
- $znga toon #9 csr2 #27 toy #30 e&amp;p #46 md! #64 hp #69 oz #84 gots #95 hir #97 zp #100 
 
- $gluu dh #38 mlb2020 #80 
 
vb conducts twilight zone interview with glu... 
now we know why... 
(july 18, 2020) https://venturebeat.com/2020/07/18/glu-reloads-its-war-chest-for-mobile-game-acquisitions/ ... 
svp akhavan tasked to justify ceo earl&#39;s existence?... 
tencent $tcehy $gluu controlling s/h (ben feder (frmr ceo $ttwo ) dir) -&quot;originals&quot; as  well as pocket gems &quot;episodes&quot;...tortious interference, conflict of interest, undue influence, ...?...  
niccolo de masi, exec chmn $gluu, failed: ceo glu, pres. essential phone... 
gs-led mar, june 2020 spac dmyt i, ii quid pro quo?... 
https://www.youtube.com/watch?v=huztqbks2hy  
 
source: appannie",2020-10-30 04:28:19,-69,"['gluu', 'ttwo', 'dis', 'znga', 'tcehy']"
253401522,your daily news digest for take two interactive software $ttwo https://wsfriend.com/daily/news/ttwo/2020-10-29/,2020-10-29 21:45:36,-69,['ttwo']
253376211,"video game stocks have been a great #covid19 stay at home trade but what they don&#39;t tell you is they all have been lagging since august. gamers are tapped out plus not many great new titles, can see this in activision guidance which is ok not amazing. $atvi $ea $ttwo",2020-10-29 20:32:03,-69,"['atvi', 'ea', 'ttwo']"
253374437,$atvi this always happens with $atvi and $ttwo they sell calls for high premium and make sure it stays down so theirs people don’t make the big profits they should,2020-10-29 20:28:21,-69,"['atvi', 'ttwo']"
253356083,"this is the single best way to play gaming stocks, trader says as activision blizzard, take-two interactive get ready to report earnings $atvi $ttwo $ea $gamr https://cnb.cx/3ekqecx @cnbc @tradingnation",2020-10-29 19:48:24,-69,"['atvi', 'ea', 'ttwo', 'gamr']"
253321820,activision blizzard q3 2020 earnings preview $atvi https://bit.ly/3ogd1km $ea $ttwo,2020-10-29 18:00:55,-69,"['atvi', 'ea', 'ttwo']"
253302598,$atvi $ea $ttwo buy the dip!,2020-10-29 16:59:13,-69,"['atvi', 'ea', 'ttwo']"
253233149,$brk.b should look at acquiring one of these companies: $orly $ttwo $tyl,2020-10-29 13:42:39,-69,"['orly', 'ttwo', 'tyl', 'brk.b']"
253228897,"(5:00am utc-7 oct 29 iphone $znga v $gluu us top 100 rankings  #socialdistancing head to head) 
 
$znga 10 games top 100... 
$634m lfcf... 
$znga potter #64 jam city&#39;s potter #79 
rollic?... 
playtika files for ipo $10b mc... 
scopely ipo $3.3b mc... 
 
$gluu 3 games top 100... 
q2 rev/eps miss... 
terminates &quot;originals&quot;... 
$dis #207 
cf #122 
 
- $znga toon #11 toy #26 csr2 #35 md! #61 hp #64 e&amp;p #71 oz #76 hir #89 zp #95 gots #96 
 
- $gluu dh #33 mlb2020 #88 kkh #93 
 
vb conducts twilight zone interview with glu... 
now we know why... 
(july 18, 2020) https://venturebeat.com/2020/07/18/glu-reloads-its-war-chest-for-mobile-game-acquisitions/ ... 
svp akhavan tasked to justify ceo earl&#39;s existence?... 
tencent $tcehy $gluu controlling s/h (ben feder (frmr ceo $ttwo ) dir) -&quot;originals&quot; as  well as pocket gems &quot;episodes&quot;...tortious interference, conflict of interest, undue influence, ...?...  
niccolo de masi, exec chmn $gluu, failed: ceo glu, pres. essential phone... 
gs-led mar, june 2020 spac dmyt i, ii quid pro quo?... 
https://www.youtube.com/watch?v=huztqbks2hy  
 
source: appannie",2020-10-29 13:30:37,-69,"['gluu', 'ttwo', 'dis', 'znga', 'tcehy']"
253157412,"$ttwo  oct 28    
- daily stock market timing forecast -    
◆ investing view    
=&gt; sell - bearish    
◆ search for the daily stock market timing forecast    
http://www.google.com/search?q=pretiming    
◆ upper~lower stock price band for the next 10 days    
price: 159.55  ~ 168.33  
% change: -2.95% ~ 2.39% 
◆ today&#39;s supply-demand(s&amp;d) strength    
=&gt; supply-demand(s&amp;d) strength flow appropriate to the current trend.    
    
◆ daily supply-demand(s&amp;d) strength trend    
=&gt; about to begin a downward trend as a rebounding trend gradually gives way to increasing limited rises and strong falls.",2020-10-29 00:50:57,-69,['ttwo']
253126043,your daily news digest for take two interactive software $ttwo https://wsfriend.com/daily/news/ttwo/2020-10-28/,2020-10-28 21:45:28,-69,['ttwo']
253040188,"$atvi $ea $ttwo   covid causes more stay at home?  more video game sales.  covid goes away?  new console hype = more video game sales.  stimulus goes through, more money for video games.  stimulus doesn’t go through, people will turn to cheap entertainment aka video games, less money but still money to video games.  i see no downside in these other than a full market sell off like in march, although these still rebounded the fastest.",2020-10-28 16:57:55,1,"['atvi', 'ea', 'ttwo']"
253022796,"almost forgot, i also added more $ttwo at 164.37 i’m starving, time to eat.",2020-10-28 15:59:07,-69,['ttwo']
253014980,$brk.b should look at  buying $tyl or $ttwo or increasing amount they have invested in tech. berkshire has massively underperformed the nasdaq.,2020-10-28 15:35:42,-69,"['ttwo', 'tyl', 'brk.b']"
252969578,"(6:00am utc-7 oct 28 iphone $znga v $gluu us top 100 rankings #mobilegaming #socialdistancing head to head) 
 
$znga 5 games top 48... 
$634m lfcf... 
$znga potter #58 jam city&#39;s #71 
rollic?... 
playtika files for ipo $10b mc... 
 
$gluu 3 games top 100... 
q2 rev/eps miss... 
terminates &quot;originals&quot;... 
$dis #211 
 
- $znga toon #11 toy #26 csr2 #32 e&amp;p #46 md! #48 hp #58 gots #99 hir #100 
 
- $gluu dh#31 mlb2020 #84 kkh #93 
 
vb conducts twilight zone interview with glu... 
now we know why... 
(july 18, 2020) https://venturebeat.com/2020/07/18/glu-reloads-its-war-chest-for-mobile-game-acquisitions/ ... 
svp akhavan tasked to justify ceo earl&#39;s existence?... 
tencent $tcehy $gluu controlling s/h (ben feder (frmr ceo $ttwo ) dir) -&quot;originals&quot; as  well as pocket gems &quot;episodes&quot;...tortious interference, conflict of interest, undue influence, ...?...  
niccolo de masi, exec chmn $gluu, failed: ceo glu, pres. essential phone... 
gs-led mar, june 2020 spac dmyt i, ii quid pro quo?... 
https://www.youtube.com/watch?v=huztqbks2hy  
 
source: appannie",2020-10-28 13:45:35,-69,"['gluu', 'ttwo', 'dis', 'znga', 'tcehy']"
252942636,"$ttwo wwe® supercard season 7 coming soon for ios, android devices and facebook gaming https://www.otcdynamics.com/ttwo-wwe-supercard-season-7-coming-soon-for-ios-android-devices-and-facebook-gaming",2020-10-28 12:18:57,-69,['ttwo']
252939629,"$ttwo wwe® supercard season 7 coming soon for ios, android devices and facebook gaming
https://www.stocktitan.net/news/ttwo/wwe-r-super-card-season-7-coming-soon-for-i-os-android-devices-and-p5yleob741m7.html",2020-10-28 12:04:08,-69,['ttwo']
252939507,"wwe® supercard season 7 coming soon for ios, android devices and facebook gaming http://www.conferencecalltranscripts.org/summary/?id=79997&amp;pr=true $ttwo",2020-10-28 12:03:37,-69,['ttwo']
252939154,"$ttwo $wwe wwe® supercard season 7 coming soon for ios, android devices and facebook gaming 

https://newsfilter.io/a/6a19c65eb12f553a30ce76f502fbe720",2020-10-28 12:02:02,-69,"['ttwo', 'wwe']"
252886999,$atvi $ttwo xbox revenue up +22% with services/content up +30%.  guide was high teens.  guiding next quarter up high 20% range with services/content up low 20% range.,2020-10-28 00:38:30,1,"['atvi', 'ttwo']"
252857780,your daily news digest for take two interactive software $ttwo https://wsfriend.com/daily/news/ttwo/2020-10-27/,2020-10-27 21:46:27,-69,['ttwo']
252820424,$ttwo new article : top-rated take-two interactive software near buy zone ahead of earnings https://www.stck.pro/news/ttwo/8783213,2020-10-27 19:45:13,-69,['ttwo']
252721589,"$codx codxians, make sure you&#39;re watching gme today for the possible msft news ah or sne news pm.  stay tuned.

$ntdoy $ttwo",2020-10-27 14:16:45,-69,"['ttwo', 'ntdoy', 'codx']"
252719905,"📉💣 symbol: $ttwo
strike price: 160.0
expiration date: 11/20/2020
predicted direction: sell to open 📉💣
call/put: call
ai confidence: 62.83%
premium spent today: 114.66k
bid: 11.3
ask: 11.7
volume:  98 
open interest: 2017",2020-10-27 14:11:44,-1,['ttwo']
252709193,"(5:00am utc-7 oct 27 iphone $znga v $gluu us top 100 rankings #mobilegaming #socialdistancing head to head) 
 
$znga 9 games top 100... 
$634m lfcf... 
$znga potter #80 jam city&#39;s #76 
rollic?... 
competitor playtika files for ipo $10b mc... 
 
$gluu 3 games top 100... 
q2 rev/eps miss... 
terminates &quot;originals&quot;... 
$dis #178 
cf #116 
 
- $znga toon #12 toy #25 csr2 #33 md! #37 e&amp;p #38 hp #80 oz #91 zp #96 hir #100 
 
- $gluu dh #27 mlb2020 #78 kkh #93 
 
vb conducts twilight zone interview with glu... 
now we know why... 
(july 18, 2020) https://venturebeat.com/2020/07/18/glu-reloads-its-war-chest-for-mobile-game-acquisitions/ ... 
svp akhavan tasked to justify ceo earl&#39;s existence?... 
tencent $tcehy $gluu controlling s/h (ben feder (frmr ceo $ttwo ) dir) -&quot;originals&quot; as  well as pocket gems &quot;episodes&quot;...tortious interference, conflict of interest, undue influence, ...?...  
niccolo de masi, exec chmn $gluu, failed: ceo glu, pres. essential phone... 
gs-led mar, june 2020 spac dmyt i, ii quid pro quo?... 
https://www.youtube.com/watch?v=huztqbks2hy  
 
source: appannie",2020-10-27 13:41:54,-69,"['gluu', 'ttwo', 'dis', 'znga', 'tcehy']"
252693208,"activision’s earnings will show how it fared under the pandemic  $atvi $ea $ttwo $sne $msft 

https://newsfilter.io/a/1c0ca4965029d71d3e4d4775ed59752a",2020-10-27 12:31:51,-69,"['atvi', 'ea', 'msft', 'ttwo', 'sne']"
252621048,your daily news digest for take two interactive software $ttwo https://wsfriend.com/daily/news/ttwo/2020-10-26/,2020-10-26 21:45:59,-69,['ttwo']
252614230,"$amd final option flow signal for the day...🚀🤑🍀
$uvxy $cvx $ttwo $nls",2020-10-26 21:06:37,-69,"['ttwo', 'amd', 'cvx', 'nls', 'uvxy']"
252592829,"$espo $hero question for the video game crowd: i understand the argument for the game engines like $u and unreal over the game producers... pickaxes over gold miners and what have you... + these engines are already being used for simulations and effects outside of gaming. the tam is huge there. does that standpoint undervalue the potential tam of gaming ip though?
if there&#39;s a similarity between todays best gaming titles and comic books pre-mcu (and i buy that), then what&#39;s the value of these titles if they&#39;ll be monetized into other forms of entertainment in the future? you could argue that because of that potential, gaming ip is a bet on omnichannel entertainment while the engines are pure plays on digital. 
the top producers like $atvi and especially $ttwo seem to be valued purely on the potential earnings from the gaming portion of their ip.  what&#39;s wrong with this view?",2020-10-26 19:43:50,-69,"['atvi', 'hero', 'ttwo', 'u', 'espo']"
252580646,$ttwo about to be power hour here?,2020-10-26 18:54:52,1,['ttwo']
252556621,$ttwo taketwo interactive software call volume above normal and directionally bullish,2020-10-26 17:27:22,-69,['ttwo']
252556150,"$ttwo taketwo interactive software call volume above normal and directionally bullish 13:25 ttwo bullish option flow detected in taketwo interactive software with 2,675 calls trading, 1.3x expected, and implied vol increasing almost 3 points to 50.66%. nov-20 160 calls and jun-21 180 calls are the most active options, with total volume in those strikes near 660 contracts. the put/call ratio is 0.33. earnings are expected on november 5th.",2020-10-26 17:25:56,-69,['ttwo']
252516188,"most gaining stocks in the nasdaq 100 today: $amd, $regn and $ttwo https://www.chartmill.com/stock/stock-screener?v=3&amp;f=ind_20&amp;s=pt&amp;utm_source=stocktwits&amp;utm_medium=screener&amp;utm_content=stock_screener:_top_nasdaq_100_gainers&amp;utm_campaign=social_tracking",2020-10-26 15:10:00,-69,"['regn', 'ttwo', 'amd']"
252515210,$ttwo new article : why take-two and ubisoft will continue to outperform other gaming stocks https://www.stck.pro/news/ttwo/8750487,2020-10-26 15:07:06,-69,['ttwo']
252483839,"(5:00am utc-7 oct 26 iphone $znga v $gluu us top 100 rankings #mobilegaming #socialdistancing head to head) 
 
$znga 9 games top 100... 
$634m lfcf... 
$znga potter #87 jam city&#39;s potter #73 
rollic?... 
competitor playtika files for ipo $10b mc... 
 
$gluu 3 games top 100... 
q2 rev/eps miss... 
terminates &quot;originals&quot;... 
$dis #220 
cf #124 
 
- $znga toon #9 e&amp;p #21 toy #23 md! #31 csr2 #62 oz #69 hp #87 gots #88 hir #97 
 
- $gluu dh #47 mlb2020 #84 kkh #93 
 
vb conducts twilight zone interview with glu... 
now we know why... 
(july 18, 2020) https://venturebeat.com/2020/07/18/glu-reloads-its-war-chest-for-mobile-game-acquisitions/ ... 
svp akhavan tasked to justify ceo earl&#39;s existence?... 
tencent $tcehy $gluu controlling s/h (ben feder (frmr ceo $ttwo ) dir) -&quot;originals&quot; as  well as pocket gems &quot;episodes&quot;...tortious interference, conflict of interest, undue influence, ...?...  
niccolo de masi, exec chmn $gluu, failed: ceo glu, pres. essential phone... 
gs-led mar, june 2020 spac dmyt i, ii quid pro quo?... 
https://www.youtube.com/watch?v=huztqbks2hy  
 
source: appannie",2020-10-26 13:34:06,-69,"['gluu', 'ttwo', 'dis', 'znga', 'tcehy']"
252419685,"$ttwo  oct 23    
- daily stock market timing forecast -    
◆ investing view    
=&gt; sell - bearish    
◆ search for the daily stock market timing forecast    
http://www.google.com/search?q=pretiming    
◆ upper~lower stock price band for the next 10 days    
price: 159.68  ~ 166.16  
% change: -2.89% ~ 1.05% 
◆ today&#39;s supply-demand(s&amp;d) strength    
=&gt; supply-demand(s&amp;d) strength flow appropriate to the current trend.    
    
◆ daily supply-demand(s&amp;d) strength trend    
=&gt; about to begin a rebounding trend as a downward trend gradually gives way to slowdown in falling and rises fluctuations",2020-10-25 22:11:02,-69,['ttwo']
252417982,your daily news digest for take two interactive software $ttwo https://wsfriend.com/daily/news/ttwo/2020-10-25/,2020-10-25 21:45:36,-69,['ttwo']
252416720,16 minutes #44: gaming is among us - andreessen horowitz $ea $ttwo $znga https://a16z.com/2020/10/25/16mins-among-us-gaming-social-streaming-reality-tv/,2020-10-25 21:25:53,-69,"['ea', 'ttwo', 'znga']"
252391406,"(6:00am utc-7 oct 25 iphone $znga v $gluu us top 100 rankings #mobilegaming #socialdistancing head to head) 
 
$znga 9 games top 100... 
$634m lfcf... 
$znga potter #88 jam city&#39;s potter #77 
rollic?... 
competitor playtika files for ipo $10b mc... 
 
$gluu 3 games top 100... 
q2 rev/eps miss... 
terminates &quot;originals&quot;... 
$dis #208 
cf #122 
 
- $znga toon #11 md! #26 toy #27 e&amp;p #37 csr2 #65 oz #70 zp #72  hir #84 hp #88 
 
- $gluu dh #50 mlb2020 #55 kkh #96 
 
vb conducts twilight zone interview with glu... 
now we know why... 
(july 18, 2020) https://venturebeat.com/2020/07/18/glu-reloads-its-war-chest-for-mobile-game-acquisitions/ ... 
svp akhavan tasked to justify ceo earl&#39;s existence?... 
tencent $tcehy $gluu controlling s/h (ben feder (frmr ceo $ttwo ) dir) -&quot;originals&quot; as  well as pocket gems &quot;episodes&quot;...tortious interference, conflict of interest, undue influence, ...?...  
niccolo de masi, exec chmn $gluu, failed: ceo glu, pres. essential phone... 
gs-led mar, june 2020 spac dmyt i, ii quid pro quo?... 
https://www.youtube.com/watch?v=huztqbks2hy  
 
source: appannie",2020-10-25 14:07:01,-69,"['gluu', 'ttwo', 'dis', 'znga', 'tcehy']"
252358345,your daily news digest for take two interactive software $ttwo https://wsfriend.com/daily/news/ttwo/2020-10-24/,2020-10-24 21:45:58,-69,['ttwo']
252328725,"(5:00am utc-7 oct 24 iphone $znga v $gluu us top 100 rankings #mobilegaming #socialdistancing head to head) 
 
$znga 4 games top 41... 
$634m lfcf... 
$znga potter #92 jam city&#39;s potter #72 
rollic?... 
competitor playtika files for ipo $10b mc... 
 
$gluu 3 games top 100... 
q2 rev/eps miss... 
terminates &quot;originals&quot;... 
$dis #208 
cf #122 
 
- $znga toon #11 md! #25 toy #28 e&amp;p #41 csr2 #64 zp #84 oz #86 hir #89 hp #92 
 
- $gluu mlb2020 #39 dh #40 kkh #88 
 
vb conducts twilight zone interview with glu... 
now we know why... 
(july 18, 2020) https://venturebeat.com/2020/07/18/glu-reloads-its-war-chest-for-mobile-game-acquisitions/ ... 
svp akhavan tasked to justify ceo earl&#39;s existence?... 
tencent $tcehy $gluu controlling s/h (ben feder (frmr ceo $ttwo ) dir) -&quot;originals&quot; as  well as pocket gems &quot;episodes&quot;...tortious interference, conflict of interest, undue influence, ...?...  
niccolo de masi, exec chmn $gluu, failed: ceo glu, pres. essential phone... 
gs-led mar, june 2020 spac dmyt i, ii quid pro quo?... 
https://www.youtube.com/watch?v=huztqbks2hy  
 
source: appannie",2020-10-24 13:52:32,-69,"['gluu', 'ttwo', 'dis', 'znga', 'tcehy']"
252309030,$ttwo,2020-10-24 02:54:18,-69,['ttwo']
252309022,$ttwo oh boy cup and handle here.  get ready for gaming stocks to blast off if november. $atvi,2020-10-24 02:54:08,1,"['atvi', 'ttwo']"
252304237,$ttwo how does this little guy keep hitting number one in sales!  too bad $atvi and $ea =(,2020-10-24 01:45:58,-69,"['atvi', 'ea', 'ttwo']"
252287649,$ttwo new article : melqart asset management&#39;s latest gaming and tech stock moves https://www.stck.pro/news/ttwo/8685037,2020-10-23 23:07:14,-69,['ttwo']
252275508,your daily news digest for take two interactive software $ttwo https://wsfriend.com/daily/news/ttwo/2020-10-23/,2020-10-23 21:46:12,-69,['ttwo']
252261992,$ttwo what u thinking?. .,2020-10-23 20:32:19,-69,['ttwo']
252132725,"(5:00am utc-7 oct 23 iphone $znga v $gluu us top 100 rankings #mobilegaming #socialdistancing head to head) 
 
$znga 10 games top 100... 
$634m lfcf... 
$znga potter #80 jam city&#39;s potter #79 
rollic?... 
competitor playtika files for ipo $10b mc... 
 
$gluu 3 games top 100... 
q2 rev/eps miss... 
terminates &quot;originals&quot;... 
$dis #180 
cf #120 
 
- $znga toon #10 toy #23 e&amp;p #32 md! #51 csr2 #57 hp #80 oz #87 zp #91 gots #94 hir #98 
 
- $gluu dh #24 mlb2020 #92 kkh #95 
 
vb conducts twilight zone interview with glu... 
now we know why... 
(july 18, 2020) https://venturebeat.com/2020/07/18/glu-reloads-its-war-chest-for-mobile-game-acquisitions/ ... 
svp akhavan tasked to justify ceo earl&#39;s existence?... 
tencent $tcehy $gluu controlling s/h (ben feder (frmr ceo $ttwo ) dir) -&quot;originals&quot; as  well as pocket gems &quot;episodes&quot;...tortious interference, conflict of interest, undue influence, ...?...  
niccolo de masi, exec chmn $gluu, failed: ceo glu, pres. essential phone... 
gs-led mar, june 2020 spac dmyt i, ii quid pro quo?... 
https://www.youtube.com/watch?v=huztqbks2hy  
 
source: appannie",2020-10-23 13:31:14,-69,"['gluu', 'ttwo', 'dis', 'znga', 'tcehy']"
252079697,$ttwo - upcoming quarterly report is on 5th of november 2020. take two has 83% chance to go… https://www.macroaxis.com/invest/priceprobability/ttwo/160.0?a=more,2020-10-23 03:37:02,-69,['ttwo']
252015875,your daily news digest for take two interactive software $ttwo https://wsfriend.com/daily/news/ttwo/2020-10-22/,2020-10-22 21:46:35,-69,['ttwo']
252004971,earnings summary of #taketwo #ttwo $ttwo https://www.finscreener.com/title/earnings?&amp;idcp=7387,2020-10-22 21:04:34,-69,['ttwo']
251923474,"$atvi $ttwo $ea institutions holding percentage is just too high in these name, but great stocks to own long term.",2020-10-22 16:57:32,1,"['atvi', 'ea', 'ttwo']"
251870466,"$atvi $ea $ttwo all sluggish and beat down, any thoughts as to why.. all look pretty strong going into earnings. makes no sense.",2020-10-22 14:30:46,-69,"['atvi', 'ea', 'ttwo']"
251844955,"(5:00am utc-7 oct 22 iphone $znga v $gluu us top 100 rankings #mobilegaming #socialdistancing head to head) 
 
$znga 9 games top 100... 
$634m lfcf... 
$znga potter #72 moves past jam city&#39;s potter #86 
rollic?... 
competitor playtika files for ipo $10b mc... 
 
$gluu 3 games top 100... 
q2 rev/eps miss... 
terminates &quot;originals&quot;... 
$dis v. 13.4 #184 
 
- $znga toon #10 toy #25 e&amp;p #36 csr2 #52 md! #54 oz #65 hp #72 zp #96 hir #97 
 
- $gluu dh #27 mlb2020 #81 kkh #98 
 
vb conducts twilight zone interview with glu... 
now we know why... 
(july 18, 2020) https://venturebeat.com/2020/07/18/glu-reloads-its-war-chest-for-mobile-game-acquisitions/ ... 
svp akhavan tasked to justify ceo earl&#39;s existence?... 
tencent $tcehy $gluu controlling s/h (ben feder (frmr ceo $ttwo ) dir) -&quot;originals&quot; as  well as pocket gems &quot;episodes&quot;...tortious interference, conflict of interest, undue influence, ...?...  
niccolo de masi, exec chmn $gluu, failed: ceo glu, pres. essential phone... 
gs-led mar, june 2020 spac dmyt i, ii quid pro quo?... 
https://www.youtube.com/watch?v=huztqbks2hy  
 
source: appannie",2020-10-22 13:34:06,-69,"['gluu', 'ttwo', 'dis', 'znga', 'tcehy']"
251825453,"19years ago today, grand theft auto iii is released, popularizing a genre of open-world, action-adventure video games, as well as spurring controversy around violence in video games  $ttwo",2020-10-22 12:16:38,-69,['ttwo']
251776730,$ttoo fared better than its twin $ttwo,2020-10-22 01:18:53,-69,"['ttwo', 'ttoo']"
251740336,your daily news digest for take two interactive software $ttwo https://wsfriend.com/daily/news/ttwo/2020-10-21/,2020-10-21 21:49:03,-69,['ttwo']
251668436,"$ea $msft $atvi $ttwo are they ever going to take any of these digital game distributors public? i. e. g2a, instant gaming, or the crown jewel steam powered games? all this damn private equity hoarding the pie lol.",2020-10-21 17:56:40,1,"['atvi', 'ea', 'msft', 'ttwo']"
