id,body,created_at,sentiment,symbols
254876360,"recent nasdaq 100 (ndx) earnings estimates in technology sector $intu $nxpi $nxpi $wday $nxpi
source: finscreener",2020-11-06 16:06:49,-69,"['intu', 'nxpi', 'wday']"
254813632,comprehensive non-correlated intuit $intu trading report https://tinyurl.com/yxglgy2x,2020-11-06 12:30:05,-69,['intu']
254749201,"updated correlation matrix for intuit($intu), goodyear… https://www.macroaxis.com/invest/marketcorrelation?s=intu,gt,txn,fhn,c,mro,hban,ebay,gnw,ne #correlations #stocks #stockratings",2020-11-06 00:34:02,-69,['intu']
254733774,$intu what happened here?,2020-11-05 23:15:56,1,['intu']
254722155,your daily news digest for intuit $intu https://wsfriend.com/daily/news/intu/2020-11-05/,2020-11-05 22:27:25,-69,['intu']
254622301,"risk-adjusted landscape for intuit($intu), chipotle… https://www.macroaxis.com/invest/marketriskandreturn?s=intu,cmg,d,kmb,bmy,ea,krny,rf,hban,sbux,biib,wat #insidertrading #stocks #fintechnews",2020-11-05 17:03:34,-69,['intu']
254606937,$intu new article : square&#39;s entry into tax preparation can boost seller ecosystem and cash app https://www.stck.pro/news/intu/8953490,2020-11-05 16:09:05,-69,['intu']
254599780,are the daytraders watching this? $intu price moved above its 50-day moving average. view odds of uptrend. https://srnk.us/go/2284632,2020-11-05 15:47:12,1,['intu']
254536577,$intu - intuit inc has a poor financial position based… https://www.macroaxis.com/stock-analysis/intu/intuit-inc #insidertrading #stocks #fintechnews,2020-11-05 11:17:02,-69,['intu']
254521480,$intu intuit looking strong . swing long to target $370-380,2020-11-05 06:17:48,1,['intu']
254519269,"oh wow this is big! $intu in uptrend: price may ascend as a result of having broken its lower bollinger band on october 28, 2020. view odds for this and other indicators: https://srnk.us/go/2283053",2020-11-05 05:33:02,-69,['intu']
254505454,"(11/04) fintech stocks up 3.2% on average(mean) in a day, median return is 3.2%, top movers are $sq 8.3% $pypl 8.1% $intu 5.6% $arkf 5.4% $finx 4.5%, the sector return (on average) over the week is 5.0%, 
https://marketcomposite.com/topic?name=fintech",2020-11-05 02:48:07,-69,"['intu', 'sq', 'pypl', 'finx', 'arkf']"
254504778,"$meli, $arkf and $intu. strong technicals stocks and near a new high. https://www.chartmill.com//stock/stock-screener?sid=16&amp;f=p_pg10,v1_50b500,s_str,s_nnh,exch_us&amp;v=3&amp;timeframe=daily&amp;type=candles&amp;months=0.05&amp;width=720&amp;cl=f&amp;o1=3&amp;o2=3&amp;o3=1&amp;op1=200,16711680&amp;op2=50,255&amp;utm_source=stocktwits&amp;utm_medium=screener&amp;utm_content=stock_screener:_strong_stocks_near_new_high&amp;utm_campaign=social_tracking",2020-11-05 02:42:00,-69,"['intu', 'meli', 'arkf']"
254468360,your daily news digest for intuit $intu https://wsfriend.com/daily/news/intu/2020-11-04/,2020-11-04 22:28:38,-69,['intu']
254437120,"$intu new article : datadog, docusign stocks among software gainers as election could table tax hikes https://www.stck.pro/news/intu/8937670",2020-11-04 20:32:06,-69,['intu']
254416899,"smartoptions® unusual activity alert
(delayed)

$intu $355 calls
nov 20 exp 

trade volume: 223 contracts

$2,409,961 was traded just now.

current stock price: $323.05

follow the money &amp; trade options with our smartoptions® artificial intelligence.  
smartoptions.ai",2020-11-04 19:01:17,1,['intu']
254386213,"$intu nasdaq 100 and the election (so far)    ..
https://www.channelchek.com/news-channel/the_prolonged_vote_counting_impact_on_the_stock_market",2020-11-04 16:58:01,-69,['intu']
254341473,peak profit for the last 6 expired option alerts for $intu 314.95| 61.22| 381.30| 355.90| 317.55| 313.61|,2020-11-04 14:30:23,-69,['intu']
254270835,"smartoptions® unusual activity alert
(delayed)

$intu $355 calls
nov 20 exp 

trade volume: 223 contracts

$2,409,961 was traded just now.

current stock price: $323.05

follow the money &amp; trade options with our smartoptions® artificial intelligence.  
smartoptions.ai",2020-11-04 03:04:12,1,['intu']
254231864,your daily news digest for intuit $intu https://wsfriend.com/daily/news/intu/2020-11-03/,2020-11-03 22:25:35,-69,['intu']
254224771,"$intu [15s. delayed] filed sec form 4: evp &amp; chief technology officer tessel marianna: 
delivered securities 200 of common stock at price  https://s.flashalert.me/nry2w",2020-11-03 21:47:38,-69,['intu']
254224695,"$intu $62,936.00 of shares sold by tessel marianna (evp &amp; chief technology officer), reported in a new form 4 filed with the sec  

https://newsfilter.io/a/d4153604cfa88011f1ab1382763ed5e4",2020-11-03 21:47:18,-69,['intu']
254224502,"$intu reported 3 new insider trades to the sec in the last 2 minutes.

$26,433.12 of shares acquired by liu deborah (director)   https://newsfilter.io/articles/4-form-39cc0cff0f544cd24648de93aeec27c3
$89,998.48 of shares sold by chriss james alexander (evp, sbseg)   https://newsfilter.io/articles/4-form-4e16a5884adc0f574911b84206e8cc27
$25,174.40 of shares acquired by szkutak thomas j (director)   https://newsfilter.io/articles/4-form-bc85badaac1a3fda2c99e4d7535f58be",2020-11-03 21:46:20,-69,['intu']
254224443,"$intu: new sec filing on director, eve b burton: https://www.sec.gov/archives/edgar/data/896878/000089687820000211/xslf345x03/edgar.xml",2020-11-03 21:46:02,-69,['intu']
254224314,intuit inc. director was just granted 80 restricted shares  http://www.conferencecalltranscripts.org/4/summary2/?id=8512593 $intu,2020-11-03 21:45:24,-69,['intu']
254224313,"$intu [15s. delayed] filed sec form 4: evp, sbseg chriss james alexander: 
delivered securities 286 of common stock at price $314.68 and c https://s.flashalert.me/yvoqo",2020-11-03 21:45:24,-69,['intu']
254224296,intuit inc. director was just granted 84 restricted shares  http://www.conferencecalltranscripts.org/4/summary/?id=8512587 $intu,2020-11-03 21:45:19,-69,['intu']
254223889,"$intu [15s. delayed] filed sec form 4: director szkutak thomas j: 
transacted derivative securities on 2020-10-30.  https://s.flashalert.me/ybmqyn",2020-11-03 21:43:15,-69,['intu']
254223758,intuit inc. director was just granted 94 restricted shares  http://www.conferencecalltranscripts.org/4/summary/?id=8512567 $intu,2020-11-03 21:42:31,-69,['intu']
254223582,"$intu [15s. delayed] filed sec form 4: director liu deborah: 
transacted derivative securities on 2020-10-30.  https://s.flashalert.me/0jtx9",2020-11-03 21:41:38,-69,['intu']
