id,body,created_at,sentiment,symbols
254873627,$iphi when to sell this?,2020-11-06 15:59:25,-69,['iphi']
254859713,$iphi still the beginning . i’m feeling 250-300+ by this time next year.,2020-11-06 15:21:13,1,['iphi']
254841965,$iphi: stockholder alert: monteverde &amp; associates continues to investigate the following merger https://www.chartmill.com/news/iphi/prnews-2020-11-6-stockholder-alert-monteverde-and-associates-continues-to-investigate-the-following-merger?utm_source=stocktwits&amp;utm_medium=pressrelease&amp;utm_content=iphi&amp;utm_campaign=social_tracking,2020-11-06 14:35:00,-69,['iphi']
254756129,$iphi just filed a 10-q quarterly report with 78 sections and 4 exhibits. access them all or just read their earnings: https://last10k.com/sec-filings/iphi/0001437749-20-022788.htm?utm_source=stocktwits&amp;utm_medium=forum&amp;utm_campaign=10kq2040f&amp;utm_term=iphi,2020-11-06 01:12:14,-69,['iphi']
254711439,inphi corporation just filed its quarterly report:    september 30... http://www.conferencecalltranscripts.org/q/summary2/?id=8523371 $iphi,2020-11-05 21:51:49,-69,['iphi']
254700796,"$iphi [15s. delayed] filed form 10-q on november 05, 16:18:45 https://s.flashalert.me/y7rch",2020-11-05 21:23:42,-69,['iphi']
254699181,"$iphi form 10-q (quarterly report [sections 13 or 15(d)]) filed with the sec 

https://newsfilter.io/a/536f9bfac2f9a5b5a9088f52c08529d0",2020-11-05 21:20:03,-69,['iphi']
254574971,$iphi this goes nuclear but $mrvl doesn&#39;t? how does that work?,2020-11-05 14:38:44,-69,"['mrvl', 'iphi']"
254572690,$iphi - http://www.trade-ideas.com/ticky/ticky.html?symbol=iphi - oh snap...... that is nice nice  pop right there...yep! - running up: +2.64 in 77 seconds,2020-11-05 14:31:47,-69,['iphi']
254545274,why #qualcomm shares surged over 12% after-hours wednesday $qcom also $iphi $aapl $mrvl $nvda https://talkmarkets.com/content/us-markets/why-qualcomm-shares-surged-over-12-after-hours-wednesday?post=284339,2020-11-05 12:24:59,-69,"['aapl', 'mrvl', 'nvda', 'qcom', 'iphi']"
254523889,"$gh, $ftch and $iphi making a new 52 week high. https://www.chartmill.com/stock/stock-screener?f=p_pg10,v1_50b500,s_nh,exch_us&amp;v=3&amp;utm_source=stocktwits&amp;utm_medium=screener&amp;utm_content=stock_screener:_new_52_week_high_today&amp;utm_campaign=social_tracking",2020-11-05 07:13:00,-69,"['iphi', 'ftch', 'gh']"
254521114,"why qualcomm shares surged over 12% after-hours wednesday

related tickers: $iphi $mrvl $nvda $qcom",2020-11-05 06:09:30,-69,"['mrvl', 'nvda', 'qcom', 'iphi']"
254520485,"why qualcomm shares surged over 12% after-hours wednesday  $qcom $mrvl $iphi $nvda 

https://newsfilter.io/a/8b62af7cd1f5e9e5ecfa4905ce0b58de",2020-11-05 05:56:27,-69,"['mrvl', 'nvda', 'qcom', 'iphi']"
254474317,"lifshitz law firm, p.c. announces investigation of gci liberty, inphi, parsley energy and pnm resources  $glib $iphi $pe $pnm 

https://newsfilter.io/a/3955a83bacd86bed5672adf4d7a0c3e4",2020-11-04 23:00:10,-69,"['pnm', 'iphi', 'pe']"
254467520,"prospectuses and communications, business combinations http://www.conferencecalltranscripts.org/no/summary2/?id=8518899 $iphi",2020-11-04 22:24:31,-69,['iphi']
254465762,"$iphi [15s. delayed] filed form 425 on november 04, 17:15:30 https://s.flashalert.me/mpwctq",2020-11-04 22:16:19,-69,['iphi']
254465682,"$iphi form 425 (prospectuses and communications, business combinations) filed with the sec 

https://newsfilter.io/a/a256f7027de6e7c77951dcc10e8990ae",2020-11-04 22:16:01,-69,['iphi']
254460910,$iphi  this is trading 10% discount from the  acquisition deal from $mrv. target price is 150. keep holding!,2020-11-04 21:56:25,1,['iphi']
254428871,$iphi $dnkn  these ones about to crash in the upcoming days .. puts ready!! 😎🤑 ..switching to  $amzn $tsla,2020-11-04 19:54:34,-1,"['amzn', 'tsla', 'iphi', 'dnkn']"
254396836,"$iphi what&#39;s a fair price? no, not 158.",2020-11-04 17:36:38,-69,['iphi']
254360202,$iphi look at that... it&#39;s moving up!,2020-11-04 15:27:41,-69,['iphi']
254325133,"$lite 100 price target is an insult  ! lumentum is worth at least $12b around $160. $iphi sold fro $10b, oclaro alone should be spun off for $5b , wake the hell up analyst, stop pumping $roku at $25, oclaro’s fiber optics make everything possible and $lite valuation of $6.2b is simply too low,, grossly undervalued",2020-11-04 13:08:24,1,"['roku', 'iphi', 'lite']"
254173055,"$iphi: shareholder alert: rigrodsky &amp; long, p.a. reminds investors of investigations of $iphi, xlnx, ceix, and pnm ... https://www.chartmill.com/news/iphi/globenews-2020-11-3-shareholder-alert-rigrodsky-and-long-pa-reminds-investors-of-investigations-of-iphi-xlnx-ceix-and-pnm-mergers?utm_source=stocktwits&amp;utm_medium=pressrelease&amp;utm_content=iphi&amp;utm_campaign=social_tracking",2020-11-03 18:30:00,-69,['iphi']
254011035,"$mrvl $iphi $amd repost?

https://semiaccurate.com/2020/11/02/why-did-marvell-buy-inphi/",2020-11-02 22:37:23,-69,"['mrvl', 'amd', 'iphi']"
254003491,"$iphi iphi leads the way today as the best performing mid cap stock, closing up 26.70%. https://stocknews.com/news/best-worst-performing-mid-cap-stocks-for-november-2/",2020-11-02 21:59:55,-69,['iphi']
253922870,$iphi heal yourself from the wound of the past,2020-11-02 16:43:17,1,['iphi']
253887715,$iphi new article : shareholder alert: monteverde &amp; associates pc announces an investigation of inphi corporation - iphi https://www.stck.pro/news/iphi/8887065,2020-11-02 14:43:33,-69,['iphi']
253886297,$iphi: shareholder alert: monteverde &amp; associates pc announces an investigation of inphi corporation - iphi https://www.chartmill.com/news/iphi/prnews-2020-11-2-shareholder-alert-monteverde-and-associates-pc-announces-an-investigation-of-inphi-corporation-iphi?utm_source=stocktwits&amp;utm_medium=pressrelease&amp;utm_content=iphi&amp;utm_campaign=social_tracking,2020-11-02 14:39:00,-69,['iphi']
253865690,"usa stocks with best weekly price performance on stock target advisor https://www.stocktargetadvisor.com on 2020-11-02 : $tup, $crto, $cash, $iphi, $nio",2020-11-02 13:00:01,-69,"['cash', 'nio', 'tup', 'iphi', 'crto']"
253852250,$mrvl $iphi - marvell technology - a look at inphi. https://t.co/muu08jhnju #markets #economy #stocks,2020-11-02 10:40:35,-69,"['mrvl', 'iphi']"
253851669,$iphi,2020-11-02 10:25:34,-69,['iphi']
253851639,"$iphi if analysts are claiming target price at ~$158, why is it that iphi is trading at only ~$140 range.... strange",2020-11-02 10:24:37,-69,['iphi']
253794860,"$iphi, for those who are holding this in their retirement account and don&#39;t want to have dead money or inherit any of the mrvl stock, what&#39;s the right price to sell at? help a brother out...",2020-11-01 17:49:00,-69,['iphi']
253773277,"marvell will acquire inphi in a $10 billion deal

https://pageone.ng/2020/10/29/marvell-will-acquire-inphi-in-a-10-billion-deal/

$mrvl $iphi",2020-11-01 08:43:19,-69,"['mrvl', 'iphi']"
253770873,$iphi was analyzed by 11 analysts. the buy consensus is at 89%. so analysts seem to be very confident about $iphi. https://www.chartmill.com/stock/analyzer/stock/iphi?view=analyst-ratings&amp;utm_source=stocktwits&amp;utm_medium=analyst&amp;utm_content=iphi&amp;utm_campaign=social_tracking,2020-11-01 06:24:00,-69,['iphi']
253759045,$iphi loaded some shares let’s get to 200$ 🔥🔥📈,2020-11-01 01:19:25,1,['iphi']
253737259,"#gindustry #buy wk44 $mrvl, $iphi, $amd, $qrvo, $smtc, mxim, simo, avgo, intc, swks  #semiconductors usd smh soxl soxs soxx #growthstocks #stocks #finance #investment https://tinyurl.com/y5p8h4nm",2020-10-31 19:00:20,1,"['mrvl', 'smtc', 'amd', 'iphi', 'qrvo']"
253725705,$iphi was analyzed by 11 analysts. the buy consensus is at 89%. so analysts seem to be very confident about $iphi. https://www.chartmill.com/stock/quote/iphi/analyst-ratings?utm_source=stocktwits&amp;utm_medium=analyst&amp;utm_content=iphi&amp;utm_campaign=social_tracking,2020-10-31 15:56:00,-69,['iphi']
253670674,"chip firms bulk up, and investors balk  $amd $xlnx $intc $mrvl $iphi 

https://newsfilter.io/a/5704e54fd8456012341e3a644ab6c0df",2020-10-30 22:12:24,-69,"['intc', 'mrvl', 'xlnx', 'amd', 'iphi']"
253663618,"$iphi [15s. delayed] filed form 425 on october 30, 17:22:57 https://s.flashalert.me/kkcqf",2020-10-30 21:23:55,-69,['iphi']
253663543,"$iphi form 425 (prospectuses and communications, business combinations) filed with the sec 

https://newsfilter.io/a/ed0825ef96c0e18267d48dfd3b727b19",2020-10-30 21:23:33,-69,['iphi']
253659231,"$iphi iphi leads the way today as the best performing mid cap stock, closing up 26.70%. https://stocknews.com/news/best-worst-performing-mid-cap-stocks-for-october-30/",2020-10-30 21:00:06,-69,['iphi']
253659116,"$iphi. strong technicals stocks and near a new high. https://www.chartmill.com//stock/stock-screener?sid=16&amp;f=p_pg10,v1_50b500,s_str,s_nnh,exch_us&amp;v=3&amp;timeframe=daily&amp;type=candles&amp;months=0.05&amp;width=720&amp;cl=f&amp;o1=3&amp;o2=3&amp;o3=1&amp;op1=200,16711680&amp;op2=50,255&amp;utm_source=stocktwits&amp;utm_medium=screener&amp;utm_content=stock_screener:_strong_stocks_near_new_high&amp;utm_campaign=social_tracking",2020-10-30 20:59:27,-69,['iphi']
253654313,$iphi excellent hold here after yesterday’s jump. adding swiftly on any pullback..,2020-10-30 20:36:27,1,['iphi']
253634646,"lifshitz law firm, p.c. announces investigation of callaway golf company, eidos therapeutics, inphi, and watford holdings  $ely $iphi $wtre 

https://newsfilter.io/a/675dee3681f8d42e5096adca2fd65363",2020-10-30 19:32:01,-69,"['ely', 'iphi', 'wtre']"
253566413,"moore kuehn encourages ely, iphi, mcep, and xlnx investors to contact law firm  $mcep $xlnx $ely $iphi 

https://newsfilter.io/a/948bc524a03b5044a7b1a34ce049f0b9",2020-10-30 15:42:31,-69,"['xlnx', 'ely', 'iphi', 'mcep']"
253537495,"$iphi definitely a buy here, but i am all in on $fb alas.",2020-10-30 14:33:41,-69,"['fb', 'iphi']"
253534552,marvell confirms merger with chipmaker inphi to create $40b entity https://benzinga.com/z/18135863#.x5wc6tve-l8.twitter $iphi $mrvl,2020-10-30 14:27:10,-69,"['mrvl', 'iphi']"
253511813,"$iphi 
downgrades morgan stanley equal-weight usd 159 
maintains rosenblatt securities buy usd 160 » usd 158 
maintains needham &amp; company llc buy usd 145 » usd 175
https://www.stocktargetadvisor.com/stock/usa/nye/iphi#analyst-rating-tab",2020-10-30 13:31:04,-69,['iphi']
253509075,$iphi i would think this gets some more upside today seeing that it&#39;s almost a sure thing.,2020-10-30 13:21:25,-69,['iphi']
253493214,"$iphi
iphi downgraded by morgan stanley  and rating overweight ➝ equal weight
source:https://www.marketbeat.com/ratings/
view the full list of news/momentum plays on watch at : bit.ly/32gfart
[no bias / position]
[find me at https://stocktwits.com/sbiswas | https://twitter.com/soumyajyoti_b]",2020-10-30 12:09:47,-69,['iphi']
253492211,"$iphi is this a good buyout deal? $158, seriously, not $250?",2020-10-30 12:04:55,-69,['iphi']
253486061,$iphi rosenblatt maintains to buy : pt $158.00 https://stockhoot.com/extsymbol.aspx?from=analystratingtweet&amp;symbol=iphi&amp;t=332&amp;social=stocktwits,2020-10-30 11:23:57,-69,['iphi']
253485602,$iphi needham maintains to buy : pt $175.00 https://stockhoot.com/extsymbol.aspx?from=analystratingtweet&amp;symbol=iphi&amp;t=328&amp;social=stocktwits,2020-10-30 11:19:31,-69,['iphi']
253484003,"inphi corporation just filed its current report, items 1.01, 8.01, and 9. http://www.conferencecalltranscripts.org/include?location=http://www.sec.gov/archives/edgar/data/1160958/000143774920022014/0001437749-20-022014-index.htm $iphi",2020-10-30 11:06:12,-69,['iphi']
253481671,"morgan stanley downgrades inphi to equal-weight, announces $159 price target

related tickers: $iphi",2020-10-30 10:46:53,-69,['iphi']
253480482,$iphi morgan stanley downgrades to equal-weight : pt $159.00 https://stockhoot.com/extsymbol.aspx?from=analystratingtweet&amp;symbol=iphi&amp;t=136&amp;social=stocktwits,2020-10-30 10:31:56,-69,['iphi']
253479397,"$iphi form 8-k: entry into a material definitive agreement. merger agreement on october 29, 2020, inphi , entered into an agreement and plan of merger and reorganization with marvell technology group .. https://newsfilter.io/a/23c1a63e078f0c8dc5b4abd7175def94",2020-10-30 10:16:38,-69,['iphi']
253479278,"$iphi filed 2 new form 425 (prospectuses and communications, business combinations) with the sec in the last 2 minutes.

1. filing: https://newsfilter.io/a/7c42d444ed82d3fc913510504653e319
2. filing: https://newsfilter.io/a/f4e3bfefec80fd9db774ead7e1b85d4b",2020-10-30 10:14:36,-69,['iphi']
253479122,"prospectuses and communications, business combinations http://www.conferencecalltranscripts.org/no/summary/?id=8496590 $iphi",2020-10-30 10:12:19,-69,['iphi']
253479103,"inphi corporation just filed its prospectuses and communications, busines http://www.conferencecalltranscripts.org/include?location=http://www.sec.gov/archives/edgar/data/1160958/000119312520281615/0001193125-20-281615-index.htm $iphi",2020-10-30 10:12:03,-69,['iphi']
253479025,$iphi just filed with the sec a new agreement and a financial exhibit https://last10k.com/sec-filings/iphi/0001437749-20-022014.htm?utm_source=stocktwits&amp;utm_medium=forum&amp;utm_campaign=8k&amp;utm_term=iphi,2020-10-30 10:11:34,-69,['iphi']
253478848,"$iphi [15s. delayed] filed form 425 on october 30, 06:06:09 https://s.flashalert.me/qr2z5",2020-10-30 10:09:54,-69,['iphi']
253478829,"$iphi [15s. delayed] filed form 425 on october 30, 06:05:02 https://s.flashalert.me/lijfh",2020-10-30 10:09:41,-69,['iphi']
253478790,"$iphi form 425 (prospectuses and communications, business combinations) filed with the sec 

https://newsfilter.io/a/fd48d846362648f4f66372c1b7be17f0",2020-10-30 10:09:18,-69,['iphi']
253468494,"in the last month $iphi has a been trading in the 109.19 - 143.64 range, which is quite wide. https://www.chartmill.com/stock/analyzer/stock/iphi?key=207cbce9-ae1d-42ee-9c75-bf5b068eb88a&amp;utm_source=stocktwits&amp;utm_medium=ta&amp;utm_content=iphi&amp;utm_campaign=social_tracking",2020-10-30 06:31:00,-69,['iphi']
253467680,$iphi new article : marvell confirms merger with chipmaker inphi to create $40b entity https://www.stck.pro/news/iphi/8833746,2020-10-30 06:17:06,-69,['iphi']
253467194,"$mrvl $iphi marvell confirms merger with chipmaker inphi to create $40b entity 

https://newsfilter.io/a/8d68c6dc535b59a2d62e724b8bc28d78",2020-10-30 06:09:13,-69,"['mrvl', 'iphi']"
253463479,"top gainers 10/29 🤑 

$uuu $pola $rekr $fbrx $iphi 🤩

congrats bulls! 🥳",2020-10-30 05:05:17,1,"['uuu', 'iphi', 'pola', 'rekr', 'fbrx']"
253455038,"marvell will acquire inphi in a $10 billion deal

https://pageone.ng/2020/10/29/marvell-will-acquire-inphi-in-a-10-billion-deal/

$mrvl $iphi",2020-10-30 03:13:23,-69,"['mrvl', 'iphi']"
253452924,"new 52 week highs for $twtr, $iphi and $pins https://www.chartmill.com/stock/stock-screener?f=p_pg10,v1_50b500,s_nh,exch_us&amp;v=3&amp;utm_source=stocktwits&amp;utm_medium=screener&amp;utm_content=stock_screener:_new_52_week_high_today&amp;utm_campaign=social_tracking",2020-10-30 02:52:00,-69,"['twtr', 'iphi', 'pins']"
253441346,"semiconductors stocks up 3.0% on average(mean) in a day, median return is 2.6%, top movers are $iphi 26.7% $mtsi 11.5% $mram 9.3% $inve 9.3% $slab 7.9%, 1m daily vol. at 2%, 1m average correlation at 39%, 
https://marketcomposite.com/topic?name=semiconductors",2020-10-30 01:19:19,-69,"['slab', 'inve', 'iphi', 'mtsi', 'mram']"
253441057,stocktwits trending alert: trading recent interest in inphi $iphi https://wp.me/p5blgb-bhdf,2020-10-30 01:17:10,-69,['iphi']
253440683,"optical network stocks up 4.8% on average(mean) in a day, median return is 1.8%, top movers are $iphi 26.7% $mtsi 11.5% $nptn 6.5% $lite 4.7% $viav 3.9%, 1m daily vol. at 2%, 1m average correlation at 47%, 
https://marketcomposite.com/topic?name=optical%20network",2020-10-30 01:14:43,-69,"['iphi', 'nptn', 'mtsi', 'lite', 'viav']"
253435300,"watch 5 stocks on nasdaq: $nvus, $pola, $iphi, $mpaa, $rcky  http://www.nna100.com/stock_ranking.php?p=nasdaq-top-100-buy-rating-stocks&amp;d=2020-10-29",2020-10-30 00:38:10,-69,"['mpaa', 'rcky', 'iphi', 'nvus', 'pola']"
253434467,"thu oct 29th
gaining stocks today:

$pins: +26.9%
$iphi: +26.7%
$cash: +25.4%
$rlgy: +20.8%
$dmrc: +20.4%
cohu: +20.2%
ads: +18.9%
ryi: +18.4%
echo: +17.0%
cbre: +16.8%

click here for a visual version:
https://thebubbleboard.com/?tickers=pins,iphi,cash,rlgy,dmrc,cohu,ads,ryi,echo,cbre&amp;name=oct%2029th%20gainers&amp;utm_medium=bot-post",2020-10-30 00:32:40,-69,"['cash', 'dmrc', 'iphi', 'rlgy', 'pins']"
253429713,$iphi: shareholder alert: weisslaw llp investigates inphi corporation https://www.chartmill.com/stock/quote/iphi/news?utm_source=stocktwits&amp;utm_medium=pressrelease&amp;utm_content=iphi&amp;utm_campaign=social_tracking,2020-10-30 00:04:00,-69,['iphi']
253428891,"watch list for tomorrow: 
 
&quot;gappers with more room to go&quot; 
 
$iphi $pins $rlgy $cbre $pen",2020-10-29 23:59:26,1,"['cbre', 'iphi', 'rlgy', 'pins', 'pen']"
253428459,$iphi new article : shareholder alert: weisslaw llp investigates inphi corporation https://www.stck.pro/news/iphi/8831452,2020-10-29 23:57:06,-69,['iphi']
253427371,shareholder alert: weisslaw llp investigates inphi corporation http://www.conferencecalltranscripts.org/summary/?id=82505&amp;pr=true $iphi,2020-10-29 23:51:08,-69,['iphi']
253426727,"$iphi [15s. delayed]: issued press release on october 29, 19:30:00: shareholder alert: weisslaw llp investigates inphi corporation https://s.flashalert.me/kjkyr",2020-10-29 23:47:15,-69,['iphi']
253419134,$iphi why take div out of stock price?,2020-10-29 23:05:20,-69,['iphi']
253418970,heavy options volume $iwd $aap $iphi $igv $ief,2020-10-29 23:04:30,-69,"['aap', 'ief', 'igv', 'iwd', 'iphi']"
253412030,"us breakout stocks watchlist - 29 october 2020 

for the watchlist from thursdays scans - $iphi, $iq, $jd, $pdd, $ramp

#stockstowatch #stocks #trading #stockmarket 
https://www.stageanalysis.net/blog/37859/us-breakout-stocks-watchlist-29-october-2020",2020-10-29 22:30:34,-69,"['ramp', 'iphi', 'jd', 'iq', 'pdd']"
253401376,5-star analyst hans mosesmann from rosenblatt securities maintained a buy on $iphi.  https://www.tipranks.com/analysts/hans-mosesmann,2020-10-29 21:45:01,-69,['iphi']
253395883,"$iphi filed 4 new form 425 (prospectuses and communications, business combinations) with the sec in the last 2 minutes.

1. filing: https://newsfilter.io/a/7090b2c62c518eb1f0cb274aff0590e8
2. filing: https://newsfilter.io/a/61b5fb29080fc48afc31d622590bed2b
3. filing: https://newsfilter.io/a/8f77f46c079f9ed6c9e88727718effd4
4. filing: https://newsfilter.io/a/7fa67f7a338e609fbfc305cd602273e4",2020-10-29 21:25:46,-69,['iphi']
253395687,"$iphi [15s. delayed] filed form 425 on october 29, 17:24:02 https://s.flashalert.me/uqtuqf",2020-10-29 21:25:04,-69,['iphi']
253395488,"$iphi [15s. delayed] filed form 425 on october 29, 17:23:00 https://s.flashalert.me/apm1kh",2020-10-29 21:24:25,-69,['iphi']
253395067,"$iphi [15s. delayed] filed form 425 on october 29, 17:21:55 https://s.flashalert.me/kwkn0a",2020-10-29 21:23:01,-69,['iphi']
253394454,"$iphi [15s. delayed] filed form 425 on october 29, 17:19:56 https://s.flashalert.me/m50fh",2020-10-29 21:21:04,-69,['iphi']
