id,body,created_at,sentiment,symbols
254006244,"oh wow this is big! $fico&#39;s 10-day moving average broke below its 50-day moving average on october 28, 2020. view odds for this and other indicators: https://srnk.us/go/2274675",2020-11-02 22:12:56,-69,['fico']
253776929,"how does this make you feel? $fico&#39;s 10-day moving average crossed below its 50-day moving average on october 28, 2020. view odds for this and other indicators: https://srnk.us/go/2269422",2020-11-01 12:12:50,-69,['fico']
253729717,"how do you think the market will react to this? $fico&#39;s 10-day moving average broke below its 50-day moving average on october 28, 2020. view odds for this and other indicators: https://srnk.us/go/2266465",2020-10-31 16:56:31,-69,['fico']
253616673,"bullish sentiment in $fico feb-19 calls at $400 strike price. 500 contracts, $1.9m premium.  https://www.swaggystocks.com/dashboard/stocklabs/option-flow/fico",2020-10-30 18:30:19,-69,['fico']
253586741,"wow this is a big change! $fico&#39;s 10-day moving average broke below its 50-day moving average on october 28, 2020. view odds for this and other indicators: https://srnk.us/go/2262709",2020-10-30 16:46:42,-69,['fico']
253550387,$fico 2/19/21 $400c opening sweep.  $617k 410x vs 79 oi,2020-10-30 15:01:16,-69,['fico']
253548557,"bullish sentiment in $fico feb-19 calls at $400 strike price. 500 contracts, $1.7m premium.  https://www.swaggystocks.com/dashboard/stocklabs/option-flow/fico",2020-10-30 14:57:17,-69,['fico']
253387258,$fico: fair isaac corporation announces date for reporting of fourth quarter fiscal 2020 financial results https://www.chartmill.com/news/fico/prnews-2020-10-29-fair-isaac-corporation-announces-date-for-reporting-of-fourth-quarter-fiscal-2020-financial-results?utm_source=stocktwits&amp;utm_medium=pressrelease&amp;utm_content=fico&amp;utm_campaign=social_tracking,2020-10-29 20:59:28,-69,['fico']
253375409,$fico fair isaac corporation announces date for reporting of fourth quarter fiscal 2020 financial results https://www.otcdynamics.com/fico-fair-isaac-corporation-announces-date-for-reporting-of-fourth-quarter-fiscal-2020-financial-results,2020-10-29 20:30:35,-69,['fico']
253373548,"$fico [15s. delayed]: issued press release on october 29, 16:15:00: fair isaac corporation announces date for reporting of fourth quarter  https://s.flashalert.me/flfxbw",2020-10-29 20:26:28,-69,['fico']
253373465,fair isaac corporation announces date for reporting of fourth quarter fiscal 2020 financial results http://www.conferencecalltranscripts.org/summary/?id=82156&amp;pr=true $fico,2020-10-29 20:26:20,-69,['fico']
253372445,$fico new article : fair isaac corporation announces date for reporting of fourth quarter fiscal 2020 financial results https://www.stck.pro/news/fico/8827499,2020-10-29 20:24:10,-69,['fico']
253367862,"$fico fair isaac announces date for reporting of fourth quarter fiscal 2020 financial results 

https://newsfilter.io/a/918b4657c161b9666989598ec6efb0d8",2020-10-29 20:15:39,-69,['fico']
253367824,"$fico fair isaac corporation announces date for reporting of fourth quarter fiscal 2020 financial results
https://www.stocktitan.net/news/fico/fair-isaac-corporation-announces-date-for-reporting-of-fourth-4y3kbnr9l685.html",2020-10-29 20:15:34,-69,['fico']
253187912,fairisaac $fico bidaskscore is lowered to sold https://bidaskclub.com/news/company/2020-10-28/fico,2020-10-29 07:41:03,-69,['fico']
252687696,"$fico pscu to leverage fico® customer communications services to build leading fraud alert solution for credit unions 

https://newsfilter.io/a/e034c8d5640260f2adb8d0400c49b7bb",2020-10-27 12:00:57,-69,['fico']
252687628,"$fico pscu to leverage fico® customer communications services to build leading fraud alert solution for credit unions
https://www.stocktitan.net/news/fico/pscu-to-leverage-fico-r-customer-communications-services-to-build-3b1gjgphrezn.html",2020-10-27 12:00:36,-69,['fico']
251938684,$fico new article : fair isaac corp.: one of the greatest fintech stocks of the last decade https://www.stck.pro/news/fico/8659850,2020-10-22 17:45:05,-69,['fico']
251835071,$fico: $fico survey reveals that financial services firms are severely lagging in online consumer services https://www.chartmill.com/news/fico/prnews-2020-10-22-fico-survey-reveals-that-financial-services-firms-are-severely-lagging-in-online-consumer-services?utm_source=stocktwits&amp;utm_medium=pressrelease&amp;utm_content=fico&amp;utm_campaign=social_tracking,2020-10-22 13:00:00,-69,['fico']
251825217,$fico fico survey reveals that financial services firms are severely lagging in online consumer services https://www.otcdynamics.com/fico-fico-survey-reveals-that-financial-services-firms-are-severely-lagging-in-online-consumer-services,2020-10-22 12:15:33,-69,['fico']
251822363,"$fico fico survey reveals that financial services firms are severely lagging in online consumer services
https://www.stocktitan.net/news/fico/fico-survey-reveals-that-financial-services-firms-are-severely-sg71yhx6qqcr.html",2020-10-22 12:01:40,-69,['fico']
251805323,$fico: home credit group will expand credit in eastern europe and asia with $fico ai-powered optimization https://www.chartmill.com/news/fico/prnews-2020-10-22-home-credit-group-will-expand-credit-in-eastern-europe-and-asia-with-fico-ai-powered-optimization?utm_source=stocktwits&amp;utm_medium=pressrelease&amp;utm_content=fico&amp;utm_campaign=social_tracking,2020-10-22 08:33:00,-69,['fico']
251804683,$fico home credit group will expand credit in eastern europe and asia with fico ai-powered optimization https://www.otcdynamics.com/fico-home-credit-group-will-expand-credit-in-eastern-europe-and-asia-with-fico-ai-powered-optimization,2020-10-22 08:15:13,-69,['fico']
251804184,"$fico home credit group will expand credit in eastern europe and asia with fico ai-powered optimization
https://www.stocktitan.net/news/fico/home-credit-group-will-expand-credit-in-eastern-europe-and-asia-with-vum5qfj8gpkx.html",2020-10-22 08:00:37,-69,['fico']
251517482,"$fico james m wehmann sold 5,000 shares [high conviction] www.insider-analysis.com/search_transactions.php?ticker=table_fico",2020-10-21 04:15:37,-69,['fico']
251232321,"fair isaac evp james wehmann sells $2,164,150.00 in $fico https://www.marketbeat.com/i/412561",2020-10-20 00:02:51,-69,['fico']
251206049,"$fico: new sec filing on executive vice president, james m wehmann: https://www.sec.gov/archives/edgar/data/814547/000121465920008722/xslf345x03/marketforms-49412.xml",2020-10-19 21:10:01,-69,['fico']
251195759,"$fico [15s. delayed] filed sec form 4: executive vice president wehmann james m: 
disposed 5,000 of common stock at average price $432.83  https://s.flashalert.me/k86vqj",2020-10-19 20:28:49,-69,['fico']
250156006,"$fico identity fraud practices used by north american banks risk falling behind in digital era
https://www.stocktitan.net/news/fico/identity-fraud-practices-used-by-north-american-banks-risk-falling-8mvb4szk9da2.html",2020-10-14 12:00:52,-69,['fico']
249175222,"fair isaac corp insider just declared 10,765 restricted shares  http://www.conferencecalltranscripts.org/5/summary/?id=8431834 $fico",2020-10-08 22:33:54,-69,['fico']
249175040,"$fico [15s. delayed] filed sec form 3: executive vice president covert stephanie: 
 https://s.flashalert.me/nmp9p",2020-10-08 22:32:53,-69,['fico']
248014149,"$fico william j lansing sold 28,462 shares [very high conviction] www.insider-analysis.com/search_transactions.php?ticker=table_fico",2020-10-03 19:17:41,-69,['fico']
247961017,"$fico: new sec filing on president and ceo, william j lansing: https://www.sec.gov/archives/edgar/data/814547/000121465920008370/xslf345x03/marketforms-49408.xml",2020-10-03 00:48:01,-69,['fico']
247917529,"fair isaac corp insider just cashed-in 28,462 options  http://www.conferencecalltranscripts.org/4/summary/?id=8413600 $fico",2020-10-02 20:22:06,-69,['fico']
247915497,"$fico [15s. delayed] filed sec form 4: president and ceo lansing william j: 
disposed 28,462 of common stock at average price $426.4 and c https://s.flashalert.me/3azal",2020-10-02 20:14:57,-69,['fico']
247915411,"#fwsells $fico lansing william j, president and ceo of fair isaac corp sold 28462 shares on 2020-09-30. https://formwhispers.com/s?t=fico",2020-10-02 20:14:41,-69,['fico']
247188454,fico holds free virtual financial education event to help empower new orleans consumers http://www.conferencecalltranscripts.org/summary/?id=61684&amp;pr=true $fico,2020-09-30 11:20:06,-69,['fico']
247187966,$fico new article : fico holds free virtual financial education event to help empower new orleans consumers https://www.stck.pro/news/fico/8115853,2020-09-30 11:15:47,-69,['fico']
247186514,"$fico [15s. delayed]: issued press release on september 30, 07:00:00: fico holds free virtual financial education event to help empower ne https://s.flashalert.me/puavf",2020-09-30 11:04:23,-69,['fico']
247185845,"$fico fico holds free virtual financial education event to help empower new orleans consumers
https://www.stocktitan.net/news/fico/fico-holds-free-virtual-financial-education-event-to-help-empower-0t7kl4b9lhdf.html",2020-09-30 11:00:25,-69,['fico']
247159504,"$fico james m wehmann sold 10,000 shares [very high conviction] www.insider-analysis.com/search_transactions.php?ticker=table_fico",2020-09-30 03:44:40,-69,['fico']
246888762,"fair isaac evp james wehmann sells $4,127,300.00 in $fico https://www.marketbeat.com/i/409882",2020-09-29 09:04:26,-69,['fico']
246802742,"$fico: new sec filing on executive vice president, james m wehmann: https://www.sec.gov/archives/edgar/data/814547/000121465920008140/xslf345x03/marketforms-49411.xml",2020-09-28 20:17:01,-69,['fico']
246800957,"fair isaac corp insider just disposed of 10,000 shares  http://www.conferencecalltranscripts.org/4/summary2/?id=8392366 $fico",2020-09-28 20:11:34,-69,['fico']
246800856,"$fico [15s. delayed] filed sec form 4: executive vice president wehmann james m: 
disposed 10,000 of common stock at average price $412.73 https://s.flashalert.me/xbq4y",2020-09-28 20:11:15,-69,['fico']
246800753,"#fwsells $fico wehmann james m, executive vice president of fair isaac corp sold 10000 shares on 2020-09-24. https://formwhispers.com/s?t=fico",2020-09-28 20:10:59,-69,['fico']
246653282,"$fico fico origination solution named best in class leader by aite group
https://www.stocktitan.net/news/fico/fico-origination-solution-named-best-in-class-leader-by-aite-kvvdz8lavz03.html",2020-09-28 12:00:32,-69,['fico']
246546064,"how does this make you feel? $fico enters an uptrend because momentum indicator exceeded the 0 level on september 25, 2020. view odds for this and other indicators: https://srnk.us/go/2143643",2020-09-27 03:35:30,-69,['fico']
246544132,does this make you nervous? $fico enters uptrend as momentum indicator ascends above 0 level. view odds of uptrend. https://srnk.us/go/2143566,2020-09-27 02:56:08,1,['fico']
246046872,"$fico spotlight on digital transformation: 2021 fico decisions awards now open 

https://newsfilter.io/a/7caf53d9ddffea37d959f0eac14ae483",2020-09-24 16:00:29,-69,['fico']
246046828,"$fico spotlight on digital transformation: 2021 fico decisions awards now open
https://www.stocktitan.net/news/fico/spotlight-on-digital-transformation-2021-fico-decisions-awards-now-s0n73zjuq2tb.html",2020-09-24 16:00:24,-69,['fico']
245100596,"$fico what does fair isaac&#39;s debt look like? 

https://newsfilter.io/a/20881ac019105f9d377e4fceca6b888e",2020-09-21 11:14:02,-69,['fico']
245099879,$fico needham maintains to buy : pt $525.00 https://stockhoot.com/extsymbol.aspx?from=analystratingtweet&amp;symbol=fico&amp;t=758&amp;social=stocktwits,2020-09-21 11:08:36,-69,['fico']
244406996,"$fico fico named cyber risk quantification category leader for second year running 

https://newsfilter.io/a/f0d2338cbf5837e33d0aac902d61adfc",2020-09-17 12:30:30,-69,['fico']
244406984,"$fico fico named cyber risk quantification category leader for second year running
https://www.stocktitan.net/news/fico/fico-named-cyber-risk-quantification-category-leader-for-second-year-il5oaki2brmz.html",2020-09-17 12:30:28,-69,['fico']
244378614,fairisaac $fico bidaskscore is increased to held https://bidaskclub.com/news/company/2020-09-16/fico,2020-09-17 08:18:03,-69,['fico']
244266230,$fico just filed with the sec a new costs https://last10k.com/sec-filings/fico/0001193125-20-247156.htm?utm_source=stocktwits&amp;utm_medium=forum&amp;utm_campaign=8k&amp;utm_term=fico,2020-09-16 20:05:36,-69,['fico']
244265154,"$fico [15s. delayed] filed form 8-k on september 16, 16:02:01: item2.05: costs associated with exit or disposal activities https://s.flashalert.me/t6mcc",2020-09-16 20:02:55,-69,['fico']
244265005,"$fico form 8-k: costs associated with exit of disposal activities on september 14, 2020, fair isaac committed to a course of action designed to reduce its operating costs in lower value, less strategi.. 

https://newsfilter.io/a/2003255ce69850bd441dc8264ba025af",2020-09-16 20:02:34,-69,['fico']
244062679,"💰 revenue history for fico ($fico)️:

2020 q2 :   $0.31 b     +1.87%
2020 q1 :   $0.30 b     +3.17%
2019 q4 :   $0.29 b

more: https://companiesmarketcap.com/fico/revenue/",2020-09-16 05:23:38,-69,['fico']
243793979,fair isaac&#39;s buy rating reiterated at needham &amp; company llc. $515.00 pt. https://www.marketbeat.com/r/1477659 $fico,2020-09-15 10:16:21,-69,['fico']
243500750,"📈 market cap history for fico ($fico)️:

2020 : $12 b   +11.3%
2019 : $11 b   +101.26%
2018 : $5 b   +18.18%
2017 : $5 b   +23.63%

more: https://companiesmarketcap.com/fico/marketcap/",2020-09-14 03:51:58,-69,['fico']
243323398,"are the daytraders watching this? $fico enters a downtrend because momentum indicator dropped below the 0 level on september 3, 2020. view odds for this and other indicators: https://srnk.us/go/2091675",2020-09-12 01:15:26,-69,['fico']
243277549,"$fico [15s. delayed] filed sec form 4: president and ceo lansing william j: 
disposed 28,462 of common stock at average price $414.43 and  https://s.flashalert.me/mki52",2020-09-11 20:12:46,-69,['fico']
243277456,"#fwsells $fico lansing william j, president and ceo of fair isaac corp sold 28462 shares on 2020-09-09. https://formwhispers.com/s?t=fico",2020-09-11 20:12:28,-69,['fico']
243277437,"$fico $9,744,662.82 of shares sold by lansing william j (president and ceo), reported in a new form 4 filed with the sec  

https://newsfilter.io/a/8a556c52c0c14b9b7d1dbde2630b64e8",2020-09-11 20:12:25,-69,['fico']
243118330,fair isaac&#39;s (fico) &quot;hold&quot; rating reaffirmed at jefferies financial group $fico #fico https://www.marketbeat.com/n/4457600/,2020-09-11 12:19:52,-69,['fico']
243117373,fair isaac&#39;s hold rating reiterated at jefferies financial group inc. $415.00 pt. https://www.marketbeat.com/r/1476669 $fico,2020-09-11 12:14:54,-69,['fico']
242834024,"$fico fico partners with duck creek technologies 

https://newsfilter.io/a/2cdf06b5020285a5f90820874be091b8",2020-09-10 12:00:42,-69,['fico']
242833992,"$fico fico partners with duck creek technologies
https://www.stocktitan.net/news/fico/fico-partners-with-duck-creek-6unom0hdliqx.html",2020-09-10 12:00:36,-69,['fico']
242734787,$fico: $fico to present at upcoming investor conference https://www.chartmill.com/news/fico/prnews-2020-9-9-fico-to-present-at-upcoming-investor-conference?utm_source=stocktwits&amp;utm_medium=pressrelease&amp;utm_content=fico&amp;utm_campaign=social_tracking,2020-09-09 20:45:00,-69,['fico']
242731341,"$fico [15s. delayed]: issued press release on september 09, 16:15:00: fico to present at upcoming investor conference https://s.flashalert.me/xfemxw",2020-09-09 20:33:28,-69,['fico']
242728602,$fico new article : fico to present at upcoming investor conference https://www.stck.pro/news/fico/7581932,2020-09-09 20:25:26,-69,['fico']
242724943,"$fico fico to present at upcoming investor conference 

https://newsfilter.io/a/cfcdeeff73f4f8f814b3b07eca663a14",2020-09-09 20:15:27,-69,['fico']
242724932,"$fico fico to present at upcoming investor conference
https://www.stocktitan.net/news/fico/fico-to-present-at-upcoming-investor-d0irm9nnbagt.html",2020-09-09 20:15:26,-69,['fico']
242502401,"$fico: new sec filing on executive vice president, james m wehmann: https://www.sec.gov/archives/edgar/data/814547/000121465920007729/xslf345x03/marketforms-49410.xml",2020-09-08 23:52:02,-69,['fico']
242463078,"$fico [15s. delayed] filed sec form 4: executive vice president wehmann james m: 
disposed 10,000 of common stock at average price $425.49 https://s.flashalert.me/tubhq",2020-09-08 20:54:36,-69,['fico']
242463002,"#fwsells $fico wehmann james m, executive vice president of fair isaac corp sold 10000 shares on 2020-09-03. https://formwhispers.com/s?t=fico",2020-09-08 20:54:19,-69,['fico']
242462987,"$fico $4,254,857.80 of shares sold by wehmann james m (executive vice president), reported in a new form 4 filed with the sec  

https://newsfilter.io/a/a4ff33c07a59eea46d2be0744269955d",2020-09-08 20:54:17,-69,['fico']
242284724,undervalued signal alert: $fico. more insights: https://stockinvest.us/technical-analysis/fico?utm_source=stocktwits&amp;utm_medium=autopost,2020-09-08 10:44:10,1,['fico']
242009418,"baird finds resilience in credit bureaus&#39; q2 results  $efx $tru $fico 

https://newsfilter.io/a/7563c4ef78bef1e8eaa65ddf6cda935d",2020-09-04 23:39:34,-69,"['efx', 'tru', 'fico']"
241256776,"icymi: roe indicates excellent financial performing stocks: $fico, $nvo, $spg http://dlvr.it/rfrmp6",2020-09-02 18:17:08,-69,"['nvo', 'spg', 'fico']"
241069960,fairisaac $fico bidaskscore is lowered to sold https://bidaskclub.com/news/company/2020-09-01/fico,2020-09-02 07:29:02,-69,['fico']
241011378,"$fico [15s. delayed] filed sec form 3/a: executive vice president bowers thomas a.: 
 https://s.flashalert.me/hlydp",2020-09-01 23:18:26,-69,['fico']
241011298,"$fico form 3/a (initial statement of beneficial ownership of securities) filed with the sec 

https://newsfilter.io/a/97a49d60958474e980e28223bbb88ab6",2020-09-01 23:18:02,-69,['fico']
241010711,"$fico [15s. delayed] filed sec form 3: executive vice president bowers thomas a.: 
 https://s.flashalert.me/rbamh",2020-09-01 23:15:15,-69,['fico']
241010647,"$fico form 3 (initial statement of beneficial ownership of securities) filed with the sec 

https://newsfilter.io/a/20d07ad49098283be8a2fa97087c47cb",2020-09-01 23:14:54,-69,['fico']
240948210,$fico new article : fair isaac climbs 5.7% after settling suit against transunion https://www.stck.pro/news/fico/7391594,2020-09-01 19:44:05,-69,['fico']
240947930,"$fico fair isaac climbs 5.7% after settling suit against transunion 

https://newsfilter.io/a/fb1dd62e7cc66444418c01f8ad91e377",2020-09-01 19:43:26,-69,['fico']
240752221,"roe indicates excellent financial performing stocks: $fico, $nvo, $spg http://dlvr.it/rflknn",2020-09-01 11:15:33,-69,"['nvo', 'spg', 'fico']"
240733784,fair isaac co. (nyse:fico) receives average recommendation of &quot;buy&quot; from analysts $fico #fico https://www.marketbeat.com/n/4446593/,2020-09-01 06:24:05,-69,['fico']
240369691,"in an #ipo market that’s on fire, the biggest is yet to come: #antgroup, a chinese online payments company filed for its ipo this week and is expected to be the most valuable company ever to go public on a global stock exchange. the company plans to sell 10% of its shares on $shcomp exchange and 5% on the $hsi. it’s the ultimate mashup between stripe, $pypl, $aapl, venmo, $fico, and any of the multiple #fintech companies in the u.s. that offer lending, savings, and insurance products. #marketupdate #marketwatch",2020-08-30 17:39:16,-69,"['aapl', 'fico', 'pypl']"
239664879,$fico just filed with the sec a event for officers and a financial exhibit https://last10k.com/sec-filings/fico/0001193125-20-232242.htm?utm_source=stocktwits&amp;utm_medium=forum&amp;utm_campaign=8k&amp;utm_term=fico,2020-08-27 13:10:57,-69,['fico']
239663179,"$fico [15s. delayed] filed form 8-k on august 27, 09:05:03: item5.02: departure of election 0f officers or compensatory arrangements https://s.flashalert.me/vyto9g",2020-08-27 13:06:12,-69,['fico']
239663073,"$fico form 8-k: departure of directors or certain officers; election of directors; appointment of certain officers; compensatory arrangements of certain officers on august 27, 2020, fair isaac announc.. 

https://newsfilter.io/a/a5329eff2b82a728e35a09414fc4dd48",2020-08-27 13:05:54,-69,['fico']
239661289,"$fico fico appoints new evps for sales and corporate strategy
https://www.stocktitan.net/news/fico/fico-appoints-new-ev-ps-for-sales-and-corporate-d3rq0r6j3i9c.html",2020-08-27 13:00:38,-69,['fico']
239661283,"$fico fico appoints new evps for sales and corporate strategy 

https://newsfilter.io/a/45d6e2e5976c9c1836077b8da8df595a",2020-08-27 13:00:37,-69,['fico']
239626359,$fico claus moldt sold 709 shares [low conviction] www.insider-analysis.com/search_transactions.php?ticker=table_fico,2020-08-27 08:02:40,-69,['fico']
239197004,"$fico [15s. delayed] filed sec form 4: executive vice president &amp; cto moldt claus: 
delivered securities 709 of common stock at price $421 https://s.flashalert.me/e8tab",2020-08-25 20:19:54,-69,['fico']
239196876,"$fico $298,914.40 of shares sold by moldt claus (executive vice president &amp; cto), reported in a new form 4 filed with the sec  

https://newsfilter.io/a/f95e4d8743a093e30e9a2ea0b70a1600",2020-08-25 20:19:35,-69,['fico']
239060073,"have you seen this? $fico in -1.83% downtrend, sliding for three consecutive days on august 24, 2020. view odds for this and other indicators: https://srnk.us/go/2026549",2020-08-25 14:43:10,-69,['fico']
238751920,cfra reiterates hold rating on $fico &amp; ups tp to $428 from $380,2020-08-24 15:20:40,-69,['fico']
238660377,needham &amp; company llc reiterates &quot;buy&quot; rating for fair isaac (nyse:fico) $fico #fico https://www.marketbeat.com/n/4439037/,2020-08-24 11:21:57,-69,['fico']
238659039,fair isaac&#39;s buy rating reiterated at needham &amp; company llc. https://www.marketbeat.com/r/1469884 $fico,2020-08-24 11:15:08,-69,['fico']
238488254,"$fico william j lansing bought 28,462 shares [very high conviction] www.insider-analysis.com/search_transactions.php?ticker=table_fico",2020-08-22 19:28:59,-69,['fico']
238398682,"$fico: new sec filing on president and ceo, william j lansing: https://www.sec.gov/archives/edgar/data/814547/000121465920007427/xslf345x03/marketforms-49405.xml",2020-08-21 21:49:02,-69,['fico']
238386258,"$fico [15s. delayed] filed sec form 4: president and ceo lansing william j: 
disposed 28,462 of common stock at average price $428.56 and  https://s.flashalert.me/wugmu",2020-08-21 20:53:19,-69,['fico']
238386216,"$fico $10,146,632.98 of shares sold by lansing william j (president and ceo), reported in a new form 4 filed with the sec  

https://newsfilter.io/a/c83c8adb6311fc6bdfa92697aaecd93e",2020-08-21 20:53:08,-69,['fico']
238386200,"#fwsells $fico lansing william j, president and ceo of fair isaac corp sold 28462 shares on 2020-08-19. https://formwhispers.com/s?t=fico",2020-08-21 20:53:05,-69,['fico']
238177999,$fico fico holds free virtual financial education event to help empower baltimore consumers https://www.otcdynamics.com/fico-fico-holds-free-virtual-financial-education-event-to-help-empower-baltimore-consumers,2020-08-21 12:10:52,-69,['fico']
238176600,"$fico [15s. delayed]: issued press release on august 21, 08:00:00: fico holds free virtual financial education event to help empower balti https://s.flashalert.me/kd0o9k",2020-08-21 12:04:32,-69,['fico']
238175741,"$fico fico holds free virtual financial education event to help empower baltimore consumers
https://www.stocktitan.net/news/fico/fico-holds-free-virtual-financial-education-event-to-help-empower-cjehr3glralv.html",2020-08-21 12:00:34,-69,['fico']
238175739,"$fico fico holds free virtual financial education event to help empower baltimore consumers 

https://newsfilter.io/a/ce79272abe62674ee9dd8fbec0f7f909",2020-08-21 12:00:34,-69,['fico']
237316221,"$fico richard deal sold 3,211 shares [high conviction] www.insider-analysis.com/search_transactions.php?ticker=table_fico",2020-08-18 17:29:02,-69,['fico']
237315441,$fico richard deal sold 900 shares [average conviction] www.insider-analysis.com/search_transactions.php?ticker=table_fico,2020-08-18 17:26:55,-69,['fico']
237314621,"$fico richard deal sold 11,931 shares [very high conviction] www.insider-analysis.com/search_transactions.php?ticker=table_fico",2020-08-18 17:24:47,-69,['fico']
237226746,fairisaac $fico bidaskscore is downgraded to held https://bidaskclub.com/news/company/2020-08-13/fico,2020-08-18 13:49:04,-69,['fico']
237109304,"fair isaac evp richard deal sells $7,001,530.90 in $fico https://www.marketbeat.com/i/402881",2020-08-17 22:15:32,-69,['fico']
237107464,"$fico: new sec filing on executive vice president, richard deal: https://www.sec.gov/archives/edgar/data/814547/000121465920007260/xslf345x03/marketforms-49451.xml",2020-08-17 22:06:01,-69,['fico']
237093483,"fair isaac corp insider just disposed of 16,042 shares  http://www.conferencecalltranscripts.org/4/summary/?id=8254970 $fico",2020-08-17 21:00:21,-69,['fico']
237093058,"$fico [15s. delayed] filed sec form 4: executive vice president deal richard: 
disposed 16,042 of common stock at average price $436.45 on https://s.flashalert.me/r4iukw",2020-08-17 20:58:42,-69,['fico']
237092989,"#fwsells $fico deal richard, executive vice president of fair isaac corp sold 16042 shares on 2020-08-13. https://formwhispers.com/s?t=fico",2020-08-17 20:58:26,-69,['fico']
237092982,"$fico $7,001,517.92 of shares sold by deal richard (executive vice president), reported in a new form 4 filed with the sec  

https://newsfilter.io/a/be185e064f2366ea3463e2d13d93fe8b",2020-08-17 20:58:23,-69,['fico']
236688421,"$fico mark r scadina sold 3,621 shares [high conviction] www.insider-analysis.com/search_transactions.php?ticker=table_fico",2020-08-15 00:29:56,-69,['fico']
236688075,"$fico mark r scadina bought 13,984 shares [very high conviction] www.insider-analysis.com/search_transactions.php?ticker=table_fico",2020-08-15 00:27:27,-69,['fico']
236354801,"fair isaac evp mark scadina sells $8,206,593.36 in $fico https://www.marketbeat.com/i/402358",2020-08-13 22:40:28,-69,['fico']
236318820,"fair isaac corp insider just disposed of 5,000 shares  http://www.conferencecalltranscripts.org/4/summary/?id=8239781 $fico",2020-08-13 21:04:37,-69,['fico']
236318505,"$fico [15s. delayed] filed sec form 4: evp, gen. counsel &amp; sec. scadina mark r: 
disposed 18,984 of common stock at average price $432.29  https://s.flashalert.me/ejvdh",2020-08-13 21:03:45,-69,['fico']
236318418,"#fwsells $fico scadina mark r, evp, gen. counsel &amp; sec. of fair isaac corp sold 18984 shares on 2020-08-11. https://formwhispers.com/s?t=fico",2020-08-13 21:03:30,-69,['fico']
236318384,"$fico $7,198,877.28 of shares sold by scadina mark r (evp, gen. counsel &amp; sec.), reported in a new form 4 filed with the sec  

https://newsfilter.io/a/347159eac0f0af14a624cef296da7d25",2020-08-13 21:03:26,-69,['fico']
235330697,"$fico fico and whistic announce cyber risk partnership 

https://newsfilter.io/a/9c9f06dd8df38217766875d1437c95de",2020-08-11 12:00:36,-69,['fico']
235330693,"$fico fico and whistic announce cyber risk partnership
https://www.stocktitan.net/news/fico/fico-and-whistic-announce-cyber-risk-h23kdfbaicao.html",2020-08-11 12:00:35,-69,['fico']
235286240,"$fico michael i. mclaughlin sold 1,522 shares [average conviction] www.insider-analysis.com/search_transactions.php?ticker=table_fico",2020-08-11 03:52:41,-69,['fico']
234835472,"$fico marc f mcmorris bought 2,300 shares [high conviction] www.insider-analysis.com/search_transactions.php?ticker=table_fico",2020-08-09 11:08:47,-69,['fico']
234719478,"fair isaac director marc mcmorris sells $1,226,193.94 in $fico https://www.marketbeat.com/i/401522",2020-08-08 04:59:02,-69,['fico']
234676123,"$fico $1,011,488.94 of shares sold by mcmorris marc f (director), reported in a new form 4 filed with the sec  https://newsfilter.io/a/21f38e442d0b33ca0ec47918dbcfaf53",2020-08-07 23:11:00,-69,['fico']
234675400,fair isaac corp insider just disposed of 506 shares  http://www.conferencecalltranscripts.org/4/summary/?id=8215932 $fico,2020-08-07 23:06:38,-69,['fico']
234675348,"$fico [15s. delayed] filed sec form 4: director mcmorris marc f: 
disposed 2,806 of common stock at price $436.99 and converted securities https://s.flashalert.me/r4ziuo",2020-08-07 23:06:20,-69,['fico']
234675296,"#fwsells $fico mcmorris marc f, director of fair isaac corp sold 2806 shares on 2020-08-05. https://formwhispers.com/s?t=fico",2020-08-07 23:06:02,-69,['fico']
234651770,"fair isaac corp insider just picked up 2,226 shares  http://www.conferencecalltranscripts.org/4/summary2/?id=8215489 $fico",2020-08-07 21:08:25,-69,['fico']
234651505,"$fico [15s. delayed] filed sec form 4: executive vice president &amp; cfo mclaughlin michael i.: 
delivered securities 1,522 of common stock a https://s.flashalert.me/x47u8",2020-08-07 21:07:32,-69,['fico']
234651407,"$fico $665,783.68 of shares sold by mclaughlin michael i. (executive vice president &amp; cfo), reported in a new form 4 filed with the sec  

https://newsfilter.io/a/3e979f7f7a16e7ef3274297931e505b7",2020-08-07 21:07:12,-69,['fico']
234434735,"$fico [15s. delayed]: issued press release on august 07, 08:00:00: fico returns to atlanta to hold free virtual financial education event  https://s.flashalert.me/phrwa",2020-08-07 12:21:24,-69,['fico']
234432888,fico returns to atlanta to hold free virtual financial education event to help empower consumers http://www.conferencecalltranscripts.org/include?location=https://www.prnewswire.com:443/news-releases/fico-returns-to-atlanta-to-hold-free-virtual-financial-education-event-to-help-empower-consumers-301108182.html $fico,2020-08-07 12:14:05,-69,['fico']
234430976,$fico fico returns to atlanta to hold free virtual financial education event to help empower consumers https://www.otcdynamics.com/fico-fico-returns-to-atlanta-to-hold-free-virtual-financial-education-event-to-help-empower-consumers,2020-08-07 12:06:18,-69,['fico']
234429451,"$fico fico returns to atlanta to hold free virtual financial education event to help empower consumers 

https://newsfilter.io/a/e8987207010b42f7582b82989443f01e",2020-08-07 12:00:40,-69,['fico']
234429396,"$fico fico returns to atlanta to hold free virtual financial education event to help empower consumers
https://www.stocktitan.net/news/fico/fico-returns-to-atlanta-to-hold-free-virtual-financial-education-sbkwn0mel5z9.html",2020-08-07 12:00:30,-69,['fico']
234309154,"stock picks from a mid-cap fund that is crushing the market  $dpz $fico $docu $okta $nflx 

https://newsfilter.io/a/24acc5067c1de1995cbb7008a16fe0d9",2020-08-06 21:20:00,-69,"['nflx', 'dpz', 'fico', 'okta', 'docu']"
234095508,"$fico william j lansing sold 1,180 shares [average conviction] www.insider-analysis.com/search_transactions.php?ticker=table_fico",2020-08-06 13:30:56,-69,['fico']
234094930,"$fico william j lansing bought 24,298 shares [very high conviction] www.insider-analysis.com/search_transactions.php?ticker=table_fico",2020-08-06 13:29:24,-69,['fico']
