id,body,created_at,sentiment,symbols
254816427,"$azpn issues in-line guidance for fy21, sees eps of $4.78-$5.32 vs. $5.01 consensus; revs of $704-$754 mln vs. $727.28 consensus  https://www.briefing.com/in-depth-analysis/content/article?articleid=in20201105162034azpn",2020-11-06 12:48:34,-69,['azpn']
254762643,$azpn just filed with the sec a earnings release and a financial exhibit https://last10k.com/sec-filings/azpn/0000929940-20-000051.htm?utm_source=stocktwits&amp;utm_medium=forum&amp;utm_campaign=8k&amp;utm_term=azpn,2020-11-06 01:53:37,-69,['azpn']
254746365,$azpn updates fy 2021after-hours guidance to 4.78-5.32 eps and revenue guidance to $704-754 million. https://www.marketbeat.com/g/52976,2020-11-06 00:18:47,-69,['azpn']
254733601,$azpn new article : aspen reports select q1 financials https://www.stck.pro/news/azpn/8960671,2020-11-05 23:15:05,-69,['azpn']
254733244,"$azpn aspen reports select q1 financials 

https://newsfilter.io/a/7d1955510f760aff17b56af241544296",2020-11-05 23:13:27,-69,['azpn']
254705633,icr for aspen technology  http://www.conferencecalltranscripts.org/8/summary2/?id=8523189 $azpn,2020-11-05 21:35:28,-69,['azpn']
254699386,"$azpn [15s. delayed]: issued press release on november 05, 16:05:00: aspen technology announces selected financial results for the first q https://s.flashalert.me/jw5rq",2020-11-05 21:20:28,-69,['azpn']
254696968,"$azpn [15s. delayed] filed form 8-k on november 05, 16:11:50: item2.02: results of operations &amp; financial condition https://s.flashalert.me/xl7qj",2020-11-05 21:15:35,-69,['azpn']
254695406,"$azpn form 8-k: events results of operations and financial condition. on november 5, 2020, we issued a press release announcing selected financial results for the first quarter of fiscal year 2021, en.. 

https://newsfilter.io/a/d383baebac18a826cd1a435a222b8e9c",2020-11-05 21:12:36,-69,['azpn']
254693936,"$azpn aspen technology announces selected financial results for the first quarter of fiscal 2021 

https://newsfilter.io/a/707b65aeb2b825c596cb8396fe603005",2020-11-05 21:09:36,-69,['azpn']
254606216,$azpn is scheduled to report #earnings after the market closes today via @ewhispers http://eps.sh/s/azpn,2020-11-05 16:06:45,-69,['azpn']
254578504,$stmp $grpn $azpn strong earning continuation tonight ...👍,2020-11-05 14:48:22,1,"['azpn', 'stmp', 'grpn']"
254560100,$azpn #earnings today amc   https://stockhoot.com/earningscalendar.aspx?from=individualtweet&amp;symbol=azpn&amp;t=528&amp;social=stocktwits,2020-11-05 13:42:00,-69,['azpn']
254549287,"what do you think of this? $azpn in -3.84% downtrend, declining for three consecutive days on october 30, 2020. view odds for this and other indicators: https://srnk.us/go/2283975",2020-11-05 12:49:42,-69,['azpn']
254528762,strong pm earnings continuation  tonight...$tmus $sq $ea $ttd $azpn ..long story intact....👍,2020-11-05 09:07:16,1,"['azpn', 'ea', 'sq', 'tmus', 'ttd']"
254002573,$azpn aspen technology announces date of conference call and webcast to discuss selected first-quarter fiscal 2021 financial results https://www.otcdynamics.com/azpn-aspen-technology-announces-date-of-conference-call-and-webcast-to-discuss-selected-first-quarter-fiscal-2021-financial-results,2020-11-02 21:55:42,-69,['azpn']
253998167,aspen technology announces date of conference call and webcast to discuss selected first-quarter fiscal 2021 financial results http://www.conferencecalltranscripts.org/summary/?id=85040&amp;pr=true $azpn,2020-11-02 21:36:25,-69,['azpn']
253998123,"$azpn [15s. delayed]: issued press release on november 02, 16:30:00: aspen technology announces date of conference call and webcast to dis https://s.flashalert.me/lcw23r",2020-11-02 21:36:19,-69,['azpn']
253997884,"$azpn aspen technology announces date of conference call and webcast to discuss selected first-quarter fiscal 2021 financial results
https://www.stocktitan.net/news/azpn/aspen-technology-announces-date-of-conference-call-and-webcast-to-qvmlbbpgcaqy.html",2020-11-02 21:35:23,-69,['azpn']
253996672,"$azpn aspen technology announces date of conference call and webcast to discuss selected first-quarter fiscal 2021 financial results 

https://newsfilter.io/a/13575631919ca9cb17c8ae6d47d0f64f",2020-11-02 21:30:50,-69,['azpn']
253934646,$azpn - aspen technology has a frail financial… https://www.macroaxis.com/stock-analysis/azpn/aspen-technology #insidertrading #stocks #fintechnews,2020-11-02 17:30:34,-69,['azpn']
253731665,"$azpn option volume was 12x normal on friday with 2,220 contracts. call volume was 97% and put volume was 3%. https://tinyurl.com/yxr357ux",2020-10-31 17:28:17,-69,['azpn']
253460228,"$azpn karl e johnsen sold 1,289 shares [low conviction] www.insider-analysis.com/search_transactions.php?ticker=table_azpn",2020-10-30 04:17:05,-69,['azpn']
253189419,aspentechnology $azpn bidaskscore is downgraded to sold https://bidaskclub.com/news/company/2020-10-28/azpn,2020-10-29 08:25:05,-69,['azpn']
253176261,"td buy $azpn at 114.19, supp 114.19 resis 134.56 r18  hilo 59% t1y 135 hold 2.6 pe 34.8 div n/a #aspen tech #stocks #trading #finance #market https://tinyurl.com/y5pzj7jb",2020-10-29 03:34:15,1,['azpn']
253150080,"aspen technology cfo karl johnsen sells $165,004.89 in $azpn https://www.marketbeat.com/i/413632",2020-10-28 23:59:28,-69,['azpn']
253146325,$azpn https://www.aistockfinder.com/stock-forecast/azpn aspen technology inc. our algorithm foretells the value of this company will be stable in the short term with a flat long term setup,2020-10-28 23:35:20,-69,['azpn']
253110639,$azpn new insider selling: 1289 shares. http://insiderbuyingselling.com/?t=azpn,2020-10-28 20:45:36,-69,['azpn']
253104847,"aspen technology&#39;s senior vice president and cfo just disposed of 1,289 shares  http://www.conferencecalltranscripts.org/4/summary/?id=8486250 $azpn",2020-10-28 20:28:40,-69,['azpn']
253102940,"$azpn [15s. delayed] filed sec form 4: insider johnsen karl e: 
disposed 1,289 of common stock at price $128.01 on 2020-10-26, decreased h https://s.flashalert.me/74lcx",2020-10-28 20:23:43,-69,['azpn']
