id,body,created_at,sentiment,symbols
254799247,latticesemiconductor $lscc bidaskscore is upgraded to stronglybought https://bidaskclub.com/news/company/2020-11-05/lscc,2020-11-06 09:52:02,-69,['lscc']
254658043,$lscc money,2020-11-05 19:11:45,1,['lscc']
254609797,"$lscc john e major sold 1,000 shares [very low conviction] www.insider-analysis.com/search_transactions.php?ticker=table_lscc",2020-11-05 16:18:54,-69,['lscc']
254525820,this is why hedge funds use a.i. $lscc price may drop as it breaks higher bollinger band. view odds of downtrend. https://srnk.us/go/2283337,2020-11-05 07:51:22,-1,['lscc']
254420243,"$lscc [15s. delayed] filed sec form 4: director major john e: 
disposed 1,000 of common stock at price $35 and converted securities 1,000  https://s.flashalert.me/eqktg",2020-11-04 19:16:32,-69,['lscc']
254420158,"$lscc $28,710.00 of shares sold by major john e (director), reported in a new form 4 filed with the sec  

https://newsfilter.io/a/1eb736cbb4f451d57d4036a6fe578ba0",2020-11-04 19:16:13,-69,['lscc']
254419906,"$lscc reported 2 new insider trades to the sec in the last 2 minutes.

$14,690.14 of shares sold by milstead byron wayne (vp corp, general counsel)   https://newsfilter.io/articles/4-form-702229b71a27d4aa33ff63abfd48534a
$32,640.86 of shares sold by nelson mark jon (vp corp, sales)   https://newsfilter.io/articles/4-form-298154e63d29b1ac6129ec04a907c2c6",2020-11-04 19:15:07,-69,['lscc']
254419404,"$lscc [15s. delayed] filed sec form 4: vp corp, general counsel milstead byron wayne: 
delivered securities 419 of common stock at price $ https://s.flashalert.me/p1qb8e",2020-11-04 19:12:52,-69,['lscc']
254418846,"$lscc [15s. delayed] filed sec form 4: vp corp, sales nelson mark jon: 
delivered securities 931 of common stock at price $35.06 and conve https://s.flashalert.me/ikiyzc",2020-11-04 19:10:27,-69,['lscc']
254418220,"$lscc [15s. delayed] filed sec form 4: president &amp; ceo anderson james robert: 
delivered securities 3,708 of common stock at price $35.06  https://s.flashalert.me/h22h5",2020-11-04 19:07:27,-69,['lscc']
254418147,"$lscc $130,002.48 of shares sold by anderson james robert (president &amp; ceo), reported in a new form 4 filed with the sec  

https://newsfilter.io/a/54a818528c244eb0d8d2fc7dd248d6ba",2020-11-04 19:07:06,-69,['lscc']
254417621,"vp corp of lattice semiconductor corporation just picked up 1,135 shares  http://www.conferencecalltranscripts.org/4/summary2/?id=8517446 $lscc",2020-11-04 19:04:33,-69,['lscc']
254417608,"$lscc reported 2 new insider trades to the sec in the last 2 minutes.

$39,197.08 of shares sold by douglass stephen (vp corp, r&amp;d)   https://newsfilter.io/articles/4-form-54c075ecfbaeb28e4dd8764289259ec3
$35,901.44 of shares sold by elashmawi esam (vp corp, mktg &amp; strategy)   https://newsfilter.io/articles/4-form-ab6a677e3a167e96a18bdd6154d88537",2020-11-04 19:04:30,-69,['lscc']
254417576,"vp corp of lattice semiconductor corporation just picked up 1,041 shares  http://www.conferencecalltranscripts.org/4/summary/?id=8517417 $lscc",2020-11-04 19:04:21,-69,['lscc']
254417507,"$lscc: new sec filing on vp corp, r&amp;d, stephen douglass: https://www.sec.gov/archives/edgar/data/855658/000085565820000166/xslf345x03/edgardoc.xml",2020-11-04 19:04:01,-69,['lscc']
254417367,"$lscc [15s. delayed] filed sec form 4: vp corp, r&amp;d douglass stephen: 
delivered securities 1,118 of common stock at price $35.06 and conv https://s.flashalert.me/ofbsnz",2020-11-04 19:03:21,-69,['lscc']
254416551,"$lscc [15s. delayed] filed sec form 4: vp corp, mktg &amp; strategy elashmawi esam: 
delivered securities 1,024 of common stock at price $35.0 https://s.flashalert.me/wdyte",2020-11-04 18:59:48,-69,['lscc']
254413429,vp corp of lattice semiconductor corporation just picked up 946 shares  http://www.conferencecalltranscripts.org/4/summary2/?id=8517384 $lscc,2020-11-04 18:45:26,-69,['lscc']
254412939,"$lscc [15s. delayed] filed sec form 4: vp corp, cfo luther sherri r: 
delivered securities 931 of common stock at price $35.06 and convert https://s.flashalert.me/9eyag",2020-11-04 18:43:28,-69,['lscc']
254412865,"$lscc $32,640.86 of shares sold by luther sherri r (vp corp, cfo), reported in a new form 4 filed with the sec  

https://newsfilter.io/a/191eb1744581d0cabdc7c41623529afa",2020-11-04 18:43:06,-69,['lscc']
254234209,"update breakout alert $lscc (+12.5%) makes a new all-time high close with volume conviction 
chart here -&gt; https://buyingbreakouts.com/upda",2020-11-03 22:39:58,-69,['lscc']
254234161,"$lscc (+12.5%) makes a new all-time high close with volume conviction 
see here-&gt; 
https://jamestaulman.com/lscc-12-5-makes-a-new-all-time-",2020-11-03 22:39:40,-69,['lscc']
253843391,comprehensive non-correlated lattice semiconductor $lscc trading report https://tinyurl.com/y2f42ynp,2020-11-02 06:00:07,-69,['lscc']
253785074,"breakout pattern shown in $carr, $lscc and $boot. https://www.chartmill.com/stock/stock-screener?sid=202&amp;f=v1_50b500,atrpct_a_1,sl_ta_7_x,sl_se_7_x,p_pg20,exch_us&amp;s=se&amp;v=3&amp;utm_source=stocktwits&amp;utm_medium=screener&amp;utm_content=stock_screener:_technical_breakout_setups&amp;utm_campaign=social_tracking",2020-11-01 15:16:00,-69,"['boot', 'lscc', 'carr']"
253764992,$lscc long hold,2020-11-01 03:28:28,1,['lscc']
253663512,"$lscc byron wayne milstead sold 6,400 shares [average conviction] www.insider-analysis.com/search_transactions.php?ticker=table_lscc",2020-10-30 21:23:18,-69,['lscc']
253482253,$lscc keeping a close eye on this one for sure. needs to reach a bit higher for a breakout.,2020-10-30 10:51:38,1,['lscc']
253418571,last10k highlighted 28 positive and negative remarks in $lscc&#39;s 10-q filed today. see them in the quarterly report: https://last10k.com/sec-filings/lscc/0001437749-20-022010.htm?utm_source=stocktwits&amp;utm_medium=forum&amp;utm_campaign=sentiment&amp;utm_term=lscc,2020-10-29 23:02:20,-69,['lscc']
253405587,$lscc just filed a 10-q quarterly report with 53 sections and 4 exhibits. access them all or just read their earnings: https://last10k.com/sec-filings/lscc/0001437749-20-022010.htm?utm_source=stocktwits&amp;utm_medium=forum&amp;utm_campaign=10kq2040f&amp;utm_term=lscc,2020-10-29 22:01:52,-69,['lscc']
253392944,"lattice semiconductor vp byron wayne milstead sells $216,384.00 in $lscc https://www.marketbeat.com/i/413736",2020-10-29 21:16:10,-69,['lscc']
253391121,lattice semiconductor corporation just filed its quarterly report: note 2 - net income ... http://www.conferencecalltranscripts.org/q/summary2/?id=8493326 $lscc,2020-10-29 21:10:17,-69,['lscc']
253390661,"$lscc [15s. delayed] filed form 10-q on october 29, 17:06:53 https://s.flashalert.me/txnoi",2020-10-29 21:08:47,-69,['lscc']
253390548,"$lscc form 10-q (quarterly report [sections 13 or 15(d)]) filed with the sec 

https://newsfilter.io/a/62746a25c2ae9c5160a78b1f3684e4de",2020-10-29 21:08:24,-69,['lscc']
253311179,$lscc new insider selling: 6400 shares. http://insiderbuyingselling.com/?t=lscc,2020-10-29 17:27:34,-69,['lscc']
253310752,"$lscc: new sec filing on vp corp, general counsel, byron wayne milstead: https://www.sec.gov/archives/edgar/data/855658/000085565820000160/xslf345x03/edgardoc.xml",2020-10-29 17:26:01,-69,['lscc']
253308669,"vp corp of lattice semiconductor corporation just disposed of 6,400 shares  http://www.conferencecalltranscripts.org/4/summary2/?id=8491739 $lscc",2020-10-29 17:19:20,-69,['lscc']
253308533,"$lscc [15s. delayed] filed sec form 4: vp corp, general counsel milstead byron wayne: 
disposed 6,400 of common stock at price $33.81 on 2 https://s.flashalert.me/fuevdz",2020-10-29 17:18:57,-69,['lscc']
253308410,"$lscc $216,384.00 of shares sold by milstead byron wayne (vp corp, general counsel), reported in a new form 4 filed with the sec  

https://newsfilter.io/a/d19f82ff033f4e3bab4920295c226de3",2020-10-29 17:18:34,-69,['lscc']
253143752,"bull flags detected by our stock screener in $lscc, $pwr and $mnkd. https://www.chartmill.com/stock/stock-screener?sid=13&amp;f=v1_50b500,s_bf,exch_us&amp;v=3&amp;timeframe=daily&amp;type=candles&amp;o1=3&amp;op1=200,16711680&amp;cl=f&amp;months=0&amp;o2=3&amp;op2=50,255&amp;width=400&amp;o3=62&amp;utm_source=stocktwits&amp;utm_medium=screener&amp;utm_content=stock_screener:_bull_flags&amp;utm_campaign=social_tracking",2020-10-28 23:19:00,-69,"['lscc', 'mnkd', 'pwr']"
253125926,$lscc you think stock tanked today purely due to market reaction???,2020-10-28 21:44:58,-69,['lscc']
253015357,"$lscc 
target raised by cowen outperform usd 36 » usd 39 
maintains rosenblatt securities buy usd 36 » usd 40
https://www.stocktargetadvisor.com/stock/usa/nsd/lscc#analyst-rating-tab",2020-10-28 15:36:51,-69,['lscc']
252944102,"$lscc
lscc target raised by cowen with price target $36.00 ➝ $39.00 and rating outperform
source:https://www.marketbeat.com/ratings/
view the full list of news/momentum plays on watch at : bit.ly/32gfart
[no bias / position]
[find me at https://stocktwits.com/sbiswas | https://twitter.com/soumyajyoti_b]",2020-10-28 12:25:34,-69,['lscc']
252942208,"$lscc lattice semi price target raised after q3 beats, amd&#39;s xilinx acquisition 

https://newsfilter.io/a/be3d8254603765fffac192c952ddbd66",2020-10-28 12:16:55,-69,['lscc']
252938548,"$lscc (-1.0% pre) lattice semiconductor beats estimates, guides q4 in-line - sa

http://ooc.bz/l/62819",2020-10-28 11:59:13,-69,['lscc']
252934607,cowen on $lscc pt raise👇🏻,2020-10-28 11:33:24,-69,['lscc']
252930768,$lscc rosenblatt maintains to buy : pt $40.00 https://stockhoot.com/extsymbol.aspx?from=analystratingtweet&amp;symbol=lscc&amp;t=893&amp;social=stocktwits,2020-10-28 11:06:06,-69,['lscc']
252919186,$lscc is one of the better performing stocks in the electronic components and accessories industry. https://www.chartmill.com/stock/analyzer/stock/lscc?key=5373c218-f15a-43ee-b10f-96f4388609b5&amp;utm_source=stocktwits&amp;utm_medium=ta&amp;utm_content=lscc&amp;utm_campaign=social_tracking,2020-10-28 08:07:03,-69,['lscc']
252917869,"$lscc new article : lattice semiconductor beats estimates, guides q4 in-line https://www.stck.pro/news/lscc/8792034",2020-10-28 07:22:05,-69,['lscc']
252917837,"$lscc lattice semiconductor beats estimates, guides q4 in-line 

https://newsfilter.io/a/2c3011875d287064ceb897141831ef34",2020-10-28 07:20:53,-69,['lscc']
252881034,"update breakout alert $lscc (+5.5%) trades lower in am after a day of new highs on q3 beat 
chart here -&gt; https://buyingbreakouts.com/updat",2020-10-27 23:57:05,-69,['lscc']
252854739,$lscc new article : lattice semiconductor: q3 earnings insights https://www.stck.pro/news/lscc/8784914,2020-10-27 21:32:34,-69,['lscc']
252851798,"$lscc new article : lattice semiconductor eps beats by $0.01, beats on revenue https://www.stck.pro/news/lscc/8783571",2020-10-27 21:20:16,-69,['lscc']
252842773,"$lscc earnings call today: 5:00 pm est 
analyst rating: strong buy 
webcast: http://mmm.wallstreethorizon.com/u.asp?u=348278",2020-10-27 20:45:24,-69,['lscc']
252840160,"$lscc reported earnings of $0.11, consensus was $0.08 via @ewhispers #epsbeat http://eps.sh/d/lscc",2020-10-27 20:36:24,-69,['lscc']
252839355,"$baba, $lscc and $mtch making a new 52 week high. https://www.chartmill.com/stock/stock-screener?f=p_pg10,v1_50b500,s_nh,exch_us&amp;v=3&amp;utm_source=stocktwits&amp;utm_medium=screener&amp;utm_content=stock_screener:_new_52_week_high_today&amp;utm_campaign=social_tracking",2020-10-27 20:34:00,-69,"['lscc', 'baba', 'mtch']"
252837233,"$lscc lattice semiconductor eps beats by $0.03, beats on revenue 

https://newsfilter.io/a/fa79cbb05bd4183c811843582e4487d6",2020-10-27 20:27:41,-69,['lscc']
252834208,$lscc lattice semiconductor reports third quarter 2020 results https://www.otcdynamics.com/lscc-lattice-semiconductor-reports-third-quarter-2020-results,2020-10-27 20:19:09,-69,['lscc']
252832956,"lattice semi sees q4 sales $99m-$107m vs $101.2m estimate

related tickers: $lscc",2020-10-27 20:16:11,-69,['lscc']
252832841,"lattice semiconductor q3 adj. eps $0.19 beats $0.16 estimate, sales $103.04m beat $100.98m estimate

related tickers: $lscc",2020-10-27 20:15:55,-69,['lscc']
252831739,$lscc just filed with the sec a earnings release and a financial exhibit https://last10k.com/sec-filings/lscc/0001437749-20-021703.htm?utm_source=stocktwits&amp;utm_medium=forum&amp;utm_campaign=8k&amp;utm_term=lscc,2020-10-27 20:13:39,-69,['lscc']
252831592,$lscc updates q4 2020after-hours guidance to eps and revenue guidance to $99-107 million. https://www.marketbeat.com/g/52003,2020-10-27 20:13:23,-69,['lscc']
252830263,lattice semiconductor: net income improves to $0.09 / $0.19 per diluted share for q3 2020 on a  http://www.conferencecalltranscripts.org/8/summary2/?id=8480676 $lscc,2020-10-27 20:10:29,-69,['lscc']
252829838,$lscc $40 here we come by friday! damn i love this stock!,2020-10-27 20:09:25,-69,['lscc']
252829372,$lscc - lattice semiconductor (nasdaq:lscc) reported quarterly earnings of $0.19 per share which beat the analyst consensus estimate of $0.16 by 18.75 percent. this is a 11.76 percent increase over earnings of $0.17 per share from the same period last year. the company reported quarterly sales of $103.04 million which beat the analyst consensus estimate of $100.98 million by 2.04 percent. this is a 0.41 percent decrease over sales of $103.47 million the same period last year.,2020-10-27 20:08:27,-69,['lscc']
252829170,"$lscc [15s. delayed] filed form 8-k on october 27, 16:06:58: item2.02: results of operations &amp; financial condition https://s.flashalert.me/hde2mn",2020-10-27 20:08:00,-69,['lscc']
252829039,"$lscc lattice semiconductor eps beats by $0.01, beats on revenue 

https://newsfilter.io/a/b2adfbbb83371ece0b4e218e21264f61",2020-10-27 20:07:41,-69,['lscc']
252829005,"$lscc form 8-k: results of operations and financial condition. on october 27, 2020, lattice semiconductor issued a press release announcing the company&#39;s financial results for the third quarter ended .. 

https://newsfilter.io/a/be14c64ef5031340b23c8f738aa4ce78",2020-10-27 20:07:37,-69,['lscc']
252828128,"$lscc [15s. delayed, acc.~90%, always check] earnings release october 27, 16:00:00: q3: non-gaap eps of $0.19, gaap eps of $0.09, revenue  https://s.flashalert.me/qje2l",2020-10-27 20:05:53,-69,['lscc']
252828065,"$lscc [15s. delayed]: issued press release on october 27, 16:00:00: lattice semiconductor reports third quarter 2020 results https://s.flashalert.me/osr33",2020-10-27 20:05:45,-69,['lscc']
252827804,$lscc new article : lattice semiconductor reports third quarter 2020 results https://www.stck.pro/news/lscc/8783510,2020-10-27 20:05:17,-69,['lscc']
252827791,lattice semiconductor reports third quarter 2020 results http://www.conferencecalltranscripts.org/summary/?id=79273&amp;pr=true $lscc,2020-10-27 20:05:15,-69,['lscc']
252827325,lattice semiconductor reports third quarter 2020 results http://www.conferencecalltranscripts.org/summary/?id=79274&amp;pr=true $lscc,2020-10-27 20:04:07,-69,['lscc']
252826777,"$lscc  reports q3 adjusted eps 19c, consensus 16c; sees q4 revenue $99m-$107m, consensus $101.24m",2020-10-27 20:02:49,-69,['lscc']
252826540,"$lscc lattice semiconductor reports third quarter 2020 results
https://www.stocktitan.net/news/lscc/lattice-semiconductor-reports-third-quarter-2020-zmpp2ege6s9c.html",2020-10-27 20:02:15,-69,['lscc']
252825923,"$lscc lattice semiconductor reports third quarter 2020 results 

https://newsfilter.io/a/e59528f06c0fe563c531997162762ce7",2020-10-27 20:00:56,-69,['lscc']
252825899,$lscc - http://www.trade-ideas.com/ticky/ticky.html?symbol=lscc - please tell me i am long this stock...please - new postmarket high.  approaching today&#39;s high.,2020-10-27 20:00:52,-69,['lscc']
252813179,$lscc place your bets...gap up or gap down after tonight earning?,2020-10-27 19:23:16,-69,['lscc']
252777571,short sale volume (not short interest) for $lscc at 2020-10-26 is 61%. http://shortvolumes.com/?t=lscc via @shortvolumes,2020-10-27 17:23:35,-69,['lscc']
252734671,"$lscc reports after the close, estimize consensus +0.02 eps and +0.13m revs compared to ws
http://www.estimize.com/lscc/fq3-2020?utm_content=prerelease&amp;utm_medium=tweet&amp;utm_source=stocktwits",2020-10-27 15:00:35,-69,['lscc']
252620781,$lscc new article : lattice semiconductor q3 earnings preview https://www.stck.pro/news/lscc/8758722,2020-10-26 21:44:15,-69,['lscc']
252568994,"a sneak peek at lattice semiconductor corporation ($lscc) 3q20 earnings

https://www.stockmarketintellects.com/a-sneak-peek-at-lattice-semiconductor-corporation-lscc-3q20-earnings/",2020-10-26 18:06:19,-69,['lscc']
252503740,$lscc new article : preview: lattice semiconductor&#39;s earnings https://www.stck.pro/news/lscc/8749753,2020-10-26 14:31:42,-69,['lscc']
252315776,lattice semiconductor to release earnings before the market opens on tuesday. analysts expect 0.08 eps. www.marketbeat.com/p/486460 $lscc #,2020-10-24 05:03:50,-69,['lscc']
252308505,comprehensive non-correlated lattice semiconductor $lscc trading report https://tinyurl.com/y5gda9ns,2020-10-24 02:45:05,-69,['lscc']
252294444,"update breakout alert $lscc (+6.8%) a break below our 1st support would be a sell signal 
chart here -&gt; https://buyingbreakouts.com/update-",2020-10-24 00:03:30,-69,['lscc']
251824919,latticesemiconductor $lscc bidaskscore is upgraded to bought https://bidaskclub.com/news/company/2020-10-21/lscc,2020-10-22 12:14:03,-69,['lscc']
251715075,$lscc lattice crosslink-nx fpga wins 2020 em best of industry award https://www.otcdynamics.com/lscc-lattice-crosslink-nx-fpga-wins-2020-em-best-of-industry-award,2020-10-21 20:16:57,-69,['lscc']
251709889,"$lscc [15s. delayed]: issued press release on october 21, 16:00:00: lattice crosslink-nx fpga wins 2020 em best of industry award https://s.flashalert.me/3ro1cr",2020-10-21 20:05:34,-69,['lscc']
251709671,$lscc new article : lattice crosslink-nx fpga wins 2020 em best of industry award https://www.stck.pro/news/lscc/8637653,2020-10-21 20:05:08,-69,['lscc']
251709428,lattice crosslink-nx fpga wins 2020 em best of industry award http://www.conferencecalltranscripts.org/summary/?id=74940&amp;pr=true $lscc,2020-10-21 20:04:31,-69,['lscc']
