id,body,created_at,sentiment,symbols
254881322,"$nvda  did you guys see the nintendo report?  well known that top gamers need nvda equipment; and here we see nintendo gear, which is using nvda gear, kicking ass with specified nvda chips

$amd $intc $qcom",2020-11-06 16:21:46,-69,"['intc', 'nvda', 'qcom', 'amd']"
254871412,$qcom if it goes over 146.25 ist on to test the highs imo,2020-11-06 15:53:27,-69,['qcom']
254867094,"stock market looks to take a breather as busy week comes to a close  $pton $nflx $qcom $cat $uri 

https://newsfilter.io/a/563398d46ad04021593a07e5abbeaca8",2020-11-06 15:41:45,-69,"['nflx', 'qcom', 'cat', 'uri', 'pton']"
254866646,10:25:30 am maxr manual exit.  closing my $qcom position of 346 shares that was opened today for a 0.81% gain.,2020-11-06 15:40:35,-69,['qcom']
254862715,$qcom ⬆️🆙 ♥️,2020-11-06 15:29:49,1,['qcom']
254862208,$qcom vs $ttd. 🚀,2020-11-06 15:28:25,1,"['qcom', 'ttd']"
254846078,09:30:21 am maxr automated entry.  long 346 shares of $qcom at 144.46 for a trade that i will be looking to close in the next 10 days.,2020-11-06 14:45:24,-69,['qcom']
254835756,$qcom new article : qualcomm is ready to ride the 5g wave https://www.stck.pro/news/qcom/8970510,2020-11-06 14:15:15,-69,['qcom']
254830897,$qcom argus analyst jim kelleher raised the firm&#39;s price target on qualcomm to $175 from $150 and keeps a buy rating on the shares.,2020-11-06 13:56:51,-69,['qcom']
254830468,"p/e ratios:
$qcom 32
$nvda 104
$swks 31
$aapl 36

qcom and swks are seriously undervalued right now!",2020-11-06 13:55:07,1,"['aapl', 'nvda', 'qcom', 'swks']"
254828655,$qcom this might go lower today... but by end of year we should see 160.,2020-11-06 13:47:33,1,['qcom']
254825873,"$qcom new article : qualcomm, skyworks: apple suppliers already gaining big from iphone 12 https://www.stck.pro/news/qcom/8969855",2020-11-06 13:35:05,-69,['qcom']
254818657,"u.s. based semi-conductor firm $qcom shares surged +12.75% on thursday to $145.41, as its revenue was adjusted upwards to $6.5b  vs. $5.93b estimated &amp; adjusted earnings per share were higher. net income is up +76% from a year ago. shares are up +65% in 2020, with a market cap of $146b.",2020-11-06 13:01:17,-69,['qcom']
254813349,"wall street’s key stock analysts research report, all buys

#stocks #bullish #buys #analysts #research #wallstreet

$all $ceco $qcom $wen

these are all buys if you can manage the risk.

daily heffx-ltn reviews dozens of wall street’s key analysts research reports to id new trading and investing ideas for heffx-ltn readers. these reports cover stocks to buy

below are our buy calls for friday, 6 november...

https://www.livetradingnews.com/wall-streets-key-stock-analysts-research-report-all-buys-142-200559.html",2020-11-06 12:28:11,1,"['ceco', 'qcom', 'all', 'wen']"
254810067,"$altm $apvo $bbgi $qcom $hofv basically getting into the super runners and calling out their targets prices. and if i miss one, don&#39;t worry i&#39;ll be back. this is a hunting game and i am patient even if i miss one ill be back.",2020-11-06 12:04:27,1,"['bbgi', 'qcom', 'apvo', 'hofv', 'altm']"
254803550,#election rally slows as arduous counting process continues $qcom $spx $cvs $mar $btc.x https://talkmarkets.com/content/stocks--equities/election-rally-slows-as-arduous-counting-process-continues?post=284455,2020-11-06 11:03:49,-69,"['spx', 'qcom', 'cvs', 'mar', 'btc.x']"
254799989,the industry average roe is 7.73%. $qcom outperforms 100% of its industry peers. https://www.chartmill.com/stock/quote/qcom/fundamental-analysis?key=7e9d31d4-ee0f-4fc1-97a1-8f300a086cbb&amp;utm_source=stocktwits&amp;utm_medium=fa&amp;utm_content=qcom&amp;utm_campaign=social_tracking,2020-11-06 10:06:00,-69,['qcom']
254799592,$qcom very stable when market down looks good,2020-11-06 09:58:48,-69,['qcom']
254795831,"$qcom, $swks and $aig are the top gainers in the s&amp;p500 for the day. https://www.chartmill.com/stock/stock-screener?v=3&amp;f=ind_22&amp;s=pt&amp;utm_source=stocktwits&amp;utm_medium=screener&amp;utm_content=stock_screener:_top_s&amp;p500_gainers&amp;utm_campaign=social_tracking",2020-11-06 08:39:00,-69,"['qcom', 'swks', 'aig']"
254793276,$qcom - next fiscal quarter end expected on 31st of december 2020. https://www.macroaxis.com/invest/stock/qcom/qualcomm-incorporated #stocks #earnings,2020-11-06 07:31:34,-69,['qcom']
254793026,$qcom 200 by next summer,2020-11-06 07:25:48,1,['qcom']
254790857,$qcom $350 wirhin 2 years 5g,2020-11-06 06:37:13,1,['qcom']
254789945,$qcom one last congrats to subscribers and followers here for a mega win! hint: headed higher.,2020-11-06 06:21:07,1,['qcom']
254782633,"$qcom the stock trader hub day trade alert 📢
in less than 3 hours 🎁💝🎁 
 ➡️ https://thestocktraderhub.com/ ⬅️",2020-11-06 04:42:47,1,['qcom']
254781065,$qcom makes an outsized move 12.7%. the 06-nov-20 option straddle expiring tomorrow implies a ±5.4% move https://tinyurl.com/yxh6l3fr,2020-11-06 04:25:46,-69,['qcom']
254777083,"qualcomm $qcom 1-day return of 12.75% was 6.39 standard deviations above its average daily return over the last 10 years (avg = 0.07%, sd = 1.98%)",2020-11-06 03:48:05,-69,['qcom']
254777044,"best returns in s&amp;p 500 for 11/5/2020: 1. albemarle $alb (12.92%), 2. qualcomm $qcom (12.75%), 3. qorvo $qrvo (9.68%), 4. parker-hannifin $ph (9.6%), 5. perrigo $prgo (9.49%). average return to all stocks in the index was 1.97% #dailybest",2020-11-06 03:47:40,-69,"['prgo', 'qcom', 'alb', 'ph', 'qrvo']"
254771772,"$qcom: volume is considerably higher in the last couple of days, which is what you like to see during a move up. https://www.chartmill.com/stock/quote/qcom/technical-analysis?key=7e9d31d4-ee0f-4fc1-97a1-8f300a086cbb&amp;utm_source=stocktwits&amp;utm_medium=ta&amp;utm_content=qcom&amp;utm_campaign=social_tracking",2020-11-06 03:04:00,-69,['qcom']
254770227,$qcom   chart said to $158 one time ago future is bright hopefully tomorrow we’ll see!,2020-11-06 02:50:59,1,['qcom']
254768939,$qcom i bread 🥖 and butter 🧈,2020-11-06 02:40:43,1,['qcom']
254765705,"(11/05) apple suppliers stocks up 4.4% on average(mean) in a day, median return is 3.9%, top movers are $iivi 18.5% $qcom 12.7% $qrvo 9.7% $axti 7.9% $amat 7.8%, the sector return (on average) over the week is 9.0%, 
https://marketcomposite.com/topic?name=apple%20suppliers",2020-11-06 02:16:46,-69,"['amat', 'axti', 'iivi', 'qcom', 'qrvo']"
254765613,"overwhelmingly nordictrack is better than peloton $pton 
peloton bike vs nordictrack s22i
bottom line: nordictrack has included more for the price.
pton faces tough competition .
$aapl $amd $qcom $spy 

https://m.youtube.com/watch?v=zw04zxaat0m&amp;t=1226",2020-11-06 02:15:58,-69,"['aapl', 'qcom', 'amd', 'spy', 'pton']"
254765595,"(11/05) 5g chips stocks up 9.8% on average(mean) in a day, median return is 9.8%, top movers are $qcom 12.7% $swks 6.9%, the sector return (on average) over the week is 8.8%, 
https://marketcomposite.com/topic?name=5g%20chips",2020-11-06 02:15:52,-69,"['qcom', 'swks']"
254762425,"$qcom volume up by +226.21 % | 26,574,577 vs 8,146,449 
  https://www.sleekoptions.com/sleekscan.aspx?did=qcom",2020-11-06 01:52:07,-69,['qcom']
254759353,"#nasdaq100 sector #large #technology  #stocks distribution. side stocks: $qcom $amat $anss $intc 
 
https://www.finscreener.com/map/histogram",2020-11-06 01:31:03,-69,"['amat', 'anss', 'intc', 'qcom']"
254757654,"top gainers #spx $sp500 today: $alb $qcom $coty $qrvo 
https://www.finscreener.com/screener/top-gainers/stocks/sp500",2020-11-06 01:20:45,-69,"['qcom', 'alb', 'coty', 'qrvo']"
254754170,"$qcom everyone hi 👋, can we all show a lil love for 5g technology which needs a second look 👀 please buy me, by the millions okurrrt i was talking cardi b",2020-11-06 01:00:41,1,['qcom']
254748065,$qcom: the long and short term trends are both positive. this is looking good! https://www.chartmill.com/stock/quote/qcom/technical-analysis?key=7e9d31d4-ee0f-4fc1-97a1-8f300a086cbb&amp;utm_source=stocktwits&amp;utm_medium=ta&amp;utm_content=qcom&amp;utm_campaign=social_tracking,2020-11-06 00:28:00,-69,['qcom']
254741574,$qcom below 140s tomorrow futures are red,2020-11-05 23:55:10,-69,['qcom']
254741271,"$qcom   52w high earlier  148.80
https://youtu.be/8gaq1qkvjyc",2020-11-05 23:53:40,-69,['qcom']
254741130,"$zm, $qcom and $wday are the top gainers in the nasdaq 100 for the day. https://www.chartmill.com/stock/stock-screener?v=3&amp;f=ind_20&amp;s=pt&amp;utm_source=stocktwits&amp;utm_medium=screener&amp;utm_content=stock_screener:_top_nasdaq_100_gainers&amp;utm_campaign=social_tracking",2020-11-05 23:53:00,-69,"['qcom', 'wday', 'zm']"
254737577,"$qcom $qcom i started buying shares and call kickers in the 1st quarter of 2019. i traded out of all the call kickers in the mid-80s for a little over 600% profit. i stayed with my shares as it went through a cumbersome and deceptive bottoming formation. i ended up selling out 40% of my shares when qcom rallied back up into the mid-80s - 90s dec of 2019 (all previously posted). with today&#39;s action, i am stepping out of all my shares of qualcomm. with the amount of real big dollars made on qualcomm i&#39;ve purchased my second wave of shared of next big tech company that is less understood than any other tech company out there. my 1st wave if buying was less than 2weeks ago. betting that the percent move up in this new tech company is greater than anything qualcomm can do in the future but that will be decided over time. i don&#39;t post much as i rarely see the need or advantage to continuous posting on the issues unless you&#39;re just trading the little zips and zags along the way. take care",2020-11-05 23:35:17,-69,['qcom']
254731649,"$qcom qualcomm becomes the king of 5g

https://www.thestreet.com/tech/news/qualcommjdm110520",2020-11-05 23:06:37,-69,['qcom']
254723222,fly intel: wall street&#39;s top stories for thursday - $qcom - http://thefly.com/permalinks/entry.php/qcomid3190808,2020-11-05 22:31:21,-69,['qcom']
254722507,"$qrvo my accts just hit all time high today thanks to qrvo, $qcom , $avgo , and little help from $mu . intc still hot garbage and a drag on performance. my miners plays saw huge gains too $gdx hecla, and asa.  favorite themes going forward are 5g, datacenter, ai, and metals/miners bc of printing press/inevitable weak dollar",2020-11-05 22:28:46,1,"['qcom', 'gdx', 'mu', 'avgo', 'qrvo']"
254721676,"top performing assets 📈

today&#39;s best performing assets from the top 200:
🥇 $qcom
🥈 $meli
🥉 $btc

• $meli - unique active users grew 92.2% reaching 76.1m 
• $btc - square reports $1.63 billion in bitcoin sales for the third quarter via cash app 

➡️ assetdash.com",2020-11-05 22:25:40,1,"['btc', 'meli', 'qcom']"
254715331,$qcom here we go boys and girls. 300 by eoy21,2020-11-05 22:04:02,1,['qcom']
254713917,"$qcom qcom leads the way today as the best performing mega cap stock, closing up 12.75%. https://stocknews.com/news/best-worst-performing-mega-cap-stocks-for-november-5/",2020-11-05 21:59:42,-69,['qcom']
254712867,"the dow gained 542 points because investors aren’t worried about the election results  $tjx $cat $qcom 

https://newsfilter.io/a/17d7ab70d3b9df9f49646899feebf29d",2020-11-05 21:56:35,-69,"['qcom', 'cat', 'tjx']"
254711956,"registration of securities, business combinations http://www.conferencecalltranscripts.org/no/summary/?id=8523394 $qcom",2020-11-05 21:53:30,-69,['qcom']
254706177,$qcom  25 years later . . .,2020-11-05 21:36:53,1,['qcom']
254701039,your daily news digest for qualcomm $qcom https://wsfriend.com/daily/news/qcom/2020-11-05/,2020-11-05 21:24:19,-69,['qcom']
254700640,"$qcom [15s. delayed] filed form s-4 on november 05, 16:20:41 https://s.flashalert.me/p7etw",2020-11-05 21:23:18,-69,['qcom']
254699795,"$qcom form s-4 (registration of securities, business combinations) filed with the sec 

https://newsfilter.io/a/7c7012059ad64d88b6c5a85551c6b6ba",2020-11-05 21:21:23,-69,['qcom']
254692976,"$lin $qcom wall street rallies on bets for divided u.s. congress, fed holds steady 

https://newsfilter.io/a/a909835cc420e94906eb7113e9f2c6f2",2020-11-05 21:07:43,-69,"['qcom', 'lin']"
254690387,$qqq $amzn $nvda $qcom $aapl … yw 😎,2020-11-05 21:02:00,1,"['aapl', 'amzn', 'nvda', 'qcom', 'qqq']"
254689778,$qcom - http://www.trade-ideas.com/ticky/ticky.html?symbol=qcom - please tell me i am long this stock...please - new postmarket high.  approaching today&#39;s high.,2020-11-05 21:00:27,-69,['qcom']
254689651,"$qcom latest ratings on 2020-11-05 at stock target advisor https://www.stocktargetadvisor.com/stock/usa/nye/qcom#analyst-rating-tab : oppenheimer holdings (reiterated by), keybanc (maintains), sanford bernstein (target set by), cowen (target raised by), barclays (target raised by), mizuho securities (target raised by), deutsche bank (reiterated by), bank of america (maintains), rosenblatt securities (maintains), wells fargo (upgraded by), rbc capital (target raised by), canaccord genuity (target raised by), morgan stanley (target raised by), piper sandler (maintains), raymond james financial (maintains), ubs (target raised by), cascend securities (target raised by), jpmorgan chase (target set by)",2020-11-05 21:00:05,-69,['qcom']
254684984,$qcom woke up from my nap just in time for powa hour! 4x 145c scalped 50bucks to feed me and my cat tonight! :d,2020-11-05 20:44:51,1,['qcom']
254682546,"some top tech sector flow we caught today coming in above ask

$fb  - $530k call sweep
$qcom - $457k call sweep
$msft - $445k call sweep",2020-11-05 20:36:22,-69,"['msft', 'qcom', 'fb']"
254681103,"$qcom $qrvo 2 5g qs leading today, heck they are even the same price",2020-11-05 20:31:16,-69,"['qcom', 'qrvo']"
254680893,$qcom selling about half😄 for incoming shakeups :). there will be time to get back on board as news will fade away. :) have fun.,2020-11-05 20:30:29,-1,['qcom']
254675278,$qcom closed my put.,2020-11-05 20:09:41,-1,['qcom']
254673466,"$qcom qualcomm big growth after strong q4, revenue jump 35% year-over-year and earnings increase 86%.
http://focusinvesting.biz/qualcomm-big-growth-after-strong-q4-revenue-jump-35-year-over-year-and-earnings-increase-86/",2020-11-05 20:03:49,1,['qcom']
254673244,$qcom slowing down into a stronger tape,2020-11-05 20:03:10,-69,['qcom']
254669857,$qcom big step up $aapl  https://seekingalpha.com/article/4385362-qualcomm-long-awaited-step-up,2020-11-05 19:52:06,1,"['aapl', 'qcom']"
254669292,"$qcom volume up by +176.77 % | 22,546,698 vs 8,146,449 
  https://www.sleekoptions.com/sleekscan.aspx?did=qcom",2020-11-05 19:50:13,-69,['qcom']
254666208,check out accelotrade (developed by the wrh guys/ www.accelotrade.com): see how a.i. play scenarios involving $qcom in the past (https://www.accelotrade.com/moi/?gameid=g_29482429714912710),2020-11-05 19:40:19,-69,['qcom']
254663300,$qcom new article : did you miss out on the nasdaq rally? here&#39;s what to do https://www.stck.pro/news/qcom/8956775,2020-11-05 19:30:07,-69,['qcom']
254663061,"$qcom use of the 5.850-5.925 ghz band 

https://newsfilter.io/a/f64a3193f00b5ceec18e1af78ed4b261",2020-11-05 19:29:21,-69,['qcom']
254660879,$qcom 69% buy rating by 29 analysts,2020-11-05 19:21:31,1,['qcom']
254659978,$qcom residual income is one that’s generated of of it’s innovative capabilities,2020-11-05 19:18:26,1,['qcom']
254659626,"bearish sentiment in $qcom nov-20 puts at $136 strike price. 500 contracts, $55k premium.  https://www.swaggystocks.com/dashboard/stocklabs/option-flow/qcom",2020-11-05 19:17:13,-69,['qcom']
254658929,$qcom is currently making a new 52 week high. https://www.chartmill.com/stock/analyzer/stock/qcom?key=7e9d31d4-ee0f-4fc1-97a1-8f300a086cbb&amp;utm_source=stocktwits&amp;utm_medium=ta&amp;utm_content=qcom&amp;utm_campaign=social_tracking,2020-11-05 19:15:00,-69,['qcom']
254653141,$qcom sky rocket!!! join www.robotictweet.com,2020-11-05 18:55:06,-69,['qcom']
254653035,$qcom is there gonna be a drop cause it rocketed off of just earnings? if so where will the drop take us to so i can make sure to cash my profit,2020-11-05 18:54:43,-69,['qcom']
254651841,$axs yet another mega cap alerted for my longs only yesterday on its way up already. cheers to those listening and acting. iv made many millionaires this year and last and i will make many more by years end. people always message me thanking me but those listening have to thank yourself give yourself credit for buying and staying patient and knowing my recorded accuracy   and trusting in it. i only alert to stocks with 50-200% runs coming so do they fluctuate sometimes? ofcourse especially the n volatile time’s like elections but uv given more winners and by far the biggest returns many 500-3000% this year then anyone else in the toughest market ride in history. congratulations if u are banking because u listened and acted. $nio $qcom,2020-11-05 18:50:27,-69,"['qcom', 'axs', 'nio']"
254651705,$qcom closing 150,2020-11-05 18:49:59,1,['qcom']
254651537,$qcom new article : qualcomm&#39;s fortune turns as the chipmaker&#39;s 5g business grows rapidly https://www.stck.pro/news/qcom/8953819,2020-11-05 18:49:20,-69,['qcom']
254650619,"pre-market action plan today:

$upwk long 4pts
$qcom long support 4pts
$expe long 2.5pts
$hofv long 2.5pts, ss 2pts

https://t.co/63tbxt5r0",2020-11-05 18:46:07,-69,"['expe', 'qcom', 'upwk', 'hofv']"
254649711,"most gaining stocks today: $be, $qcom and $yeti https://www.chartmill.com/stock/stock-screener?v=3&amp;f=sl_pt_4_x,p_pg10,v1_50b500,exch_us&amp;s=pt&amp;utm_source=stocktwits&amp;utm_medium=screener&amp;utm_content=stock_screener:_top_gainers&amp;utm_campaign=social_tracking",2020-11-05 18:43:00,-69,"['qcom', 'yeti', 'be']"
254648301,"$qcom fascinating how a straddle works, but it works depending on how it&#39;s executed..",2020-11-05 18:38:01,-69,['qcom']
254646987,$qcom,2020-11-05 18:33:59,1,['qcom']
254644630,looking at #earnings #volatility in $qcom $baba $pzza $mtch $seas and more on #theoptionblock via https://mixlr.com/options-insider,2020-11-05 18:25:09,-69,"['pzza', 'qcom', 'seas', 'baba', 'mtch']"
254643012,"top semiconductor companies by market cap
$tsm $nvda $intc $asml $qcom
more: https://companiesmarketcap.com/semiconductors/largest-semiconductor-companies-by-market-cap/",2020-11-05 18:19:27,1,"['asml', 'intc', 'nvda', 'qcom', 'tsm']"
254641973,$qcom clock is ticking bulls. sell now or suffer tomorrow.,2020-11-05 18:15:40,-1,['qcom']
254641535,$qcom taking profits here. i’m sure the typical drop is coming.,2020-11-05 18:13:59,-69,['qcom']
254640614,$qcom earnings move  13.3% vs an expected ±6.1% move  https://tinyurl.com/yyweq4ft,2020-11-05 18:10:27,-69,['qcom']
254640107,$qcom pull the rug,2020-11-05 18:08:26,-1,['qcom']
254640054,$qcom new article : why qualcomm stock just popped 14% https://www.stck.pro/news/qcom/8954031,2020-11-05 18:08:14,-69,['qcom']
254639333,$qcom qualcomm ceo: 5g rollout will be faster than the 4g rollout was http://dlvr.it/rl4dwl,2020-11-05 18:05:33,-69,['qcom']
254639139,($lyft) ($qcom) ($uber) found possible cup and handle on 2hr.,2020-11-05 18:04:55,-69,"['qcom', 'uber', 'lyft']"
254638671,$qcom  vs. $t  which one to own ? 🤔🤔,2020-11-05 18:03:09,-69,"['qcom', 't']"
254638320,$znga just now bought blended price 9.0144 to 9.03 ps. david faber says you need to stand under the cell tower to get the benefits of 5g $vz and $qcom,2020-11-05 18:01:49,-69,"['qcom', 'vz', 'znga']"
254637983,"$qcom trading qualcomm after its blowout earnings report

https://www.thestreet.com/investing/qualcomm-qcom-stock-earnings-trading-all-time-highs",2020-11-05 18:00:44,-69,['qcom']
254637453,$qcom get ready for power hour boys 💸,2020-11-05 17:59:04,1,['qcom']
254636968,"our performance at the thetradinganalyst.com/ since late april...

23 wins/10 losses...  average trade +20.68%

highlighted by $pins $aes $fb $amd $qcom wins",2020-11-05 17:57:14,-69,"['qcom', 'aes', 'amd', 'fb', 'pins']"
254636051,$qcom bulls don&#39;t want to let up do they,2020-11-05 17:54:00,-69,['qcom']
254634375,fly intel: wall street&#39;s top stories at midday - $qcom - http://thefly.com/permalinks/entry.php/qcomid3190242,2020-11-05 17:48:18,-69,['qcom']
254633321,$qcom going down?,2020-11-05 17:44:24,-1,['qcom']
254631689,$qcom +13% today,2020-11-05 17:38:19,-69,['qcom']
254629569,$qcom never shit the bed when you can piss in the sink.,2020-11-05 17:30:22,-1,['qcom']
254628850,"$qcom new article : qualcomm analysts hike targets on &#39;stunning&#39; q4 results, expect 5g boost https://www.stck.pro/news/qcom/8954902",2020-11-05 17:27:39,-69,['qcom']
254628004,"-real-time charting, mentoring &amp; training 
-live streaming daily 
-day trading &amp; penny stocks 
tradylive.com

$acb $qcom $tlry $btc.x $spwr",2020-11-05 17:24:33,1,"['qcom', 'spwr', 'btc.x', 'tlry', 'acb']"
254626220,$qcom is the realest mvp with opportunity in options for generational development,2020-11-05 17:18:18,1,['qcom']
254626150,"$qcom when the raging bull goes bearish, it&#39;s time to pull",2020-11-05 17:18:03,-1,['qcom']
254626140,wooohooo! another great day of trades fam! hey guys come over and check out $qcom🚨🚨 this has potential depending on your style. rvr trading academy talks about this ticker in an example of what to look for in a bullish/bearish setup.,2020-11-05 17:18:02,1,['qcom']
254625866,"coverage initiations, resumptions &amp; pt changes: $qcom $qrvo $holx $fun",2020-11-05 17:17:09,-69,"['holx', 'qcom', 'fun', 'qrvo']"
254625801,"$smh $swks closed my long scalp swks 
semiconductors index @ath may consolidate and give some gains back💡 $qcom and even tech may consolidate $aapl $spy",2020-11-05 17:16:56,-69,"['smh', 'aapl', 'qcom', 'swks', 'spy']"
254625239,$qcom dang man i sold pre covid and haven&#39;t looked back.... left a good chunk of profit on the table,2020-11-05 17:14:52,-69,['qcom']
254624519,unusual options flow (a/o12:10pmest): $qcom $upwk $lx $mfa $mtw,2020-11-05 17:12:08,-69,"['qcom', 'mfa', 'mtw', 'lx', 'upwk']"
254624114,"$qcom qualcomm analysts hike targets on &#39;stunning&#39; q4 results, expect 5g boost 

https://newsfilter.io/a/f96edccc3799aea8a2d371e145ff29c5",2020-11-05 17:10:32,-69,['qcom']
254624014,"qualcomm analysts hike targets on &#39;stunning&#39; q4 results, expect 5g boost $qcom https://benzinga.com/z/18228473#.x6qxev4eywm.twitter",2020-11-05 17:10:11,-69,['qcom']
254623452,the industry average profit margin is -5.96%. $qcom outperforms 94% of its industry peers. https://www.chartmill.com/stock/analyzer/stock/qcom?view=fundamental-analysis&amp;key=7e9d31d4-ee0f-4fc1-97a1-8f300a086cbb&amp;utm_source=stocktwits&amp;utm_medium=fa&amp;utm_content=qcom&amp;utm_campaign=social_tracking,2020-11-05 17:08:00,-69,['qcom']
254621691,$qcom going into sell o&#39;clock below open.  thosw 145 puts are 🤑,2020-11-05 17:01:15,-1,['qcom']
254620941,"up with high relative vol in the opening hour 
$upwk $qcom $xpev $vg $pltr  
 
scan updates every 5 secs.  
stockbeep.com/uvg-nov5a",2020-11-05 16:58:35,-69,"['qcom', 'vg', 'pltr', 'upwk', 'xpev']"
254620929,"premarket gainers 
$amzn $googl $shop $qcom $chtr  
 
track today&#39;s gainers. live scans start 930am et 
stockbeep.com/pregain-nov5",2020-11-05 16:58:32,-69,"['amzn', 'chtr', 'qcom', 'googl', 'shop']"
254620897,$qcom rip to those who bought at the top,2020-11-05 16:58:28,-1,['qcom']
254620438,$qcom so much potential yet too many kittens on this boat,2020-11-05 16:56:51,-69,['qcom']
254620201,"love seeing these posts in op chat... $qcom and $pton did make our peeps $$$ 
let’s keep stacking!
if you don’t already get op wire and want to then message me - i’ll send you the code for our st room with alerts and op wire 🤑 as we trade $aapl mostly but smash anything we see",2020-11-05 16:55:59,-69,"['aapl', 'qcom', 'pton']"
254617952,$qcom make big profits with  us. everyone should join this room for good results. free check out here: http://oogwaytrades.net/,2020-11-05 16:48:01,-69,['qcom']
254617803,$qcom new article : qualcomm ceo: 5g rollout will be faster than the 4g rollout was https://www.stck.pro/news/qcom/8954037,2020-11-05 16:47:31,-69,['qcom']
254617645,$aapl another supplier to apple $iivi is booming with earnings and guidance that exceed all expectation.  apple is giving guidance by proxy through $iivi $swks and $qcom,2020-11-05 16:46:58,1,"['aapl', 'iivi', 'qcom', 'swks']"
254616147,"top gainers part 2

$th $upwk $enph $grwg $qcom",2020-11-05 16:41:20,1,"['qcom', 'enph', 'upwk', 'th', 'grwg']"
254615678,$qcom holding for at least 5 years.  bought in at 85.,2020-11-05 16:39:35,-69,['qcom']
254614742,$qcom took my +30% ...i was greedy missed the +80% exit...well may be a little distracted but greed played a role,2020-11-05 16:36:13,-69,['qcom']
254613136,price &amp;/or vol leaders 2 (a/o11:24amest): $acb $xpev $enph $grwg $qcom,2020-11-05 16:30:42,-69,"['qcom', 'enph', 'acb', 'grwg', 'xpev']"
254612568,$qcom this shit must fall to preserve mankind. this has to stop!,2020-11-05 16:28:50,-1,['qcom']
254611762,"$acb yesterday ( check my history) my tip on this may have made gains for some of you already over 500% in option play,,...

keep playing it is getting hotter... place your bets... let&#39;s paly  and follow me 

follow me for more tips   ......    $baba  $spy $qcom",2020-11-05 16:26:01,1,"['qcom', 'spy', 'baba', 'acb']"
254611760,4-star analyst tal liani from merrill lynch maintained a buy on $qcom.  https://www.tipranks.com/analysts/tal-liani,2020-11-05 16:26:00,-69,['qcom']
254610234,$qcom stocks dead nothing but red from here. get out now or eat baconators for a week.,2020-11-05 16:20:31,-1,['qcom']
254609442,$qcom we’ll it was a matter of time,2020-11-05 16:17:37,1,['qcom']
254608883,$qcom,2020-11-05 16:15:36,-69,['qcom']
254607861,$qcom diamond hands 🚀,2020-11-05 16:12:07,1,['qcom']
254607392,$qcom ubs maintains to neutral : pt $125.00 https://stockhoot.com/extsymbol.aspx?from=analystratingtweet&amp;symbol=qcom&amp;t=560&amp;social=stocktwits,2020-11-05 16:10:37,-69,['qcom']
254606555,$qcom heading to $159 eod or before,2020-11-05 16:07:42,1,['qcom']
254606334,$qcom new article : qualcomm news: 5 things to know about qcom stock today https://www.stck.pro/news/qcom/8953398,2020-11-05 16:07:06,-69,['qcom']
254606028,"skyworks 👉🏿broke trend line resistance likely  closes above  20 sma swks @148.25

$aapl $spy $qcom $fb $swks",2020-11-05 16:06:13,-69,"['aapl', 'qcom', 'swks', 'spy', 'fb']"
254605991,$qcom amazing quarter. 150 calls,2020-11-05 16:06:05,1,['qcom']
254605396,bofa~ we remain bullish on $qcom &#39;s technological leadership in 5g and see multiple levers to support growth; raise po to $180. reiterate buy,2020-11-05 16:04:18,-69,['qcom']
254604827,"$qcom you got lower highs and lower lows, break below premarket levels next",2020-11-05 16:02:40,-1,['qcom']
254604766,$qcom new shorties piling in about to get smoked,2020-11-05 16:02:27,-69,['qcom']
254604285,"$qcom … ceo forecasting 150% yoy growth in 5g 🤯 … $aapl ✅

 $qqq $spy $xlk",2020-11-05 16:01:03,1,"['aapl', 'qcom', 'spy', 'xlk', 'qqq']"
254604150,"$qcom connectivity for all autonomous vehicles and airplanes, drones ...👍",2020-11-05 16:00:41,1,['qcom']
254603826,$qcom is it time for puts yet🤔,2020-11-05 15:59:42,-69,['qcom']
254603487,$qcom company working with latest technology....really advanced stuff...strong,2020-11-05 15:58:37,1,['qcom']
254603341,"bullish sentiment in $qcom mar-19 calls at $165 strike price. 700 contracts, $450k premium.  https://www.swaggystocks.com/dashboard/stocklabs/option-flow/qcom",2020-11-05 15:58:14,-69,['qcom']
254602731,$qcom not only 5g leading tech company in this field..👍,2020-11-05 15:56:17,1,['qcom']
254602249,"$qcom cascend maintains buy , raises price target to 165 strong",2020-11-05 15:54:45,1,['qcom']
254601198,$qcom ceo is on point,2020-11-05 15:51:39,-69,['qcom']
254884941,$qcom new article : qualcomm shows market leadership with jump to 93 rs rating https://www.stck.pro/news/qcom/8973334,2020-11-06 16:33:05,-69,['qcom']
254886018,"$atom reason the $qcom language is verbatim atomera&#39;s. clearly it came from atomera who gave it to them so they would be consistent and per atomera&#39;s technical specs. not a coincidence, wake up...it&#39;s right in front of you.",2020-11-06 16:36:25,1,"['qcom', 'atom']"
254887312,$qqq $amzn $nvda $qcom $aapl …,2020-11-06 16:40:21,1,"['aapl', 'amzn', 'nvda', 'qcom', 'qqq']"
254892877,"bearish sentiment in $qcom mar-19 puts at $135 strike price. 600 contracts, $600k premium.  https://www.swaggystocks.com/dashboard/stocklabs/option-flow/qcom",2020-11-06 16:58:14,-69,['qcom']
254896880,$qcom this is the stock of the century 2020,2020-11-06 17:12:28,1,['qcom']
254897479,"use of the 5.850-5.925 ghz band  $f $fcau $tmus $qcom 

https://newsfilter.io/a/4002edeeef60f79499db0c338005c0b2",2020-11-06 17:14:35,-69,"['qcom', 'f', 'tmus', 'fcau']"
254897486,"$qcom use of the 5.850-5.925 ghz band 

https://newsfilter.io/a/0c9623a10cd090f91c58028b63a61b8c",2020-11-06 17:14:36,-69,['qcom']
254904612,"stephen weiss on cnbc: adding qualcomm, alibaba, qorvo; says he&#39;s always long tech, can&#39;t get enough

related tickers: $baba $qcom $qrvo",2020-11-06 17:42:24,-69,"['qcom', 'baba', 'qrvo']"
254909905,"&#39;halftime report&#39; traders add alibaba, qualcomm to their portfolios

related tickers: $baba $pton $qcom $qrvo $sbux",2020-11-06 18:02:53,-69,"['qcom', 'sbux', 'baba', 'qrvo', 'pton']"
254910459,$qcom looking for a breakout above 126,2020-11-06 18:05:06,-69,['qcom']
254913416,$dia $amzn $nvda $qcom $avgo … ‘secular bull market will continue’,2020-11-06 18:16:09,1,"['amzn', 'nvda', 'qcom', 'dia', 'avgo']"
254918014,$qcom boom shaka laka ..,2020-11-06 18:34:34,1,['qcom']
254938663,$qcom red to green move:  -1.00%  to +0.06% https://www.sleekoptions.com/sleekscan.aspx?did=qcom,2020-11-06 19:52:49,-69,['qcom']
254942579,$qcom might dip a little. bearish divergence and possible bearish engulfing end of day,2020-11-06 20:07:44,-1,['qcom']
254955625,"$qcom after the huge run up yesterday, the price held its ground. mostly due to people cashing in. will be 155 eow next week. a few more upgrades and we’ll be rolling again.",2020-11-06 20:55:10,1,['qcom']
254963834,your daily news digest for qualcomm $qcom https://wsfriend.com/daily/news/qcom/2020-11-06/,2020-11-06 21:22:58,-69,['qcom']
254966926,$qcom lol don&#39;t celebrate shorty. no surprise mm kept this flat to kill weekly options. next week could well see this explode upwards.,2020-11-06 21:36:02,1,['qcom']
254971652,"$qcom qcom leads the way today as the best performing mega cap stock, closing up 12.75%. https://stocknews.com/news/best-worst-performing-mega-cap-stocks-for-november-6/",2020-11-06 21:59:38,-69,['qcom']
254984451,comprehensive non-correlated qualcomm $qcom trading report https://tinyurl.com/y3boetpe,2020-11-06 23:15:04,-69,['qcom']
254989049,"$holx, $qcom and $fate are amongst the strongest stocks in the market, nearing a new high. https://www.chartmill.com//stock/stock-screener?sid=16&amp;f=p_pg10,v1_50b500,s_str,s_nnh,exch_us&amp;v=3&amp;timeframe=daily&amp;type=candles&amp;months=0.05&amp;width=720&amp;cl=f&amp;o1=3&amp;o2=3&amp;o3=1&amp;op1=200,16711680&amp;op2=50,255&amp;utm_source=stocktwits&amp;utm_medium=screener&amp;utm_content=stock_screener:_strong_stocks_near_new_high&amp;utm_campaign=social_tracking",2020-11-06 23:48:00,-69,"['holx', 'qcom', 'fate']"
254991408,"$qcom going to the checkered flag (midline of long term channel!)
https://www.tradingview.com/x/99yeidff/",2020-11-07 00:06:28,-69,['qcom']
254996712,"day 4 small account nov

closed $cgc +1,4300.00
closed  $spwr  +465.00
closed  $nio  -366 ,  $spce -172

open trade: 
$qcom
 -147 , 
$cgc
 -170

day pnl: +1,209.50

open pnl: -317.50

starting balance: $3500
current balance: $ +7,807.83

trades taken:  16
winning trades: 10
losing trades: 4
open positions: 2",2020-11-07 00:51:32,-69,"['qcom', 'spwr', 'nio', 'cgc', 'spce']"
255002387,$spy $qqq $iwm $qcom it was a great week.,2020-11-07 01:42:41,1,"['qcom', 'iwm', 'spy', 'qqq']"
255013205,$qqq $spy $aapl $amzn $qcom,2020-11-07 03:56:52,-69,"['aapl', 'amzn', 'qcom', 'spy', 'qqq']"
255024614,$qcom congrats to subscribers and followers here as well. further analysis will be provided next week. great gains here. have a great weekend.,2020-11-07 08:18:35,1,['qcom']
255036796,$dia $amzn $nvda $qcom $avgo …goldman sachs new trading software a.i. algos :,2020-11-07 15:02:31,1,"['amzn', 'nvda', 'qcom', 'dia', 'avgo']"
255037293,$qcom has an average volume of 8065870. this is a good sign as it is always nice to have a liquid stock. https://www.chartmill.com/stock/quote/qcom/technical-analysis?key=7e9d31d4-ee0f-4fc1-97a1-8f300a086cbb&amp;utm_source=stocktwits&amp;utm_medium=ta&amp;utm_content=qcom&amp;utm_campaign=social_tracking,2020-11-07 15:10:00,-69,['qcom']
255053880,$dia $amzn $nvda $qcom $avgo … bulls monday ⬇️ night,2020-11-07 17:55:01,1,"['amzn', 'nvda', 'qcom', 'dia', 'avgo']"
255057875,"$qcom, still looks extremely good valuation wise. especially compared to other semiconductors! glad i got in while it was still at $90.",2020-11-07 18:28:20,1,['qcom']
255062780,$dia $amzn $nvda $qcom $avgo … 🦾✅,2020-11-07 19:10:06,1,"['amzn', 'nvda', 'qcom', 'dia', 'avgo']"
254601037,$qcom ceo on cnbc,2020-11-05 15:51:10,1,['qcom']
254600337,$qcom sell the news,2020-11-05 15:48:57,-1,['qcom']
254600231,"$qcom steve’s on cnbc. 
 
he is a pretty good ceo.",2020-11-05 15:48:38,1,['qcom']
254599957,$qcom just a breather rockets soon..long,2020-11-05 15:47:42,1,['qcom']
254599914,$qcom  loto $140 for tomorrow,2020-11-05 15:47:33,-69,['qcom']
254599701,$qcom will she see 140 and below before the close is the real question,2020-11-05 15:46:59,-1,['qcom']
254599595,"cramer: buy skyworks solution on strong earnings, apple partnership

related tickers: $aapl $qcom $qrvo $swks",2020-11-05 15:46:38,-69,"['aapl', 'qcom', 'swks', 'qrvo']"
254599374,$qcom hit 6.15 earlier this morning.. been on a crazy run lately. actions speak louder than words. another ☝🏽,2020-11-05 15:45:53,1,['qcom']
254598547,$qcom just needa filter out the pu$$i$ then it’s up up &amp; away,2020-11-05 15:43:27,-69,['qcom']
254598436,$qcom this is going to keep trending down until at least 1:50.,2020-11-05 15:43:06,-1,['qcom']
254597327,$qcom not sure why....but here comes the sell off,2020-11-05 15:39:37,-69,['qcom']
254596977,"cramer: buy skyworks solution on strong earnings, apple partnership  $qcom $qrvo $swks $aapl 

https://newsfilter.io/a/804efe6b14c680cd1a03d9a4a46079c1",2020-11-05 15:38:32,-69,"['aapl', 'qcom', 'swks', 'qrvo']"
254596974,"investors cheer gridlock potential that could prevent tax, tech, health care overhauls  $qcom $cat $fb $googl $nflx 

https://newsfilter.io/a/900028b2b1c6e7a881b535a9c9cf2e2c",2020-11-05 15:38:31,-69,"['nflx', 'qcom', 'cat', 'fb', 'googl']"
254596108,watch list for today: $tsla $nio $qcom $fb,2020-11-05 15:35:54,1,"['qcom', 'nio', 'fb', 'tsla']"
254596016,$qcom cascend maintains to buy : pt $165.00 https://stockhoot.com/extsymbol.aspx?from=analystratingtweet&amp;symbol=qcom&amp;t=109&amp;social=stocktwits,2020-11-05 15:35:39,-69,['qcom']
254595721,big gainer alert: trading today&#39;s 14.7% move in qualcomm $qcom https://wp.me/p5blgb-blcv,2020-11-05 15:34:50,-69,['qcom']
254595664,52-week high alert: trading today&#39;s movement in qualcomm $qcom https://wp.me/p5blgb-bldf,2020-11-05 15:34:38,-69,['qcom']
254595380,$qcom this where the scaredy cats jump the boat n miss out 🤣🤣🤣,2020-11-05 15:33:52,-69,['qcom']
254595283,"cramer: buy skyworks solution on strong earnings, apple partnership $swks $aapl $qrvo $qcom https://benzinga.com/z/18230015#.x6qbpyj0qxe.twitter",2020-11-05 15:33:35,-69,"['aapl', 'qcom', 'swks', 'qrvo']"
254595180,$qcom profit taking,2020-11-05 15:33:15,-1,['qcom']
254593745,$qcom 150 in 30 mins? 🧐,2020-11-05 15:29:05,-69,['qcom']
254593238,$qcom #collect #gains here. greed kills success.,2020-11-05 15:27:37,1,['qcom']
254593075,"$oxy here is 50k from yesterdays oxy trade alert
$spx $qcom",2020-11-05 15:27:12,-69,"['spx', 'qcom', 'oxy']"
254592430,$qcom sellers will be coming in before market closes.,2020-11-05 15:25:21,-1,['qcom']
254592215,$qcom thanks!,2020-11-05 15:24:46,1,['qcom']
254591978,"$qcom oh my finally my roth ira gaining some steam, ima retire tomorrow. see ya boisss",2020-11-05 15:24:05,-69,['qcom']
254591890,$qcom&#39;s long-anticipated 5g growth cycle begins $aapl $swks $crus https://www.briefing.com/#in20201105101654qcom,2020-11-05 15:23:47,-69,"['aapl', 'crus', 'qcom', 'swks']"
254590938,$qcom rolled out my 11/6 20 baggers calls to next week. thanks baby! you&#39;re a beast!!!,2020-11-05 15:21:13,1,['qcom']
254589403,$qcom good thing i sold first thing in the morning,2020-11-05 15:16:50,-69,['qcom']
254588958,$qcom check the macd indicator it’s coming down and it’s coming down hard,2020-11-05 15:15:33,-1,['qcom']
254588041,$qcom fuck lol good thing i sold have but fukkk,2020-11-05 15:12:57,1,['qcom']
254587294,$qcom waiting for more upgrades. should be at 150 by eow.,2020-11-05 15:11:05,1,['qcom']
254587108,$qcom ceo coming onto cnbc in the hour..might push it even higher..155 possible?,2020-11-05 15:10:32,-69,['qcom']
254586584,$qcom too many opportunities. i suggest $spy to gap down so that more ppl can benefit the opportunities. don’t miss loading if $spy dips.,2020-11-05 15:08:59,-69,"['qcom', 'spy']"
254586250,$qcom  me gon baghodling this to the end!!!!! 150+ tomeowrow !!!,2020-11-05 15:08:08,1,['qcom']
254586016,$qcom taking profit with 5k gain. close around 140 i think.,2020-11-05 15:07:31,-69,['qcom']
254586001,"➠ trenđ flow ⚡︎  @ 10:07am edt 
these symbols are currently trending across multiple platforms including discord, stocktwits, twitter and more... 
 
1. $qcom 
2. $xpev 
3. $gm 
4. $acb 
5. $upwk 
6. btc.x 
7. kxin 
8. kndi 
9. tlry 
10. gold",2020-11-05 15:07:29,-69,"['qcom', 'gm', 'upwk', 'acb', 'xpev']"
254585982,$qcom where the 🐻 at? 🤑,2020-11-05 15:07:26,1,['qcom']
254585835,"$qcom  canaccord genuity boost price target buy $150.00 ➝ $175.00
11/5/2020 bank of america boost price target buy $165.00 ➝ $180.00 high
11/5/2020 keycorp boost price target overweight $145.00 ➝ $175.00 high
11/5/2020 cowen boost price target outperform $150.00 ➝ $170.00 high 
11/5/2020 sanford c. bernstein reiterated rating buy $165.00 high",2020-11-05 15:07:00,1,['qcom']
254585121,$qcom too early to write covered calls? opinions? new targets 165-175,2020-11-05 15:05:21,-69,['qcom']
254584965,"most gaining stocks in the nasdaq 100 today: $meli, $qcom and $expe https://www.chartmill.com/stock/stock-screener?v=3&amp;f=ind_20&amp;s=pt&amp;utm_source=stocktwits&amp;utm_medium=screener&amp;utm_content=stock_screener:_top_nasdaq_100_gainers&amp;utm_campaign=social_tracking",2020-11-05 15:05:00,-69,"['expe', 'meli', 'qcom']"
254584873,$hofv  $kxin $sndl $onct $qcom next low float gem abou to explodee is (isns) market cap 20 million / float 2 m / pe 3 / price 3.70 = major breakout imminent guys,2020-11-05 15:04:45,-69,"['onct', 'qcom', 'kxin', 'sndl', 'hofv']"
254584171,$qcom: both the short term and long term trends are positive. this is a very positive sign. https://www.chartmill.com/stock/analyzer/stock/qcom?key=7e9d31d4-ee0f-4fc1-97a1-8f300a086cbb&amp;utm_source=stocktwits&amp;utm_medium=ta&amp;utm_content=qcom&amp;utm_campaign=social_tracking,2020-11-05 15:03:04,-69,['qcom']
254584168,top implied #volatility decliners $znga $qcom $qrvo https://tinyurl.com/y2x6mugt,2020-11-05 15:03:03,-69,"['qcom', 'znga', 'qrvo']"
254583152,$qcom wow incredible move today! congrats bulls!,2020-11-05 15:00:33,-69,['qcom']
254583115,$qcom premature bears got burned today,2020-11-05 15:00:29,-69,['qcom']
254582687,$qcom almost a 10x on qcom,2020-11-05 14:59:23,1,['qcom']
254582539,$qcom congrats to longs here. regretting not pulling the trigger on this one a while back. glta,2020-11-05 14:58:57,-69,['qcom']
254582229,$hexo $nio $pltr $qcom $uber  smoking it today. 💪🏽😤🚨📈,2020-11-05 14:58:13,1,"['qcom', 'nio', 'pltr', 'uber', 'hexo']"
254581295,$qcom on fire get in before you can&#39;t,2020-11-05 14:55:49,1,['qcom']
254581032,$qcom just wow,2020-11-05 14:55:06,-69,['qcom']
254580233,"$qcom good to go long here or wait for pullback...if pullback, what is a good price to get in?",2020-11-05 14:53:01,-69,['qcom']
254580208,$qcom $5 off the lows after opening flush. #intraday,2020-11-05 14:52:57,-69,['qcom']
254580129,$qcom piper sandler maintains to neutral : pt $140.00 https://stockhoot.com/extsymbol.aspx?from=analystratingtweet&amp;symbol=qcom&amp;t=334&amp;social=stocktwits,2020-11-05 14:52:44,-69,['qcom']
254580108,"$qcom 5385 shares avg basis $12.98!!  up 1100% but talk about long-term, owned it for 25 years &lt;3",2020-11-05 14:52:41,1,['qcom']
254580036,$qcom that premkt high is 149.75 and there is daily pivot around 149 i like confluences,2020-11-05 14:52:28,-69,['qcom']
254579607,$qcom most underrated stock lets fucking goooo,2020-11-05 14:51:13,1,['qcom']
254579415,$qcom i just took my profits now you can rally to $150 :(,2020-11-05 14:50:42,-69,['qcom']
254579276,$qcom juicy right now,2020-11-05 14:50:22,-69,['qcom']
254578842,$qcom okay official hod,2020-11-05 14:49:14,-69,['qcom']
254578710,$qcom look slike it heading higher wow didn hang low for long long here 145.50 late,2020-11-05 14:48:53,-69,['qcom']
254578438,$aapl up on $qcom 5g sales doing well?,2020-11-05 14:48:12,-69,"['aapl', 'qcom']"
254578385,$qcom weeeeeeeeeeeeeeeeeeeeeeeeeeeeeeeeeeeeeeeeeeeeeeeeeeeeeeeeeeeeeeeeeeee,2020-11-05 14:48:05,-69,['qcom']
254577663,"news sentiment gainers. the sentiment positive and % change are shown next to the ticker. these are picked based on news volume and sentiment deviation -$pfgc(74.8 -0.2), $bsx(72.7 0.2%), $qcom(83.0 1.4%), $uhal(73.6 0.9%), $cat(59.7 -3.9%)",2020-11-05 14:46:14,1,"['qcom', 'uhal', 'bsx', 'cat', 'pfgc']"
254576057,$qcom still cheap when compared to nvdia or amd ✅,2020-11-05 14:41:52,1,['qcom']
254575284,$qcom what a bounce!!! this powerhouse will touch 150 by noon 💯,2020-11-05 14:39:35,-69,['qcom']
254574217,$qcom to $160 soon or $200,2020-11-05 14:36:28,1,['qcom']
254574172,sold $qcom calls for 600% at 2.4,2020-11-05 14:36:21,-69,['qcom']
254574092,$qcom shake out the sellers so we can move,2020-11-05 14:36:06,-69,['qcom']
254572966,"$qcom &quot;trade idea 4: sell the november 6 expiry 120/136 strangle for a $2.00 credit.&quot; need to roll calls up and out or shift to short puts at even, buy to close 120 puts if shifting calls to puts",2020-11-05 14:32:37,-69,['qcom']
254572689,"$qcom ath, some st iqs all time low",2020-11-05 14:31:47,-69,['qcom']
254572645,$qcom 🤪🤪🤪,2020-11-05 14:31:36,1,['qcom']
254572600,"$qcom 
maintains rosenblatt securities buy usd 130 » usd 155 
maintains bank of america buy usd 165 » usd 180
reiterated by deutsche bank buy usd 127 » usd 150
target raised by mizuho securities buy usd 145 » usd 154
target raised by barclays equal weight usd 120 » usd 135
target raised by cowen outperform usd 150 » usd 170 
target set by sanford bernstein buy usd 165 
maintains keybanc overweight usd 145 » usd 175 
reiterated by oppenheimer holdings hold 
https://www.stocktargetadvisor.com/stock/usa/nye/qcom#analyst-rating-tab",2020-11-05 14:31:26,-69,['qcom']
254572522,"$qcom &quot;trade idea 2: buy the november 6 expiry 127/134 call spread ($2.60) and sell the november 6 expiry 120 put for $1.40.&quot; puts expire, sell call spread near $7 or watch to see if maxes out tomorrow",2020-11-05 14:31:07,-69,['qcom']
254572416,"all the market did was retrace to this resistance $spy 349.00 from 323
do stock valuations matter with interest rates and coronavirus rising? 😷
will the market continue up? or go down?
$qcom $aapl $pton $amd",2020-11-05 14:30:44,-69,"['aapl', 'qcom', 'amd', 'spy', 'pton']"
254571070,"i posted this when goldman 🔹 sucks downgraded $qcom back in april !

today it’s ceo is being interviewed on cnbc live 🚀✅

 $qqq $spy $aapl $avgo",2020-11-05 14:26:00,1,"['aapl', 'qcom', 'spy', 'avgo', 'qqq']"
254571036,$qcom q4 2020 earnings call https://youtu.be/oaumacakokk,2020-11-05 14:25:53,-69,['qcom']
254570828,$qcom i see a green wave,2020-11-05 14:25:11,-69,['qcom']
254570705,"#pageone: what the market knows and what it believes rests strongly on the premise of there being a split congress, so it is key for the market, in light of its post-#election day response, that it stays that way $spy $qqq $dia $gm $qcom https://www.briefing.com/page-one #premarketanalysis",2020-11-05 14:24:44,-69,"['qcom', 'dia', 'spy', 'gm', 'qqq']"
254570182,"pre market movers part 2

$kndi $kxin $qrtea $qcom $ctib",2020-11-05 14:22:50,1,"['ctib', 'kndi', 'qcom', 'qrtea', 'kxin']"
254570024,"top watches at market open:

$qcom $sq $fsly $z $ipob 👀💙📚📈🔥

freedomstocks.ca",2020-11-05 14:22:19,1,"['qcom', 'sq', 'z', 'fsly', 'ipob']"
254570002,$qcom i think this is about to drop ( profit takers ) ?,2020-11-05 14:22:13,-69,['qcom']
254569619,$qcom has anyone been able to recalculate the new pe yet? i’ll be doing it tonight just if anyone knows already,2020-11-05 14:20:47,-69,['qcom']
254569601,$qcom sad i missed this one. i decided to cancel my order last minute before close.. damn,2020-11-05 14:20:42,-69,['qcom']
254569597,"$nio $dkng $qcom $jd $apha are th big risers on #wallstreetbets over the last day. 

via topstonks.com/subscribe?st_sq",2020-11-05 14:20:41,-69,"['qcom', 'nio', 'jd', 'apha', 'dkng']"
254569330,$qcom congrats bulls,2020-11-05 14:19:37,1,['qcom']
254568792,$qcom raymond james maintains to strong buy : pt $150.00 https://stockhoot.com/extsymbol.aspx?from=analystratingtweet&amp;symbol=qcom&amp;t=222&amp;social=stocktwits,2020-11-05 14:17:32,-69,['qcom']
254568425,"$qcom $aapl again, just to remind everyone. 5g super cycle! lots of money to be made.",2020-11-05 14:16:05,-69,"['aapl', 'qcom']"
254567378,$qcom qualcomm price target raised to $175 from $150 at canaccord 09:11 qcom canaccord analyst t. michael walkley raised the firm&#39;s price target on qualcomm to $175 from $150 and keeps a buy rating on the shares. the analyst cited its strong earnings report and its positioning in the 5g investment cycle and the anticipation of strong earnings through 2022.,2020-11-05 14:11:45,-69,['qcom']
254566584,$qcom gaps through $132.42 trigger and spikes almost 15%. multiple analysts raise stock&#39;s price target after strong q3 report and bullish guidance wednesday ah. possible gap and go,2020-11-05 14:08:42,-69,['qcom']
