id,body,created_at,sentiment,symbols
254805877,$mxim jon imperato sold 319 shares [very low conviction] www.insider-analysis.com/search_transactions.php?ticker=table_mxim,2020-11-06 11:29:11,-69,['mxim']
254742593,"$mxim   52w high earlier 78.17
https://youtu.be/8gaq1qkvjyc",2020-11-06 00:00:18,-69,['mxim']
254515826,"$mxim: new sec filing on svp of sales and marketing, jon imperato: https://www.sec.gov/archives/edgar/data/743316/000120919120056973/xslf345x03/doc4.xml",2020-11-05 04:38:02,-69,['mxim']
254505207,"(11/04) apple suppliers stocks up 2.8% on average(mean) in a day, median return is 2.9%, top movers are $ter 6.7% $amd 6.2% $xlnx 6.2% $nvda 6.0% $mxim 5.5%, the sector return (on average) over the week is 7.0%, 
https://marketcomposite.com/topic?name=apple%20suppliers",2020-11-05 02:46:00,-69,"['mxim', 'nvda', 'xlnx', 'amd', 'ter']"
254479325,"$mxim   52w high earlier  75.10
https://youtu.be/8gaq1qkvjyc",2020-11-04 23:31:00,-69,['mxim']
254475393,"maxim integrated products&#39;s svp of sales and marketing just disposed of 16,121 shares  http://www.conferencecalltranscripts.org/4/summary2/?id=8519402 $mxim",2020-11-04 23:06:20,-69,['mxim']
254475172,"$mxim [15s. delayed] filed sec form 4: svp of sales and marketing imperato jon: 
disposed 16,121 of common stock at average price $69.36 b https://s.flashalert.me/dbjw5",2020-11-04 23:05:10,-69,['mxim']
254475114,"$mxim $1,118,154.04 of shares sold by imperato jon (svp of sales and marketing), reported in a new form 4 filed with the sec  

https://newsfilter.io/a/ee318d5ae20fbd2b3c797cb257d56826",2020-11-04 23:04:49,-69,['mxim']
254471239,"$mxim maxim integrated products stock with a nice high trade quality setup and move higher off the 69.69 triple+ support area, from stocks to watch , see https://stockconsultant.com/?mxim",2020-11-04 22:42:46,-69,['mxim']
254388393,"$mxim  nasdaq 100  and the election (so far)-
https://www.channelchek.com/news-channel/the_prolonged_vote_counting_impact_on_the_stock_market",2020-11-04 17:05:43,-69,['mxim']
254326961,"$mxim [15s. delayed]: issued press release on november 04, 08:00:00: empower your design innovation by attending maxim integrated&#39;s virtua https://s.flashalert.me/d6cqd",2020-11-04 13:19:46,-69,['mxim']
254323812,"$mxim empower your design innovation by attending maxim integrated&#39;s virtual booth at electronica 2020
https://www.stocktitan.net/news/mxim/empower-your-design-innovation-by-attending-maxim-integrated-s-qa3gzdcborid.html",2020-11-04 13:01:27,-69,['mxim']
254323806,"$mxim maxim integrated&#39;s automotive sequential led lighting ic cuts size in half and reduces cost by 25 percent
https://www.stocktitan.net/news/mxim/maxim-integrated-s-automotive-sequential-led-lighting-ic-cuts-size-90p8vxd3134j.html",2020-11-04 13:01:26,-69,['mxim']
254323596,"$mxim maxim integrated&#39;s automotive sequential led lighting ic cuts size in half and reduces cost by 25 percent 

https://newsfilter.io/a/ee0204f668fe2daf9c245b05f7c6c573",2020-11-04 13:00:37,-69,['mxim']
254323580,"$mxim empower your design innovation by attending maxim integrated&#39;s virtual booth at electronica 2020 

https://newsfilter.io/a/b141deee58734b65119aa1ae599656ec",2020-11-04 13:00:32,-69,['mxim']
254280429,"$mxim er on 11/3 after close. sp were up 28 times out of last 43 qtrs (65%) in er. $mxim stifel maintains to hold: pt $74.00. what&#39;s your preference buying/selling in earnings? 
 
https://stocksearning.com/stocks/mxim/earnings-date 
#mxim #maximintegratedproductsinc #stockmarket #stocktwits #stocksearning",2020-11-04 04:00:25,-69,['mxim']
254272515,"does this make you nervous? $mxim enters a downtrend as momentum indicator dropped below the 0 level on october 23, 2020. view odds for this and other indicators: https://srnk.us/go/2279073",2020-11-04 03:14:19,-69,['mxim']
254180408,what to buy as negative sales growth emerges? $mxim https://talkmarkets.com/content/stocks--equities/what-to-buy-as-negative-sales-growth-emerges?post=284122,2020-11-03 18:59:59,-69,['mxim']
253934512,comprehensive non-correlated maxim integrated products $mxim trading report https://tinyurl.com/y25wau6j,2020-11-02 17:30:05,-69,['mxim']
253923378,"will apple&#39;s soft iphone revenue haunt cirrus logic&#39;s fq2 report? - earnings preview  $crus $adi $mxim 

https://newsfilter.io/a/c42c6730e6cb391c75da312cdee9370f",2020-11-02 16:45:03,-69,"['crus', 'mxim', 'adi']"
253693370,pivotpoint bottom signal alert: $mxim. more insights: https://stockinvest.us/technical-analysis/mxim?utm_source=stocktwits&amp;utm_medium=autopost,2020-10-31 01:52:23,1,['mxim']
253573546,"nasdaq 100 earnings calendar for technology: $nxpi $amd $msft $mxim $ctsh
source: finscreener",2020-10-30 16:03:22,-69,"['ctsh', 'msft', 'mxim', 'amd', 'nxpi']"
253449234,"$nem and $mxim have a high dividend rating, which makes it a good candidate for dividend investing. https://www.chartmill.com/stock/stock-screener?sid=288&amp;f=p_pg10,v1_50b500,sl_dvd_7_x,sl_he_5_x,sl_pr_5_x&amp;s=dvd&amp;v=19&amp;utm_source=stocktwits&amp;utm_medium=screener&amp;utm_content=stock_screener:_best_dividend_stocks&amp;utm_campaign=social_tracking",2020-10-30 02:20:00,-69,"['mxim', 'nem']"
253304123,"marvell to buy inphi for $8.2 billion to grow in cloud, 5g  $aapl $mxim $adi $xlnx $amd 

https://newsfilter.io/a/bea1813c91ceed9b46aa975b069dcdeb",2020-10-29 17:04:12,-69,"['aapl', 'mxim', 'xlnx', 'adi', 'amd']"
253169640,"marvell nears deal to acquire inphi for $10 billion  $csco $msft $mxim $adi $xlnx 

https://newsfilter.io/a/ff28c1a8e213ae60f4c8ec6912fd284b",2020-10-29 02:31:07,-69,"['csco', 'msft', 'mxim', 'xlnx', 'adi']"
253130839,last10k highlighted 18 positive and negative remarks in $mxim&#39;s 10-q filed today. see them in the quarterly report: https://last10k.com/sec-filings/mxim/0000743316-20-000039.htm?utm_source=stocktwits&amp;utm_medium=forum&amp;utm_campaign=sentiment&amp;utm_term=mxim,2020-10-28 22:07:44,-69,['mxim']
253112948,$mxim just filed a 10-q quarterly report with 70 sections and 5 exhibits. access them all or just read their earnings: https://last10k.com/sec-filings/mxim/0000743316-20-000039.htm?utm_source=stocktwits&amp;utm_medium=forum&amp;utm_campaign=10kq2040f&amp;utm_term=mxim,2020-10-28 20:53:23,-69,['mxim']
253096050,maxim integrated products just filed its quarterly report: &lt;div style=&quot;font-fam... http://www.conferencecalltranscripts.org/q/summary/?id=8485964 $mxim,2020-10-28 20:08:23,-69,['mxim']
253094918,"$mxim [15s. delayed] filed form 10-q on october 28, 16:04:07 https://s.flashalert.me/pgrce",2020-10-28 20:06:06,-69,['mxim']
253094655,"$mxim form 10-q (quarterly report [sections 13 or 15(d)]) filed with the sec 

https://newsfilter.io/a/6a35710f6f0c7cbea185604e67483e6c",2020-10-28 20:05:44,-69,['mxim']
253019950,short sale volume (not short interest) for $mxim on 2020-10-27 is 35%. http://shortvolumes.com/?t=mxim via @shortvolumes,2020-10-28 15:50:32,-69,['mxim']
253000864,$mxim stifel maintains to hold : pt $74.00 https://stockhoot.com/extsymbol.aspx?from=analystratingtweet&amp;symbol=mxim&amp;t=210&amp;social=stocktwits,2020-10-28 14:56:28,-69,['mxim']
252943426,"$mxim [15s. delayed]: issued press release on october 28, 08:00:00: maxim integrated&#39;s health sensor platform 3.0 reduces development time https://s.flashalert.me/ymae1b",2020-10-28 12:22:41,-69,['mxim']
252942167,$mxim new article : maxim integrated&#39;s health sensor platform 3.0 reduces development time of healthcare wearables by at least six months https://www.stck.pro/news/mxim/8797328,2020-10-28 12:16:43,-69,['mxim']
252938789,"$mxim maxim integrated&#39;s health sensor platform 3.0 reduces development time of healthcare wearables by at least six months 

https://newsfilter.io/a/9a8fe07fa9d8b922c30a8cc035e0dab0",2020-10-28 12:00:37,-69,['mxim']
252938770,"$mxim maxim integrated&#39;s health sensor platform 3.0 reduces development time of healthcare wearables by at least six months
https://www.stocktitan.net/news/mxim/maxim-integrated-s-health-sensor-platform-3-0-reduces-development-n1noj677qbc2.html",2020-10-28 12:00:30,-69,['mxim']
252938650,"$mxim (+0.0% pre) maxim integrated products (mxim) beats q1 earnings and revenue estimates - zacks

http://ooc.bz/l/62822",2020-10-28 11:59:54,-69,['mxim']
252923869,$mxim - over 95.0% of the company shares are owned by… https://www.macroaxis.com/stock-analysis/mxim/maxim-integrated-products #insidertrading #stocks #fintechnews,2020-10-28 09:50:32,-69,['mxim']
252917392,$mxim earnings amc maxim integrated products inc on 10/27/2020 see earningscalendar.io  | add to calendar | learn more | #stocks,2020-10-28 07:11:48,-69,['mxim']
252891380,$mxim earnings amc maxim integrated products incon 10/27/2020 see earningscalendar.io  | add to calendar | learn more | #stocks,2020-10-28 01:11:39,-69,['mxim']
252851973,"$mxim new article : maxim integrated products eps beats by $0.14, beats on revenue https://www.stck.pro/news/mxim/8783570",2020-10-27 21:21:05,-69,['mxim']
252842955,$mxim new article : maxim integrated products: q1 earnings insights https://www.stck.pro/news/mxim/8784042,2020-10-27 20:46:01,-69,['mxim']
252837599,"$mxim earnings are out!! - get chart, ratings, trade ideas https://stockhoot.com/earningscalendar.aspx?from=afterearningstweet&amp;symbol=mxim&amp;t=3&amp;social=stocktwits",2020-10-27 20:28:53,-69,['mxim']
252835894,$mxim just filed with the sec a earnings release and a financial exhibit https://last10k.com/sec-filings/mxim/0000743316-20-000035.htm?utm_source=stocktwits&amp;utm_medium=forum&amp;utm_campaign=8k&amp;utm_term=mxim,2020-10-27 20:23:45,-69,['mxim']
252834690,"maxim integrated products q1 eps $0.72 beats $0.58 estimate, sales $619.00m beat $545.15m estimate

related tickers: $mxim",2020-10-27 20:20:27,-69,['mxim']
252834380,"maxim integrated: vice president, investor relations  http://www.conferencecalltranscripts.org/8/summary/?id=8480773 $mxim",2020-10-27 20:19:37,-69,['mxim']
252833532,"$mxim [15s. delayed] filed form 8-k on october 27, 16:15:49: item2.02: results of operations &amp; financial condition https://s.flashalert.me/cib4yu",2020-10-27 20:17:40,-69,['mxim']
252833388,"$mxim form 8-k: results of operations and financial condition.on october 27, 2020, maxim integrated products announced via press release the company&#39;s preliminary financial results for the first quart.. 

https://newsfilter.io/a/4dc4f3068c877f763cce335699fd4f8c",2020-10-27 20:17:18,-69,['mxim']
252832530,$mxim maxim integrated reports results for the first quarter of fiscal 2021 https://www.otcdynamics.com/mxim-maxim-integrated-reports-results-for-the-first-quarter-of-fiscal-2021,2020-10-27 20:15:17,-69,['mxim']
252831843,$mxim is at at high? how much can it move ?,2020-10-27 20:13:51,-69,['mxim']
252831008,"$mxim reports q1 eps 72 ex-items, consensus 58c",2020-10-27 20:12:02,-69,['mxim']
252830895,"$mxim - maxim integrated products inc (mxim) q3 20 (usd): ex-items eps 0.72 (exp. 0.58), revenue 619mln (exp. .55bln).",2020-10-27 20:11:46,-69,['mxim']
252829759,"$mxim reported earnings of $0.63, consensus was $0.58 via @ewhispers #epsbeat http://eps.sh/d/mxim",2020-10-27 20:09:13,-69,['mxim']
252829038,"$mxim maxim integrated products eps beats by $0.14, beats on revenue 

https://newsfilter.io/a/70ec0504712083174efc578ecb3b1e7b",2020-10-27 20:07:41,-69,['mxim']
252828938,"$mxim maxim integrated beats by $0.05, beats on revs",2020-10-27 20:07:29,-69,['mxim']
252828861,"$mxim reports q1 (sep) earnings of $0.63 per share, $0.05 better than the s&amp;p capital iq consensus of $0.58; revenues rose 16.2% year/year to $619.36 mln vs the $544.53 mln s&amp;p capital iq consensus.",2020-10-27 20:07:21,-69,['mxim']
252827066,"$mxim maxim integrated reports results for the first quarter of fiscal 2021 

https://newsfilter.io/a/dc2fad8ca7dbe278a6cf2109e3b11e2f",2020-10-27 20:03:32,-69,['mxim']
252827052,"$mxim maxim integrated reports results for the first quarter of fiscal 2021
https://www.stocktitan.net/news/mxim/maxim-integrated-reports-results-for-the-first-quarter-of-fiscal-u53c1sf4631d.html",2020-10-27 20:03:30,-69,['mxim']
252734593,"$mxim reports after the close, estimize consensus +0.03 eps and +3.89m revs compared to ws
http://www.estimize.com/mxim/fq1-2021?utm_content=prerelease&amp;utm_medium=tweet&amp;utm_source=stocktwits",2020-10-27 15:00:21,-69,['mxim']
252691389,"$mxim #earnings today amc - get chart, ratings, trade ideas  https://stockhoot.com/earningscalendar.aspx?from=individualtweet&amp;symbol=mxim&amp;t=809&amp;social=stocktwits",2020-10-27 12:21:20,-69,['mxim']
