id,body,created_at,sentiment,symbols
254873587,$lrcx dang all time high.,2020-11-06 15:59:20,1,['lrcx']
254816785,"[yesterday ah news]
$lrcx
lam research corporation  (nasdaq: lrcx) today announced that its board of directors approved a  $5 billion  share repurchase authorization and a quarterly dividend of  $1.30  per share of common stock.
the company is authorized to repurchase up to  $5 billion  of common stock; this authorization supplements the remaining balances from any prior authorizations. repurchases may be made through both public market and private transactions and may include the use of derivative contracts and structured share repurchase agreements. this repurchase program has no termination date and may be suspended or discontinued at any time.
view the full list of news/momentum plays on watch at : bit.ly/32gfart
[no bias / position]
[find me at https://stocktwits.com/sbiswas | https://twitter.com/soumyajyoti_b]&quot;",2020-11-06 12:50:36,-69,['lrcx']
254814795,$lrcx approves $5 bln share repurchase authorization,2020-11-06 12:37:27,-69,['lrcx']
254808490,$lrcx a 5 billion shares repurchase represent 1/10 of the market cap !!! awesomely  big!,2020-11-06 11:52:55,-69,['lrcx']
254798270,does this make you nervous? $lrcx macd histogram just turned positive. view odds of uptrend. https://srnk.us/go/2287284,2020-11-06 09:35:20,1,['lrcx']
254757517,$lrcx announced a dividend (lam research corp) https://www.dividendinvestor.com/dn/2907652,2020-11-06 01:20:09,-69,['lrcx']
254734054,$lrcx just filed with the sec a vote of security holders and a financial exhibit https://last10k.com/sec-filings/lrcx/0000707549-20-000179.htm?utm_source=stocktwits&amp;utm_medium=forum&amp;utm_campaign=8k&amp;utm_term=lrcx,2020-11-05 23:17:13,-69,['lrcx']
254726049,"5 stocks #breakout a resistance today

https://www.bulldude.com/chart-patterns/5-stocks-breakout-a-resistance-today-27/

$spx $spy $ndx $qqq $lrcx",2020-11-05 22:42:49,-69,"['spx', 'lrcx', 'spy', 'qqq', 'ndx']"
254721553,$lrcx new article : lam research corporation announces $5 billion share repurchase authorization and declares quarterly dividend https://www.stck.pro/news/lrcx/8958218,2020-11-05 22:25:13,-69,['lrcx']
254720507,lam research corporation announces $5 billion share repurchase authorization and declares quart http://www.conferencecalltranscripts.org/8/summary2/?id=8523733 $lrcx,2020-11-05 22:21:44,-69,['lrcx']
254719059,your daily news digest for lam research corporation $lrcx https://wsfriend.com/daily/news/lrcx/2020-11-05/,2020-11-05 22:16:53,-69,['lrcx']
254707684,"$lrcx [15s. delayed] filed form 8-k on november 05, 16:39:49: item5.07: submission of matters to a vote of security holders https://s.flashalert.me/18c8h",2020-11-05 21:40:53,-69,['lrcx']
254707583,"$lrcx form 8-k: submission of matters to a vote of security holders3item 8.014item 9.01financial statements and exhibits4signatures5table of contents item 5.07. submission of matters to a vote of secu.. 

https://newsfilter.io/a/dbc661c52492ac1fe68af2be7cfbb4b7",2020-11-05 21:40:34,-69,['lrcx']
254699375,$lrcx lam research corporation announces $5 billion share repurchase authorization and declares quarterly dividend https://www.otcdynamics.com/lrcx-lam-research-corporation-announces-5-billion-share-repurchase-authorization-and-declares-quarterly-dividend,2020-11-05 21:20:26,-69,['lrcx']
254692709,"$lrcx lam research announces $5 billion share repurchase authorization and declares quarterly dividend 

https://newsfilter.io/a/2fe2b0f3d0e826e636d7ef26050c1a0e",2020-11-05 21:07:15,-69,['lrcx']
254691660,"$lrcx lam research corporation announces $5 billion share repurchase authorization and declares quarterly dividend
https://www.stocktitan.net/news/lrcx/lam-research-corporation-announces-5-billion-share-repurchase-7q4tr1vlwhbf.html

#dividends",2020-11-05 21:05:10,-69,['lrcx']
254678627,"s3: screen for stocks in the s&amp;p 500 with high short positions by dollar value &amp; significant mark-to-market losses over the past week &amp; month.

$googl $ter $lrcx $tmo $idx",2020-11-05 20:22:23,-69,"['lrcx', 'idx', 'ter', 'tmo', 'googl']"
254648593,$lrcx 405-410 to  lose the week? am in call 400,2020-11-05 18:39:02,-69,['lrcx']
254637048,"12 stocks that are vulnerable to a ‘short squeeze’  $aal $tsla $goog $viac $lrcx 

https://newsfilter.io/a/8a0e817236c74dd41ae5de28d54c4953",2020-11-05 17:57:32,-69,"['goog', 'lrcx', 'tsla', 'aal', 'viac']"
254609656,$lrcx ath&#39;s,2020-11-05 16:18:22,-69,['lrcx']
254596362,52-week high alert: trading today&#39;s movement in lam research $lrcx https://wp.me/p5blgb-blgj,2020-11-05 15:36:41,-69,['lrcx']
254521355,$lrcx lams research cup and handle pattern . swing long to target $470,2020-11-05 06:14:56,1,['lrcx']
254466230,your daily news digest for lam research corporation $lrcx https://wsfriend.com/daily/news/lrcx/2020-11-04/,2020-11-04 22:18:08,-69,['lrcx']
254436374,"$lrcx 
will go up over 400 if biden wins.",2020-11-04 20:28:48,1,['lrcx']
254387249,"$lrcx nasdaq 100 and the election (so far)     ..
https://www.channelchek.com/news-channel/the_prolonged_vote_counting_impact_on_the_stock_market",2020-11-04 17:01:35,-69,['lrcx']
254333349,"got $3,000? 3 tech stocks to buy and hold for the long term $amzn $crwd $lrcx https://bit.ly/2trni43",2020-11-04 13:53:50,-69,"['amzn', 'lrcx', 'crwd']"
254303167,"$pfg, $lyv and $lrcx are the top gainers in the s&amp;p500 for the day. https://www.chartmill.com/stock/stock-screener?v=3&amp;f=ind_22&amp;s=pt&amp;utm_source=stocktwits&amp;utm_medium=screener&amp;utm_content=stock_screener:_top_s&amp;p500_gainers&amp;utm_campaign=social_tracking",2020-11-04 08:12:00,-69,"['lrcx', 'lyv', 'pfg']"
254280585,$abbv i am assuming that abbv would follow $lrcx,2020-11-04 04:01:24,-69,"['lrcx', 'abbv']"
254268490,largest gainers today 11/3/2020 on my watch list were: $gtn $nxst $lrcx $fnd $anet #invest https://t.co/zt3bnc994n,2020-11-04 02:47:53,-69,"['lrcx', 'nxst', 'gtn', 'anet', 'fnd']"
254256429,$nvda called a long here $lrcx $spwr $pdd large premium orders from dark pool today,2020-11-04 01:10:40,1,"['lrcx', 'nvda', 'spwr', 'pdd']"
254252432,$lrcx the bull pattern is confirmed &amp; a buy signal is issued @ https://bit.ly/2ffeg0w. buy level: 357.98   target: 379.46,2020-11-04 00:43:24,1,['lrcx']
254230044,your daily news digest for lam research corporation $lrcx https://wsfriend.com/daily/news/lrcx/2020-11-03/,2020-11-03 22:15:07,-69,['lrcx']
254229189,"us breakout stocks watchlist - 3 november 2020 

for the watchlist from tuesdays scans - $form, $gds, $keys, $lrcx, agco, atec

#stockstowatch #stocks #trading #stockmarket 

for the watchlist charts go to:
https://www.stageanalysis.net/blog/37989/us-breakout-stocks-watchlist-3-november-2020",2020-11-03 22:10:07,-69,"['form', 'lrcx', 'keys', 'gds']"
254214350,"$brks $lrcx brooks automation receives 2020 supplier excellence award from lam research
https://www.stocktitan.net/news/brks/brooks-automation-receives-2020-supplier-excellence-award-from-lam-eztwujw2m17r.html",2020-11-03 21:06:44,-69,"['brks', 'lrcx']"
254213884,"$brks $lrcx brooks automation receives 2020 supplier excellence award from lam research 

https://newsfilter.io/a/3d70f40b3a4f4afd90b9dde0ed7bbb30",2020-11-03 21:05:36,-69,"['brks', 'lrcx']"
254202046,have you seen this? $lrcx in uptrend: stochastic indicator leaves oversold zone. view odds for this and other indicators: https://srnk.us/go/2278088,2020-11-03 20:26:48,-69,['lrcx']
254156470,"$lrcx 
$1.3m sweep on 7/16/21 175 calls
65 contracts @ 192.50",2020-11-03 17:25:09,-69,['lrcx']
254149089,"morning momentum - highest urgency options trades by smart money to start the day, according to insiderfinance.io    
   
1. baba 
2. $nvda  
3.  $mu  
4. tsla 
5. $aapl  
6. $uber  
7. $lrcx",2020-11-03 16:56:44,-69,"['aapl', 'lrcx', 'nvda', 'mu', 'uber']"
254147262,here are your golden sweeps as of 11:48p eastern time. $spwr $lrcx $tsla $spy $avgo make sure to follow us for real-time options flow data. it’s a money day 🤑,2020-11-03 16:49:57,-69,"['lrcx', 'spwr', 'spy', 'avgo', 'tsla']"
254144225,"$nio top option signals 11/3/2020 - $googl $jpm $pdd $lrcx 
💲🤑💰🟩",2020-11-03 16:39:59,-69,"['lrcx', 'jpm', 'nio', 'googl', 'pdd']"
254142569,entegris receives 2020 supplier excellence award from lam research http://www.conferencecalltranscripts.org/summary/?id=85992&amp;pr=true $lrcx,2020-11-03 16:34:18,-69,['lrcx']
254141393,"$entg $lrcx entegris receives 2020 supplier excellence award from lam research 

https://newsfilter.io/a/5f4401fea40bdc9b94ba9295bee0f1ea",2020-11-03 16:30:31,-69,"['entg', 'lrcx']"
254081605,"$cls $lrcx celestica receives 2020 supplier excellence award from lam research 

https://newsfilter.io/a/67d8c57a32f2428111f8459c05073043",2020-11-03 13:01:19,-69,"['lrcx', 'cls']"
254053836,lamresearch $lrcx bidaskscore is upgraded to stronglybought https://bidaskclub.com/news/company/2020-11-02/lrcx,2020-11-03 04:47:04,-69,['lrcx']
254006570,your daily news digest for lam research corporation $lrcx https://wsfriend.com/daily/news/lrcx/2020-11-02/,2020-11-02 22:14:29,-69,['lrcx']
253999677,$lrcx new article : lam research announces 2020 supplier excellence award recipients https://www.stck.pro/news/lrcx/8893586,2020-11-02 21:42:28,-69,['lrcx']
253991722,$lrcx lam research announces 2020 supplier excellence award recipients https://www.otcdynamics.com/lrcx-lam-research-announces-2020-supplier-excellence-award-recipients,2020-11-02 21:15:21,-69,['lrcx']
253989072,lam research announces 2020 supplier excellence award recipients http://www.conferencecalltranscripts.org/summary/?id=84855&amp;pr=true $lrcx,2020-11-02 21:08:14,-69,['lrcx']
253988770,"$lrcx [15s. delayed]: issued press release on november 02, 16:05:00: lam research announces 2020 supplier excellence award recipients https://s.flashalert.me/yuwh8",2020-11-02 21:07:26,-69,['lrcx']
253988172,"$lrcx lam research announces 2020 supplier excellence award recipients 

https://newsfilter.io/a/9474b4d13aefeb252ac5e73afb0cd8dc",2020-11-02 21:06:11,-69,['lrcx']
253987708,"$lrcx lam research announces 2020 supplier excellence award recipients
https://www.stocktitan.net/news/lrcx/lam-research-announces-2020-supplier-excellence-award-08ix9mlotlhm.html",2020-11-02 21:05:09,-69,['lrcx']
253965674,lam research corporation&#39;s chief financial officer &amp; evp just disposed of 566 shares  http://www.conferencecalltranscripts.org/4/summary2/?id=8506253 $lrcx,2020-11-02 19:36:21,-69,['lrcx']
253965418,"$lrcx [15s. delayed] filed sec form 4: chief financial officer &amp; evp bettinger douglas r: 
delivered securities 566 of common stock at pri https://s.flashalert.me/5gzt9",2020-11-02 19:35:24,-69,['lrcx']
253965319,"$lrcx $193,617.28 of shares sold by bettinger douglas r (chief financial officer &amp; evp), reported in a new form 4 filed with the sec  

https://newsfilter.io/a/d36b4e8aa57cacabd8edf8410abc3145",2020-11-02 19:35:03,-69,['lrcx']
253931459,$nio hahahahahahahahahahahahaha ...there are penny pinchers on both side ...bears and bulls....and then there are those who are sitting quietly since below $5. cheeers! don&#39;t sell. you are not going to hawaii anytime soon in this lockdown. so learn to have patience while you wait at home. i have learnt hard way. just buy anything $nio $azul $etsy $azul or $lrcx and sit tight for 6 more months at least. cheers again!,2020-11-02 17:17:20,1,"['lrcx', 'nio', 'etsy', 'azul']"
253918253,$lrcx fall in love with yourself first,2020-11-02 16:27:07,1,['lrcx']
253853262,"it’s hard to find cheap growth. 9 stocks to consider.  $amat $lrcx $abbv $noc $lhx 

https://newsfilter.io/a/7f17600e3b1ff00e12298fda0e5c87fa",2020-11-02 11:01:56,-69,"['amat', 'lrcx', 'noc', 'abbv', 'lhx']"
253842961,comprehensive non-correlated lam research $lrcx trading report https://tinyurl.com/y35byfen,2020-11-02 05:45:06,-69,['lrcx']
253812737,$lrcx  buying target $260 upcoming sell off,2020-11-01 22:27:48,-1,['lrcx']
253811786,your daily news digest for lam research corporation $lrcx https://wsfriend.com/daily/news/lrcx/2020-11-01/,2020-11-01 22:14:22,-69,['lrcx']
253759333,$lrcx should i get a starter position with this price?,2020-11-01 01:24:55,1,['lrcx']
253748666,your daily news digest for lam research corporation $lrcx https://wsfriend.com/daily/news/lrcx/2020-10-31/,2020-10-31 22:12:47,-69,['lrcx']
253730544,$swks $intc $lrcx $amat suggested for $sox us phlx semiconductor index - value screen: https://bit.ly/36symrr,2020-10-31 17:08:59,-69,"['amat', 'intc', 'lrcx', 'swks', 'sox']"
253723634,short sale volume (not short interest) for $lrcx on 2020-10-30 is 52%. http://shortvolumes.com/?t=lrcx via @shortvolumes,2020-10-31 15:23:34,-69,['lrcx']
253670849,your daily news digest for lam research corporation $lrcx https://wsfriend.com/daily/news/lrcx/2020-10-30/,2020-10-30 22:13:42,-69,['lrcx']
253630343,$lrcx holds above that 50day line.,2020-10-30 19:17:20,1,['lrcx']
253602095,$lrcx today$330,2020-10-30 17:42:48,-1,['lrcx']
253445924,largest gainers today 10/29/2020 on my watch list were: $swks $lrcx $csgp $fb $thrm #invest https://t.co/ui49gqbyg7,2020-10-30 01:52:40,-69,"['csgp', 'lrcx', 'swks', 'fb', 'thrm']"
253442363,$lrcx may go up 6% if the bull pattern is confirmed. check confirmation [80%] @ https://bit.ly/2ffeg0w. buy level:353.26.,2020-10-30 01:26:50,-69,['lrcx']
253439263,"$lrcx  nice run from $334 to $358... great earnings, sell-off for few days, then recovery... big run coming

same happening to $dxcm which is bottoming now.  great earnings, sell-off for last few days, now looking for a big recovery... only 95m share float and 5% short...  company even  raised guidance... but down almost $100 from earnings announcement",2020-10-30 01:04:28,1,"['dxcm', 'lrcx']"
253414620,$lrcx [oct-30 360.00 calls] option volume up +441.38 % |  volume: 157 vs 29 https://www.sleekoptions.com/sleekscan.aspx?sub1=dscan,2020-10-29 22:42:36,-69,['lrcx']
253408449,your daily news digest for lam research corporation $lrcx https://wsfriend.com/daily/news/lrcx/2020-10-29/,2020-10-29 22:13:53,-69,['lrcx']
253332262,"$dmyt we shall over come, we shall overcome one day :) and that day is less than 30 days :) till then enjoy $nio &amp; $lrcx &amp; load some cheap $azul &amp; $etsy . cheers!",2020-10-29 18:32:31,1,"['lrcx', 'nio', 'etsy', 'azul', 'dmyt']"
253309799,"$qcom, $lrcx and $swks are the top gainers in the nasdaq 100 for the day. https://www.chartmill.com/stock/stock-screener?v=3&amp;f=ind_20&amp;s=pt&amp;utm_source=stocktwits&amp;utm_medium=screener&amp;utm_content=stock_screener:_top_nasdaq_100_gainers&amp;utm_campaign=social_tracking",2020-10-29 17:23:00,-69,"['lrcx', 'qcom', 'swks']"
253247609,$lrcx off the 10wk line,2020-10-29 14:18:47,-69,['lrcx']
253179922,"td buy $lrcx at 338.90, supp 338.90 resis 375.49 r11  hilo 76% t1y 391 buy 2.0 pe 19.3 div 1.51% #lam resear #stocks #trading #finance #market https://tinyurl.com/yyzhl3ko",2020-10-29 04:20:07,1,['lrcx']
253131860,your daily news digest for lam research corporation $lrcx https://wsfriend.com/daily/news/lrcx/2020-10-28/,2020-10-28 22:12:50,-69,['lrcx']
253111656,$lrcx this was at 334 pre-covid in feb ...so it can go far ahead from here.,2020-10-28 20:48:55,1,['lrcx']
253086680,$lrcx wow like nothing happened today...,2020-10-28 19:43:01,-69,['lrcx']
253060348,$lrcx  this will see 400$ - jan calls are pricey  but oi is nice -- 22.30 on the ask for 360 strike - gl to all if you take it,2020-10-28 18:09:28,1,['lrcx']
253031050,"$lrcx the market starts a massive shorting as in march and calling it “second wave.”  what a mess! 
trump says “freedom of infection, we will finally have china pay for the loss anyway!” so, how do we let china pay? “well, chinese have to die 3 times as much as the dead americans. therefore, i will approve to nuke beijing to get even with china.”  what if americans continue to die due to covid? “ then, we nuke shanghai next to get even.” what if americans are still dying? “ then, i’ll nuke the entire china! the bottomline is this coronavirus is uncontrollable in america, and nuke china is the only way to deal with it!” fuck you, idiot trump! you are incapable of leading. what srong america means we can stop the virus that beijing cannot stop, not the other way around! and, americans are generous and compassionate. we want to save the sick china than to destroy it. that’s what christianity and conservative are all about! trump, you are not conservative at all!!!",2020-10-28 16:25:36,-69,['lrcx']
253027252,$lrcx lam could work best as china tensions ease... add the dips,2020-10-28 16:12:52,1,['lrcx']
252899558,"$lrcx douglas r bettinger sold 14,556 shares [high conviction] www.insider-analysis.com/search_transactions.php?ticker=table_lrcx",2020-10-28 02:20:16,-69,['lrcx']
252868597,"$lrcx earnings were brilliant and also guidance
bodes well for $amat and $ichr",2020-10-27 22:44:12,-69,"['amat', 'lrcx', 'ichr']"
252863127,your daily news digest for lam research corporation $lrcx https://wsfriend.com/daily/news/lrcx/2020-10-27/,2020-10-27 22:13:47,-69,['lrcx']
252860610,last10k highlighted 38 positive and negative remarks in $lrcx&#39;s 10-q filed today. see them in the quarterly report: https://last10k.com/sec-filings/lrcx/0000707549-20-000173.htm?utm_source=stocktwits&amp;utm_medium=forum&amp;utm_campaign=sentiment&amp;utm_term=lrcx,2020-10-27 22:00:31,-69,['lrcx']
252856895,"$amat, $klac , $lrcx ... are not defense companies so that they don’t have obligations to follow trump’s political strategies with china. $amat is not $lmt . if government bans semi capital equipment business with china, government should pay these companies for their losses.",2020-10-27 21:42:15,-69,"['amat', 'klac', 'lrcx', 'lmt']"
252855323,"$lrcx as cheap as lam is it could be an acquisition target.  but not a need for lam specifically, once the china situation is resolved... watch out $500",2020-10-27 21:35:05,1,['lrcx']
252833358,$lrcx just filed a 10-q quarterly report with 74 sections and 4 exhibits. access them all or just read their earnings: https://last10k.com/sec-filings/lrcx/0000707549-20-000173.htm?utm_source=stocktwits&amp;utm_medium=forum&amp;utm_campaign=10kq2040f&amp;utm_term=lrcx,2020-10-27 20:17:15,-69,['lrcx']
252829300,lam research corporation just filed its quarterly report: net income per share... http://www.conferencecalltranscripts.org/q/summary2/?id=8480661 $lrcx,2020-10-27 20:08:17,-69,['lrcx']
252828050,"$lrcx [15s. delayed] filed form 10-q on october 27, 16:04:03 https://s.flashalert.me/esbw5x",2020-10-27 20:05:44,-69,['lrcx']
252827818,"$lrcx form 10-q (quarterly report [sections 13 or 15(d)]) filed with the sec 

https://newsfilter.io/a/99141d44659da6b584c6976e2ecd70e9",2020-10-27 20:05:18,-69,['lrcx']
252787121,"$nvda buy chips for run up... $lrcx sold off after beating earnings pe now at 19.  now a value stock!

$aapl $fb $goog",2020-10-27 17:54:33,-69,"['aapl', 'goog', 'lrcx', 'nvda', 'fb']"
252732361,$lrcx prior ath and ma convergence. $lrcx,2020-10-27 14:52:58,-69,['lrcx']
252727546,"$lrcx blowout er with 8 upgrades with pt $410-465. all gaps are filled, 50% retracement from top done.  it’s ready to rebound!!!",2020-10-27 14:36:14,1,['lrcx']
252724581,$lrcx stock has an amazing quarter and does nothing but drop,2020-10-27 14:26:17,-69,['lrcx']
252650802,"lam research cfo douglas r. bettinger sells $5,211,193.56 in $lrcx https://www.marketbeat.com/i/413368",2020-10-27 01:34:45,-69,['lrcx']
252638668,$lrcx new insider selling: 14556 shares. http://insiderbuyingselling.com/?t=lrcx,2020-10-26 23:54:37,-69,['lrcx']
252625157,your daily news digest for lam research corporation $lrcx https://wsfriend.com/daily/news/lrcx/2020-10-26/,2020-10-26 22:13:32,-69,['lrcx']
252623343,"$lrcx: new sec filing on chief financial officer &amp; evp, douglas r bettinger: https://www.sec.gov/archives/edgar/data/707549/000070754920000170/xslf345x03/wf-form4_160374768689930.xml",2020-10-26 22:01:02,-69,['lrcx']
252618372,"lam research corporation&#39;s chief financial officer &amp; evp just disposed of 14,556 shares  http://www.conferencecalltranscripts.org/4/summary/?id=8476311 $lrcx",2020-10-26 21:29:43,-69,['lrcx']
252618284,"$lrcx [15s. delayed] filed sec form 4: chief financial officer &amp; evp bettinger douglas r: 
disposed 29,112 of common stock at average pric https://s.flashalert.me/suqtio",2020-10-26 21:29:12,-69,['lrcx']
252581484,$tsla $djia $wwe $lrcx bulls be like,2020-10-26 18:58:22,1,"['djia', 'lrcx', 'wwe', 'tsla']"
252419819,your daily news digest for lam research corporation $lrcx https://wsfriend.com/daily/news/lrcx/2020-10-25/,2020-10-25 22:12:51,-69,['lrcx']
252359792,your daily news digest for lam research corporation $lrcx https://wsfriend.com/daily/news/lrcx/2020-10-24/,2020-10-24 22:13:20,-69,['lrcx']
252324391,the industry average roa is 4.02%. $lrcx outperforms 94% of its industry peers. https://www.chartmill.com/stock/analyzer/stock/lrcx?view=fundamental-analysis&amp;key=63d59cb8-2153-483c-b644-88a161cff580&amp;utm_source=stocktwits&amp;utm_medium=fa&amp;utm_content=lrcx&amp;utm_campaign=social_tracking,2020-10-24 12:10:00,-69,['lrcx']
252309841,$lrcx lam research option order flow sentiment is 68.1% bullish. https://tinyurl.com/y5w24jnk,2020-10-24 03:07:51,-69,['lrcx']
252307571,comprehensive non-correlated lam research $lrcx trading report https://tinyurl.com/y4kos5f8,2020-10-24 02:30:05,-69,['lrcx']
252290384,"$lrcx got destoryed on this, thanks for the lousy earnings report !",2020-10-23 23:29:38,-1,['lrcx']
252280042,your daily news digest for lam research corporation $lrcx https://wsfriend.com/daily/news/lrcx/2020-10-23/,2020-10-23 22:13:28,-69,['lrcx']
252266570,"$lrcx green to red move:  +1.25% to -1.14%  
 https://www.sleekoptions.com/sleekscan.aspx?did=lrcx",2020-10-23 20:54:31,-69,['lrcx']
252254881,"$lrcx more and more good news, yet stock keeps dropping",2020-10-23 20:05:00,-69,['lrcx']
252201020,call sweeps over 500k (a/o12:54pmest): $aapl $snow $baba $lrcx $spy,2020-10-23 16:55:06,-69,"['aapl', 'lrcx', 'spy', 'snow', 'baba']"
252175728,"$lrcx shows quite a strong growth in revenue. over the last 5 years, it has been growing by 13.82% yearly.. https://www.chartmill.com/stock/quote/lrcx/technical-analysis?key=63d59cb8-2153-483c-b644-88a161cff580&amp;utm_source=stocktwits&amp;utm_medium=ta&amp;utm_content=lrcx&amp;utm_campaign=social_tracking",2020-10-23 15:29:00,-69,['lrcx']
252174812,$lrcx holy wow. guess my puts gonna cost me. should i hold til this evening or sell for lose,2020-10-23 15:26:18,-69,['lrcx']
252174601,"$lrcx will start its recovery on tuesday , it has to have 3 days if indigestion.",2020-10-23 15:25:47,-69,['lrcx']
252140055,$lrcx gonna go red now?,2020-10-23 13:51:07,-69,['lrcx']
252113644,$crwd $lrcx these two stocks are becoming frustrating. both have received several upgrades and pt increases. yet continue to be red when the market is up.,2020-10-23 11:59:05,1,"['lrcx', 'crwd']"
252021743,your daily news digest for lam research corporation $lrcx https://wsfriend.com/daily/news/lrcx/2020-10-22/,2020-10-22 22:13:56,-69,['lrcx']
251982941,"$lrcx latest ratings on 2020-10-22 at stock target advisor https://www.stocktargetadvisor.com/stock/usa/nye/lrcx#analyst-rating-tab : keybanc (maintains), ubs (target raised by), goldman sachs (target raised by), mizuho securities (target raised by), rbc capital (target raised by), stifel nicolaus (target raised by), morgan stanley (target raised by), b. riley (target raised by)",2020-10-22 20:00:37,-69,['lrcx']
251972512,"$lrcx took a chance, sold some credit spreads for tomorrow.  i think these beast will go up and up. long as it don&#39;t fall below 355 lmao",2020-10-22 19:29:44,-69,['lrcx']
251970535,"$amat wall street behaves weird. when $mu presented its excellent er, the market tumbled it (tumbled to $46).  same to $wdc post positive er (tumbled to $36), and same to $lrcx (-$7.00) post excellent er. therefore, if investors really want to make money, they have to be patient. both $mu and $wdc are up $8 already. $amat and $lrcx will be up soon.",2020-10-22 19:23:41,1,"['amat', 'lrcx', 'mu', 'wdc']"
251958583,$lrcx earnings move  -1.6% vs an expected ±5.2% move  https://tinyurl.com/y6cyosxz,2020-10-22 18:46:36,-69,['lrcx']
251921320,"$lrcx 
target raised by goldman sachs buy usd 376 » usd 424 
target raised by ubs buy usd 400 » usd 450 
target raised by stifel nicolaus buy usd 352 » usd 418 
target raised by mizuho securities buy usd 400 » usd 410 
target raised by morgan stanley overweight usd 415 » usd 420 
target raised by rbc capital outperform usd 400 » usd 420 
maintains keybanc overweight usd 421 » usd 424
https://www.stocktargetadvisor.com/stock/usa/nye/lrcx#analyst-rating-tab",2020-10-22 16:50:55,-69,['lrcx']
251919870,$lrcx blowout er with 8 upgrades with pt $410-465. last gap has been filled so quick rebound here.,2020-10-22 16:46:08,1,['lrcx']
251914298,"coverage initiations, resumptions &amp; pt changes: $csx $kss $angi $lrcx $cmg",2020-10-22 16:28:20,-69,"['lrcx', 'cmg', 'csx', 'kss', 'angi']"
251913776,$lrcx wake up you sleeping giant!!🚀🚀,2020-10-22 16:26:40,-69,['lrcx']
251885583,$lrcx the options clearing folks got burnt badly over the past month. now they  are just getting some  money back and shaking the ladder. the stock  will come around when max pain gets back to normal for the stock.,2020-10-22 15:05:47,1,['lrcx']
251868856,"$tsla, $lrcx and $cmg trade management 
$lrcx - close for .15 (we collected 145)
$tsla - close for .15 ( collected 145)
$cmg - close for .50  or wait one more day i placed the order. (collected 220)
congratulations again  total 41% returns in a day.",2020-10-22 14:27:11,-69,"['lrcx', 'cmg', 'tsla']"
251847041,"$lrcx not one bear argument here. if this was about valuation it would have traded as such beforehand. the report wasn&#39;t a beat- it was a blowout. the fear behind valuation drops is that the report was good but not great enough to validate the recent growth and it drops in that correspondence. 

to drop with a blowout, as well as stating that the sector is &quot;booming&quot; on the earnings call, just feels incorrect.

going to give it time to likely correct. even if it doesn&#39;t - it should.",2020-10-22 13:39:10,1,['lrcx']
251846346,"$lrcx this is a screaming buy at this point. beat on top and bottom lines, raised forward guidance. received multiple upgrades of the price target, and the stock is down almost $10?  look at the call options! the smart money is saying we&#39;ll be over $400 by mid january.",2020-10-22 13:37:33,1,['lrcx']
251846231,$lrcx what happened in the call to cause the drop or is this just taking a breather?,2020-10-22 13:37:15,1,['lrcx']
251840293,"$lrcx 
keybanc maintains overweight on lam research, raises price target to $424
keybanc analyst weston twigg maintains lam research (nasdaq:lrcx) with a overweight and raises the price target from $421 to $424.",2020-10-22 13:18:31,-69,['lrcx']
251838299,"premarket losers 
$kmb $unp $tsco $pton $lrcx  
 
track today&#39;s losers. live scans start 930am et 
stockbeep.com/prelose-oct22",2020-10-22 13:11:14,-69,"['lrcx', 'tsco', 'kmb', 'unp', 'pton']"
251835646,$lrcx was analyzed by 18 analysts. the buy consensus is at 92%. so analysts seem to be very confident about $lrcx. https://www.chartmill.com/stock/quote/lrcx/analyst-ratings?utm_source=stocktwits&amp;utm_medium=analyst&amp;utm_content=lrcx&amp;utm_campaign=social_tracking,2020-10-22 13:02:01,-69,['lrcx']
251835416,"$lrcx
$450 from $400 ubs
$424 from $376 goldman sachs
$410 from $400 mizuho
$420 from $400 rbc capital",2020-10-22 13:01:17,-69,['lrcx']
251833313,"$lrcx
target raised by keycorp $421.00 ➝ $424.00 overweight
target raised by ubs group $400.00 ➝ $450.00 buy
target raised by goldman sachs group  $376.00 ➝ $424.00 buy
target raised by mizuho $400.00 ➝ $410.00 buy
target raised by royal bank of canada $400.00 ➝ $420.00 outperform
target raised by stifel nicolaus $352.00 ➝ $418.00 buy 
target raised by morgan stanley$415.00 ➝ $420.00 overweight
https://www.marketbeat.com/ratings/
view the full list of news/momentum plays on watch at : bit.ly/32gfart
[no bias / position]
[find me at https://stocktwits.com/sbiswas | https://twitter.com/soumyajyoti_b]",2020-10-22 12:52:13,-69,['lrcx']
251830831,"$lrcx is a high growth stock and as such, you’re going to have much more volatility than say $vz. it may go down a bit but it’s going to back up and beyond. you just have to exercise some patience.",2020-10-22 12:41:05,1,"['lrcx', 'vz']"
251824392,$lrcx morgan stanley maintains to overweight : pt $420.00 https://stockhoot.com/extsymbol.aspx?from=analystratingtweet&amp;symbol=lrcx&amp;t=72&amp;social=stocktwits,2020-10-22 12:11:09,-69,['lrcx']
251823911,$lrcx $crwd i’ve never seen two stocks receive so many upgrades and pt increases  yet drop,2020-10-22 12:08:36,1,"['lrcx', 'crwd']"
251820209,"$lrcx (-0.7% pre) lam research stock shaky as results, outlook top street view - mw

http://ooc.bz/l/62488",2020-10-22 11:48:47,-69,['lrcx']
251819093,"$lrcx beats by $1.55, beats on revs; guides q2 eps above consensus, revs above consensus https://www.briefing.com/in-depth-analysis/content/article?articleid=in20201021161115lrcx",2020-10-22 11:41:40,-69,['lrcx']
251808319,"$lrcx reit. buy on solid execution, compelling valuation, fcf returns; raise po to $420",2020-10-22 09:51:39,-69,['lrcx']
251805639,$lrcx keybanc maintains to overweight : pt $424.00 https://stockhoot.com/extsymbol.aspx?from=analystratingtweet&amp;symbol=lrcx&amp;t=860&amp;social=stocktwits,2020-10-22 08:41:18,-69,['lrcx']
251803903,$lrcx new article : how did lam research perform in q1 https://www.stck.pro/news/lrcx/8647581,2020-10-22 07:51:05,-69,['lrcx']
251797250,"the technical breakout setup screen lists $aapl, $lrcx and $alxn today. https://www.chartmill.com/stock/stock-screener?sid=202&amp;f=v1_50b500,atrpct_a_1,sl_ta_7_x,sl_se_7_x,p_pg20,exch_us&amp;s=se&amp;v=3&amp;utm_source=stocktwits&amp;utm_medium=screener&amp;utm_content=stock_screener:_technical_breakout_setups&amp;utm_campaign=social_tracking",2020-10-22 04:56:00,-69,"['aapl', 'alxn', 'lrcx']"
251783326,$lrcx data center are booming but this one is dropping after this beating er?! what a joke!,2020-10-22 02:10:59,-69,['lrcx']
251781611,"$coty $sdc $lrcx $spx 

case studies on coty inc

coty inc., together with its subsidiaries, manufactures, markets, distributes, and sells beauty products worldwide. the company provides prestige fragrances, skin care, and color cosmetics products.

https://www.youtube.com/watch?v=yjsi8jsd774&amp;t=1s&amp;ab_channel=engineeringrobo",2020-10-22 01:56:22,-69,"['spx', 'lrcx', 'coty', 'sdc']"
251776994,$lrcx outperforms 82% of all stocks! https://www.chartmill.com/stock/analyzer/stock/lrcx?key=63d59cb8-2153-483c-b644-88a161cff580&amp;utm_source=stocktwits&amp;utm_medium=ta&amp;utm_content=lrcx&amp;utm_campaign=social_tracking,2020-10-22 01:21:00,-69,['lrcx']
251774555,$lrcx updates q2 guidance to $5.20-6.00 eps and revenue guidance to $3.1-3.5 billion. https://www.marketbeat.com/g/51835,2020-10-22 01:02:17,-69,['lrcx']
