id,body,created_at,sentiment,symbols
254710357,have you seen this? $smtc macd histogram just turned positive. view odds of uptrend. https://srnk.us/go/2285656,2020-11-05 21:48:28,1,['smtc']
254644575,"semtech $smtc has collaborated with shenzhen sundray technology, a global provider of digital infrastructure and internet of things technologies, to develop a new &quot;software-defined classroom&quot; iot solution based on the lorawan protocol.",2020-11-05 18:24:56,-69,['smtc']
254561192,$smtc new article : semtech and sundray create smart campuses and classrooms with lorawan® https://www.stck.pro/news/smtc/8949895,2020-11-05 13:47:05,-69,['smtc']
254552324,"$smtc [15s. delayed]: issued press release on november 05, 08:00:00: semtech and sundray create smart campuses and classrooms with lorawan https://s.flashalert.me/fif9x",2020-11-05 13:05:46,-69,['smtc']
254551909,"$smtc semtech and sundray create smart campuses and classrooms with lorawan®
https://www.stocktitan.net/news/smtc/semtech-and-sundray-create-smart-campuses-and-classrooms-with-lo-ra-7xgqczvo50j0.html",2020-11-05 13:03:50,-69,['smtc']
254551279,"$smtc semtech and sundray create smart campuses and classrooms with lorawan® 

https://newsfilter.io/a/63a9f8b0d5a10acc2755823da5bf4155",2020-11-05 13:01:15,-69,['smtc']
254360981,comprehensive non-correlated semtech $smtc trading report https://tinyurl.com/y6prrrxo,2020-11-04 15:30:04,-69,['smtc']
254029135,have you seen this? $smtc in uptrend: rsi indicator exits oversold zone. view odds for this and other indicators: https://srnk.us/go/2275031,2020-11-03 00:43:35,-69,['smtc']
253877773,$smtc it&#39;s better to be a bulls for a day than a sheep all your life.,2020-11-02 14:03:34,1,['smtc']
253816788,oh wow this is big! $smtc in uptrend: rsi indicator exits oversold zone. view odds for this and other indicators: https://srnk.us/go/2271191,2020-11-01 23:20:39,-69,['smtc']
253737259,"#gindustry #buy wk44 $mrvl, $iphi, $amd, $qrvo, $smtc, mxim, simo, avgo, intc, swks  #semiconductors usd smh soxl soxs soxx #growthstocks #stocks #finance #investment https://tinyurl.com/y5p8h4nm",2020-10-31 19:00:20,1,"['mrvl', 'smtc', 'amd', 'iphi', 'qrvo']"
253705737,$smtc was analyzed by 10 analysts. the buy consensus is at 90%. so analysts seem to be very confident about $smtc. https://www.chartmill.com/stock/quote/smtc/analyst-ratings?utm_source=stocktwits&amp;utm_medium=analyst&amp;utm_content=smtc&amp;utm_campaign=social_tracking,2020-10-31 05:48:00,-69,['smtc']
253385137,$smtc semtech supports new iot solutions for cloud-managed asset and facility monitoring developed by cisco https://www.otcdynamics.com/smtc-semtech-supports-new-iot-solutions-for-cloud-managed-asset-and-facility-monitoring-developed-by-cisco,2020-10-29 20:53:22,-69,['smtc']
253381225,$smtc new article : semtech supports new iot solutions for cloud-managed asset and facility monitoring developed by cisco https://www.stck.pro/news/smtc/8827942,2020-10-29 20:43:02,-69,['smtc']
253377940,"$smtc [15s. delayed]: issued press release on october 29, 16:30:00: semtech supports new iot solutions for cloud-managed asset and facilit https://s.flashalert.me/pzkma",2020-10-29 20:35:46,-69,['smtc']
253377027,semtech supports new iot solutions for cloud-managed asset and facility monitoring developed by cisco http://www.conferencecalltranscripts.org/summary/?id=82186&amp;pr=true $smtc,2020-10-29 20:33:47,-69,['smtc']
253375659,"$smtc semtech supports new iot solutions for cloud-managed asset and facility monitoring developed by cisco
https://www.stocktitan.net/news/smtc/semtech-supports-new-io-t-solutions-for-cloud-managed-asset-and-xg8byv73v7sj.html",2020-10-29 20:31:04,-69,['smtc']
253375345,"$smtc $csco semtech supports new iot solutions for cloud-managed asset and facility monitoring developed by cisco 

https://newsfilter.io/a/a82833afbde9ef64ad455739c0e68db6",2020-10-29 20:30:30,-69,"['csco', 'smtc']"
252467138,comprehensive non-correlated semtech $smtc trading report https://tinyurl.com/y2yxfw4z,2020-10-26 12:15:06,-69,['smtc']
252343253,"#gindustry #buy wk43 $iphi, $mrvl, $amd, $qrvo, $smtc, avgo, intc, swks, nvda, mchp  #semiconductors usd smh soxl soxs soxx #growthstocks #stocks #finance #investment https://tinyurl.com/y3joem2k",2020-10-24 18:00:18,1,"['mrvl', 'smtc', 'amd', 'iphi', 'qrvo']"
251057746,$smtc semtech and tagoio collaborate to develop new cloud-based tracking solution https://www.otcdynamics.com/smtc-semtech-and-tagoio-collaborate-to-develop-new-cloud-based-tracking-solution,2020-10-19 12:32:21,-69,['smtc']
251057576,$smtc semtech builds-out lora edge™ portfolio with new enabling solutions to simplify and accelerate the development of iot applications https://www.otcdynamics.com/smtc-semtech-builds-out-lora-edge-portfolio-with-new-enabling-solutions-to-simplify-and-accelerate-the-development-of-iot-applications,2020-10-19 12:31:37,-69,['smtc']
251056827,$smtc semtech and actility create evaluation kit to streamline development of lora edge™ geolocation applications https://www.otcdynamics.com/smtc-semtech-and-actility-create-evaluation-kit-to-streamline-development-of-lora-edge-geolocation-applications,2020-10-19 12:27:34,-69,['smtc']
251052979,"$smtc [15s. delayed]: issued press release on october 19, 08:00:00: semtech and actility create evaluation kit to streamline development o https://s.flashalert.me/lbnse5",2020-10-19 12:04:56,-69,['smtc']
251052959,"$smtc [15s. delayed]: issued press release on october 19, 08:00:00: semtech and tagoio collaborate to develop new cloud-based tracking sol https://s.flashalert.me/drumev",2020-10-19 12:04:53,-69,['smtc']
251052949,"$smtc [15s. delayed]: issued press release on october 19, 08:00:00: semtech builds-out lora edge™ portfolio with new enabling solutions to https://s.flashalert.me/baktt",2020-10-19 12:04:51,-69,['smtc']
251052892,"$smtc semtech and actility create evaluation kit to streamline development of lora edge™ geolocation applications
https://www.stocktitan.net/news/smtc/semtech-and-actility-create-evaluation-kit-to-streamline-development-8hzgf19nfrvs.html",2020-10-19 12:04:27,-69,['smtc']
251052889,"$smtc semtech and tagoio collaborate to develop new cloud-based tracking solution
https://www.stocktitan.net/news/smtc/semtech-and-tago-io-collaborate-to-develop-new-cloud-based-tracking-018pymytswlo.html",2020-10-19 12:04:24,-69,['smtc']
251052877,"$smtc semtech builds-out lora edge™ portfolio with new enabling solutions to simplify and accelerate the development of iot applications
https://www.stocktitan.net/news/smtc/semtech-builds-out-lo-ra-edge-portfolio-with-new-enabling-solutions-umj8ldxr4x7w.html",2020-10-19 12:04:21,-69,['smtc']
250923431,"#gindustry #buy wk42 $iphi, $mrvl, $amd, $qrvo, $smtc, avgo, intc, swks, mchp, nvda  #semiconductors usd smh soxl soxs soxx #growthstocks #stocks #finance #investment https://tinyurl.com/y4h85ovf",2020-10-17 18:00:19,1,"['mrvl', 'smtc', 'amd', 'iphi', 'qrvo']"
250898750,comprehensive non-correlated semtech $smtc trading report https://tinyurl.com/y58jyfow,2020-10-17 09:00:05,-69,['smtc']
250421178,$smtc new article : semtech and packetworx enable remote monitoring of critical equipment with lorawan® https://www.stck.pro/news/smtc/8487468,2020-10-15 12:13:54,-69,['smtc']
250420177,semtech and packetworx enable remote monitoring of critical equipment with lorawan® http://www.conferencecalltranscripts.org/summary/?id=70576&amp;pr=true $smtc,2020-10-15 12:09:25,-69,['smtc']
250419628,"$smtc semtech and packetworx enable remote monitoring of critical equipment with lorawan®
https://www.stocktitan.net/news/smtc/semtech-and-packetworx-enable-remote-monitoring-of-critical-fqh833lpb0we.html",2020-10-15 12:07:05,-69,['smtc']
250419319,"$smtc [15s. delayed]: issued press release on october 15, 08:00:00: semtech and packetworx enable remote monitoring of critical equipment  https://s.flashalert.me/gs0h0",2020-10-15 12:05:57,-69,['smtc']
249507602,"#gindustry #buy wk41 $iphi, $mrvl, $amd, $qrvo, $smtc, avgo, intc, swks, mchp, nvda  #semiconductors usd smh soxl soxs soxx #growthstocks #stocks #finance #investment https://bit.ly/30sndrc",2020-10-10 18:00:19,1,"['mrvl', 'smtc', 'amd', 'iphi', 'qrvo']"
249186027,"$smtc emeka chukwu bought 4,000 shares [average conviction] www.insider-analysis.com/search_transactions.php?ticker=table_smtc",2020-10-08 23:35:56,-69,['smtc']
248948405,$smtc https://www.aistockfinder.com/stock-forecast/smtc semtech corp. our model foresees the price of this stock has a neutral short term outlook and has a neutral long term outlook,2020-10-08 06:43:43,-69,['smtc']
248940391,"semtech cfo emeka chukwu sells $223,400.00 in $smtc https://www.marketbeat.com/i/411222",2020-10-08 04:17:33,-69,['smtc']
248886975,$smtc new insider selling: 4000 shares. http://insiderbuyingselling.com/?t=smtc,2020-10-07 22:45:35,-69,['smtc']
248870514,"semtech corporation insider just picked up 4,000 shares  http://www.conferencecalltranscripts.org/4/summary/?id=8427938 $smtc",2020-10-07 21:18:07,-69,['smtc']
248870202,"$smtc [15s. delayed] filed sec form 4: evp and cfo chukwu emeka: 
acquired 4,000 of common stock at price $55.85 on 2020-10-07, increased  https://s.flashalert.me/ipvnxa",2020-10-07 21:16:40,-69,['smtc']
248835217,"$rell sooo $smtc aka competitor, want to buy them out",2020-10-07 19:26:55,1,"['rell', 'smtc']"
248775736,"$smtc john michael wilson sold 3,000 shares [average conviction] www.insider-analysis.com/search_transactions.php?ticker=table_smtc",2020-10-07 16:25:29,-69,['smtc']
248664244,semtech $smtc trading report http://tinyurl.com/yxqtmyqx,2020-10-07 06:30:04,-69,['smtc']
248652692,"semtech evp john michael wilson sells $166,170.00 in $smtc https://www.marketbeat.com/i/411063",2020-10-07 03:29:41,-69,['smtc']
248612141,"semtech corporation insider just disposed of 3,000 shares  http://www.conferencecalltranscripts.org/4/summary2/?id=8424932 $smtc",2020-10-06 22:59:09,-69,['smtc']
248611823,"$smtc [15s. delayed] filed sec form 4: evp wilson john michael: 
disposed 3,000 of common stock at average price $55.39 on 2020-10-06, dec https://s.flashalert.me/wr8wd",2020-10-06 22:57:32,-69,['smtc']
248345562,$smtc - acquisition by burvill martin of 1103 shares… https://www.macroaxis.com/invest/story/smtc/20123227/acquisition-by-burvill-martin-of-1103-shares-of-semtech-subject-to-rule-16b-3 #insidertrading #stocks #fintechnews,2020-10-06 01:07:03,-69,['smtc']
248236238,"$smtc: new sec filing on board of directors, paula lupriore: https://www.sec.gov/archives/edgar/data/88941/000159396820001980/xslf345x03/primary_01.xml",2020-10-05 17:25:02,-69,['smtc']
248235678,"semtech corporation insider was just granted 2,068 restricted shares  http://www.conferencecalltranscripts.org/4/summary2/?id=8418422 $smtc",2020-10-05 17:23:00,-69,['smtc']
248235656,"semtech corporation insider was just granted 2,068 restricted shares  http://www.conferencecalltranscripts.org/4/summary2/?id=8418420 $smtc",2020-10-05 17:22:55,-69,['smtc']
248235572,"$smtc [15s. delayed] filed sec form 4: director burvill martin: 
transacted derivative securities between 2020-10-01 and 2020-10-01.  https://s.flashalert.me/5avwz",2020-10-05 17:22:36,-69,['smtc']
248235382,"$smtc [15s. delayed] filed sec form 4: director lupriore paula: 
transacted derivative securities between 2020-10-01 and 2020-10-01.  https://s.flashalert.me/99syo1",2020-10-05 17:21:51,-69,['smtc']
248008627,"#gindustry #buy wk40 $iphi, $mrvl, $amd, $smtc, $qrvo, avgo, intc, swks, mchp, nvda  #semiconductors usd smh soxl soxs soxx #growthstocks #stocks #finance #investment https://bit.ly/36t8hqb",2020-10-03 18:00:18,1,"['mrvl', 'smtc', 'amd', 'iphi', 'qrvo']"
247670537,semtech corporation insider just declared ownership of no shares of semtech corporation  http://www.conferencecalltranscripts.org/5/summary2/?id=8409912 $smtc,2020-10-01 23:23:19,-69,['smtc']
247670306,"$smtc [15s. delayed] filed sec form 3: director lupriore paula: 
 https://s.flashalert.me/q5m5a",2020-10-01 23:21:52,-69,['smtc']
247670247,semtech corporation insider just declared ownership of no shares of semtech corporation  http://www.conferencecalltranscripts.org/5/summary/?id=8409907 $smtc,2020-10-01 23:21:25,-69,['smtc']
247670079,"$smtc [15s. delayed] filed sec form 3: director burvill martin: 
 https://s.flashalert.me/3vdtva",2020-10-01 23:20:27,-69,['smtc']
247641645,semtech appoints new directors to its board  http://www.conferencecalltranscripts.org/8/summary/?id=8409106 $smtc,2020-10-01 20:56:03,-69,['smtc']
