id,body,created_at,sentiment,symbols
254764177,$cohr - payment of 346 shares by kevin palatnik of… https://www.macroaxis.com/invest/story/cohr/20314042/payment-of-346-shares-by-kevin-palatnik-of-coherent-subject-to-rule-16b-3 #insidertrading #stocks #fintechnews,2020-11-06 02:05:02,-69,['cohr']
254730112,"$cohr: new sec filing on exec vp &amp; chief legal officer, bret dimarco: https://www.sec.gov/archives/edgar/data/21510/000117911020010842/xslf345x03/edgar.xml",2020-11-05 23:00:02,-69,['cohr']
254725923,coherent&#39;s chief financial officer just disposed of 346 shares  http://www.conferencecalltranscripts.org/4/summary/?id=8524043 $cohr,2020-11-05 22:42:21,-69,['cohr']
254725888,coherent&#39;s exec vp &amp; chief legal officer just picked up 225 shares  http://www.conferencecalltranscripts.org/4/summary/?id=8524041 $cohr,2020-11-05 22:42:10,-69,['cohr']
254725826,coherent&#39;s evp &amp; chief operating officer just disposed of 323 shares  http://www.conferencecalltranscripts.org/4/summary/?id=8524036 $cohr,2020-11-05 22:41:54,-69,['cohr']
254714918,"$cohr reported 2 new insider trades to the sec in the last 2 minutes.

$40,010.01 of shares sold by sobey mark stewart (evp &amp; chief operating officer)   https://newsfilter.io/articles/4-form-d127f41499ef1f6e8ad10cfc495f9889
$31,358.22 of shares sold by dimarco bret (exec vp &amp; chief legal officer)   https://newsfilter.io/articles/4-form-56a1af33fd0f1a4121abc764a438cfc9",2020-11-05 22:02:44,-69,['cohr']
254713560,"$cohr [15s. delayed] filed sec form 4: evp &amp; chief operating officer sobey mark stewart: 
delivered securities 323 of common stock at pric https://s.flashalert.me/sjlwp",2020-11-05 21:58:38,-69,['cohr']
254713363,"$cohr [15s. delayed] filed sec form 4: exec vp &amp; chief legal officer dimarco bret: 
delivered securities 254 of common stock at price $123 https://s.flashalert.me/qedfuq",2020-11-05 21:58:06,-69,['cohr']
254713255,"$cohr [15s. delayed] filed sec form 4: chief financial officer palatnik kevin s.: 
delivered securities 346 of common stock at price $123. https://s.flashalert.me/rmo3k",2020-11-05 21:57:45,-69,['cohr']
254713144,"$cohr $42,859.02 of shares sold by palatnik kevin s. (chief financial officer), reported in a new form 4 filed with the sec  

https://newsfilter.io/a/e9fca0e17f65a6f447e87c121ac45304",2020-11-05 21:57:24,-69,['cohr']
254344761,coherent $cohr bidaskscore is upgraded to held https://bidaskclub.com/news/company/2020-11-03/cohr,2020-11-04 14:41:02,-69,['cohr']
254339422,"$cohr coherent launches amplify virtual event series delivering education, networking, and enablement for users of photonics technology https://www.otcdynamics.com/cohr-coherent-launches-amplify-virtual-event-series-delivering-education-networking-and-enablement-for-users-of-photonics-technology",2020-11-04 14:22:03,-69,['cohr']
254334723,"$cohr coherent launches amplify virtual event series delivering education, networking, and enablement for users of photonics technology 

https://newsfilter.io/a/da5cc4cfce31c54ada3005abc15860bd",2020-11-04 14:00:38,-69,['cohr']
254334693,"$cohr coherent launches amplify virtual event series delivering education, networking, and enablement for users of photonics technology
https://www.stocktitan.net/news/cohr/coherent-launches-amplify-virtual-event-series-delivering-education-unqhm0y1mxtq.html",2020-11-04 14:00:31,-69,['cohr']
253581968,comprehensive non-correlated coherent $cohr trading report https://tinyurl.com/y6qxx7q7,2020-10-30 16:30:05,-69,['cohr']
253373027,$cohr anyone buying puts in the morning?,2020-10-29 20:25:24,-1,['cohr']
253362499,$cohr - http://www.trade-ideas.com/ticky/ticky.html?symbol=cohr - trading down pretty good in the post market - new postmarket low.  next support 78.7666 from 3/19/2020.,2020-10-29 20:05:13,-69,['cohr']
253095102,"$cohr coherent, inc. announces live webcast of fourth quarter fiscal year 2020 results
https://www.stocktitan.net/news/cohr/coherent-inc-announces-live-webcast-of-fourth-quarter-fiscal-year-alr9lhwbe5e3.html",2020-10-28 20:06:24,-69,['cohr']
253094899,"$cohr coherent announces live webcast of fourth quarter fiscal year 2020 results 

https://newsfilter.io/a/99e493af9027a8be776b166b5c612196",2020-10-28 20:06:05,-69,['cohr']
252403181,$cohr - upcoming quarterly report will be announced on 3rd of november… https://www.macroaxis.com/stock-analysis/cohr/coherent #stocks #earnings,2020-10-25 17:39:32,-69,['cohr']
251580670,coherent $cohr bidaskscore is upgraded to sold https://bidaskclub.com/news/company/2020-10-20/cohr,2020-10-21 13:58:03,-69,['cohr']
251564496,comprehensive non-correlated coherent $cohr trading report https://tinyurl.com/y3tcxad5,2020-10-21 13:15:05,-69,['cohr']
249762244,"sigma labs $sglb dd:

high level:
7m ev
43 patents

i believe their assets are grossly undervalued.

the tech is legit - and in used by major companies from $cohr to mitsubishi. company has major industry connections.

qa and consistency is key to future generations of 3d printing, and $sglb is a key player innovating on this problem. they are the market leader for this qa aspect of printing.",2020-10-12 18:59:56,1,"['cohr', 'sglb']"
249628614,coherent $cohr trading report http://tinyurl.com/y63m263u,2020-10-12 09:15:08,-69,['cohr']
248882270,"$cohr: new sec filing on president and ceo, andreas w mattes: https://www.sec.gov/archives/edgar/data/21510/000117911020010343/xslf345x03/edgar.xml",2020-10-07 22:19:02,-69,['cohr']
248875869,"coherent&#39;s evp &amp; chief operating officer just picked up 12,584 shares  http://www.conferencecalltranscripts.org/4/summary/?id=8428089 $cohr",2020-10-07 21:45:28,-69,['cohr']
248875868,"coherent&#39;s president and ceo just picked up 16,599 shares  http://www.conferencecalltranscripts.org/4/summary/?id=8428088 $cohr",2020-10-07 21:45:27,-69,['cohr']
248875829,"$cohr [15s. delayed] filed sec form 4: president and ceo mattes andreas w: 
granted 16,599 of common stock at price $0 on 2020-10-05, incr https://s.flashalert.me/uljnc",2020-10-07 21:45:16,-69,['cohr']
248875803,"coherent&#39;s exec vp &amp; chief legal officer just picked up 6,067 shares  http://www.conferencecalltranscripts.org/4/summary/?id=8428085 $cohr",2020-10-07 21:45:10,-69,['cohr']
248875709,"$cohr [15s. delayed] filed sec form 4: evp &amp; chief operating officer sobey mark stewart: 
granted 12,584 of common stock at price $0 on 20 https://s.flashalert.me/0pl5s",2020-10-07 21:44:41,-69,['cohr']
248875633,"$cohr [15s. delayed] filed sec form 4: exec vp &amp; chief legal officer dimarco bret: 
granted 6,067 of common stock at price $0 on 2020-10-0 https://s.flashalert.me/xtrbbe",2020-10-07 21:44:17,-69,['cohr']
248481157,"networknewsbreaks – $sglb announces launch of printrite3d(r) lite ipqa(r), award of first contract for new solution $cohr https://ibn.fm/45nzn",2020-10-06 16:29:43,-69,"['cohr', 'sglb']"
248401377,"$cohr $sglb 
sigma labs awarded contract from coherent for its new printrite3d lite in-process quality assurance system 
 
#fintwit",2020-10-06 12:42:23,-69,"['cohr', 'sglb']"
247726462,coherent $cohr trading report http://tinyurl.com/y26p984z,2020-10-02 06:45:04,-69,['cohr']
246729455,$eman $amat $auo $cohr,2020-09-28 16:01:23,1,"['amat', 'cohr', 'auo', 'eman']"
246558367,coherent $cohr bidaskscore is #reiterated to stronglysold https://bidaskclub.com/news/company/2020-09-25/cohr,2020-09-27 12:47:04,-69,['cohr']
245593031,coherent $cohr trading report http://tinyurl.com/y3tjlsbp,2020-09-23 01:45:04,-69,['cohr']
244503253,"$cohr coherent was awarded a new government contract &quot;femtosecond laser system&quot;, total contract value: $48,500 

https://newsfilter.io/a/dd5bf9542a019581eb3b685be4c2a384",2020-09-17 16:41:17,-69,['cohr']
244062234,"💰 revenue history for coherent ($cohr)️:

2020 q2 :   $0.29 b     +1.77%
2020 q1 :   $0.29 b     -8.61%
2019 q4 :   $0.32 b

more: https://companiesmarketcap.com/coherent/revenue/",2020-09-16 05:15:24,-69,['cohr']
243652392,coherent upgraded by vertical research to neutral. https://www.marketbeat.com/r/1477376 $cohr,2020-09-14 18:06:31,-69,['cohr']
243575455,coherent upgraded by vertical group to neutral. https://www.marketbeat.com/r/1477335 $cohr,2020-09-14 14:22:05,-69,['cohr']
243575384,coherent (nasdaq:cohr) upgraded by vertical group to neutral $cohr #cohr https://www.marketbeat.com/n/4459329/,2020-09-14 14:21:55,-69,['cohr']
243477301,coherent $cohr bidaskscore is #reiterated to stronglysold https://bidaskclub.com/news/company/2020-09-10/cohr,2020-09-14 00:02:03,-69,['cohr']
243459153,coherent $cohr trading report http://tinyurl.com/yxpeh3ol,2020-09-13 20:45:04,-69,['cohr']
242815620,"$310.60 million in sales expected for coherent, inc. (nasdaq:cohr) this quarter $cohr #cohr https://www.marketbeat.com/n/4455984/",2020-09-10 07:42:11,-69,['cohr']
242544136,"have you seen this? $cohr in -3.87% downtrend, falling for three consecutive days on september 8, 2020. view odds for this and other indicators: https://srnk.us/go/2082540",2020-09-09 06:58:25,-69,['cohr']
242481989,$cohr why shares of laser maker coherent fell by 18.9% in august http://dlvr.it/rgdtfx,2020-09-08 22:11:34,-69,['cohr']
242480593,$cohr new article : why shares of laser maker coherent fell by 18.9% in august https://www.stck.pro/news/cohr/7557992,2020-09-08 22:05:24,-69,['cohr']
242092892,"do you agree with the a.i. prediction? $cohr in -5.09% downtrend, sliding for three consecutive days on september 4, 2020. view odds for this and other indicators: https://srnk.us/go/2067612",2020-09-05 22:58:20,-69,['cohr']
242054375,do you agree with the a.i. prediction? $cohr enters uptrend as momentum indicator ascends above 0 level. view odds of uptrend. https://srnk.us/go/2066623,2020-09-05 14:09:20,1,['cohr']
241877748,coherent $cohr trading report http://tinyurl.com/y5c6m42t,2020-09-04 15:45:04,-69,['cohr']
241245637,$cohr all out 118,2020-09-02 17:47:43,-69,['cohr']
241157137,"$cohr out this lot, risk mgmt 114.37",2020-09-02 14:29:18,-69,['cohr']
240918168,$cohr added back 109.43,2020-09-01 18:33:12,-69,['cohr']
240582389,$cohr out this lot 114.52,2020-08-31 18:02:02,-69,['cohr']
240050293,have you seen this? $cohr rsi indicator left the oversold zone. view odds of uptrend. https://srnk.us/go/2040029,2020-08-28 14:30:11,1,['cohr']
239313642,coherent $cohr trading report http://tinyurl.com/yy567mcr,2020-08-26 10:45:03,-69,['cohr']
239054806,$cohr added 109.51,2020-08-25 14:32:19,-69,['cohr']
238479519,"coherent, inc. (nasdaq:cohr) given average recommendation of &quot;hold&quot; by analysts $cohr #cohr https://www.marketbeat.com/n/4438047/",2020-08-22 17:33:16,-69,['cohr']
238261218,coherent $cohr bidaskscore is lowered to stronglysold https://bidaskclub.com/news/company/2020-08-20/cohr,2020-08-21 15:29:02,-69,['cohr']
238240419,$cohr new article : coherent cfo set to retire next year https://www.stck.pro/news/cohr/7135522,2020-08-21 14:44:05,-69,['cohr']
238239786,"$cohr coherent cfo set to retire next year 

https://newsfilter.io/a/4a845f7d1a69e97be2292572bba8d0c1",2020-08-21 14:42:55,-69,['cohr']
238142486,coherent downgraded by bidaskclub to strong sell. https://www.marketbeat.com/r/1469177 $cohr,2020-08-21 05:03:53,-69,['cohr']
238050201,"$cohr: coherent, inc.&#39;s chief financial officer, kevin palatnik, to retire by march 2021 https://www.chartmill.com/stock/quote/cohr/news?utm_source=stocktwits&amp;utm_medium=pressrelease&amp;utm_content=cohr&amp;utm_campaign=social_tracking",2020-08-20 20:56:00,-69,['cohr']
238039121,"$cohr new article : coherent, inc.&#39;s chief financial officer, kevin palatnik, to retire by march 2021 https://www.stck.pro/news/cohr/7116966",2020-08-20 20:26:24,-69,['cohr']
238037083,$cohr just filed with the sec a event for officers and a financial exhibit https://last10k.com/sec-filings/cohr/0001104659-20-097239.htm?utm_source=stocktwits&amp;utm_medium=forum&amp;utm_campaign=8k&amp;utm_term=cohr,2020-08-20 20:21:37,-69,['cohr']
238035345,"$cohr [15s. delayed] filed form 8-k on august 20, 16:16:41: item5.02: departure of election 0f officers or compensatory arrangements https://s.flashalert.me/gfwnl",2020-08-20 20:17:41,-69,['cohr']
238035179,"$cohr form 8-k: departure of directors or certain officers; election of directors; appointment of certain officers; compensatory arrangements of certain officers retirement of kevin palatnik on august.. 

https://newsfilter.io/a/eb9bab93a0837a25bc47c1315fc94ab4",2020-08-20 20:17:19,-69,['cohr']
238032957,"$cohr coherent, inc.&#39;s chief financial officer, kevin palatnik, to retire by march 2021 https://www.otcdynamics.com/cohr-coherent-inc-s-chief-financial-officer-kevin-palatnik-to-retire-by-march-2021",2020-08-20 20:12:35,-69,['cohr']
238029321,"$cohr coherent, inc.&#39;s chief financial officer, kevin palatnik, to retire by march 2021
https://www.stocktitan.net/news/cohr/coherent-inc-s-chief-financial-officer-kevin-palatnik-to-retire-by-dbobd569ihgr.html",2020-08-20 20:05:37,-69,['cohr']
238029229,"$cohr coherent&#39;s chief financial officer, kevin palatnik, to retire by march 2021 

https://newsfilter.io/a/6586ad6a92b0502f16b9f186b70629e4",2020-08-20 20:05:30,-69,['cohr']
238006412,$cohr starter 114.6,2020-08-20 19:16:02,-69,['cohr']
237511031,"$cohr
coherent

coming in the buying zones. 105 - 120 looks to be a safer area to buy.
targeting later this year at 180 regions.
has potential for upside with a better r:r
watch out below 100 (risk)

dont forget to follow :)

#usa #nasdaq #nyse #cohr #mfstocksusa",2020-08-19 13:04:43,1,['cohr']
236888111,coherent $cohr trading report http://tinyurl.com/y4w266ak,2020-08-17 05:45:03,-69,['cohr']
236678390,$cohr was analyzed by 7 analysts. the buy consensus is at 89%. so analysts seem to be very confident about $cohr. https://www.chartmill.com/stock/analyzer/stock/cohr?view=analyst-ratings&amp;utm_source=stocktwits&amp;utm_medium=analyst&amp;utm_content=cohr&amp;utm_campaign=social_tracking,2020-08-14 23:17:00,-69,['cohr']
236469105,"shelter haven capital management l.p.,has filed form 13f for q2 2020.opened new positions in $cohr $gluu $qrvo $sats",2020-08-14 13:10:25,-69,"['cohr', 'gluu', 'sats', 'qrvo']"
235960661,last10k highlighted 110 positive and negative remarks in $cohr&#39;s 10-q filed today. see them in the quarterly report: https://last10k.com/sec-filings/cohr/0000021510-20-000033.htm?utm_source=stocktwits&amp;utm_medium=forum&amp;utm_campaign=sentiment&amp;utm_term=cohr,2020-08-12 22:00:25,-69,['cohr']
235927107,$cohr just filed a 10-q quarterly report with 80 sections and 6 exhibits. access them all or just read their earnings: https://last10k.com/sec-filings/cohr/0000021510-20-000033.htm?utm_source=stocktwits&amp;utm_medium=forum&amp;utm_campaign=10kq2040f&amp;utm_term=cohr,2020-08-12 20:25:02,-69,['cohr']
235921885,coherent just filed its quarterly report: earnings per share b... http://www.conferencecalltranscripts.org/q/summary/?id=8232134 $cohr,2020-08-12 20:13:41,-69,['cohr']
235919205,"$cohr [15s. delayed] filed form 10-q on august 12, 16:06:39 https://s.flashalert.me/5io3r8",2020-08-12 20:08:14,-69,['cohr']
235919018,"$cohr form 10-q (quarterly report [sections 13 or 15(d)]) filed with the sec 

https://newsfilter.io/a/9862556357567544298214ef4b6345ff",2020-08-12 20:07:55,-69,['cohr']
234952321,northcoast research lowers coherent fy2020 earnings estimates to $1.27 eps (previously $1.31). https://www.marketbeat.com/x/888715 $cohr,2020-08-10 09:12:48,-69,['cohr']
234630835,coherent $cohr trading report http://tinyurl.com/y4hnzc6x,2020-08-07 20:00:04,-69,['cohr']
233833443,"coherent (nasdaq:cohr) releases earnings results, beats expectations by $0.31 eps $cohr #cohr https://www.marketbeat.com/n/4422073/",2020-08-05 17:03:35,-69,['cohr']
233828646,$cohr new article : coherent slides after soft fq4 revenue outlook https://www.stck.pro/news/cohr/6791788,2020-08-05 16:51:52,-69,['cohr']
233826743,"$cohr coherent slides after soft fq4 revenue outlook 

https://newsfilter.io/a/367844a24d67040f34e47c7a32fbd3e4",2020-08-05 16:47:28,-69,['cohr']
233715769,coherent&#39;s pt cut by benchmark co. to $160.00. buy rating. https://www.marketbeat.com/r/1458993 $cohr,2020-08-05 12:39:02,-69,['cohr']
233711412,$cohr benchmark maintains to buy : pt $160.00 https://stockhoot.com/extsymbol.aspx?from=analystratingtweet&amp;symbol=cohr&amp;t=690&amp;social=stocktwits,2020-08-05 12:25:20,-69,['cohr']
233698817,coherent&#39;s hold rating reiterated at needham &amp; company llc. https://www.marketbeat.com/r/1458844 $cohr,2020-08-05 11:35:06,-69,['cohr']
233607483,$cohr updates q4 2020after-hours guidance to eps and revenue guidance to $290-320 million. https://www.marketbeat.com/g/50602,2020-08-04 23:07:14,-69,['cohr']
233588076,"$cohr reported a loss of $0.01, consensus was ($0.18) via @ewhispers #epsbeat http://eps.sh/d/cohr",2020-08-04 21:53:29,-69,['cohr']
233569480,$cohr just filed with the sec a earnings release and a financial exhibit https://last10k.com/sec-filings/cohr/0000021510-20-000026.htm?utm_source=stocktwits&amp;utm_medium=forum&amp;utm_campaign=8k&amp;utm_term=cohr,2020-08-04 20:57:20,-69,['cohr']
233554011,"$cohr coherent eps beats by $0.31, beats on revenue 

https://newsfilter.io/a/589badc9a29d05c5ba1aff2183716e97",2020-08-04 20:22:25,-69,['cohr']
233551910,"$cohr new article : coherent, inc. reports third fiscal quarter results https://www.stck.pro/news/cohr/6772982",2020-08-04 20:18:11,-69,['cohr']
233548304,"$cohr [15s. delayed, acc.~90%, always check] earnings release august 04, 16:05:00: q3: non-gaap eps of $0.52, gaap eps of -$0.36, revenue  https://s.flashalert.me/djynx6",2020-08-04 20:11:29,-69,['cohr']
233548218,"$cohr [15s. delayed]: issued press release on august 04, 16:05:00: coherent, inc. reports third fiscal quarter results https://s.flashalert.me/jygjm4",2020-08-04 20:11:20,-69,['cohr']
233548164,"$cohr coherent, inc. reports third fiscal quarter results https://www.otcdynamics.com/cohr-coherent-inc-reports-third-fiscal-quarter-results",2020-08-04 20:11:16,-69,['cohr']
233546360,"$cohr [15s. delayed] filed form 8-k on august 04, 16:05:48 https://s.flashalert.me/d413uw",2020-08-04 20:07:52,-69,['cohr']
233546180,"$cohr form 8-k: results of operations and financial conditionon august 4, 2020, coherent issued a press release regarding its financial results for the fiscal quarter ended july 4, 2020. a copy of the.. 

https://newsfilter.io/a/5da87aeb28641dd0caa4c640234d89e8",2020-08-04 20:07:30,-69,['cohr']
233545366,"$cohr coherent, inc. reports third fiscal quarter results
https://www.stocktitan.net/news/cohr/coherent-inc-reports-third-fiscal-quarter-5h71hyvd6f1s.html",2020-08-04 20:06:08,-69,['cohr']
233545058,"$cohr coherent reports third fiscal quarter results 

https://newsfilter.io/a/a63e9f811ab6078711e96b4464f9045d",2020-08-04 20:05:40,-69,['cohr']
233501857,"$cohr earnings call today: 4:30 pm est 
analyst rating: strong buy 
webcast: http://mmm.wallstreethorizon.com/u.asp?u=334389",2020-08-04 18:19:01,-69,['cohr']
233425351,$cohr is scheduled to report #earnings after the market closes today via @ewhispers http://eps.sh/s/cohr,2020-08-04 15:02:51,-69,['cohr']
233424037,"$cohr reports after the close, estimize consensus +0.22 eps and +9.89m revs compared to ws
http://www.estimize.com/cohr/fq3-2020?utm_content=prerelease&amp;utm_medium=tweet&amp;utm_source=stocktwits",2020-08-04 15:00:09,-69,['cohr']
233230268,$cohr new article : coherent announces executive leadership changes https://www.stck.pro/news/cohr/6749746,2020-08-03 20:42:56,-69,['cohr']
233229901,$cohr coherent announces executive leadership changes https://www.otcdynamics.com/cohr-coherent-announces-executive-leadership-changes,2020-08-03 20:41:59,-69,['cohr']
233227664,"$cohr [15s. delayed]: issued press release on august 03, 16:15:00: coherent announces executive leadership changes https://s.flashalert.me/9qqnm",2020-08-03 20:36:09,-69,['cohr']
233220358,"$cohr coherent announces executive leadership changes
https://www.stocktitan.net/news/cohr/coherent-announces-executive-leadership-x35fcoofqvk9.html",2020-08-03 20:15:54,-69,['cohr']
233220288,"$cohr coherent announces executive leadership changes 

https://newsfilter.io/a/1228859910320f6448acd4d2a7966211",2020-08-03 20:15:33,-69,['cohr']
233197886,$cohr broke through both 50 and 200 dma today -reporting earnings tomorrow post close -oled and insdustrial recovery should power the company,2020-08-03 19:19:51,1,['cohr']
233138507,$cohr new article : earnings outlook for coherent https://www.stck.pro/news/cohr/6744826,2020-08-03 16:41:06,-69,['cohr']
232383233,"coherent ($cohr) current daily volatility is 2.97%, with beta of… https://www.macroaxis.com/invest/stock/cohr/coherent #trading #ideas #stocks",2020-07-30 22:25:17,-69,['cohr']
231313916,"$cohr coherent +9% after longbow upgrade on oled potential 

https://newsfilter.io/a/1ded6e1fc95e6fc109fc73ff15ffd364",2020-07-27 19:22:17,-69,['cohr']
231313848,$cohr new article : coherent +9% after longbow upgrade on oled potential https://www.stck.pro/news/cohr/6601252,2020-07-27 19:22:06,-69,['cohr']
231260595,upgrades &amp; downgrades 2: $www $oled $tsm $nee $cohr,2020-07-27 16:39:30,-69,"['cohr', 'tsm', 'www', 'nee', 'oled']"
231159982,coherent upgraded by longbow research to buy. $165.00 pt. https://www.marketbeat.com/r/1451433 $cohr,2020-07-27 11:07:29,-69,['cohr']
231156294,$cohr longbow research upgrades to buy : pt $165.00 https://stockhoot.com/extsymbol.aspx?from=analystratingtweet&amp;symbol=cohr&amp;t=38&amp;social=stocktwits,2020-07-27 10:29:14,-69,['cohr']
229717319,"$cohr new article : coherent, inc. announces live webcast of third quarter fiscal year 2020 results https://www.stck.pro/news/cohr/6450433",2020-07-21 20:57:12,-69,['cohr']
229708271,"$cohr [15s. delayed]: issued press release on july 21, 16:05:00: coherent, inc. announces live webcast of third quarter fiscal year 2020 r https://s.flashalert.me/ilrllk",2020-07-21 20:31:23,-69,['cohr']
229704228,"coherent, inc. announces live webcast of third quarter fiscal year 2020 results http://www.conferencecalltranscripts.org/include?location=https://www.prnewswire.com:443/news-releases/coherent-inc-announces-live-webcast-of-third-quarter-fiscal-year-2020-results-301097378.html $cohr",2020-07-21 20:21:21,-69,['cohr']
229700917,"$cohr coherent, inc. announces live webcast of third quarter fiscal year 2020 results https://www.otcdynamics.com/cohr-coherent-inc-announces-live-webcast-of-third-quarter-fiscal-year-2020-results",2020-07-21 20:13:58,-69,['cohr']
229696928,"$cohr coherent announces live webcast of third quarter fiscal year 2020 results 

https://newsfilter.io/a/926bf5d4933f938e6c55310ddd036bb9",2020-07-21 20:05:32,-69,['cohr']
229085883,coherent $cohr trading report http://tinyurl.com/yyklm7w9,2020-07-19 23:00:04,-69,['cohr']
227176333,"when comparing the current ratio to the industry average of 2.80, $cohr has a better ratio. https://www.chartmill.com/stock/analyzer/stock/cohr?view=fundamental-analysis&amp;key=9d3fe413-1776-4162-9064-c4b2b8163988&amp;utm_source=stocktwits&amp;utm_medium=fa&amp;utm_content=cohr&amp;utm_campaign=social_tracking",2020-07-13 00:56:00,-69,['cohr']
227165278,#5g stocks should move tomorrow on $adi $mxim https://www.marketwatch.com/story/chip-maker-analog-poised-to-buy-rival-maxim-integrated-for-more-than-17-billion-2020-07-12?link=mw_latest_news  $xlnx $insg $cohr etc,2020-07-12 23:08:20,1,"['cohr', 'mxim', 'insg', 'xlnx', 'adi']"
226682760,coherent $cohr trading report http://tinyurl.com/y8f7taj8,2020-07-10 12:30:04,-69,['cohr']
226419833,$cohr $oled and $lpl big beneficiaries to oled adoption-  $aapl i phone will be launching via nikkei in all devices coherent also has industrial lasers china recovery  https://seekingalpha.com/news/3589021-apple-sticking-oleds-for-5g-iphones-nikkei,2020-07-09 13:46:39,1,"['aapl', 'cohr', 'lpl', 'oled']"
225825283,"apple sticking with oleds for 5g iphones - nikkei https://seekingalpha.com/news/3589021-apple-sticking-oleds-for-5g-iphones-nikkei

$aapl $cohr $oled $lpl benefit from increased oled adoption.",2020-07-07 13:59:27,-69,"['aapl', 'cohr', 'lpl', 'oled']"
225760252,coherent downgraded by bidaskclub to sell. https://www.marketbeat.com/r/1440289 $cohr,2020-07-07 05:14:31,-69,['cohr']
225310218,have you seen this? $cohr rsi indicator left the oversold zone. view odds of uptrend. https://srnk.us/go/1814100,2020-07-04 11:57:34,1,['cohr']
224422826,coherent $cohr trading report http://tinyurl.com/yayfzmzc,2020-07-01 02:00:05,-69,['cohr']
222704552,coherent ($cohr) current valuation is undervalued. the real value… https://www.macroaxis.com/invest/stock/cohr/coherent #trading #ideas #stocks,2020-06-25 02:08:41,-69,['cohr']
222660873,"this is amazing! what do you think? $cohr in downtrend: its price may decline as a result of having broken its higher bollinger band on june 5, 2020. view odds for this and other indicators: https://srnk.us/go/1776757",2020-06-24 22:36:33,-69,['cohr']
221670215,coherent $cohr trading report http://tinyurl.com/y8nrnhcz,2020-06-21 15:15:04,-69,['cohr']
221659369,coherent $cohr bidaskscore is downgraded to held https://bidaskclub.com/news/company-news/company-news-company-news/2020/06/coherent-cohr-bidaskscore-is-downgraded-to-held/,2020-06-21 12:04:07,-69,['cohr']
221573658,coherent downgraded by bidaskclub to hold. https://www.marketbeat.com/r/1432742 $cohr,2020-06-20 11:31:55,-69,['cohr']
219406008,coherent $cohr trading report http://tinyurl.com/y6w22apj,2020-06-12 04:45:04,-69,['cohr']
219054832,double top signal alert: $cohr. more insights: https://stockinvest.us/technical-analysis/cohr?utm_source=stocktwits&amp;utm_medium=autopost,2020-06-11 11:42:39,-1,['cohr']
218061617,$cohr new article : how coherent shares rose 13.6% last month https://dashboard.stck.pro/news.php?ticker=cohr&amp;rowid=5285318,2020-06-08 17:23:12,-69,['cohr']
217693352,"$cohr: new sec filing on exec vp &amp; general counsel, bret dimarco: https://www.sec.gov/archives/edgar/data/21510/000117911020007054/xslf345x03/edgar.xml",2020-06-06 05:09:02,-69,['cohr']
217638054,"$cohr $17,173.02 of shares acquired by dimarco bret (exec vp &amp; general counsel), reported in a new form 4 filed with the sec  https://newsfilter.io/a/0957847ae41b3d83729c7dc730b9100b",2020-06-05 21:26:18,-69,['cohr']
217637360,coherent&#39;s exec vp &amp; general counsel just picked up 158 shares  http://www.conferencecalltranscripts.org/4/summary2/?id=7994834 $cohr,2020-06-05 21:23:30,-69,['cohr']
217637061,coherent&#39;s chief financial officer just picked up 159 shares  http://www.conferencecalltranscripts.org/4/summary2/?id=7994826 $cohr,2020-06-05 21:22:13,-69,['cohr']
217636919,"$cohr [15s. delayed] filed sec form 4: exec vp &amp; general counsel dimarco bret: 
granted 158 of common stock at price $108.69 on 2020-04-30 https://s.flashalert.me/djok0",2020-06-05 21:21:38,-69,['cohr']
217636712,"$cohr [15s. delayed] filed sec form 4: chief financial officer palatnik kevin s.: 
granted 159 of common stock at price $108.69 on 2020-04 https://s.flashalert.me/rkviu",2020-06-05 21:20:50,-69,['cohr']
217636619,"$cohr $17,281.71 of shares acquired by palatnik kevin s. (chief financial officer), reported in a new form 4 filed with the sec  

https://newsfilter.io/a/3f371c046d6db6be1fc2c897e6e72087",2020-06-05 21:20:30,-69,['cohr']
217439291,"coherent, inc. – $cohr – confident investor rating: poor #invest https://t.co/pdpiqz5lom",2020-06-05 13:49:03,-69,['cohr']
216514086,coherent $cohr trading report http://tinyurl.com/yaey483o,2020-06-02 18:15:03,-69,['cohr']
215981075,coherent&#39;s buy rating reiterated at susquehanna bancshares inc. $170.00 pt. https://www.marketbeat.com/r/1422220 $cohr,2020-05-30 07:44:10,-69,['cohr']
215975172,"td sell $cohr at 145.21, supp 129.74 resis 149.16 r15  hilo 67% t1y 164 buy 2.4 pe 145.1 div n/a #coherent,  #stocks #trading #finance #market http://tinyurl.com/y8uvyhkl",2020-05-30 04:52:36,-1,['cohr']
254919616,"2020-11-06 18:40:32+00:00 $chtr, $cohr, $jnj, $trex    moving",2020-11-06 18:40:32,-69,"['chtr', 'cohr', 'jnj', 'trex']"
254942436,"2020-11-06 20:07:10+00:00 $aaon, $cohr, $hska    moving",2020-11-06 20:07:11,-69,"['aaon', 'cohr', 'hska']"
254999697,good move or bad move? $cohr price may drop as it breaks higher bollinger band. view odds of downtrend. https://srnk.us/go/2289950,2020-11-07 01:17:14,-1,['cohr']
255020771,coherent to release earnings after the market closes on tuesday. analysts expect 0.36 eps. www.marketbeat.com/p/494490 $cohr #cohr,2020-11-07 06:02:14,-69,['cohr']
255025764,"2020-11-07 09:23:28+00:00 $cday, $cohr    bullish move",2020-11-07 09:23:28,-69,"['cohr', 'cday']"
255081744,oh wow this is big! $cohr rsi indicator left the overbought zone. view odds of downtrend. https://srnk.us/go/2293192,2020-11-07 22:23:19,-1,['cohr']
