id,body,created_at,sentiment,symbols
254759361,last10k highlighted 23 positive and negative remarks in $bhe&#39;s 10-q filed today. see them in the quarterly report: https://last10k.com/sec-filings/bhe/0000863436-20-000030.htm?utm_source=stocktwits&amp;utm_medium=forum&amp;utm_campaign=sentiment&amp;utm_term=bhe,2020-11-06 01:31:05,-69,['bhe']
254726756,$bhe just filed a 10-q quarterly report with 75 sections and 4 exhibits. access them all or just read their earnings: https://last10k.com/sec-filings/bhe/0000863436-20-000030.htm?utm_source=stocktwits&amp;utm_medium=forum&amp;utm_campaign=10kq2040f&amp;utm_term=bhe,2020-11-05 22:45:46,-69,['bhe']
254723715,benchmark electronics just filed its quarterly report: note 15 – earnings p... http://www.conferencecalltranscripts.org/q/summary/?id=8523894 $bhe,2020-11-05 22:33:20,-69,['bhe']
254711920,"$bhe [15s. delayed] filed form 10-q on november 05, 16:51:43 https://s.flashalert.me/k3ehp2",2020-11-05 21:53:24,-69,['bhe']
254711820,"$bhe form 10-q (quarterly report [sections 13 or 15(d)]) filed with the sec 

https://newsfilter.io/a/005d8fe689fcd183cba20079084a2c93",2020-11-05 21:53:02,-69,['bhe']
254042837,pivotpoint bottom signal alert: $bhe. more insights: https://stockinvest.us/technical-analysis/bhe?utm_source=stocktwits&amp;utm_medium=autopost,2020-11-03 02:44:02,1,['bhe']
253869047,$bhe be a motivator at the same time a good listener bulls. read some of these good news this morning. check disclaimer on my profile.http://psce.pw/thesurgeofecommerce,2020-11-02 13:19:59,1,['bhe']
253795709,"is this good for your portfolio? $bhe in uptrend: price expected to rise as it breaks its lower bollinger band on october 28, 2020. view odds for this and other indicators: https://srnk.us/go/2270408",2020-11-01 18:01:29,-69,['bhe']
253732853,benchmark electronics (bhe) announces earnings. $0.32 eps. beats estimates. 10.21m earnings. $bhe https://www.tipranks.com/stocks/bhe/earnings-calendar?ref=trearnings,2020-10-31 17:48:01,-69,['bhe']
253465627,possible runner signal alert: $bhe. more insights: https://stockinvest.us/technical-analysis/bhe?utm_source=stocktwits&amp;utm_medium=autopost,2020-10-30 05:43:36,1,['bhe']
253420941,comprehensive non-correlated benchmark electronics $bhe trading report https://tinyurl.com/y6drsn9u,2020-10-29 23:15:04,-69,['bhe']
253206356,benchmark reports third quarter 2020 results  http://www.conferencecalltranscripts.org/8/summary/?id=8489969 $bhe,2020-10-29 11:47:16,-69,['bhe']
253194894,"$bhe form 8-k: results of operations and financial condition. on october 28, 2020, benchmark electronics issued a press release announcing its results of operations for the quarter ended september 30,.. 

https://newsfilter.io/a/5c6c5dac60464f1e5882cd8172e2bf0e",2020-10-29 10:11:33,-69,['bhe']
253194296,$bhe just filed with the sec a earnings release and a financial exhibit https://last10k.com/sec-filings/bhe/0000863436-20-000028.htm?utm_source=stocktwits&amp;utm_medium=forum&amp;utm_campaign=8k&amp;utm_term=bhe,2020-10-29 10:06:22,-69,['bhe']
253159316,$bhe updates q4 guidance to $0.32-0.36 eps and revenue guidance to $500-540 million. https://www.marketbeat.com/g/52199,2020-10-29 01:03:53,-69,['bhe']
253132115,$bhe updates q4 2020after-hours guidance to 0.32-0.36 eps and revenue guidance to $500-540 million. https://www.marketbeat.com/g/52177,2020-10-28 22:14:14,-69,['bhe']
253131962,"$bhe reported earnings of $0.32, consensus was $0.28 via @ewhispers #epsbeat http://eps.sh/d/bhe",2020-10-28 22:13:24,-69,['bhe']
253108422,"benchmark electronics q3 adj. eps $0.32 beats $0.28 estimate, sales $526.00m beat $511.33m estimate

related tickers: $bhe",2020-10-28 20:38:24,-69,['bhe']
253105513,"$bhe earnings call today: 5:00 pm est 
analyst rating: strong buy 
webcast: http://mmm.wallstreethorizon.com/u.asp?u=349210",2020-10-28 20:30:28,-69,['bhe']
253102539,$bhe new article : benchmark reports third quarter 2020 results https://www.stck.pro/news/bhe/8806531,2020-10-28 20:22:45,-69,['bhe']
253101879,"$bhe [15s. delayed, acc.~90%, always check] earnings release october 28, 16:07:00: q3: non-gaap eps of $0.32, gaap eps of $0.16, revenue $ https://s.flashalert.me/e0mymq",2020-10-28 20:21:07,-69,['bhe']
253101774,"$bhe [15s. delayed]: issued press release on october 28, 16:07:00: benchmark reports third quarter 2020 results https://s.flashalert.me/lgole",2020-10-28 20:20:56,-69,['bhe']
253099608,"$bhe benchmark electronics eps beats by $0.04, beats on revenue 

https://newsfilter.io/a/c46cfae1ccb2b54f52b11e3aa78e6bca",2020-10-28 20:15:58,-69,['bhe']
253095694,"$bhe benchmark reports third quarter 2020 results 

https://newsfilter.io/a/bfffe1d0c25263dffd14137a613851bc",2020-10-28 20:07:38,-69,['bhe']
253095668,"$bhe benchmark reports third quarter 2020 results
https://www.stocktitan.net/news/bhe/benchmark-reports-third-quarter-2020-cdhrhcc030ld.html",2020-10-28 20:07:35,-69,['bhe']
253002330,"$bhe reports after the close, estimize consensus +0 eps and +4.11m revs compared to ws
http://www.estimize.com/bhe/fq3-2020?utm_content=prerelease&amp;utm_medium=tweet&amp;utm_source=stocktwits",2020-10-28 15:00:22,-69,['bhe']
252721804,$bhe new article : earnings preview: benchmark electronics https://www.stck.pro/news/bhe/8777166,2020-10-27 14:17:30,-69,['bhe']
252570049,benchmark helps zoll meet heightened demand for ventilator production created by covid-19 pandemic http://www.conferencecalltranscripts.org/summary/?id=78099&amp;pr=true $bhe,2020-10-26 18:10:03,-69,['bhe']
252569810,$bhe new article : benchmark helps zoll meet heightened demand for ventilator production created by covid-19 pandemic https://www.stck.pro/news/bhe/8754276,2020-10-26 18:09:14,-69,['bhe']
252568463,"$bhe [15s. delayed]: issued press release on october 26, 13:56:00: benchmark helps zoll meet heightened demand for ventilator production c https://s.flashalert.me/rfpcy",2020-10-26 18:04:19,-69,['bhe']
252567805,$bhe: benchmark helps zoll meet heightened demand for ventilator production created by covid-19 pandemic https://www.chartmill.com/news/bhe/prnews-2020-10-26-benchmark-helps-zoll-meet-heightened-demand-for-ventilator-production-created-by-covid-19-pandemic?utm_source=stocktwits&amp;utm_medium=pressrelease&amp;utm_content=bhe&amp;utm_campaign=social_tracking,2020-10-26 18:02:01,-69,['bhe']
252567751,$bhe benchmark helps zoll meet heightened demand for ventilator production created by covid-19 pandemic https://www.otcdynamics.com/bhe-benchmark-helps-zoll-meet-heightened-demand-for-ventilator-production-created-by-covid-19-pandemic,2020-10-26 18:01:47,-69,['bhe']
252566345,"$bhe benchmark helps zoll meet heightened demand for ventilator production created by covid-19 pandemic
https://www.stocktitan.net/news/bhe/benchmark-helps-zoll-meet-heightened-demand-for-ventilator-pi9zbbqmpyxd.html

#covid19",2020-10-26 17:57:11,-69,['bhe']
252379828,benchmark electronics to release earnings after the market closes on wednesday. analysts expect 0.28 eps. www.marketbeat.com/p/491439 $bhe,2020-10-25 05:01:04,-69,['bhe']
252318459,benchmark electronics (bhe) to release earnings after the market closes on wednesday. expected eps: 0.28. $bhe https://www.tipranks.com/stocks/bhe/earnings-calendar?ref=trearnings,2020-10-24 06:42:01,-69,['bhe']
251810304,$bhe new article : benchmark electronics to report third quarter 2020 results https://www.stck.pro/news/bhe/8650245,2020-10-22 10:23:51,-69,['bhe']
251810202,$bhe benchmark electronics to report third quarter 2020 results https://www.otcdynamics.com/bhe-benchmark-electronics-to-report-third-quarter-2020-results,2020-10-22 10:22:30,-69,['bhe']
251810042,benchmark electronics to report third quarter 2020 results http://www.conferencecalltranscripts.org/summary/?id=75366&amp;pr=true $bhe,2020-10-22 10:20:12,-69,['bhe']
251809929,"$bhe [15s. delayed]: issued press release on october 22, 06:00:00: benchmark electronics to report third quarter 2020 results https://s.flashalert.me/mhtcy1",2020-10-22 10:18:36,-69,['bhe']
251808674,"$bhe benchmark electronics to report third quarter 2020 results
https://www.stocktitan.net/news/bhe/benchmark-electronics-to-report-third-quarter-2020-dcey2gmfj411.html",2020-10-22 10:00:34,-69,['bhe']
251671820,benchmarkelectronics $bhe bidaskscore is increased to stronglybought https://bidaskclub.com/news/company/2020-10-20/bhe,2020-10-21 18:07:02,-69,['bhe']
251432579,comprehensive non-correlated benchmark electronics $bhe trading report https://tinyurl.com/y63ncgwc,2020-10-20 20:00:06,-69,['bhe']
250817612,benchmarkelectronics $bhe bidaskscore is downgraded to bought https://bidaskclub.com/news/company/2020-10-15/bhe,2020-10-16 19:18:02,-69,['bhe']
249563989,benchmark electronics $bhe trading report http://tinyurl.com/y49aegh2,2020-10-11 16:00:05,-69,['bhe']
249376297,benchmarkelectronics $bhe bidaskscore is upgraded to stronglybought https://bidaskclub.com/news/company/2020-10-08/bhe,2020-10-09 18:14:02,-69,['bhe']
247489444,benchmark electronics $bhe trading report http://tinyurl.com/y8t66puw,2020-10-01 13:30:05,-69,['bhe']
246434746,"wow this is a big change! $bhe enters an uptrend because momentum indicator exceeded the 0 level on september 24, 2020. view odds for this and other indicators: https://srnk.us/go/2139314",2020-09-25 21:52:10,-69,['bhe']
245344744,benchmark electronics $bhe trading report http://tinyurl.com/yxfaxfze,2020-09-22 08:30:04,-69,['bhe']
244598024,benchmarkelectronics $bhe bidaskscore is increased to bought https://bidaskclub.com/news/company/2020-09-16/bhe,2020-09-17 22:07:02,-69,['bhe']
243688573,$bhe undervalued,2020-09-14 19:55:31,-69,['bhe']
243411865,benchmark electronics $bhe trading report http://tinyurl.com/yxr7uy7w,2020-09-13 03:30:04,-69,['bhe']
243354879,benchmark electronics announces quarterly dividend of $0.16.  payable on 10/14/2020. 3.22% yield.  https://www.marketbeat.com/d/140796 $bhe,2020-09-12 13:33:46,-69,['bhe']
243277497,"do you agree with the a.i. prediction? $bhe&#39;s price moved below its 50-day moving average on august 18, 2020. view odds for this and other indicators: https://srnk.us/go/2091010",2020-09-11 20:12:36,-69,['bhe']
243275347,$bhe just filed with the sec a financial exhibit https://last10k.com/sec-filings/bhe/0000863436-20-000026.htm?utm_source=stocktwits&amp;utm_medium=forum&amp;utm_campaign=8k&amp;utm_term=bhe,2020-09-11 20:05:37,-69,['bhe']
243275045,"$bhe [15s. delayed] filed form 8-k on september 11, 16:03:49 https://s.flashalert.me/jpkta",2020-09-11 20:04:44,-69,['bhe']
243274914,"$bhe form 8-k: on september 11, 2020, benchmark electronics issued a press release announcing that its board of directors declared a quarterly dividend of $0.16 per share, payable on october 14, 2020 .. 

https://newsfilter.io/a/c1a28c233ca5b0993a6774addcc94e6d",2020-09-11 20:04:21,-69,['bhe']
243219238,"$bhe announced a dividend (benchmark electronics, inc.) https://www.dividendinvestor.com/dn/2809741",2020-09-11 17:16:35,-69,['bhe']
243191373,"$bhe https://www.intratio.com/stock-forecast/bhe benchmark electronics, inc. our model has forecasted the value of this company will be stable in the short term and is poised to devalue in the coming weeks",2020-09-11 15:52:59,-69,['bhe']
243112418,$bhe: benchmark electronics announces quarterly cash dividend https://www.chartmill.com/stock/quote/bhe/news?utm_source=stocktwits&amp;utm_medium=pressrelease&amp;utm_content=bhe&amp;utm_campaign=social_tracking,2020-09-11 11:45:01,-69,['bhe']
243109349,$bhe new article : benchmark electronics announces quarterly cash dividend https://www.stck.pro/news/bhe/7622439,2020-09-11 11:19:48,-69,['bhe']
