id,body,created_at,sentiment,symbols
254798626,"$lfus jeffrey g gorski sold 1,110 shares [average conviction] www.insider-analysis.com/search_transactions.php?ticker=table_lfus",2020-11-06 09:41:45,-69,['lfus']
254795529,"$lfus meenal sethna sold 2,440 shares [high conviction] www.insider-analysis.com/search_transactions.php?ticker=table_lfus",2020-11-06 08:29:27,-69,['lfus']
254782947,"littelfuse ceo david heinzmann sells $3,690,940.00 in $lfus https://www.marketbeat.com/i/414785",2020-11-06 04:46:14,-69,['lfus']
254782945,"littelfuse evp ryan stafford sells $2,245,997.50 in $lfus https://www.marketbeat.com/i/414786",2020-11-06 04:46:13,-69,['lfus']
254675275,$lfus new insider selling: 17660 shares. http://insiderbuyingselling.com/?t=lfus,2020-11-05 20:09:41,-69,['lfus']
254666654,"$lfus $954,365.60 of shares sold by stafford ryan k (evp, clo, chro &amp; corp secy), reported in a new form 4 filed with the sec  https://newsfilter.io/a/b296921e08c2bb270d29a38f1c2109a4",2020-11-05 19:41:43,-69,['lfus']
254666225,"littelfuse&#39;s president &amp; ceo just cashed-in 17,660 options  http://www.conferencecalltranscripts.org/4/summary2/?id=8522710 $lfus",2020-11-05 19:40:23,-69,['lfus']
254666224,"evp of littelfuse just cashed-in 10,750 options  http://www.conferencecalltranscripts.org/4/summary2/?id=8522712 $lfus",2020-11-05 19:40:23,-69,['lfus']
254665304,"$lfus [15s. delayed] filed sec form 4: evp, clo, chro &amp; corp secy stafford ryan k: 
disposed 10,750 of common stock at average price $208. https://s.flashalert.me/wp9whe",2020-11-05 19:37:05,-69,['lfus']
254664686,"$lfus [15s. delayed] filed sec form 4: president &amp; ceo heinzmann david w: 
disposed 17,660 of common stock at price $209 and converted sec https://s.flashalert.me/qsd9f",2020-11-05 19:34:54,-69,['lfus']
254664565,"$lfus $1,992,931.00 of shares sold by heinzmann david w (president &amp; ceo), reported in a new form 4 filed with the sec  

https://newsfilter.io/a/5a465e9080d4f033dccb45b559bf93e7",2020-11-05 19:34:29,-69,['lfus']
254635060,how does this affect your portfolio? $lfus in downtrend: rsi indicator exits overbought zone. view odds for this and other indicators: https://srnk.us/go/2285008,2020-11-05 17:50:41,-69,['lfus']
254625458,$lfus https://www.aistockfinder.com/stock-forecast/lfus littelfuse inc. our artificial intelligence has forecasted the market value of this company has an undetermined short term setup and its stock price is in line with its long term fundamentals,2020-11-05 17:15:41,-69,['lfus']
254583226,"$lfus nathan zommer sold 2,000 shares [high conviction] www.insider-analysis.com/search_transactions.php?ticker=table_lfus",2020-11-05 15:00:45,-69,['lfus']
254511602,"don’t miss out on this! $lfus in +4.37% uptrend, advancing for three consecutive days on november 3, 2020. view odds for this and other indicators: https://srnk.us/go/2282817",2020-11-05 03:50:01,-69,['lfus']
254509489,$lfus new insider selling: 2000 shares. http://insiderbuyingselling.com/?t=lfus,2020-11-05 03:27:36,-69,['lfus']
254499945,"littelfuse cfo meenal sethna sells $502,762.00 in $lfus https://www.marketbeat.com/i/414507",2020-11-05 01:59:36,-69,['lfus']
254499255,"littelfuse cao jeffrey gorski sells $228,815.40 in $lfus https://www.marketbeat.com/i/414505",2020-11-05 01:53:56,-69,['lfus']
254441329,"littelfuse director just disposed of 2,000 shares  http://www.conferencecalltranscripts.org/4/summary2/?id=8517763 $lfus",2020-11-04 20:50:33,-69,['lfus']
254441304,"$lfus reported 2 new insider trades to the sec in the last 2 minutes.

$414,200.00 of shares sold by zommer nathan (director)   https://newsfilter.io/articles/4-form-57ca2f4f1e8b8e91cd2c8a3f2548dbb7
$228,815.40 of shares sold by gorski jeffrey g (vp &amp; cao)   https://newsfilter.io/articles/4-form-00e6d0427b285e931a6a321939d9dc71",2020-11-04 20:50:26,-69,['lfus']
254441287,"littelfuse&#39;s vp &amp; cao just disposed of 1,110 shares  http://www.conferencecalltranscripts.org/4/summary2/?id=8517761 $lfus",2020-11-04 20:50:23,-69,['lfus']
254440299,"$lfus [15s. delayed] filed sec form 4: vp &amp; cao gorski jeffrey g: 
disposed 1,110 of common stock at price $206.14 on 2020-11-04, decrease https://s.flashalert.me/ncybbg",2020-11-04 20:46:14,-69,['lfus']
254440194,"$lfus [15s. delayed] filed sec form 4: director zommer nathan: 
disposed 2,000 of common stock at price $207.1 on 2020-11-03, decreased ho https://s.flashalert.me/mbn9y",2020-11-04 20:45:47,-69,['lfus']
254422523,"executive vp of littelfuse just disposed of 2,440 shares  http://www.conferencecalltranscripts.org/4/summary2/?id=8517535 $lfus",2020-11-04 19:26:19,-69,['lfus']
254422419,"$lfus [15s. delayed] filed sec form 4: executive vp, cfo sethna meenal: 
disposed 2,440 of common stock at price $206.05 on 2020-11-04, de https://s.flashalert.me/wmhg0i",2020-11-04 19:25:49,-69,['lfus']
254422326,"$lfus $502,762.00 of shares sold by sethna meenal (executive vp, cfo), reported in a new form 4 filed with the sec  

https://newsfilter.io/a/5543d6db2f9c8a481e4215eae608f29c",2020-11-04 19:25:26,-69,['lfus']
254383870,"$lfus john e major sold 4,435 shares [high conviction] www.insider-analysis.com/search_transactions.php?ticker=table_lfus",2020-11-04 16:49:00,-69,['lfus']
254349517,"$lfus nathan zommer sold 3,500 shares [high conviction] www.insider-analysis.com/search_transactions.php?ticker=table_lfus",2020-11-04 14:55:45,-69,['lfus']
254229079,$lfus new insider selling: 3500 shares. http://insiderbuyingselling.com/?t=lfus,2020-11-03 22:09:37,-69,['lfus']
254224996,"$lfus $887,729.92 of shares sold by major john e (director), reported in a new form 4 filed with the sec  https://newsfilter.io/a/dbaa367137b15048a2fe6f0dcb16cb49",2020-11-03 21:48:43,-69,['lfus']
254224354,"littelfuse director just disposed of 4,435 shares  http://www.conferencecalltranscripts.org/4/summary2/?id=8512622 $lfus",2020-11-03 21:45:33,-69,['lfus']
254224045,"$lfus [15s. delayed] filed sec form 4: director major john e: 
disposed 4,435 of common stock at average price $200.16 on 2020-11-02, decr https://s.flashalert.me/phoi9h",2020-11-03 21:44:02,-69,['lfus']
254188436,"littelfuse director nathan zommer sells $700,595.00 in $lfus https://www.marketbeat.com/i/414207",2020-11-03 19:33:23,-69,['lfus']
254185269,"$lfus: new sec filing on director, nathan zommer: https://www.sec.gov/archives/edgar/data/889331/000156761920018599/xslf345x03/doc1.xml",2020-11-03 19:20:02,-69,['lfus']
254182835,"littelfuse director just disposed of 3,500 shares  http://www.conferencecalltranscripts.org/4/summary/?id=8511563 $lfus",2020-11-03 19:10:18,-69,['lfus']
254182692,"$lfus [15s. delayed] filed sec form 4: director zommer nathan: 
disposed 3,500 of common stock at average price $200.17 on 2020-11-02, dec https://s.flashalert.me/qzucx",2020-11-03 19:09:41,-69,['lfus']
254182606,"$lfus $700,604.20 of shares sold by zommer nathan (director), reported in a new form 4 filed with the sec  

https://newsfilter.io/a/4f82d487f7e2cf59feb2c6cf7e886d6b",2020-11-03 19:09:22,-69,['lfus']
254152519,52-week high alert: trading today&#39;s movement in littelfuse $lfus https://wp.me/p5blgb-bkbn,2020-11-03 17:10:09,-69,['lfus']
253836692,comprehensive non-correlated littelfuse $lfus trading report https://tinyurl.com/y2wz77eo,2020-11-02 03:30:03,-69,['lfus']
253669175,"3 industrial stocks to watch if the u.s. recovery mimics china  $ph $lfus $tel $cmi $tt 

https://newsfilter.io/a/26b150a1d2ce361f6dfe9fd4f15b3f78",2020-10-30 22:01:25,-69,"['lfus', 'cmi', 'ph', 'tel', 'tt']"
253267311,littelfuse to participate in baird and stifel virtual investor conferences http://www.conferencecalltranscripts.org/summary/?id=81824&amp;pr=true $lfus,2020-10-29 15:09:44,-69,['lfus']
253267301,littelfuse to participate in baird and stifel virtual investor conferences http://www.conferencecalltranscripts.org/summary/?id=81823&amp;pr=true $lfus,2020-10-29 15:09:41,-69,['lfus']
253266362,$lfus new article : littelfuse to participate in baird and stifel virtual investor conferences https://www.stck.pro/news/lfus/8821640,2020-10-29 15:07:07,-69,['lfus']
253265847,"$lfus [15s. delayed]: issued press release on october 29, 11:00:00: littelfuse to participate in baird and stifel virtual investor confere https://s.flashalert.me/ioi2re",2020-10-29 15:05:40,-69,['lfus']
253265067,$lfus littelfuse to participate in baird and stifel virtual investor conferences https://www.otcdynamics.com/lfus-littelfuse-to-participate-in-baird-and-stifel-virtual-investor-conferences,2020-10-29 15:03:34,-69,['lfus']
253264645,"$lfus littelfuse to participate in baird and stifel virtual investor conferences
https://www.stocktitan.net/news/lfus/littelfuse-to-participate-in-baird-and-stifel-virtual-investor-ispga6y8x18q.html",2020-10-29 15:02:27,-69,['lfus']
253263824,"$lfus littelfuse to participate in baird and stifel virtual investor conferences 

https://newsfilter.io/a/314eb46d43495185b80a3425c3c717ff",2020-10-29 15:00:31,-69,['lfus']
253058021,last10k highlighted 42 positive and negative remarks in $lfus&#39;s 10-q filed today. see them in the quarterly report: https://last10k.com/sec-filings/lfus/0000889331-20-000054.htm?utm_source=stocktwits&amp;utm_medium=forum&amp;utm_campaign=sentiment&amp;utm_term=lfus,2020-10-28 18:00:44,-69,['lfus']
253026533,$lfus just filed a 10-q quarterly report with 64 sections and 4 exhibits. access them all or just read their earnings: https://last10k.com/sec-filings/lfus/0000889331-20-000054.htm?utm_source=stocktwits&amp;utm_medium=forum&amp;utm_campaign=10kq2040f&amp;utm_term=lfus,2020-10-28 16:10:35,-69,['lfus']
253026443,littelfuse just filed its quarterly report: earnings per share t... http://www.conferencecalltranscripts.org/q/summary/?id=8485057 $lfus,2020-10-28 16:10:20,-69,['lfus']
253026130,"$lfus [15s. delayed] filed form 10-q on october 28, 12:08:12 https://s.flashalert.me/ivmm6",2020-10-28 16:09:26,-69,['lfus']
253026018,"$lfus form 10-q (quarterly report [sections 13 or 15(d)]) filed with the sec 

https://newsfilter.io/a/d76899378046e9223439b6e48dddb3d2",2020-10-28 16:09:05,-69,['lfus']
252940543,"$lfus earnings call today: 10:00 am est 
analyst rating: buy 
webcast: http://mmm.wallstreethorizon.com/u.asp?u=231983",2020-10-28 12:08:24,-69,['lfus']
252936402,$lfus new article : recap: littelfuse q3 earnings https://www.stck.pro/news/lfus/8796665,2020-10-28 11:45:06,-69,['lfus']
252933874,"$lfus recap: littelfuse q3 earnings 

https://newsfilter.io/a/f14d85b9f333868eeaf9b3687fb50cdd",2020-10-28 11:29:00,-69,['lfus']
252931512,$lfus updates q4 2020pre-market guidance to eps and revenue guidance to $362.22-372.375 million. https://www.marketbeat.com/g/52076,2020-10-28 11:11:26,-69,['lfus']
252929277,$lfus just filed with the sec a earnings release and a financial exhibit https://last10k.com/sec-filings/lfus/0000889331-20-000052.htm?utm_source=stocktwits&amp;utm_medium=forum&amp;utm_campaign=8k&amp;utm_term=lfus,2020-10-28 10:55:23,-69,['lfus']
252929187,"littelfuse: 8755 west higgins road, suite 500  http://www.conferencecalltranscripts.org/8/summary2/?id=8483827 $lfus",2020-10-28 10:54:17,-69,['lfus']
252929079,"$lfus [15s. delayed] filed form 8-k on october 28, 06:51:43: item2.02: results of operations &amp; financial condition https://s.flashalert.me/no1tbz",2020-10-28 10:52:59,-69,['lfus']
252929037,"$lfus form 8-k: results of operations and financial condition the information contained within item 2.02 of this form 8-k and the exhibits attached hereto shall not be deemed to be &quot;filed&quot; for purpose.. 

https://newsfilter.io/a/e1879936204da427a63f7f31919a79b7",2020-10-28 10:52:35,-69,['lfus']
252927128,"littelfuse q3 adj. eps $2.16 beats $1.14 estimate, sales $391.57m beat $351.58m estimate

related tickers: $lfus",2020-10-28 10:31:05,-69,['lfus']
252926980,$lfus littelfuse reports third quarter results for 2020 https://www.otcdynamics.com/lfus-littelfuse-reports-third-quarter-results-for-2020,2020-10-28 10:29:41,-69,['lfus']
252925851,"$lfus reported earnings of $2.16, consensus was $1.15 via @ewhispers #epsbeat http://eps.sh/d/lfus",2020-10-28 10:16:37,-69,['lfus']
252925454,"$lfus littelfuse eps beats by $0.99, beats on revenue 

https://newsfilter.io/a/55305ae79bc55607eb5f18c9c56e0b13",2020-10-28 10:11:48,-69,['lfus']
252925381,$lfus new article : littelfuse reports third quarter results for 2020 https://www.stck.pro/news/lfus/8794429,2020-10-28 10:11:06,-69,['lfus']
252924840,littelfuse reports third quarter results for 2020 http://www.conferencecalltranscripts.org/summary/?id=79752&amp;pr=true $lfus,2020-10-28 10:05:33,-69,['lfus']
252924772,littelfuse reports third quarter results for 2020 http://www.conferencecalltranscripts.org/summary/?id=79753&amp;pr=true $lfus,2020-10-28 10:05:05,-69,['lfus']
252924736,"$lfus [15s. delayed, acc.~90%, always check] earnings release october 28, 06:00:00: q3: gaap eps of $2.25, revenue $391.56m. https://s.flashalert.me/qu1ju",2020-10-28 10:04:48,-69,['lfus']
252924722,"$lfus [15s. delayed]: issued press release on october 28, 06:00:00: littelfuse reports third quarter results for 2020 https://s.flashalert.me/f0uxer",2020-10-28 10:04:42,-69,['lfus']
252924563,"$lfus littelfuse reports third quarter results for 2020
https://www.stocktitan.net/news/lfus/littelfuse-reports-third-quarter-results-for-zk8p3e783a5r.html",2020-10-28 10:02:32,-69,['lfus']
252924434,"$lfus littelfuse reports third quarter results for 2020 

https://newsfilter.io/a/1dfe1fcf9c4a0d6e90f77ecdf5fb3df2",2020-10-28 10:00:55,-69,['lfus']
252702125,"$lfus nathan zommer sold 7,500 shares [very high conviction] www.insider-analysis.com/search_transactions.php?ticker=table_lfus",2020-10-27 13:16:39,-69,['lfus']
252663043,$lfus new insider selling: 7500 shares. http://insiderbuyingselling.com/?t=lfus,2020-10-27 03:54:36,-69,['lfus']
252648386,$lfus - sale by nathan zommer of 7500 shares of… https://www.macroaxis.com/invest/story/lfus/20247548/sale-by-nathan-zommer-of-7500-shares-of-littelfuse #insidertrading #stocks #fintechnews,2020-10-27 01:12:02,-69,['lfus']
252634695,"littelfuse director nathan zommer sells $1,500,000.00 in $lfus https://www.marketbeat.com/i/413326",2020-10-26 23:23:21,-69,['lfus']
252593542,"littelfuse director just disposed of 7,500 shares  http://www.conferencecalltranscripts.org/4/summary2/?id=8475587 $lfus",2020-10-26 19:46:25,-69,['lfus']
252593046,"$lfus [15s. delayed] filed sec form 4: director zommer nathan: 
disposed 7,500 of common stock at price $200 on 2020-10-22, decreased hold https://s.flashalert.me/vzzow6",2020-10-26 19:44:32,-69,['lfus']
252295785,comprehensive non-correlated littelfuse $lfus trading report https://tinyurl.com/y44ekshh,2020-10-24 00:15:04,-69,['lfus']
252125438,littelfuse $lfus bidaskscore is upgraded to stronglybought https://bidaskclub.com/news/company/2020-10-22/lfus,2020-10-23 13:02:03,-69,['lfus']
251278667,$lfus baird reinstates to outperform : pt $218.00 https://stockhoot.com/extsymbol.aspx?from=analystratingtweet&amp;symbol=lfus&amp;t=550&amp;social=stocktwits,2020-10-20 11:42:15,-69,['lfus']
251261993,$lfus has a better rating than 100% of its industry peers. https://www.chartmill.com/stock/quote/lfus/fundamental-analysis?key=32a0dac2-d56b-4f5b-8eb1-e25e115107fa&amp;utm_source=stocktwits&amp;utm_medium=fa&amp;utm_content=lfus&amp;utm_campaign=social_tracking,2020-10-20 06:16:00,-69,['lfus']
251224498,littelfuse $lfus bidaskscore is #reiterated to bought https://bidaskclub.com/news/company/2020-10-13/lfus,2020-10-19 23:02:03,-69,['lfus']
250323596,comprehensive non-correlated littelfuse $lfus trading report http://tinyurl.com/y6a9zhtf,2020-10-14 21:00:04,-69,['lfus']
249605677,$lfus - upcoming quarterly report is on 28th of october 2020. 72% chance to fall way below… https://www.macroaxis.com/invest/priceprobability/lfus/184.0?a=less,2020-10-12 01:34:02,-69,['lfus']
248750208,"$lfus new article : littelfuse to release third quarter financial results on october 28, 2020 https://www.stck.pro/news/lfus/8294203",2020-10-07 15:13:14,-69,['lfus']
248747385,"$lfus [15s. delayed]: issued press release on october 07, 11:00:00: littelfuse to release third quarter financial results on october 28, 2 https://s.flashalert.me/tsxiyw",2020-10-07 15:05:40,-69,['lfus']
248746570,"$lfus littelfuse to release third quarter financial results on october 28, 2020 https://www.otcdynamics.com/lfus-littelfuse-to-release-third-quarter-financial-results-on-october-28-2020",2020-10-07 15:03:36,-69,['lfus']
248745994,"littelfuse to release third quarter financial results on october 28, 2020 http://www.conferencecalltranscripts.org/summary/?id=65947&amp;pr=true $lfus",2020-10-07 15:02:11,-69,['lfus']
248745974,"littelfuse to release third quarter financial results on october 28, 2020 http://www.conferencecalltranscripts.org/summary/?id=65946&amp;pr=true $lfus",2020-10-07 15:02:08,-69,['lfus']
248745831,"$lfus littelfuse to release third quarter financial results on october 28, 2020
https://www.stocktitan.net/news/lfus/littelfuse-to-release-third-quarter-financial-results-on-october-28-s7dl8qa54ye4.html",2020-10-07 15:01:44,-69,['lfus']
248075711,littelfuse $lfus trading report http://tinyurl.com/y6qsaur9,2020-10-04 18:15:04,-69,['lfus']
246697102,$lfus,2020-09-28 14:28:07,1,['lfus']
246265455,littelfuse $lfus trading report http://tinyurl.com/y35km8c2,2020-09-25 13:15:04,-69,['lfus']
245970884,what are the hedge funds going to do now? $lfus price may climb as it breaks lower bollinger band. view odds of uptrend. https://srnk.us/go/2134403,2020-09-24 13:14:42,1,['lfus']
244941980,littelfuse $lfus bidaskscore is upgraded to bought https://bidaskclub.com/news/company/2020-09-18/lfus,2020-09-19 15:25:04,-69,['lfus']
244926642,littelfuse (nasdaq:lfus) upgraded to buy by bidaskclub $lfus #lfus https://www.marketbeat.com/n/4465312/,2020-09-19 09:23:55,-69,['lfus']
244926317,littelfuse upgraded by bidaskclub to buy. https://www.marketbeat.com/r/1479453 $lfus,2020-09-19 09:10:10,-69,['lfus']
244872885,"good move or bad move? $lfus&#39;s price moved above its 50-day moving average on september 17, 2020. view odds for this and other indicators: https://srnk.us/go/2114907",2020-09-18 21:51:23,-69,['lfus']
244672138,how does this affect your portfolio? $lfus price moved above its 50-day moving average. view odds of uptrend. https://srnk.us/go/2113235,2020-09-18 11:27:40,1,['lfus']
244069756,littelfuse $lfus trading report http://tinyurl.com/y468hmpm,2020-09-16 08:15:04,-69,['lfus']
243578631,"📈 market cap history for littelfuse ($lfus)️:

2020 :   $4.47 b     -4.09%
2019 :   $4.66 b     +9.79%
2018 :   $4.24 b     -5.45%

more: https://companiesmarketcap.com/littelfuse/marketcap/",2020-09-14 14:30:02,-69,['lfus']
243443171,"• cl king 18th annual best ideas virtual conference 2020
o scheduled to appear: $lfus, $oxm, asix, $thrm, $crox, $ndls, abm, aout, sna, cmp, bjri, wbt, vra, le, chuy, sri, vsto...",2020-09-13 17:00:30,-69,"['crox', 'lfus', 'oxm', 'ndls', 'thrm']"
242569168,how will this affect the market? $lfus price may climb as it breaks lower bollinger band. view odds of uptrend. https://srnk.us/go/2083127,2020-09-09 12:12:16,1,['lfus']
242327187,"$lfus reported 4 new insider trades to the sec in the last 2 minutes.

$1,620.81 of shares acquired by hunter gordon (director)   https://newsfilter.io/articles/4-form-fc4d78918671af4414dfb404cbab411f
$1,442.08 of shares acquired by noglows william p (director)   https://newsfilter.io/articles/4-form-e41f67021eea6e6c9bdcc300445836be
$3,960.66 of shares acquired by chung t j (director)   https://newsfilter.io/articles/4-form-251045b9a3dbbc917dcfc73de63409ea
$13,503.75 of shares acquired by grillo anthony (director)   https://newsfilter.io/articles/4-form-d15ff50f5c1b5dde110a1f01fac4737c",2020-09-08 13:48:27,-69,['lfus']
242327044,"$lfus: new sec filing on director, john e major: https://www.sec.gov/archives/edgar/data/889331/000156761920016505/xslf345x03/doc1.xml",2020-09-08 13:48:02,-69,['lfus']
242326115,"$lfus [15s. delayed] filed sec form 4: director hunter gordon: 
acquired 9 of common stock at price $180.09 on 2020-09-04, increased holdi https://s.flashalert.me/pmgvhs",2020-09-08 13:45:50,-69,['lfus']
242325792,"$lfus [15s. delayed] filed sec form 4: director noglows william p: 
acquired 8 of common stock at price $180.26 on 2020-09-04, increased h https://s.flashalert.me/qwwkf",2020-09-08 13:45:08,-69,['lfus']
242325522,"$lfus [15s. delayed] filed sec form 4: director chung t j: 
acquired 22 of common stock at price $180.03 on 2020-09-04, increased holding  https://s.flashalert.me/e8rll",2020-09-08 13:44:29,-69,['lfus']
242325249,"$lfus [15s. delayed] filed sec form 4: director grillo anthony: 
acquired 75 of common stock at price $180.05 on 2020-09-04, increased hol https://s.flashalert.me/ull6d",2020-09-08 13:43:45,-69,['lfus']
242325084,"$lfus [15s. delayed] filed sec form 4: director major john e: 
acquired 63 of common stock at price $180.09 on 2020-09-04, increased holdi https://s.flashalert.me/lza8by",2020-09-08 13:43:22,-69,['lfus']
242324903,"$lfus $11,345.67 of shares acquired by major john e (director), reported in a new form 4 filed with the sec  

https://newsfilter.io/a/e0d9041f1e392c33e4c2536d1b04c81c",2020-09-08 13:42:58,-69,['lfus']
242183960,littelfuse $lfus trading report http://tinyurl.com/y6546j9v,2020-09-07 03:15:04,-69,['lfus']
242119172,"analysts anticipate littelfuse, inc. (nasdaq:lfus) will post earnings of $1.11 per share $lfus #lfus https://www.marketbeat.com/n/4452065/",2020-09-06 06:19:30,-69,['lfus']
242086069,"is this good for your portfolio? $lfus in uptrend: price may ascend as a result of having broken its lower bollinger band on september 3, 2020. view odds for this and other indicators: https://srnk.us/go/2067424",2020-09-05 21:17:47,-69,['lfus']
242028432,this is why hedge funds use a.i. $lfus price may climb as it breaks lower bollinger band. view odds of uptrend. https://srnk.us/go/2065484,2020-09-05 02:26:47,1,['lfus']
241177154,$lfus new article : littelfuse to participate in cl king virtual best ideas conference https://www.stck.pro/news/lfus/7413739,2020-09-02 15:11:05,-69,['lfus']
241174808,"$lfus [15s. delayed]: issued press release on september 02, 11:00:00: littelfuse to participate in cl king virtual best ideas conference https://s.flashalert.me/jhprq",2020-09-02 15:05:42,-69,['lfus']
241172396,"$lfus littelfuse to participate in cl king virtual best ideas conference 

https://newsfilter.io/a/8a6e30466240a1a20a0d75f1a208486a",2020-09-02 15:00:29,-69,['lfus']
240993811,"littelfuse svp matthew cole sells $36,480.00 in $lfus https://www.marketbeat.com/i/405457",2020-09-01 21:56:35,-69,['lfus']
240892193,"$lfus: new sec filing on svp bus development &amp; strategy, matthew cole: https://www.sec.gov/archives/edgar/data/889331/000156761920016212/xslf345x03/doc1.xml",2020-09-01 17:26:02,-69,['lfus']
240888599,"$lfus [15s. delayed] filed sec form 4: svp bus development &amp; strategy cole matthew: 
disposed 200 of common stock at price $182.4 on 2020- https://s.flashalert.me/cjkmn",2020-09-01 17:16:48,-69,['lfus']
240888505,"#fwsells $lfus cole matthew, svp bus development &amp; strategy of littelfuse inc /de sold 200 shares on 2020-08-28. https://formwhispers.com/s?t=lfus",2020-09-01 17:16:32,-69,['lfus']
240888497,"$lfus $36,480.00 of shares sold by cole matthew (svp bus development &amp; strategy), reported in a new form 4 filed with the sec  

https://newsfilter.io/a/75119422864f9ced7a24f051ad2b387a",2020-09-01 17:16:31,-69,['lfus']
240349154,"littelfuse, inc. (nasdaq:lfus) receives consensus rating of &quot;hold&quot; from brokerages $lfus #lfus https://www.marketbeat.com/n/4445082/",2020-08-30 12:51:28,-69,['lfus']
240212174,littelfuse $lfus trading report http://tinyurl.com/y6gxkpnm,2020-08-28 22:15:04,-69,['lfus']
240001060,littelfuse $lfus bidaskscore is lowered to held https://bidaskclub.com/news/company/2020-08-27/lfus,2020-08-28 12:25:03,-69,['lfus']
239094601,littelfuse $lfus bidaskscore is downgraded to bought https://bidaskclub.com/news/company/2020-08-24/lfus,2020-08-25 16:07:03,-69,['lfus']
238981210,littelfuse (nasdaq:lfus) downgraded by bidaskclub to buy $lfus #lfus https://www.marketbeat.com/n/4440204/,2020-08-25 09:38:20,-69,['lfus']
238980045,littelfuse downgraded by bidaskclub to buy. https://www.marketbeat.com/r/1470237 $lfus,2020-08-25 09:20:27,-69,['lfus']
238529454,"$lfus william p noglows sold 19,504 shares [very high conviction] www.insider-analysis.com/search_transactions.php?ticker=table_lfus",2020-08-23 06:39:18,-69,['lfus']
238375025,"littelfuse director william noglows sells $3,627,744.00 in $lfus https://www.marketbeat.com/i/404001",2020-08-21 20:15:27,-69,['lfus']
238322965,"insider trading alert: littelfuse, inc. ($lfus) noglows william p. director, sold 19.50 thousand shares that occurred on august 19, 2020 at $ 186.00 average price for a value of $ 3.63 million, after completing the transaction, the insider owns 19.50 thousand shares 
 
https://www.stockmarketintellects.com/insider-trading-dashboard/?symbol=lfus",2020-08-21 18:07:01,-69,['lfus']
238230762,"$lfus: new sec filing on director, william p noglows: https://www.sec.gov/archives/edgar/data/889331/000156761920015846/xslf345x03/doc1.xml",2020-08-21 14:26:02,-69,['lfus']
238226722,"$lfus [15s. delayed] filed sec form 4: director noglows william p: 
disposed 19,504 of common stock at price $186 on 2020-08-19, decreased https://s.flashalert.me/cfilf",2020-08-21 14:18:31,-69,['lfus']
238226591,"#fwsells $lfus noglows william p, director of littelfuse inc /de sold 19504 shares on 2020-08-19. https://formwhispers.com/s?t=lfus",2020-08-21 14:18:16,-69,['lfus']
238226557,"$lfus $3,627,744.00 of shares sold by noglows william p (director), reported in a new form 4 filed with the sec  

https://newsfilter.io/a/71c36d9421323608163558dd51979c32",2020-08-21 14:18:13,-69,['lfus']
237791970,$lfus jeffrey g gorski sold 290 shares [low conviction] www.insider-analysis.com/search_transactions.php?ticker=table_lfus,2020-08-20 05:05:02,-69,['lfus']
237614446,littelfuse $lfus trading report http://tinyurl.com/yxgegqjl,2020-08-19 17:15:04,-69,['lfus']
237289394,littelfuse&#39;s corp controller &amp; cao just disposed of 290 shares  http://www.conferencecalltranscripts.org/4/summary2/?id=8259055 $lfus,2020-08-18 16:19:17,-69,['lfus']
237289207,"$lfus [15s. delayed] filed sec form 4: corp controller &amp; cao gorski jeffrey g: 
delivered securities 290 of common stock at price $187.89  https://s.flashalert.me/8clcdl",2020-08-18 16:18:47,-69,['lfus']
237289109,"$lfus $54,488.10 of shares sold by gorski jeffrey g (corp controller &amp; cao), reported in a new form 4 filed with the sec  

https://newsfilter.io/a/2969b704dd697801383c5b9c25e98c0f",2020-08-18 16:18:28,-69,['lfus']
236770185,$lfus john e major sold 347 shares [low conviction] www.insider-analysis.com/search_transactions.php?ticker=table_lfus,2020-08-15 22:51:39,-69,['lfus']
236539481,"$lfus: new sec filing on director, john e major: https://www.sec.gov/archives/edgar/data/889331/000156761920015291/xslf345x03/doc1.xml",2020-08-14 15:45:01,-69,['lfus']
236536435,littelfuse director just disposed of 347 shares  http://www.conferencecalltranscripts.org/4/summary/?id=8247156 $lfus,2020-08-14 15:37:20,-69,['lfus']
236536230,"$lfus [15s. delayed] filed sec form 4: director major john e: 
disposed 347 of common stock at price $190.78 on 2020-08-13, decreased hold https://s.flashalert.me/qovyty",2020-08-14 15:36:51,-69,['lfus']
236536122,"#fwsells $lfus major john e, director of littelfuse inc /de sold 347 shares on 2020-08-13. https://formwhispers.com/s?t=lfus",2020-08-14 15:36:32,-69,['lfus']
236536102,"$lfus $66,200.66 of shares sold by major john e (director), reported in a new form 4 filed with the sec  

https://newsfilter.io/a/932586f317fac1333a8a72385f3fa0c9",2020-08-14 15:36:30,-69,['lfus']
236429527,$lfus cary t fu sold 676 shares [average conviction] www.insider-analysis.com/search_transactions.php?ticker=table_lfus,2020-08-14 09:05:58,-69,['lfus']
236429424,"$lfus cary t fu bought 1,350 shares [average conviction] www.insider-analysis.com/search_transactions.php?ticker=table_lfus",2020-08-14 09:03:56,-69,['lfus']
236331334,"some recent us markets insider trades: $fbc $ph $prlb $ctas $lfus
https://www.finscreener.com/insider/insider-trades/us-markets",2020-08-13 21:38:00,-69,"['ctas', 'lfus', 'fbc', 'ph', 'prlb']"
236116279,"$lfus nathan zommer sold 5,000 shares [high conviction] www.insider-analysis.com/search_transactions.php?ticker=table_lfus",2020-08-13 13:52:38,-69,['lfus']
236115073,"$lfus nathan zommer sold 6,000 shares [very high conviction] www.insider-analysis.com/search_transactions.php?ticker=table_lfus",2020-08-13 13:50:35,-69,['lfus']
236113863,"$lfus nathan zommer sold 4,000 shares [high conviction] www.insider-analysis.com/search_transactions.php?ticker=table_lfus",2020-08-13 13:48:32,-69,['lfus']
236046088,littelfuse upgraded by bidaskclub to strong-buy. https://www.marketbeat.com/r/1465118 $lfus,2020-08-13 07:02:58,-69,['lfus']
236015676,"littelfuse director cary fu sells $257,985.00 in $lfus https://www.marketbeat.com/i/402158",2020-08-13 02:03:09,-69,['lfus']
235995060,"$lfus ryan k stafford sold 3,116 shares [high conviction] www.insider-analysis.com/search_transactions.php?ticker=table_lfus",2020-08-13 00:18:51,-69,['lfus']
235930435,"$lfus $129,952.18 of shares sold by fu cary t (director), reported in a new form 4 filed with the sec  https://newsfilter.io/a/e4ae28d067efd7b3c91225b6a9b7d64c",2020-08-12 20:32:50,-69,['lfus']
235929106,"littelfuse director just cashed-in 1,350 options  http://www.conferencecalltranscripts.org/4/summary2/?id=8232403 $lfus",2020-08-12 20:29:46,-69,['lfus']
235928448,"$lfus [15s. delayed] filed sec form 4: director fu cary t: 
disposed 1,350 of common stock at average price $191.1 and converted securitie https://s.flashalert.me/4pdbt5",2020-08-12 20:28:11,-69,['lfus']
235928328,"#fwsells $lfus fu cary t, director of littelfuse inc /de sold 1350 shares on 2020-08-12. https://formwhispers.com/s?t=lfus",2020-08-12 20:27:53,-69,['lfus']
235900261,"littelfuse director nathan zommer sells $752,000.00 in $lfus https://www.marketbeat.com/i/402043",2020-08-12 19:26:40,-69,['lfus']
235782646,"littelfuse director just disposed of 20,000 shares  http://www.conferencecalltranscripts.org/4/summary/?id=8231112 $lfus",2020-08-12 14:56:00,-69,['lfus']
235781814,"$lfus [15s. delayed] filed sec form 4: director zommer nathan: 
disposed 20,000 of common stock at average price $190.11 between 2020-08-1 https://s.flashalert.me/clxwow",2020-08-12 14:54:25,-69,['lfus']
235781683,"#fwsells $lfus zommer nathan, director of littelfuse inc /de sold 20000 shares on 2020-08-11. https://formwhispers.com/s?t=lfus",2020-08-12 14:54:08,-69,['lfus']
235781658,"$lfus $3,802,110.00 of shares sold by zommer nathan (director), reported in a new form 4 filed with the sec  

https://newsfilter.io/a/dd10e14769b8f31e2029ec2ad960979a",2020-08-12 14:54:04,-69,['lfus']
235589031,"$lfus: new sec filing on evp, clo, chro &amp; corp secy, ryan k stafford: https://www.sec.gov/archives/edgar/data/889331/000156761920014741/xslf345x03/doc1.xml",2020-08-11 21:40:02,-69,['lfus']
235562430,"evp of littelfuse just disposed of 3,116 shares  http://www.conferencecalltranscripts.org/4/summary/?id=8227295 $lfus",2020-08-11 20:34:52,-69,['lfus']
235557958,"$lfus [15s. delayed] filed sec form 4: evp, clo, chro &amp; corp secy stafford ryan k: 
disposed 3,116 of common stock at price $190 on 2020-0 https://s.flashalert.me/x0vpd",2020-08-11 20:25:29,-69,['lfus']
235557842,"#fwsells $lfus stafford ryan k, evp, clo, chro &amp; corp secy of littelfuse inc /de sold 3116 shares on 2020-08-10. https://formwhispers.com/s?t=lfus",2020-08-11 20:25:15,-69,['lfus']
235557805,"$lfus $592,040.00 of shares sold by stafford ryan k (evp, clo, chro &amp; corp secy), reported in a new form 4 filed with the sec  

https://newsfilter.io/a/910f5fcada7b6135a1037bf8f03e9600",2020-08-11 20:25:11,-69,['lfus']
234949228,littelfuse $lfus trading report http://tinyurl.com/y333kagp,2020-08-10 08:30:04,-69,['lfus']
234003552,$lfus deepak nayar sold 55 shares [very low conviction] www.insider-analysis.com/search_transactions.php?ticker=table_lfus,2020-08-06 01:36:14,-69,['lfus']
234003243,"$lfus deepak nayar sold 2,264 shares [high conviction] www.insider-analysis.com/search_transactions.php?ticker=table_lfus",2020-08-06 01:34:33,-69,['lfus']
234002961,"$lfus deepak nayar bought 2,264 shares [high conviction] www.insider-analysis.com/search_transactions.php?ticker=table_lfus",2020-08-06 01:32:51,-69,['lfus']
233637450,"littelfuse svp deepak nayar sells $418,486.74 in $lfus https://www.marketbeat.com/i/400667",2020-08-05 01:22:21,-69,['lfus']
233466671,littelfuse&#39;s svp &amp; gm electronics business just disposed of 55 shares  http://www.conferencecalltranscripts.org/4/summary/?id=8195496 $lfus,2020-08-04 16:45:40,-69,['lfus']
233466630,"executive vp of littelfuse was just granted 11,953 options  http://www.conferencecalltranscripts.org/4/summary2/?id=8195491 $lfus",2020-08-04 16:45:34,-69,['lfus']
233380204,$lfus new insider selling: 2319 shares. http://insiderbuyingselling.com/?t=lfus,2020-08-04 13:27:34,-69,['lfus']
233376613,"$lfus $69,501.22 of shares sold by nayar deepak (svp &amp; gm electronics business), reported in a new form 4 filed with the sec  https://newsfilter.io/a/7fa6fc45ca1a6433306c0d12fc13a6ec",2020-08-04 13:17:51,-69,['lfus']
233375334,"$lfus: new sec filing on svp &amp; gm electronics business, deepak nayar: https://www.sec.gov/archives/edgar/data/889331/000156761920014088/xslf345x03/doc1.xml",2020-08-04 13:14:03,-69,['lfus']
