id,body,created_at,sentiment,symbols
254881407,$dxc morgan stanley maintains to overweight : pt $31.00 https://stockhoot.com/extsymbol.aspx?from=analystratingtweet&amp;symbol=dxc&amp;t=744&amp;social=stocktwits,2020-11-06 16:22:01,-69,['dxc']
254878058,"$dxc far from really growing ... cheap stays cheap until it grows business at any cost. value does not exist anymore, it&#39;s growth or die, almost comical",2020-11-06 16:11:52,-69,['dxc']
254869633,"$dxc numbers look good. thanks for the discount, i guess.",2020-11-06 15:48:45,-69,['dxc']
254865538,$dxc back to $15. 😢,2020-11-06 15:37:32,-1,['dxc']
254863662,$dxc same shit every earnings. show improvement. get smacked. will take years at this rate,2020-11-06 15:32:21,-69,['dxc']
254848659,$dxc you would think that they didn&#39;t beat revenue and eps with this price,2020-11-06 14:51:52,-69,['dxc']
254819719,last10k highlighted 49 positive and negative remarks in $dxc&#39;s 10-q filed today. see them in the quarterly report: https://last10k.com/sec-filings/dxc/0001688568-20-000093.htm?utm_source=stocktwits&amp;utm_medium=forum&amp;utm_campaign=sentiment&amp;utm_term=dxc,2020-11-06 13:06:33,-69,['dxc']
254817683,"$dxc beats by $0.27, beats on revs https://www.briefing.com/in-depth-analysis/content/article?articleid=in20201105162643dxc",2020-11-06 12:55:59,-69,['dxc']
254811066,$dxc just filed a 10-q quarterly report with 101 sections and 7 exhibits. access them all or just read their earnings: https://last10k.com/sec-filings/dxc/0001688568-20-000093.htm?utm_source=stocktwits&amp;utm_medium=forum&amp;utm_campaign=10kq2040f&amp;utm_term=dxc,2020-11-06 12:11:37,-69,['dxc']
254808327,everett spinco: moved on business wire  http://www.conferencecalltranscripts.org/8/summary/?id=8527673 $dxc,2020-11-06 11:51:24,-69,['dxc']
254806637,"everett spinco, inc. just filed its quarterly report: loss per share basic... http://www.conferencecalltranscripts.org/q/summary/?id=8527483 $dxc",2020-11-06 11:36:23,-69,['dxc']
254804232,"$dxc form 10-q (quarterly report [sections 13 or 15(d)]) filed with the sec 

https://newsfilter.io/a/85fb656c865c6209af7b578a8490e5d3",2020-11-06 11:10:57,-69,['dxc']
254748958,$dxc just filed with the sec a earnings release and a financial exhibit https://last10k.com/sec-filings/dxc/0001688568-20-000091.htm?utm_source=stocktwits&amp;utm_medium=forum&amp;utm_campaign=8k&amp;utm_term=dxc,2020-11-06 00:32:49,-69,['dxc']
254744153,"$dxc 

wow!",2020-11-06 00:07:37,1,['dxc']
254740251,$dxc earnings are out!!  https://stockhoot.com/earningscalendar.aspx?from=afterearningstweet&amp;symbol=dxc&amp;t=132&amp;social=stocktwits,2020-11-05 23:48:27,-69,['dxc']
254725843,"dxc technology earlier reported q2 adj. eps $0.64 beats $0.38 estimate, sales $4.55b beat $4.46b estimate

related tickers: $dxc",2020-11-05 22:42:01,-69,['dxc']
254722687,"$dxc 

congrats and nice job comments from analysts",2020-11-05 22:29:22,-69,['dxc']
254716247,"$dxc 

turn around complete and growth started",2020-11-05 22:06:59,-69,['dxc']
254712385,$dxc homerun!!!,2020-11-05 21:55:00,1,['dxc']
254710262,$dxc dxc technology reports second quarter fiscal 2021 results https://www.otcdynamics.com/dxc-dxc-technology-reports-second-quarter-fiscal-2021-results,2020-11-05 21:48:11,-69,['dxc']
254704963,"$dxc 

25 tomorrow",2020-11-05 21:33:47,-69,['dxc']
254704954,"$dxc earnings call today: 4:45 pm est 
webcast: http://mmm.wallstreethorizon.com/u.asp?u=265210 
stockpods beta is now live. visit to find analyst ratings, stock price targets, and phone/pin for today&#39;s earnings calls: https://www.stockpods.com",2020-11-05 21:33:46,-69,['dxc']
254704335,"$dxc dxc technology reports second quarter fiscal 2021 results
https://www.stocktitan.net/news/dxc/dxc-technology-reports-second-quarter-fiscal-2021-a2094xnl88jg.html",2020-11-05 21:32:22,-69,['dxc']
254702977,$dxc wow!,2020-11-05 21:29:00,1,['dxc']
254702770,"$dxc dxc technology eps beats by $0.27, beats on revenue 

https://newsfilter.io/a/d172827d6b4174f7a6b57d9bb7af55b3",2020-11-05 21:28:26,-69,['dxc']
254702722,"$dxc dxc technology eps beats by $0.27, beats on revenue https://seekingalpha.com/news/3632532",2020-11-05 21:28:19,-69,['dxc']
254702656,your daily news digest for dxc technology company $dxc https://wsfriend.com/daily/news/dxc/2020-11-05/,2020-11-05 21:28:08,-69,['dxc']
254702635,"$dxc $syx $pcty 
✔ follow and turn on notifications for more amazing trade ideas!",2020-11-05 21:28:05,-69,"['syx', 'pcty', 'dxc']"
254702538,"$dxc reported earnings of $0.64, consensus was $0.38, earnings whisper was $0.45 via @ewhispers #whisperbeat http://eps.sh/d/dxc",2020-11-05 21:27:52,-69,['dxc']
254701324,"$dxc [15s. delayed] filed form 8-k on november 05, 16:23:25: item2.02: results of operations &amp; financial condition https://s.flashalert.me/vz1sfy",2020-11-05 21:25:02,-69,['dxc']
254701183,"$dxc form 8-k: results of operations and financial condition.on november 5, 2020, dxc technology company issued a press release reporting its preliminary financial results for the second quarter ended.. 

https://newsfilter.io/a/78cdbc62b7f787d7a7b164e4e5a00c89",2020-11-05 21:24:41,-69,['dxc']
254699277,dxc technology reports second quarter fiscal 2021 results http://www.conferencecalltranscripts.org/summary/?id=88337&amp;pr=true $dxc,2020-11-05 21:20:15,-69,['dxc']
254699272,dxc technology reports second quarter fiscal 2021 results http://www.conferencecalltranscripts.org/summary/?id=88336&amp;pr=true $dxc,2020-11-05 21:20:14,-69,['dxc']
254697953,"$dxc dxc technology reports second quarter fiscal 2021 results 

https://newsfilter.io/a/f99c11220f06c5076eaf20b2a33c76d5",2020-11-05 21:17:29,-69,['dxc']
254692211,$dxc can we get a good earnings for this pos to move up? a lot put positioning today,2020-11-05 21:06:12,-69,['dxc']
254605940,$dxc is scheduled to report #earnings after the market closes today via @ewhispers http://eps.sh/s/dxc,2020-11-05 16:05:58,-69,['dxc']
254561465,$dxc #earnings today amc   https://stockhoot.com/earningscalendar.aspx?from=individualtweet&amp;symbol=dxc&amp;t=172&amp;social=stocktwits,2020-11-05 13:48:18,-69,['dxc']
254531187,"dxc technology company ($dxc) 2q21 investor call on 5th november 2020 at 4:45 pm eastern time

https://www.stockmarketintellects.com/dxc-technology-company-dxc-2q21-investor-call-on-5th-november-2020-at-445-pm-eastern-time/",2020-11-05 09:56:36,-69,['dxc']
254525979,"what to expect from dxc technology company ($dxc) 2q21 earnings

https://www.stockmarketintellects.com/what-to-expect-from-dxc-technology-company-dxc-2q21-earnings/",2020-11-05 07:54:50,-69,['dxc']
254478073,"have you seen this? $dxc in uptrend: 50-day moving average moved above 200-day moving average on october 30, 2020. view odds for this and other indicators: https://srnk.us/go/2282178",2020-11-04 23:22:52,-69,['dxc']
254472501,$dxc new article : dxc technology q2 2021 earnings preview https://www.stck.pro/news/dxc/8940217,2020-11-04 22:49:53,-69,['dxc']
254453514,your daily news digest for dxc technology company $dxc https://wsfriend.com/daily/news/dxc/2020-11-04/,2020-11-04 21:29:38,-69,['dxc']
254220012,your daily news digest for dxc technology company $dxc https://wsfriend.com/daily/news/dxc/2020-11-03/,2020-11-03 21:26:12,-69,['dxc']
253995651,your daily news digest for dxc technology company $dxc https://wsfriend.com/daily/news/dxc/2020-11-02/,2020-11-02 21:27:13,-69,['dxc']
253987670,$dxc new article : were these hedge funds wrong about dxc technology company (dxc)? https://www.stck.pro/news/dxc/8893489,2020-11-02 21:05:04,-69,['dxc']
253808555,your daily news digest for dxc technology company $dxc https://wsfriend.com/daily/news/dxc/2020-11-01/,2020-11-01 21:26:11,-69,['dxc']
253745904,your daily news digest for dxc technology company $dxc https://wsfriend.com/daily/news/dxc/2020-10-31/,2020-10-31 21:25:54,-69,['dxc']
253726127,"worst 3-year total returns in s&amp;p 500 as of 10/30/2020: 1. occidental petroleum $oxy (-83.11%), 2. technipfmc $fti (-78.14%), 3. apache $apa (-78.1%), 4. carnival $ccl (-77.28%), 5. dxc technology $dxc (-75.7%) #3yearworst",2020-10-31 16:02:23,-69,"['apa', 'ccl', 'fti', 'oxy', 'dxc']"
253664085,your daily news digest for dxc technology company $dxc https://wsfriend.com/daily/news/dxc/2020-10-30/,2020-10-30 21:26:46,-69,['dxc']
253395924,your daily news digest for dxc technology company $dxc https://wsfriend.com/daily/news/dxc/2020-10-29/,2020-10-29 21:25:56,-69,['dxc']
253256858,"#gsector #sell wk43 $qtwo, $dxc, $tdoc, $twlo, $coup, run, cybr, hubs, hpe, yext  #tech #technology vgt ixn ftec xt igm xlk cqqq #growthstocks #stocks #finance #investment https://tinyurl.com/y6hbf6vz",2020-10-29 14:41:59,-1,"['twlo', 'coup', 'qtwo', 'tdoc', 'dxc']"
253121580,your daily news digest for dxc technology company $dxc https://wsfriend.com/daily/news/dxc/2020-10-28/,2020-10-28 21:25:50,-69,['dxc']
252853360,your daily news digest for dxc technology company $dxc https://wsfriend.com/daily/news/dxc/2020-10-27/,2020-10-27 21:26:50,-69,['dxc']
252620248,"today&#39;s breakdown stocks 
$amrh $dxc $orcl $hpq $emr  
 
sort results by time, chg, %, vol and more. 
stockbeep.com/bd-oct26e",2020-10-26 21:40:55,-69,"['orcl', 'emr', 'hpq', 'dxc', 'amrh']"
252617746,your daily news digest for dxc technology company $dxc https://wsfriend.com/daily/news/dxc/2020-10-26/,2020-10-26 21:26:04,-69,['dxc']
252583767,"breaking down in the afternoon 
$emr $amrh $dxc $hpq $csco  
 
+48 more results 
stockbeep.com/bd-oct26p",2020-10-26 19:07:17,-69,"['csco', 'emr', 'hpq', 'dxc', 'amrh']"
252530509,$dxc well i guess the sap story did not help ...,2020-10-26 15:56:09,-69,['dxc']
252523265,"breaking down in the morning 
$orcl $hpq $dxc $exc $emr  
 
+34 more results 
stockbeep.com/bd-oct26a",2020-10-26 15:31:56,-69,"['orcl', 'emr', 'exc', 'hpq', 'dxc']"
252452920,short sale volume (not short interest) for $dxc at 2020-10-23 is 38%. http://shortvolumes.com/?t=dxc via @shortvolumes,2020-10-26 08:50:33,-69,['dxc']
252416730,your daily news digest for dxc technology company $dxc https://wsfriend.com/daily/news/dxc/2020-10-25/,2020-10-25 21:25:59,-69,['dxc']
252357297,your daily news digest for dxc technology company $dxc https://wsfriend.com/daily/news/dxc/2020-10-24/,2020-10-24 21:26:15,-69,['dxc']
252332147,"worst 3-year total returns in s&amp;p 500 as of 10/23/2020: 1. occidental petroleum $oxy (-81.49%), 2. apache $apa (-75.2%), 3. american airlines group $aal (-74.59%), 4. carnival $ccl (-74.57%), 5. dxc technology $dxc (-73.92%) #3yearworst",2020-10-24 14:53:59,-69,"['apa', 'ccl', 'oxy', 'aal', 'dxc']"
252272246,your daily news digest for dxc technology company $dxc https://wsfriend.com/daily/news/dxc/2020-10-23/,2020-10-23 21:25:50,-69,['dxc']
252135634,$dxc ,2020-10-23 13:40:08,-1,['dxc']
252010724,your daily news digest for dxc technology company $dxc https://wsfriend.com/daily/news/dxc/2020-10-22/,2020-10-22 21:25:54,-69,['dxc']
251952503,$dxc max pain=19.00. maturity=11/20/2020. #maxpain #options http://maximum-pain.com/options/dxc?m=11%2f20%2f2020,2020-10-22 18:27:43,-69,['dxc']
251848311,"#gsector #sell wk42 $qtwo, $dxc, $tdoc, $twlo, $coup, run, cybr, hubs, okta, hpe  #tech #technology vgt ixn ftec xt igm xlk cqqq #growthstocks #stocks #finance #investment https://tinyurl.com/y2v7sohr",2020-10-22 13:42:01,-1,"['twlo', 'coup', 'qtwo', 'tdoc', 'dxc']"
251735634,your daily news digest for dxc technology company $dxc https://wsfriend.com/daily/news/dxc/2020-10-21/,2020-10-21 21:28:06,-69,['dxc']
251458448,your daily news digest for dxc technology company $dxc https://wsfriend.com/daily/news/dxc/2020-10-20/,2020-10-20 21:26:03,-69,['dxc']
251209338,your daily news digest for dxc technology company $dxc https://wsfriend.com/daily/news/dxc/2020-10-19/,2020-10-19 21:26:43,-69,['dxc']
251060845,"$dxc new article : dxc technology to report second quarter 2021 results on thursday, november 5, 2020 https://www.stck.pro/news/dxc/8575984",2020-10-19 12:49:30,-69,['dxc']
251058070,"$dxc [15s. delayed]: issued press release on october 19, 08:30:00: dxc technology to report second quarter 2021 results on thursday, novem https://s.flashalert.me/6hg14o",2020-10-19 12:34:00,-69,['dxc']
251057869,"$dxc dxc technology to report second quarter 2021 results on thursday, november 5, 2020
https://www.stocktitan.net/news/dxc/dxc-technology-to-report-second-quarter-2021-results-on-thursday-b3o3wgp5cr3g.html",2020-10-19 12:32:57,-69,['dxc']
250997319,your daily news digest for dxc technology company $dxc https://wsfriend.com/daily/news/dxc/2020-10-18/,2020-10-18 21:25:48,-69,['dxc']
250936388,your daily news digest for dxc technology company $dxc https://wsfriend.com/daily/news/dxc/2020-10-17/,2020-10-17 21:25:53,-69,['dxc']
250922795,"most gaining stocks in the s&amp;p500 today: $luv, $dxc and $ba https://www.chartmill.com/stock/stock-screener?v=3&amp;f=ind_22&amp;s=pt&amp;utm_source=stocktwits&amp;utm_medium=screener&amp;utm_content=stock_screener:_top_s&amp;p500_gainers&amp;utm_campaign=social_tracking",2020-10-17 17:50:00,-69,"['ba', 'luv', 'dxc']"
250851494,your daily news digest for dxc technology company $dxc https://wsfriend.com/daily/news/dxc/2020-10-16/,2020-10-16 21:25:56,-69,['dxc']
250827518,"$dxc  
i sold you too soon.  
i suck 😅",2020-10-16 19:51:38,-69,['dxc']
250662400,$dxc - compare dxc technology with… https://www.macroaxis.com/invest/competition/dxc/exls/dxc-technology-vs-exlservice #portfolio_prospective #better_portfolio #diversify,2020-10-16 07:29:02,-69,['dxc']
250596753,your daily news digest for dxc technology company $dxc https://wsfriend.com/daily/news/dxc/2020-10-15/,2020-10-15 21:26:41,-69,['dxc']
250448937,"#gsector #sell wk41 $qtwo, $dxc, $tdoc, $twlo, $coup, run, cybr, okta, rpd, yext  #tech #technology vgt ixn ftec xt igm xlk cqqq #growthstocks #stocks #finance #investment https://bit.ly/319x670",2020-10-15 13:43:00,-1,"['twlo', 'coup', 'qtwo', 'tdoc', 'dxc']"
250330259,your daily news digest for dxc technology company $dxc https://wsfriend.com/daily/news/dxc/2020-10-14/,2020-10-14 21:26:20,-69,['dxc']
250184927,$dxc breaking $21 today!!!!!,2020-10-14 13:49:16,1,['dxc']
250107451,$nrg $it $dxc $wab $wat all broke the 200 day ma!,2020-10-14 01:04:11,-69,"['it', 'nrg', 'wab', 'wat', 'dxc']"
250068452,your daily news digest for dxc technology company $dxc https://wsfriend.com/daily/news/dxc/2020-10-13/,2020-10-13 21:25:42,-69,['dxc']
249868452,$dxc - upcoming quarterly report is on 9th of november 2020. current total risk alpha is up… https://www.macroaxis.com/invest/technicalindicator/dxc/total-risk-alpha,2020-10-13 09:02:32,-69,['dxc']
249827829,"technical analysis of #dxctechnology #dxc $dxc 
https://www.finscreener.com/tittech/technical-analysis?&amp;cp=40834",2020-10-13 00:14:53,-69,['dxc']
249800877,your daily news digest for dxc technology company $dxc https://wsfriend.com/daily/news/dxc/2020-10-12/,2020-10-12 21:25:45,-69,['dxc']
249586124,your daily news digest for dxc technology company $dxc https://wsfriend.com/daily/news/dxc/2020-10-11/,2020-10-11 21:25:44,-69,['dxc']
249577447,$dxc - upcoming quarterly report is on 9th of november 2020. strong trend in lowest and highest values over a…,2020-10-11 19:16:32,-69,['dxc']
249577187,dxc technology ($dxc) current valuation is undervalued. the real… https://www.macroaxis.com/invest/stock/dxc/dxc-technology #trading #ideas #stocks,2020-10-11 19:12:32,-69,['dxc']
249520896,your daily news digest for dxc technology company $dxc https://wsfriend.com/daily/news/dxc/2020-10-10/,2020-10-10 21:26:01,-69,['dxc']
249432357,your daily news digest for dxc technology company $dxc https://wsfriend.com/daily/news/dxc/2020-10-09/,2020-10-09 21:27:49,-69,['dxc']
249252554,$dxc was a steal under $16....may take a breather but looks great going forward....,2020-10-09 12:15:02,1,['dxc']
249219228,"best returns in s&amp;p 500 for 10/8/2020: 1. occidental petroleum $oxy (8.75%), 2. dxc technology $dxc (8.41%), 3. halliburton co $hal (7.38%), 4. marathon petroleum $mpc (6.54%), 5. dte energy co $dte (6.43%). average return to all stocks in the index was 1.47% #dailybest",2020-10-09 03:53:25,-69,"['dte', 'hal', 'oxy', 'mpc', 'dxc']"
249205582,$dxc had approximately 10m usd go to the short side at 26 pct short  the bears are few  https://www.algowins.com/?wdt_column_filter[1]=dxc,2020-10-09 01:48:31,1,['dxc']
249161047,your daily news digest for dxc technology company $dxc https://wsfriend.com/daily/news/dxc/2020-10-08/,2020-10-08 21:25:51,-69,['dxc']
249142658,"$dxc  
sold 6500 in 5 blocks today!  
will trickle back in on pullbacks to $15",2020-10-08 20:19:10,-69,['dxc']
249112107,"$dxc pump today and dump tomorrow, i’m sure. no news but up.",2020-10-08 18:53:47,-1,['dxc']
249111400,$dxc 20!!!!  let&#39;s go to 22.,2020-10-08 18:51:36,-69,['dxc']
249102167,$dxc still incredibly undervalued. customers are happy. debt at manageable levels. and besting estimates.,2020-10-08 18:24:06,1,['dxc']
249063908,$dxc +6.24% nice recovery on dxc tech today back above the 50-dma. back in the green on this position. now looking for a breakout above the 200-dma (currently $20.36). still a cheap stock down -50% ytd and trading at a 4.50x forward multiple.,2020-10-08 16:26:10,1,['dxc']
249018434,$dxc why is this up? it should be down as it has always been. 😂,2020-10-08 14:25:15,-1,['dxc']
249017462,$dxc any news here?,2020-10-08 14:22:56,-69,['dxc']
248999051,"#gsector #sell wk40 $qtwo, $dxc, $tdoc, $twlo, $coup, ntes, rpd, cybr, hubs, okta  #tech #technology vgt ixn ftec xt igm xlk cqqq #growthstocks #stocks #finance #investment https://bit.ly/3np5smv",2020-10-08 13:41:58,-1,"['twlo', 'coup', 'qtwo', 'tdoc', 'dxc']"
248872369,your daily news digest for dxc technology company $dxc https://wsfriend.com/daily/news/dxc/2020-10-07/,2020-10-07 21:27:27,-69,['dxc']
248860029,everett spinco: unaudited pro forma condensed consolidated financial statements  http://www.conferencecalltranscripts.org/8/summary2/?id=8427698 $dxc,2020-10-07 20:37:02,-69,['dxc']
248859690,$dxc just filed with the sec a change in assets and a financial exhibit https://last10k.com/sec-filings/dxc/0001688568-20-000088.htm?utm_source=stocktwits&amp;utm_medium=forum&amp;utm_campaign=8k&amp;utm_term=dxc,2020-10-07 20:35:45,-69,['dxc']
248859103,"$dxc [15s. delayed] filed form 8-k on october 07, 16:32:41: item2.01: completion of acquisition or disposition of assets https://s.flashalert.me/m6lth",2020-10-07 20:33:48,-69,['dxc']
248591419,your daily news digest for dxc technology company $dxc https://wsfriend.com/daily/news/dxc/2020-10-06/,2020-10-06 21:27:32,-69,['dxc']
248357179,"$dxc: new sec filing on evp &amp; general counsel, william l jr deckelman: https://www.sec.gov/archives/edgar/data/1688568/000168856820000082/xslf345x03/wf-form4_160194474487567.xml",2020-10-06 02:48:02,-69,['dxc']
248342258,"$dxc [15s. delayed] filed sec form 4: evp &amp; cfo saleh paul n: 
delivered securities 6,637 of common stock at price $18.36 and converted se https://s.flashalert.me/rs1v4",2020-10-06 00:41:16,-69,['dxc']
248342233,"evp of everett spinco, inc. just picked up 26,478 shares  http://www.conferencecalltranscripts.org/4/summary/?id=8420898 $dxc",2020-10-06 00:41:06,-69,['dxc']
248342211,"$dxc [15s. delayed] filed sec form 4: president and ceo salvino michael j: 
delivered securities 30,956 of common stock at price $18.36 an https://s.flashalert.me/jmmmib",2020-10-06 00:40:54,-69,['dxc']
248342210,"everett spinco, inc.&#39;s evp &amp; general counsel just picked up 26,478 shares  http://www.conferencecalltranscripts.org/4/summary/?id=8420895 $dxc",2020-10-06 00:40:54,-69,['dxc']
248342196,"$dxc [15s. delayed] filed sec form 4: evp &amp; chro finch mary e: 
delivered securities 3,393 of common stock at price $18.36 and converted s https://s.flashalert.me/csvxa5",2020-10-06 00:40:48,-69,['dxc']
248342119,"$dxc [15s. delayed] filed sec form 4: evp &amp; general counsel deckelman william l jr: 
delivered securities 2,954 of common stock at price $ https://s.flashalert.me/2r9frj",2020-10-06 00:40:10,-69,['dxc']
248342103,"$dxc [15s. delayed] filed sec form 4: evp, global transformation bagal vinod: 
delivered securities 2,954 of common stock at price $18.36  https://s.flashalert.me/shhmw",2020-10-06 00:40:02,-69,['dxc']
248309758,your daily news digest for dxc technology company $dxc https://wsfriend.com/daily/news/dxc/2020-10-05/,2020-10-05 21:25:44,-69,['dxc']
248175529,"$dxc new article : dxc: this it services company’s stock is climbing, but don’t get your hopes up https://www.stck.pro/news/dxc/8242311",2020-10-05 14:05:13,-69,['dxc']
248116909,the short sale volume (not short interest) for $dxc on 2020-10-02 is 40%. http://shortvolumes.com/?t=dxc via @shortvolumes,2020-10-05 02:50:35,-69,['dxc']
248091332,your daily news digest for dxc technology company $dxc https://wsfriend.com/daily/news/dxc/2020-10-04/,2020-10-04 22:02:07,-69,['dxc']
248057443,"best 5-day returns in s&amp;p 500 for week ending 10/2/2020: 1. paycom $payc (16.86%), 2. gap $gps (12.65%), 3. discover financial services $dfs (12.54%), 4. dxc technology $dxc (12.5%), 5. duke energy $duk (11.05%). average 5-day return to all stocks in the index was 2.47% #weeklybest",2020-10-04 13:37:53,-69,"['dfs', 'duk', 'gps', 'payc', 'dxc']"
248021832,your daily news digest for dxc technology company $dxc https://wsfriend.com/daily/news/dxc/2020-10-03/,2020-10-03 21:25:32,-69,['dxc']
247932028,your daily news digest for dxc technology company $dxc https://wsfriend.com/daily/news/dxc/2020-10-02/,2020-10-02 21:26:37,-69,['dxc']
247766213,dxctechnologycompany $dxc bidaskscore is upgraded to held https://bidaskclub.com/news/company/2020-10-01/dxc,2020-10-02 12:29:02,-69,['dxc']
247705375,"best returns in s&amp;p 500 for 10/1/2020: 1. under armour (class a) $uaa (5.61%), 2. coty inc $coty (5.56%), 3. netflix $nflx (5.5%), 4. dxc technology $dxc (5.38%), 5. under armour (class c) $ua (5.18%). average return to all stocks in the index was 0.27% #dailybest",2020-10-02 03:41:29,-69,"['nflx', 'uaa', 'coty', 'ua', 'dxc']"
247649058,your daily news digest for dxc technology company $dxc https://wsfriend.com/daily/news/dxc/2020-10-01/,2020-10-01 21:26:08,-69,['dxc']
247499804,$dxc,2020-10-01 13:55:39,1,['dxc']
247494005,"#gsector #sell wk39 $qtwo, $dxc, $tdoc, $twlo, $coup, rpd, cybr, hubs, okta, yext  #tech #technology vgt ixn ftec xt igm xlk cqqq #growthstocks #stocks #finance #investment https://bit.ly/30o7uta",2020-10-01 13:42:02,-1,"['twlo', 'coup', 'qtwo', 'tdoc', 'dxc']"
247486531,"$dxc [15s. delayed]: issued press release on october 01, 09:15:00: dxc technology completes sale of u.s. state and local health and human  https://s.flashalert.me/kvp5pq",2020-10-01 13:20:48,-69,['dxc']
247486007,"dxc technology completes sale of u.s. state and local health and human services business to veritas capital, creating gainwell technologies http://www.conferencecalltranscripts.org/summary/?id=62870&amp;pr=true $dxc",2020-10-01 13:19:04,-69,['dxc']
247486001,"dxc technology completes sale of u.s. state and local health and human services business to veritas capital, creating gainwell technologies http://www.conferencecalltranscripts.org/summary/?id=62869&amp;pr=true $dxc",2020-10-01 13:19:03,-69,['dxc']
247377292,your daily news digest for dxc technology company $dxc https://wsfriend.com/daily/news/dxc/2020-09-30/,2020-09-30 21:26:18,-69,['dxc']
247282063,$dxc told you all to buy under 17. there is still room in this rocket ship,2020-09-30 16:36:01,1,['dxc']
247149368,$dxc nice move from this falling wedge,2020-09-30 02:51:55,-69,['dxc']
247140223,"best returns in s&amp;p 500 for 9/29/2020: 1. paycom $payc (4.47%), 2. hasbro $has (3.82%), 3. dxc technology $dxc (3.57%), 4. advanced micro devices inc $amd (2.88%), 5. arista networks $anet (2.64%). average return to all stocks in the index was -0.81% #dailybest",2020-09-30 02:11:57,-69,"['amd', 'has', 'anet', 'payc', 'dxc']"
247088008,your daily news digest for dxc technology company $dxc https://wsfriend.com/daily/news/dxc/2020-09-29/,2020-09-29 21:26:02,-69,['dxc']
247072535,$dxc targeting $87.49,2020-09-29 20:32:15,1,['dxc']
246819354,your daily news digest for dxc technology company $dxc https://wsfriend.com/daily/news/dxc/2020-09-28/,2020-09-28 21:25:59,-69,['dxc']
246707175,"$axp, $bwa and $dxc are the top gainers in the s&amp;p500 for the day. https://www.chartmill.com/stock/stock-screener?v=3&amp;f=ind_22&amp;s=pt&amp;utm_source=stocktwits&amp;utm_medium=screener&amp;utm_content=stock_screener:_top_s&amp;p500_gainers&amp;utm_campaign=social_tracking",2020-09-28 14:55:01,-69,"['axp', 'bwa', 'dxc']"
246619494,"worst 3-year total returns in s&amp;p 500 as of 9/25/2020: 1. coty inc $coty (-81.6%), 2. occidental petroleum $oxy (-80.98%), 3. dxc technology $dxc (-76.79%), 4. apache $apa (-76.38%), 5. technipfmc $fti (-76.03%) #3yearworst",2020-09-28 02:59:21,-69,"['apa', 'fti', 'oxy', 'coty', 'dxc']"
246589804,your daily news digest for dxc technology company $dxc https://wsfriend.com/daily/news/dxc/2020-09-27/,2020-09-27 21:27:04,-69,['dxc']
246525224,your daily news digest for dxc technology company $dxc https://wsfriend.com/daily/news/dxc/2020-09-26/,2020-09-26 21:25:39,-69,['dxc']
246494302,$dxc excited about the “new” dxc!,2020-09-26 13:54:59,1,['dxc']
246481903,$dxc had approximately 6m usd go to the short side at 39 pct short  the bears are few  https://www.algowins.com/?wdt_column_filter[1]=dxc,2020-09-26 06:41:58,1,['dxc']
246429895,your daily news digest for dxc technology company $dxc https://wsfriend.com/daily/news/dxc/2020-09-25/,2020-09-25 21:25:36,-69,['dxc']
246347700,"$dxc 
bought @ 15.65 - partial profits taken @ 21.35 
note: modified (add 14.05 (small) - 10.90, 8.15) - sl 6.00 target 25.95, 29.70 

(original analysis submitted: june 03, 2020) ",2020-09-25 17:05:13,-69,['dxc']
246274511,dxctechnologycompany $dxc bidaskscore is downgraded to sold https://bidaskclub.com/news/company/2020-09-24/dxc,2020-09-25 13:41:03,-69,['dxc']
246205420,"$dxc [15s. delayed]: issued press release on september 24, 22:13:00: riassunto: dxc technology annuncia nuove nomine al vertice, a support https://s.flashalert.me/gq5aty",2020-09-25 02:15:20,-69,['dxc']
246155354,your daily news digest for dxc technology company $dxc https://wsfriend.com/daily/news/dxc/2020-09-24/,2020-09-24 21:25:53,-69,['dxc']
246152893,"$dxc [15s. delayed]: issued press release on september 24, 17:08:00: dxc technology annonce des nominations à la direction pour soutenir l https://s.flashalert.me/flik5",2020-09-24 21:15:17,-69,['dxc']
246118221,$dxc jesus christ.  is this garbage ever going to go back to its dotcom price without plummeting again?,2020-09-24 19:30:57,-69,['dxc']
246116192,"$dxc [15s. delayed]: issued press release on september 24, 15:20:00: dxc technology anuncia nombramientos de liderazgo para respaldar el “ https://s.flashalert.me/hkijeb",2020-09-24 19:25:42,-69,['dxc']
246116174,"$dxc [15s. delayed]: issued press release on september 24, 15:22:00: dxc-technologie ernennt führungskräfte zur unterstützung des „neuen d https://s.flashalert.me/b9niy",2020-09-24 19:25:38,-69,['dxc']
246085709,"$dxc [15s. delayed]: issued press release on september 24, 13:51:00: samenvatting: dxc technology kondigt leidinggevende benoemingen aan t https://s.flashalert.me/prba9j",2020-09-24 17:55:30,-69,['dxc']
246060388,"$dxc [15s. delayed]: issued press release on september 24, 12:36:00: dxc technology anuncia nomeações da liderança que manterá a &amp;quot;nov https://s.flashalert.me/ijekq",2020-09-24 16:40:51,-69,['dxc']
246048863,$dxc at under 17 this is a no brainer and a great bargain.,2020-09-24 16:05:28,1,['dxc']
246000179,stocktwits trending alert: trading recent interest in dxc technology co $dxc https://wp.me/p5blgb-atvd,2020-09-24 14:10:54,-69,['dxc']
245998578,$dxc give me $20 and i will be out. waited too long for this to comeback to high 20s and it ain&#39;t happening...,2020-09-24 14:07:56,-69,['dxc']
245985533,$dxc just filed with the sec a event for officers https://last10k.com/sec-filings/dxc/0001688568-20-000075.htm?utm_source=stocktwits&amp;utm_medium=forum&amp;utm_campaign=8k&amp;utm_term=dxc,2020-09-24 13:45:25,-69,['dxc']
245985079,"$dxc [15s. delayed] filed form 8-k on september 24, 09:43:47: item5.02: departure of election 0f officers or compensatory arrangements https://s.flashalert.me/ij2sns",2020-09-24 13:44:40,-69,['dxc']
245984928,"$dxc form 8-k: departure of directors or certain officers; election of directors; appointment of certain officers; compensatory arrangements of certain officers.on september 24, 2020, dxc technology c.. 

https://newsfilter.io/a/7d9d68eacf3170aeb5dc0fc35212b866",2020-09-24 13:44:23,-69,['dxc']
245983425,"#gsector #sell wk38 $qtwo, $dxc, $tdoc, $nptn, $twlo, coup, rpd, cybr, hubs, hpe  #tech #technology vgt ixn ftec xt igm xlk cqqq #growthstocks #stocks #finance #investment http://tinyurl.com/y2pvbwhz",2020-09-24 13:41:58,-1,"['nptn', 'twlo', 'qtwo', 'tdoc', 'dxc']"
245975587,"$dxc [15s. delayed]: issued press release on september 24, 09:20:00: dxc technology announces leadership appointments to support the “new  https://s.flashalert.me/eygyqu",2020-09-24 13:26:00,-69,['dxc']
245973280,"$dxc $dxc dxc technology announces leadership appointments to support the “new dxc&quot; 

https://newsfilter.io/a/3dca9c5d7c203c445ef890776801cb65",2020-09-24 13:20:33,-69,['dxc']
245930507,$dxc new article : what to do after dxc technology shares tumbled https://www.stck.pro/news/dxc/7963751,2020-09-24 09:17:06,-69,['dxc']
245846742,your daily news digest for dxc technology company $dxc https://wsfriend.com/daily/news/dxc/2020-09-23/,2020-09-23 21:25:49,-69,['dxc']
245733472,technical analysis of #dxctechnology #dxc $dxc https://www.finscreener.com/tittech/technical-analysis?&amp;cp=40834,2020-09-23 16:31:34,-69,['dxc']
245538901,your daily news digest for dxc technology company $dxc https://wsfriend.com/daily/news/dxc/2020-09-22/,2020-09-22 21:26:03,-69,['dxc']
245463238,$dxc sold the last of my shares today and exited with 70% loss.,2020-09-22 17:41:54,-69,['dxc']
245443933,$dxc why dxc stock price is so weak? looks like a good value play for me.,2020-09-22 16:35:07,1,['dxc']
245323204,$dxc had approximately 8m usd go to the short side at 40 pct short  the bears are few  https://www.algowins.com/?wdt_column_filter[1]=dxc,2020-09-22 02:32:46,1,['dxc']
245273939,your daily news digest for dxc technology company $dxc https://wsfriend.com/daily/news/dxc/2020-09-21/,2020-09-21 21:25:51,-69,['dxc']
245094473,$dxc - next fiscal quarter end is on 30th of september 2020. momentum event: macd with… https://www.macroaxis.com/invest/momentum-indicators/macd-with-controllable-ma-type/dxc,2020-09-21 10:22:03,-69,['dxc']
245056246,$dxc thanks $hpq for giving me this absolute turd.,2020-09-21 01:29:56,-69,"['hpq', 'dxc']"
245035242,your daily news digest for dxc technology company $dxc https://wsfriend.com/daily/news/dxc/2020-09-20/,2020-09-20 21:25:59,-69,['dxc']
245014512,"worst 3-year total returns in s&amp;p 500 as of 9/18/2020: 1. coty inc $coty (-80.06%), 2. occidental petroleum $oxy (-77.35%), 3. carnival $ccl (-74.3%), 4. dxc technology $dxc (-73.83%), 5. norwegian cruise line holdings $nclh (-71.16%) #3yearworst",2020-09-20 16:17:26,-69,"['ccl', 'oxy', 'nclh', 'coty', 'dxc']"
244965533,your daily news digest for dxc technology company $dxc https://wsfriend.com/daily/news/dxc/2020-09-19/,2020-09-19 21:25:41,-69,['dxc']
244953418,$dxc - next fiscal quarter end is on 30th of september 2020. technical analysis alert: dxc… https://www.macroaxis.com/invest/momentum-indicators/aroon/dxc,2020-09-19 18:15:03,-69,['dxc']
244882321,"$dxc: new sec filing on president and ceo, michael j salvino: https://www.sec.gov/archives/edgar/data/1688568/000168856820000073/xslf345x03/wf-form4_160046607270925.xml",2020-09-18 22:49:02,-69,['dxc']
244873606,"$dxc [15s. delayed] filed sec form 4: president and ceo salvino michael j: 
delivered securities 26,838 of common stock at average price $ https://s.flashalert.me/hwwu1e",2020-09-18 21:55:47,-69,['dxc']
244873574,"$dxc $524,682.90 of shares sold by salvino michael j (president and ceo), reported in a new form 4 filed with the sec  

https://newsfilter.io/a/aa615b509ed70551b2a41a32c4dbd3ea",2020-09-18 21:55:33,-69,['dxc']
244867995,your daily news digest for dxc technology company $dxc https://wsfriend.com/daily/news/dxc/2020-09-18/,2020-09-18 21:26:10,-69,['dxc']
244766158,$dxc like i said a few weeks ago. needs another good earnings. low $20 is highest it will go until then or with news,2020-09-18 16:31:13,-69,['dxc']
244724426,"sector briefing: technology  $xlk 
the top-weighted technology sector (-1.3%) started today&#39;s session behind the remaining groups, making for a continuation of its recent struggle. the sector remains up 0.2% for the week, but it is down 8.5% for the month.

notable movers:

dxc technology $dxc: weakest performer in the sector, falling below its 50-day moving average (18.76) to a three-week low.
amd $amd: slipping to its 50-day moving average (76.08).
apple (aapl 109.23, -1.11, -1.0%): slipping below its 50-day moving average (110.64) to yesterday&#39;s low.
nvidia $nvda: narrowing this week&#39;s gain to 2.0%. company launched its new flagship video card yesterday to strong demand.
micron $mu: best performer in the sector, rising toward its july high (54.20). company supplies memory for nvidia&#39;s new video cards.",2020-09-18 14:36:11,-69,"['nvda', 'amd', 'mu', 'xlk', 'dxc']"
244590168,your daily news digest for dxc technology company $dxc https://wsfriend.com/daily/news/dxc/2020-09-17/,2020-09-17 21:26:58,-69,['dxc']
244504612,"fenergo is said to weigh ipo at $1.5 billion valuation  $snow $stt $dxc $ncno 

https://newsfilter.io/a/b9c0a39506e0205d31866d732ede4293",2020-09-17 16:45:22,-69,"['stt', 'snow', 'dxc', 'ncno']"
244431422,"#gsector #sell wk37 $dxc, $tdoc, $nptn, $twlo, $coup, rpd, cybr, hubs, hpe, st  #tech #technology vgt ixn ftec xt igm xlk cqqq #growthstocks #stocks #finance #investment https://bit.ly/3mwelp6",2020-09-17 13:41:56,-1,"['nptn', 'twlo', 'coup', 'tdoc', 'dxc']"
244290129,your daily news digest for dxc technology company $dxc https://wsfriend.com/daily/news/dxc/2020-09-16/,2020-09-16 21:25:48,-69,['dxc']
244233880,$dxc added to long position in dxc tech. good spot to add or enter.,2020-09-16 18:40:37,1,['dxc']
244124866,$dxc new article : veritas capital announces gainwell technologies as the new name for the u.s. state &amp; local health and human services business to be acquired from dxc technology https://www.stck.pro/news/dxc/7751487,2020-09-16 14:02:06,-69,['dxc']
244101159,$dxc new article : dxc technology to sell us state and local health and human services business to veritas capital https://www.stck.pro/news/dxc/7751758,2020-09-16 12:57:14,-69,['dxc']
244093845,"$dxc dxc technology to sell us state and local health and human services business to veritas capital 

https://newsfilter.io/a/63f6519595f0b8be235249eca9b351a9",2020-09-16 12:26:00,-69,['dxc']
244091784,"$dxc new article : dxc technology announces cfo, paul saleh, to join u.s. state and local health and human services business as ceo https://www.stck.pro/news/dxc/7751510",2020-09-16 12:16:10,-69,['dxc']
244091627,"$dxc just filed with the sec a event for officers, a regulated disclosure and a financial exhibit https://last10k.com/sec-filings/dxc/0001193125-20-246764.htm?utm_source=stocktwits&amp;utm_medium=forum&amp;utm_campaign=8k&amp;utm_term=dxc",2020-09-16 12:15:22,-69,['dxc']
244091444,"$dxc [15s. delayed] filed form 8-k on september 16, 08:13:34: item5.02: departure of election 0f officers or compensatory arrangements https://s.flashalert.me/g6fdl5",2020-09-16 12:14:27,-69,['dxc']
244091375,"$dxc form 8-k: departure of directors or certain officers; election of directors; appointment of certain officers; compensatory arrangements of certain officers. on september 16, 2020, dxc technology .. 

https://newsfilter.io/a/ab349147f31aef6da876b0923346bc49",2020-09-16 12:14:04,-69,['dxc']
244090521,"$dxc [15s. delayed]: issued press release on september 16, 08:05:00: veritas capital announces gainwell technologies as the new name for t https://s.flashalert.me/4rrpk",2020-09-16 12:09:41,-69,['dxc']
244089563,"$dxc [15s. delayed]: issued press release on september 16, 08:00:00: dxc technology announces cfo, paul saleh, to join u.s. state and loca https://s.flashalert.me/gh4uw",2020-09-16 12:04:40,-69,['dxc']
244088915,"$dxc dxc technology announces cfo, paul saleh, to join u.s. state and local health and human services business as ceo 

https://newsfilter.io/a/2a5d94de6e113f1678d3dd76419a4207",2020-09-16 12:01:45,-69,['dxc']
243998519,your daily news digest for dxc technology company $dxc https://wsfriend.com/daily/news/dxc/2020-09-15/,2020-09-15 21:25:33,-69,['dxc']
243861891,$dxc good news coming!,2020-09-15 14:46:37,1,['dxc']
243804982,"💰 revenue history for dxc technology ($dxc)️:

2020 q2 :   $4.50 b      -6.5%
2020 q1 :   $4.81 b      -4.1%
2019 q4 :   $5.02 b

more: https://companiesmarketcap.com/dxc-technology/revenue/",2020-09-15 11:55:02,-69,['dxc']
243760016,$dxc waiting to come down to $10 again.,2020-09-15 01:50:43,-1,['dxc']
243716033,your daily news digest for dxc technology company $dxc https://wsfriend.com/daily/news/dxc/2020-09-14/,2020-09-14 21:25:40,-69,['dxc']
243708354,$dxc max pain is 15.00 for maturity 09/18/2020. #maxpain #options http://maximum-pain.com/options/dxc?m=09%2f18%2f2020,2020-09-14 20:56:56,-69,['dxc']
243573857,"bullish sweeper in $dxc 

$22c 

10/16 exp 

@ .77",2020-09-14 14:18:14,-69,['dxc']
243573533,unusual bull sweeper in $dxc,2020-09-14 14:17:28,-69,['dxc']
243554179,"📈 market cap history for dxc technology ($dxc)️:

2020 :   $5.10 b    -46.38%
2019 :   $9.52 b     -33.6%
2018 :  $14.34 b       -47%

more: https://companiesmarketcap.com/dxc-technology/marketcap/",2020-09-14 13:29:44,-69,['dxc']
243462310,your daily news digest for dxc technology company $dxc https://wsfriend.com/daily/news/dxc/2020-09-13/,2020-09-13 21:25:39,-69,['dxc']
243436113,the short sale volume (not short interest) for $dxc on 2020-09-11 is 46%. http://shortvolumes.com/?t=dxc via @shortvolumes,2020-09-13 15:23:32,-69,['dxc']
243388218,your daily news digest for dxc technology company $dxc https://wsfriend.com/daily/news/dxc/2020-09-12/,2020-09-12 21:26:49,-69,['dxc']
243374752,"worst 3-year total returns in s&amp;p 500 as of 9/11/2020: 1. occidental petroleum $oxy (-79.69%), 2. coty inc $coty (-76.76%), 3. general electric $ge (-72.62%), 4. dxc technology $dxc (-72.42%), 5. technipfmc $fti (-71.84%) #3yearworst",2020-09-12 18:14:25,-69,"['fti', 'ge', 'oxy', 'coty', 'dxc']"
243345270,"$dxc [15s. delayed]: issued press release on september 10, 16:30:00: dxc technology adds david barnes and raul fernandez to board of direc https://s.flashalert.me/lwhfq",2020-09-12 07:51:19,-69,['dxc']
243293697,your daily news digest for dxc technology company $dxc https://wsfriend.com/daily/news/dxc/2020-09-11/,2020-09-11 21:26:01,-69,['dxc']
243213260,this is why hedge funds use a.i. $dxc&#39;s in downtrend: moving average convergence divergence (macd) histogram just turned negative. view odds for this and other indicators: https://srnk.us/go/2090559,2020-09-11 16:59:51,-69,['dxc']
243148980,dxctechnologycompany $dxc bidaskscore is downgraded to held https://bidaskclub.com/news/company/2020-09-10/dxc,2020-09-11 14:02:03,-69,['dxc']
243024626,your daily news digest for dxc technology company $dxc https://wsfriend.com/daily/news/dxc/2020-09-10/,2020-09-10 21:27:15,-69,['dxc']
243012008,$dxc new article : dxc technology adds david barnes and raul fernandez to board of directors https://www.stck.pro/news/dxc/7608290,2020-09-10 20:38:34,-69,['dxc']
243011128,"$dxc [15s. delayed]: issued press release on september 10, 16:30:00: dxc technology adds david barnes and raul fernandez to board of direc https://s.flashalert.me/2i3kwy",2020-09-10 20:35:46,-69,['dxc']
243009561,"$dxc dxc technology adds david barnes and raul fernandez to board of directors 

https://newsfilter.io/a/d051df7c4ea0404740f8113e91b8c583",2020-09-10 20:30:39,-69,['dxc']
242941175,icymi: usa aroon signals bullish stocks: $mtb $sivb $dxc http://dlvr.it/rgg2wd,2020-09-10 17:20:32,-69,"['sivb', 'mtb', 'dxc']"
242861165,"#gsector #sell wk36 $dxc, $tdoc, $yext, $nptn, $twlo, coup, rpd, zs, cybr, hubs  #tech #technology vgt ixn ftec xt igm xlk cqqq #growthstocks #stocks #finance #investment https://bit.ly/2flig5i",2020-09-10 13:41:56,-1,"['yext', 'nptn', 'twlo', 'tdoc', 'dxc']"
242745292,your daily news digest for dxc technology company $dxc https://wsfriend.com/daily/news/dxc/2020-09-09/,2020-09-09 21:25:47,-69,['dxc']
242633854,$dxc added to dxc position on this dip,2020-09-09 15:28:54,1,['dxc']
242632914,$dxc well this turned out to be a garbage call from a cnbc pump....,2020-09-09 15:25:53,1,['dxc']
242554139,usa aroon signals bullish stocks: $mtb $sivb $dxc http://dlvr.it/rgg2wd,2020-09-09 10:16:04,-69,"['sivb', 'mtb', 'dxc']"
242470746,your daily news digest for dxc technology company $dxc https://wsfriend.com/daily/news/dxc/2020-09-08/,2020-09-08 21:25:56,-69,['dxc']
242234926,your daily news digest for dxc technology company $dxc https://wsfriend.com/daily/news/dxc/2020-09-07/,2020-09-07 21:25:53,-69,['dxc']
242163062,your daily news digest for dxc technology company $dxc https://wsfriend.com/daily/news/dxc/2020-09-06/,2020-09-06 21:25:25,-69,['dxc']
242086703,your daily news digest for dxc technology company $dxc https://wsfriend.com/daily/news/dxc/2020-09-05/,2020-09-05 21:25:50,-69,['dxc']
242065696,$0.37 eps expected for dxc technology co (nyse:dxc) this quarter $dxc #dxc https://www.marketbeat.com/n/4451937/,2020-09-05 16:44:05,-69,['dxc']
242054068,"worst 3-year total returns in s&amp;p 500 as of 9/4/2020: 1. occidental petroleum $oxy (-75.47%), 2. coty inc $coty (-73.85%), 3. general electric $ge (-71.7%), 4. dxc technology $dxc (-70.59%), 5. carnival $ccl (-69.73%) #3yearworst",2020-09-05 14:03:51,-69,"['ccl', 'ge', 'oxy', 'coty', 'dxc']"
241986331,your daily news digest for dxc technology company $dxc https://wsfriend.com/daily/news/dxc/2020-09-04/,2020-09-04 21:25:51,-69,['dxc']
241978411,$dxc a stock that barely recovered since march tells you a lot about this company.,2020-09-04 20:47:10,-1,['dxc']
241937201,$dxc added new positions today in dxc tech (owned this one before way back) and red robin gourmet burgers $rrgb,2020-09-04 18:44:28,1,"['rrgb', 'dxc']"
241821880,($dxc) found possible cup and handle on 2hr.,2020-09-04 13:47:13,-69,['dxc']
241678493,your daily news digest for dxc technology company $dxc https://wsfriend.com/daily/news/dxc/2020-09-03/,2020-09-03 21:26:12,-69,['dxc']
241625150,"this is why hedge funds use a.i. $dxc enters an uptrend as momentum indicator exceeded the 0 level on september 1, 2020. view odds for this and other indicators: https://srnk.us/go/2060446",2020-09-03 19:05:01,-69,['dxc']
241594012,$dxc more upside ahead with multiple catalyst.  study!,2020-09-03 17:37:52,1,['dxc']
241542031,"new article:  &quot;market breadth strong but stock indices extended&quot; - https://www.seeitmarket.com/market-breadth-strong-but-stock-indices-extended/ 
 
by @danrusso_cmt $spy $qqq $iwm $dxc $fang",2020-09-03 15:28:07,-69,"['iwm', 'spy', 'qqq', 'fang', 'dxc']"
241485592,"#gsector #sell wk35 $dxc, $yext, $twlo, $tdoc, $coup, rpd, okta, cybr, zs, hubs  #tech #technology vgt ixn ftec xt igm xlk cqqq #growthstocks #stocks #finance #investment https://bit.ly/351wji8",2020-09-03 13:41:58,-1,"['yext', 'twlo', 'coup', 'tdoc', 'dxc']"
241471032,$dxc 30 50 90 $acn,2020-09-03 13:07:19,1,"['acn', 'dxc']"
241465622,"$dxc [15s. delayed]: issued press release on september 03, 08:46:00: resumen: topsail re selecciona la plataforma integral de administraci https://s.flashalert.me/e8ffr",2020-09-03 12:50:26,-69,['dxc']
241416970,"best returns in s&amp;p 500 for 9/2/2020: 1. dxc technology $dxc (11.63%), 2. brown-forman $bf_b (10.04%), 3. lam research $lrcx (6.5%), 4. align technology $algn (6.22%), 5. twitter $twtr (6.12%). average return to all stocks in the index was 1.85% #dailybest",2020-09-03 04:32:54,-69,"['algn', 'lrcx', 'twtr', 'dxc']"
241414700,$dxc had approximately 64m usd go to the short side at 62 pct short  the bears are on the attack  https://www.algowins.com/?wdt_column_filter[1]=dxc,2020-09-03 04:09:51,-1,['dxc']
241376876,$dxc buy breakout 30,2020-09-03 00:05:44,1,['dxc']
241351994,$dxc  thank you for all that replied to my request - it helped a lot in directing my dd update.,2020-09-02 22:16:14,-69,['dxc']
241348109,"closed up with unusually high vol today 
$sdc $amc $serv $dxc $twtr  
 
sort results by time, chg, %, vol and more. 
stockbeep.com/uvg-sep2",2020-09-02 22:00:44,-69,"['serv', 'twtr', 'amc', 'dxc', 'sdc']"
241338725,your daily news digest for dxc technology company $dxc https://wsfriend.com/daily/news/dxc/2020-09-02/,2020-09-02 21:25:29,-69,['dxc']
241333441,"$shll, $maxr and $dxc are the top gainers for the day. https://www.chartmill.com/stock/stock-screener?v=3&amp;f=sl_pt_4_x,p_pg10,v1_50b500,exch_us&amp;s=pt&amp;utm_source=stocktwits&amp;utm_medium=screener&amp;utm_content=stock_screener:_top_gainers&amp;utm_campaign=social_tracking",2020-09-02 21:08:00,-69,"['dxc', 'maxr']"
241305898,"recap 9/2 +pos comments:
$dxc + bill nygren
$este + alliance global
$wfc + odeon capital

recap 9/2 -neg comments:
$sfm - cfra
$ino - muddy waters

live breaking trading news
www.openoutcrier.com",2020-09-02 20:04:00,-69,"['ino', 'wfc', 'este', 'sfm', 'dxc']"
241304962,"$dxc  i don&#39;t follow this one too closely - long term &quot;bag&quot; holder.
could someone kindly share with me any news to account for upmove?
thank you.",2020-09-02 20:02:22,-69,['dxc']
241279253,$dxc 30 imminent breakout then 50 90 $acn,2020-09-02 19:12:05,1,"['acn', 'dxc']"
241269530,$kirk this thing is screwed on home nonsense moving into $dxc will run to $50-$100 based on $acn,2020-09-02 18:48:43,-69,"['kirk', 'acn', 'dxc']"
241267995,$dxc this stock is going to 30 quickly,2020-09-02 18:45:08,1,['dxc']
241256550,$dxc i open a new position here today,2020-09-02 18:16:23,1,['dxc']
241253857,$dxc needs another good earnings for this to move out of the 20s. until then going to consolidate here without news or insider buying.,2020-09-02 18:09:15,-69,['dxc']
241239092,"$dxc [15s. delayed]: issued press release on september 02, 13:26:00: topsail re entscheidet sich für die durchgehende plattform von dxc te https://s.flashalert.me/7ei3c1",2020-09-02 17:31:12,-69,['dxc']
241210505,"$dxc [15s. delayed]: issued press release on september 02, 12:19:00: riassunto: topsail re sceglie la completa piattaforma gestionale per  https://s.flashalert.me/nyz6yr",2020-09-02 16:22:19,-69,['dxc']
241199119,"$dxc 💎buy alert! 💎specifically, buy and sell covered calls. remember they will have 5 billion in the bank soon! this is still undervalued, should be around 28 by my calculations. free money here",2020-09-02 15:56:19,1,['dxc']
241193736,"$dxc [15s. delayed]: issued press release on september 02, 11:42:00: topsail re choisit la plateforme complète d&amp;apos;administration de la https://s.flashalert.me/ic3wq",2020-09-02 15:45:35,-69,['dxc']
241176841,$dxc i am surprised how few people know dxc and how few followers are here. dxc will become even more popular. dxc will go up...🐣🐣🐣,2020-09-02 15:10:23,1,['dxc']
241162672,$dxc new article : dxc +7% after positive cnbc mention https://www.stck.pro/news/dxc/7413009,2020-09-02 14:40:13,-69,['dxc']
241162127,"$dxc dxc +7% after positive cnbc mention 

https://newsfilter.io/a/8b3890393f90fc8771b6c6322b4d431e",2020-09-02 14:39:07,-69,['dxc']
241154948,"up with high relative vol in the opening hour 
$brqs $sdc $dxc $vuzi $shll  
 
+7 more results 
stockbeep.com/uvg-sep2a",2020-09-02 14:24:52,-69,"['vuzi', 'dxc', 'brqs', 'sdc']"
241150232,"$dxc [15s. delayed]: issued press release on september 02, 10:14:00: samenvatting: topsail re selecteert het end-to-end herverzekeringsbeh https://s.flashalert.me/4zxhub",2020-09-02 14:16:21,-69,['dxc']
241149058,$dxc  $23 calls,2020-09-02 14:14:23,-69,['dxc']
241146685,hmmm $dxc getting a @cnbc mention...  so much upside in that name.  i and my glorious priv. feed can wait to get paid.  tho already loads of good trades from $dxc.  #techt #justanotherwinner,2020-09-02 14:10:43,1,['dxc']
