id,body,created_at,sentiment,symbols
254895874,big gainer alert: trading today&#39;s 7.8% move in avalara inc $avlr https://wp.me/p5blgb-bmn1,2020-11-06 17:08:51,-69,['avlr']
254888071,"$avlr 
maintains raymond james financial outperform usd 140 » usd 180 
target raised by piper sandler overweight usd 138 » usd 185 
reiterated by mizuho securities buy usd 175 » usd 190 
target raised by jmp securities outperform usd 165 » usd 185 
target raised by needham &amp; company llc buy usd 150 » usd 190
https://www.stocktargetadvisor.com/stock/usa/nye/avlr#analyst-rating-tab",2020-11-06 16:42:42,-69,['avlr']
254885403,$sq $uber $avlr $snap new 52 weeks highs for these names as well moving to the top of my watch list.,2020-11-06 16:34:35,-69,"['sq', 'uber', 'snap', 'avlr']"
254841002,$avlr 😍,2020-11-06 14:32:17,1,['avlr']
254836759,$avlr raymond james maintains to outperform : pt $180.00 https://stockhoot.com/extsymbol.aspx?from=analystratingtweet&amp;symbol=avlr&amp;t=743&amp;social=stocktwits,2020-11-06 14:18:38,-69,['avlr']
254825529,"gapping up  
in reaction to earnings/guidance:  

$avlr +1.1% (also acquires the operational assets of business licenses), $mga +1.1%, $viav +1%",2020-11-06 13:33:35,-69,"['mga', 'viav', 'avlr']"
254820392,"$avlr
avlr target raised by piper sandler with price target $138.00 ➝ $185.00 and rating overweight
source:https://www.marketbeat.com/ratings/
view the full list of news/momentum plays on watch at : bit.ly/32gfart
[no bias / position]
[find me at https://stocktwits.com/sbiswas | https://twitter.com/soumyajyoti_b]",2020-11-06 13:09:24,-69,['avlr']
254819614,last10k highlighted 76 positive and negative remarks in $avlr&#39;s 10-q filed today. see them in the quarterly report: https://last10k.com/sec-filings/avlr/0001564590-20-051527.htm?utm_source=stocktwits&amp;utm_medium=forum&amp;utm_campaign=sentiment&amp;utm_term=avlr,2020-11-06 13:06:04,-69,['avlr']
254816744,$avlr needham maintains to buy : pt $190.00 https://stockhoot.com/extsymbol.aspx?from=analystratingtweet&amp;symbol=avlr&amp;t=345&amp;social=stocktwits,2020-11-06 12:50:24,-69,['avlr']
254814563,$avlr acquired the operational assets of business licenses for ~$97 mln in cash and stock https://www.briefing.com/in-depth-analysis/content/article?articleid=in20201105161353avlr,2020-11-06 12:35:51,-69,['avlr']
254814044,"$avlr beats by $0.11, beats on revs; guides q4 revs above consensus https://www.briefing.com/in-depth-analysis/content/article?articleid=in20201105160923avlr",2020-11-06 12:32:29,-69,['avlr']
254812029,$avlr just filed a 10-q quarterly report with 62 sections and 4 exhibits. access them all or just read their earnings: https://last10k.com/sec-filings/avlr/0001564590-20-051527.htm?utm_source=stocktwits&amp;utm_medium=forum&amp;utm_campaign=10kq2040f&amp;utm_term=avlr,2020-11-06 12:18:42,-69,['avlr']
254806830,avalara inc just filed its quarterly report: 12.net loss pe... http://www.conferencecalltranscripts.org/q/summary/?id=8527503 $avlr,2020-11-06 11:37:57,-69,['avlr']
254803916,"$avlr form 10-q (quarterly report [sections 13 or 15(d)]) filed with the sec 

https://newsfilter.io/a/3aa3bfbe0e3c4446fbd2b74fe46af305",2020-11-06 11:07:57,-69,['avlr']
254797979,$avlr piper sandler maintains to overweight : pt $185.00 https://stockhoot.com/extsymbol.aspx?from=analystratingtweet&amp;symbol=avlr&amp;t=208&amp;social=stocktwits,2020-11-06 09:29:36,-69,['avlr']
254775674,$avlr bullish,2020-11-06 03:35:20,1,['avlr']
254755925,$avlr earnings are out!!  https://stockhoot.com/earningscalendar.aspx?from=afterearningstweet&amp;symbol=avlr&amp;t=606&amp;social=stocktwits,2020-11-06 01:10:57,-69,['avlr']
254738681,$avlr just filed with the sec a earnings release and a financial exhibit https://last10k.com/sec-filings/avlr/0001564590-20-051381.htm?utm_source=stocktwits&amp;utm_medium=forum&amp;utm_campaign=8k&amp;utm_term=avlr,2020-11-05 23:40:44,-69,['avlr']
254738489,"$avlr [15s. delayed] filed sec form 4: see remarks tennenbaum ross: 
disposed 926 of common stock at average price $147.91 and converted s https://s.flashalert.me/neg83b",2020-11-05 23:39:52,-69,['avlr']
254738423,"$avlr $85,943.12 of shares sold by tennenbaum ross (see remarks), reported in a new form 4 filed with the sec  

https://newsfilter.io/a/674667131778165e91deebac9c97f9d1",2020-11-05 23:39:33,-69,['avlr']
254733908,avalara inc&#39;s see remarks just cashed-in 785 options  http://www.conferencecalltranscripts.org/4/summary2/?id=8524697 $avlr,2020-11-05 23:16:31,-69,['avlr']
254733608,"$avlr $73,319.00 of shares sold by mathradas amit (see remarks), reported in a new form 4 filed with the sec  https://newsfilter.io/a/5ec3687b352c92f1bcff57a5ac0b13a6",2020-11-05 23:15:07,-69,['avlr']
254732540,"$avlr [15s. delayed] filed sec form 4: see remarks mathradas amit: 
disposed 785 of common stock at price $148.5 and converted securities  https://s.flashalert.me/niguh",2020-11-05 23:10:28,-69,['avlr']
254728036,"$avlr just filed with the sec a new agreement, a change in assets, a regulated disclosure and a financial exhibit https://last10k.com/sec-filings/avlr/0001193125-20-286915.htm?utm_source=stocktwits&amp;utm_medium=forum&amp;utm_campaign=8k&amp;utm_term=avlr",2020-11-05 22:51:14,-69,['avlr']
254727714,"$avlr new article : avalara beats q3 estimates with $127.9m in revenue, acquires assets from business licenses for $97m https://www.stck.pro/news/avlr/8960226",2020-11-05 22:49:50,-69,['avlr']
254726247,"$avlr new article : avalara eps beats by $0.11, beats on revenue https://www.stck.pro/news/avlr/8958156",2020-11-05 22:43:36,-69,['avlr']
254722816,"avalara acquires assets from business licenses, llc, to help manage and streamline  http://www.conferencecalltranscripts.org/8/summary2/?id=8523857 $avlr",2020-11-05 22:29:50,-69,['avlr']
254717640,avalara announces third quarter 2020 financial results  http://www.conferencecalltranscripts.org/8/summary/?id=8523628 $avlr,2020-11-05 22:12:02,-69,['avlr']
254716492,$avlr updates fy 2020after-hours guidance to eps and revenue guidance to $488-490 million. https://www.marketbeat.com/g/52917,2020-11-05 22:07:51,-69,['avlr']
254716489,$avlr updates q4 2020after-hours guidance to eps and revenue guidance to $132-134 million. https://www.marketbeat.com/g/52918,2020-11-05 22:07:50,-69,['avlr']
