id,body,created_at,sentiment,symbols
254800496,comprehensive non-correlated corning $glw trading report https://tinyurl.com/yyseb9pw,2020-11-06 10:15:06,-69,['glw']
254778008,"corning coo eric musser sells $855,545.18 in $glw https://www.marketbeat.com/i/414770",2020-11-06 03:56:57,-69,['glw']
254775921,"corning vp edward schlesinger sells $209,586.85 in $glw https://www.marketbeat.com/i/414763",2020-11-06 03:37:11,-69,['glw']
254760475,$glw  apparently the bear pattern is not confirmed. prices continue to rise. https://bit.ly/1vt2zva,2020-11-06 01:38:08,1,['glw']
254759957,"3 dividend technology stocks with yields of 2.5% and up

$csco $glw $ibm  

https://m.benzinga.com/article/18213196",2020-11-06 01:34:48,-69,"['csco', 'glw', 'ibm']"
254736116,$glw new insider selling: 6247 shares. http://insiderbuyingselling.com/?t=glw,2020-11-05 23:27:36,-69,['glw']
254709682,"corning incorporated&#39;s senior vp &amp; controller just cashed-in 6,247 options  http://www.conferencecalltranscripts.org/4/summary2/?id=8523312 $glw",2020-11-05 21:46:23,-69,['glw']
254709223,your daily news digest for corning incorporated $glw https://wsfriend.com/daily/news/glw/2020-11-05/,2020-11-05 21:45:04,-69,['glw']
254704721,"3 dividend technology stocks with yields of 2.5% and up

related tickers: $aapl $csco $glw $ibm $vz",2020-11-05 21:33:17,-69,"['aapl', 'csco', 'glw', 'ibm', 'vz']"
254701111,3 dividend technology stocks with yields of 2.5% and up $ibm $csco $glw https://benzinga.com/z/18213196#.x6rszp89dpc.twitter,2020-11-05 21:24:29,-69,"['csco', 'glw', 'ibm']"
254700353,"$glw $78,350.11 of shares sold by schlesinger edward a (senior vp &amp; controller), reported in a new form 4 filed with the sec  https://newsfilter.io/a/915fa46965bc4079bcfbd971e313b271",2020-11-05 21:22:36,-69,['glw']
254699729,"$glw [15s. delayed] filed sec form 4: insider schlesinger edward a: 
disposed 6,247 of common stock at price $33.55 and converted securiti https://s.flashalert.me/oehbjp",2020-11-05 21:21:13,-69,['glw']
254698210,"$glw: new sec filing on president and coo, eric s musser: https://www.sec.gov/archives/edgar/data/24741/000112760220028235/xslf345x03/form4.xml",2020-11-05 21:18:02,-69,['glw']
254695394,"$glw [15s. delayed] filed sec form 4: insider musser eric s: 
disposed 25,357 of common stock at price $33.74 and converted securities 25, https://s.flashalert.me/5v3hc",2020-11-05 21:12:33,-69,['glw']
254694505,"$glw $355,563.25 of shares sold by musser eric s (president and coo), reported in a new form 4 filed with the sec  

https://newsfilter.io/a/224b2f55af93c7d8c74be65ae025a66e",2020-11-05 21:10:40,-69,['glw']
254484606,"what do you think of this? $glw&#39;s price moved above its 50-day moving average on november 3, 2020. view odds for this and other indicators: https://srnk.us/go/2282278",2020-11-05 00:04:31,-69,['glw']
254458227,your daily news digest for corning incorporated $glw https://wsfriend.com/daily/news/glw/2020-11-04/,2020-11-04 21:46:14,-69,['glw']
254391505,$glw new article : corning: illusory eps and &#39;leaky equity bucket&#39; - avoid https://www.stck.pro/news/glw/8934458,2020-11-04 17:17:10,-69,['glw']
254340415,$glw this is about to be very ugly lol,2020-11-04 14:26:10,-1,['glw']
254281389,peak profit for the last 6 expired option alerts for $glw 38.10| 151.92| 321.33| 362.50| 406.02| 553.73|,2020-11-04 04:06:52,-69,['glw']
254227314,$glw - corning incorporated has a strong financial… https://www.macroaxis.com/stock-analysis/glw/corning-incorporated #insidertrading #stocks #fintechnews,2020-11-03 22:00:33,-69,['glw']
254223763,your daily news digest for corning incorporated $glw https://wsfriend.com/daily/news/glw/2020-11-03/,2020-11-03 21:42:32,-69,['glw']
254220741,3 #communication stocks poised to transcend the #covid19 blues $glw $atus $kn https://talkmarkets.com/content/stocks--equities/3-communication-stocks-poised-to-transcend-the-covid-19-blues?post=284141,2020-11-03 21:29:30,-69,"['glw', 'kn', 'atus']"
254183959,$glw well aren&#39;t we just the little engine that could today!,2020-11-03 19:14:52,1,['glw']
254063385,$glw new article : what to do as universal display nears $200 https://www.stck.pro/news/glw/8902182,2020-11-03 08:55:05,-69,['glw']
254057108,"$glw releasing earnings on 11/3 before open (confirmed). $glw morgan stanley maintains to equal-weight : pt $32.00. anybody buying/selling in earnings? 
 
https://stocksearning.com/stocks/glw/earnings-date 
#glw #corninginc #stockmarket #stocktwits #stocksearning",2020-11-03 05:44:23,-69,['glw']
253999976,your daily news digest for corning incorporated $glw https://wsfriend.com/daily/news/glw/2020-11-02/,2020-11-02 21:43:54,-69,['glw']
253929971,"it will be a wild week with the u.s. presidential election, an upcoming fed meeting, a non-farm payroll report, and more earnings announcements. $f $glw $dow https://www.zacks.com/stock/news/1094747/this-election-all-hat-and-no-cattle-global-week-ahead",2020-11-02 17:11:35,-69,"['dow', 'f', 'glw']"
253869907,$glw what you have right now defines you,2020-11-02 13:25:37,1,['glw']
253809616,your daily news digest for corning incorporated $glw https://wsfriend.com/daily/news/glw/2020-11-01/,2020-11-01 21:42:35,-69,['glw']
253746897,your daily news digest for corning incorporated $glw https://wsfriend.com/daily/news/glw/2020-10-31/,2020-10-31 21:42:16,-69,['glw']
253666526,your daily news digest for corning incorporated $glw https://wsfriend.com/daily/news/glw/2020-10-30/,2020-10-30 21:43:03,-69,['glw']
253563139,$glw expecting low 31s all day :/,2020-10-30 15:33:13,-1,['glw']
253418416,last10k highlighted 81 positive and negative remarks in $glw&#39;s 10-q filed today. see them in the quarterly report: https://last10k.com/sec-filings/glw/0000024741-20-000065.htm?utm_source=stocktwits&amp;utm_medium=forum&amp;utm_campaign=sentiment&amp;utm_term=glw,2020-10-29 23:01:37,-69,['glw']
253405740,$glw just filed a 10-q quarterly report with 82 sections and 3 exhibits. access them all or just read their earnings: https://last10k.com/sec-filings/glw/0000024741-20-000065.htm?utm_source=stocktwits&amp;utm_medium=forum&amp;utm_campaign=10kq2040f&amp;utm_term=glw,2020-10-29 22:02:26,-69,['glw']
253400667,your daily news digest for corning incorporated $glw https://wsfriend.com/daily/news/glw/2020-10-29/,2020-10-29 21:42:21,-69,['glw']
253391210,corning incorporated just filed its quarterly report: 10.  earnings per co... http://www.conferencecalltranscripts.org/q/summary/?id=8493327 $glw,2020-10-29 21:10:36,-69,['glw']
253390678,"$glw [15s. delayed] filed form 10-q on october 29, 17:06:45 https://s.flashalert.me/sbnis",2020-10-29 21:08:50,-69,['glw']
253390589,"$glw form 10-q (quarterly report [sections 13 or 15(d)]) filed with the sec 

https://newsfilter.io/a/b4787c2cc8c4c10fc4516b0ea0c75c21",2020-10-29 21:08:30,-69,['glw']
253299344,$glw,2020-10-29 16:48:18,-69,['glw']
253189845,corning (glw) announces earnings. $0.43 eps. beats estimates. 289.47m earnings. $glw https://www.tipranks.com/stocks/glw/earnings-calendar?ref=trearnings,2020-10-29 08:36:02,-69,['glw']
253162988,"recent $spx #technology earnings reported: $glw $jnpr $akam $ftv  
https://www.finscreener.com/earnings/earnings-reported/sp500",2020-10-29 01:31:13,-69,"['spx', 'akam', 'jnpr', 'glw', 'ftv']"
253125329,your daily news digest for corning incorporated $glw https://wsfriend.com/daily/news/glw/2020-10-28/,2020-10-28 21:42:11,-69,['glw']
253071135,$glw,2020-10-28 18:49:46,-69,['glw']
252958200,"$glw 
reiterated by oppenheimer holdings hold  
maintains morgan stanley equal-weight usd 28 » usd 32
https://www.stocktargetadvisor.com/stock/usa/nye/glw#analyst-rating-tab",2020-10-28 13:15:37,-69,['glw']
252944016,"$glw
glw reiterated by oppenheimer  and rating hold
source:https://www.marketbeat.com/ratings/
view the full list of news/momentum plays on watch at : bit.ly/32gfart
[no bias / position]
[find me at https://stocktwits.com/sbiswas | https://twitter.com/soumyajyoti_b]",2020-10-28 12:25:08,-69,['glw']
252935598,$glw morgan stanley maintains to equal-weight : pt $32.00 https://stockhoot.com/extsymbol.aspx?from=analystratingtweet&amp;symbol=glw&amp;t=508&amp;social=stocktwits,2020-10-28 11:39:56,-69,['glw']
252917559,$glw earnings bmo corning inc on 10/27/2020 see earningscalendar.io  | add to calendar | learn more | #stocks,2020-10-28 07:13:46,-69,['glw']
252917355,$bp $ma $exas $chgg $glw top of list for post/pre er with unusual option volume. these are tagged by a dark pool program,2020-10-28 07:11:07,-69,"['exas', 'bp', 'glw', 'ma', 'chgg']"
252916965,comprehensive non-correlated corning $glw trading report https://tinyurl.com/y25lju3o,2020-10-28 07:00:05,-69,['glw']
252914771,corning $glw bidaskscore is lowered to held https://bidaskclub.com/news/company/2020-10-27/glw,2020-10-28 05:47:02,-69,['glw']
252911672,$glw https://www.roadtovr.com/corning-gorilla-glass-pixelligent-ar-headsets/,2020-10-28 04:39:51,-69,['glw']
252897084,$glw had approximately 56m usd go to the short side at 40 pct short  the bears are few  https://www.algowins.com/?wdt_column_filter[1]=glw,2020-10-28 01:58:16,1,['glw']
252891737,$glw earnings bmo corning incon 10/27/2020 see earningscalendar.io  | add to calendar | learn more | #stocks,2020-10-28 01:13:38,-69,['glw']
252857105,your daily news digest for corning incorporated $glw https://wsfriend.com/daily/news/glw/2020-10-27/,2020-10-27 21:43:11,-69,['glw']
252851848,$glw corning option order flow sentiment is 83.5% bullish. https://tinyurl.com/y26qalss,2020-10-27 21:20:31,-69,['glw']
252845788,$glw gap net sales were up only 1% year-over-year. gaap eps was up 26% year-over-year. their big achievement was the creation/production of “ceramic shield” for iphone 12.  https://www.corning.com/worldwide/en/about-us/news-events/news-releases/2020/10/corning-reports-third-quarter-2020-results.html,2020-10-27 20:56:23,-69,['glw']
252843983,$glw earnings move  -4.1% vs an expected ±5.6% move  https://tinyurl.com/y3xzey7e,2020-10-27 20:49:57,-69,['glw']
252772546,$glw 19-feb-21 atm implied vol climbs +4.9%. straddle implies a move of ±17.2% https://tinyurl.com/y4t4aqwg,2020-10-27 17:06:25,-69,['glw']
252766010,upgrades &amp; downgrades: $axp $ups $glw $siri $wifi,2020-10-27 16:46:08,-69,"['siri', 'axp', 'glw', 'ups', 'wifi']"
252755690,"$glw $aapl corning stock slips despite solid earnings 

https://newsfilter.io/a/e0161da2cd55593124a47c3f45a10b74",2020-10-27 16:10:52,-69,"['aapl', 'glw']"
252752018,3-star analyst steven fox from cross research upgraded rating on $glw to buy.  https://www.tipranks.com/analysts/steven-fox,2020-10-27 15:59:00,-69,['glw']
252734984,"$glw 
sold @ 27.10, 31.05 &amp; 35.00 sl 39.00 target 16.65, 10.90 
backing off, needs to close below 31.95. balance @ 30.60. 
weekly: sma 200 @ 29.63. supports @ 29.56/05 then 27.51- 26.64 

(original analysis submitted: apr. 27, 2020)  ",2020-10-27 15:01:36,-69,['glw']
252713359,"$glw beats by $0.05, beats on revs https://www.briefing.com/in-depth-analysis/content/article?articleid=in20201027071958glw",2020-10-27 13:53:12,-69,['glw']
252708834,"$glw what does corning&#39;s debt look like? 

https://newsfilter.io/a/b844ddbcd470d1c7f9bf98f296bdf537",2020-10-27 13:40:53,-69,['glw']
252704073,$glw has an average volume of 4461580. this is a good sign as it is always nice to have a liquid stock. https://www.chartmill.com/stock/analyzer/stock/glw?key=f0f40e88-da3e-478f-87e5-50cb53e50ff7&amp;utm_source=stocktwits&amp;utm_medium=ta&amp;utm_content=glw&amp;utm_campaign=social_tracking,2020-10-27 13:25:00,-69,['glw']
252697088,4-star analyst shannon cross from cross research upgraded rating on $glw to buy. shannon has a 67% success rate https://www.tipranks.com/analysts/shannon-cross,2020-10-27 12:53:00,-69,['glw']
252688416,corning beats q3 estimates with the iphone ceramic shield screen $glw $aapl https://bit.ly/34wuuns,2020-10-27 12:04:50,-69,"['aapl', 'glw']"
252688153,$glw new article : recap: corning q3 earnings https://www.stck.pro/news/glw/8774177,2020-10-27 12:03:17,-69,['glw']
252687150,$glw new article : corning beats q3 estimates with the iphone ceramic shield screen https://www.stck.pro/news/glw/8774019,2020-10-27 11:57:15,-69,['glw']
252687068,"$glw corning beats q3 estimates with the iphone ceramic shield screen 

https://newsfilter.io/a/2abd73ee0825945b8e96c64945781127",2020-10-27 11:56:38,-69,['glw']
252686425,"$glw recap: corning q3 earnings 

https://newsfilter.io/a/d4273dd8e598da4a1f7992d39d937fa8",2020-10-27 11:51:56,-69,['glw']
252685854,"$glw earnings call today: 8:30 am est 
analyst rating: buy 
webcast: http://mmm.wallstreethorizon.com/u.asp?u=346247",2020-10-27 11:47:50,-69,['glw']
252684788,"$glw (+1.9% pre) corning reports third-quarter 2020 results

http://ooc.bz/l/62702",2020-10-27 11:39:22,-69,['glw']
252684785,$glw corning reports third-quarter 2020 results https://www.otcdynamics.com/glw-corning-reports-third-quarter-2020-results,2020-10-27 11:39:21,-69,['glw']
252684326,"$glw reported earnings of $0.43, consensus was $0.38, earnings whisper was $0.40 via @ewhispers #whisperbeat http://eps.sh/d/glw",2020-10-27 11:35:33,-69,['glw']
252683969,$glw: corning reports third-quarter 2020 results https://www.chartmill.com/stock/quote/glw/news?utm_source=stocktwits&amp;utm_medium=pressrelease&amp;utm_content=glw&amp;utm_campaign=social_tracking,2020-10-27 11:33:00,-69,['glw']
252683745,"$glw earnings are out!! - get chart, ratings, trade ideas https://stockhoot.com/earningscalendar.aspx?from=afterearningstweet&amp;symbol=glw&amp;t=174&amp;social=stocktwits",2020-10-27 11:31:28,-69,['glw']
252683723,"corning q3 adj. eps $0.43 beats $0.36 estimate, sales $3.00b beat $2.93b estimate

related tickers: $glw",2020-10-27 11:31:22,-69,['glw']
252683716,"$glw
corning inc (glw) q3 20 (usd): eps 0.48 (exp. 0.38), revenue 3.0bln (exp. 2.93bln).
source: https://seekingalpha.com/market-news
view the full list of news/momentum plays on watch at : bit.ly/32gfart
[no bias / position]
[find me at https://stocktwits.com/sbiswas | https://twitter.com/soumyajyoti_b]",2020-10-27 11:31:19,-69,['glw']
252682693,"$glw new article : corning eps beats by $0.05, beats on revenue https://www.stck.pro/news/glw/8773063",2020-10-27 11:22:27,-69,['glw']
252682457,$glw just filed with the sec a earnings release and a financial exhibit https://last10k.com/sec-filings/glw/0000024741-20-000061.htm?utm_source=stocktwits&amp;utm_medium=forum&amp;utm_campaign=8k&amp;utm_term=glw,2020-10-27 11:20:24,-69,['glw']
252682344,corning reports third-quarter 2020 results  http://www.conferencecalltranscripts.org/8/summary2/?id=8478660 $glw,2020-10-27 11:19:23,-69,['glw']
252682245,"$glw [15s. delayed] filed form 8-k on october 27, 07:17:35: item2.02: results of operations &amp; financial condition https://s.flashalert.me/gimwj",2020-10-27 11:18:37,-69,['glw']
252682240,$glw new article : corning reports third-quarter 2020 results https://www.stck.pro/news/glw/8773016,2020-10-27 11:18:35,-69,['glw']
252682203,"$glw form 8-k: results of operations and financial condition the corning incorporated press release dated october 27, 2020 regarding its financial results for the third quarter ended september 30, 202.. 

https://newsfilter.io/a/cd52547c4be0708287aa78d1a304a045",2020-10-27 11:18:15,-69,['glw']
252682185,corning reports third-quarter 2020 results http://www.conferencecalltranscripts.org/summary/?id=78659&amp;pr=true $glw,2020-10-27 11:18:08,-69,['glw']
252682140,"$glw corning eps beats by $0.05, beats on revenue 

https://newsfilter.io/a/095fadb969fa8d2427d218c8929cbd87",2020-10-27 11:17:44,-69,['glw']
252681976,"$glw [15s. delayed]: issued press release on october 27, 07:15:00: corning reports third-quarter 2020 results https://s.flashalert.me/fcbquq",2020-10-27 11:15:56,-69,['glw']
252681919,"$glw corning reports third-quarter 2020 results 

https://newsfilter.io/a/2894da9899a2de3986852677ce296c46",2020-10-27 11:15:24,-69,['glw']
252681889,"$glw corning reports third-quarter 2020 results
https://www.stocktitan.net/news/glw/corning-reports-third-quarter-2020-i9g374yv54kc.html",2020-10-27 11:15:11,-69,['glw']
252672552,options are priced for bigger-than-average #earnings move for $glw reporting 10/27/2020 via @ewhispers #volatility http://eps.sh/s/glw,2020-10-27 08:32:19,-69,['glw']
252670247,$glw is scheduled to report #earnings before the market opens tomorrow via @ewhispers http://eps.sh/s/glw,2020-10-27 07:01:47,-69,['glw']
252620536,your daily news digest for corning incorporated $glw https://wsfriend.com/daily/news/glw/2020-10-26/,2020-10-26 21:42:42,-69,['glw']
252610513,$glw big earning beat coming. gap up imo they killed it last quarter 💰,2020-10-26 20:48:11,1,['glw']
252575532,options are priced for bigger-than-average #earnings move for $glw reporting 10/27/2020 via @ewhispers #volatility http://eps.sh/s/glw,2020-10-26 18:32:25,-69,['glw']
252569504,$glw new article : corning q3 2020 earnings preview https://www.stck.pro/news/glw/8754267,2020-10-26 18:08:05,-69,['glw']
252569459,"corning incorporated ($glw) 3q20 earnings sneak preview

https://www.stockmarketintellects.com/corning-incorporated-glw-3q20-earnings-sneak-preview/",2020-10-26 18:07:56,-69,['glw']
252567487,"$glw reports before the open tomorrow, estimize consensus +0.01 eps and -13.27m revs compared to ws
http://www.estimize.com/glw/fq3-2020?utm_content=prerelease&amp;utm_medium=tweet&amp;utm_source=stocktwits",2020-10-26 18:00:57,-69,['glw']
252557470,$glw place your bets here fellas.  gap up or gap down before tomorrow morning earning?,2020-10-26 17:29:50,-69,['glw']
252548730,$glw is scheduled to report #earnings before the market opens tomorrow via @ewhispers http://eps.sh/s/glw,2020-10-26 17:01:24,-69,['glw']
252535847,"$glw #earnings tomorrow bmo - get chart, ratings, trade ideas  https://stockhoot.com/earningscalendar.aspx?from=individualtweet&amp;symbol=glw&amp;t=608&amp;social=stocktwits",2020-10-26 16:16:07,-69,['glw']
252457340,"$glw: corning introduces smaller, 5g-ready connectivity solutions ? designed to speed deployment of fiber networks ... https://www.chartmill.com/news/glw/globenews-2020-10-26-corning-introduces-smaller-5g-ready-connectivity-solutions-designed-to-speed-deployment-of-fiber-networks-as-bandwidth-demand-surges?utm_source=stocktwits&amp;utm_medium=pressrelease&amp;utm_content=glw&amp;utm_campaign=social_tracking",2020-10-26 10:35:00,-69,['glw']
252455831,"$glw new article : corning introduces smaller, 5g-ready connectivity solutions – designed to speed deployment of fiber networks as bandwidth demand surges https://www.stck.pro/news/glw/8744144",2020-10-26 10:05:20,-69,['glw']
252455829,"$glw corning introduces smaller, 5g-ready connectivity solutions – designed to speed deployment of fiber networks as bandwidth demand surges https://www.otcdynamics.com/glw-corning-introduces-smaller-5g-ready-connectivity-solutions-designed-to-speed-deployment-of-fiber-networks-as-bandwidth-demand-surges",2020-10-26 10:05:16,-69,['glw']
252455735,"corning introduces smaller, 5g-ready connectivity solutions – designed to speed deployment of fiber networks as bandwidth demand surges http://www.conferencecalltranscripts.org/summary/?id=77380&amp;pr=true $glw",2020-10-26 10:04:17,-69,['glw']
252440080,$glw wow. 20-year highs,2020-10-26 02:51:33,-69,['glw']
252417774,your daily news digest for corning incorporated $glw https://wsfriend.com/daily/news/glw/2020-10-25/,2020-10-25 21:42:20,-69,['glw']
252405326,$spy $qqq $glw,2020-10-25 18:16:05,-69,"['glw', 'spy', 'qqq']"
252358182,your daily news digest for corning incorporated $glw https://wsfriend.com/daily/news/glw/2020-10-24/,2020-10-24 21:42:41,-69,['glw']
252274956,your daily news digest for corning incorporated $glw https://wsfriend.com/daily/news/glw/2020-10-23/,2020-10-23 21:42:56,-69,['glw']
252118121,$glw morgan stanley maintains equal-weight and raises the price target from $26 to $28.,2020-10-23 12:24:38,-69,['glw']
252118004,$glw morgan stanley maintains to equal-weight : pt $28.00 https://stockhoot.com/extsymbol.aspx?from=analystratingtweet&amp;symbol=glw&amp;t=22&amp;social=stocktwits,2020-10-23 12:23:51,-69,['glw']
252098274,$glw - investment perspective on… https://www.macroaxis.com/invest/competition/glw/mu/corning-vs-micron #portfolio_prospective #better_portfolio #diversify,2020-10-23 08:39:31,-69,['glw']
252015014,your daily news digest for corning incorporated $glw https://wsfriend.com/daily/news/glw/2020-10-22/,2020-10-22 21:43:05,-69,['glw']
251940138,$glw corning precision glass solutions announces collaboration with pixelligent https://www.otcdynamics.com/glw-corning-precision-glass-solutions-announces-collaboration-with-pixelligent,2020-10-22 17:49:41,-69,['glw']
251938981,"$glw [15s. delayed]: issued press release on october 22, 13:44:00: corning precision glass solutions announces collaboration with pixellig https://s.flashalert.me/lhctfy",2020-10-22 17:45:59,-69,['glw']
251840275,$bidu&gt;136.27 $gntx&gt;28.29 $glw&gt;35.84 $pypl&gt;,2020-10-22 13:18:27,-69,"['bidu', 'gntx', 'glw', 'pypl']"
251739649,your daily news digest for corning incorporated $glw https://wsfriend.com/daily/news/glw/2020-10-21/,2020-10-21 21:45:42,-69,['glw']
251660504,"$glw unusual call sweep

673 dec(18) 34 calls opened for $2.44. $164k premium. 149 oi",2020-10-21 17:32:22,-69,['glw']
251473391,"the 3 best 5g stocks prepared for the iphone update $aapl 
https://bit.ly/34hk4x0 $glw $amt $csco",2020-10-20 22:42:07,-69,"['aapl', 'csco', 'amt', 'glw']"
251461912,your daily news digest for corning incorporated $glw https://wsfriend.com/daily/news/glw/2020-10-20/,2020-10-20 21:42:54,-69,['glw']
251289698,$glw new article : skip apple stock &amp; pick apple component suppliers to ride 5g iphone wave? https://www.stck.pro/news/glw/8602707,2020-10-20 12:45:05,-69,['glw']
251212349,your daily news digest for corning incorporated $glw https://wsfriend.com/daily/news/glw/2020-10-19/,2020-10-19 21:43:40,-69,['glw']
251070815,$glw up 3 days in a row 34.5 | 34.97 | 35.18 | 35.28 |  https://www.sleekoptions.com/sleekscan.aspx?sub1=dscan,2020-10-19 13:34:23,-69,['glw']
251026254,comprehensive non-correlated corning $glw trading report https://tinyurl.com/y2wpx2fs,2020-10-19 03:45:04,-69,['glw']
250998412,your daily news digest for corning incorporated $glw https://wsfriend.com/daily/news/glw/2020-10-18/,2020-10-18 21:42:15,-69,['glw']
250937275,your daily news digest for corning incorporated $glw https://wsfriend.com/daily/news/glw/2020-10-17/,2020-10-17 21:42:17,-69,['glw']
250916051,$glw working with $aapl on ceramic shields for iphone 12! long both!,2020-10-17 16:09:08,1,"['aapl', 'glw']"
250894326,overvalued signal alert: $glw. more insights: https://stockinvest.us/technical-analysis/glw?utm_source=stocktwits&amp;utm_medium=autopost,2020-10-17 05:34:41,-1,['glw']
250861242,$glw corning has recently release some very positive news. (aapl). i will not be surprised if glw doesn’t move up  another 25% before the end of year. seems like the stars are aligned with corning.  i am anticipating a dividend increase of $.02 share quarterly. my avg share cost is low $20’s. i am please with my glw investment.,2020-10-16 22:27:05,-69,['glw']
250854443,your daily news digest for corning incorporated $glw https://wsfriend.com/daily/news/glw/2020-10-16/,2020-10-16 21:42:52,-69,['glw']
250668199,$glw,2020-10-16 09:51:51,-1,['glw']
250600152,your daily news digest for corning incorporated $glw https://wsfriend.com/daily/news/glw/2020-10-15/,2020-10-15 21:43:19,-69,['glw']
250432260,"stocks to watch - retracements 
$ally $nvta $glw $axgt $tcom  
 
pulling back from recent highs. 
stockbeep.com/wlber-oct15",2020-10-15 12:57:14,-69,"['tcom', 'glw', 'ally', 'nvta', 'axgt']"
250395998,corning $glw bidaskscore is downgraded to bought https://bidaskclub.com/news/company/2020-10-14/glw,2020-10-15 07:18:02,-69,['glw']
250334072,your daily news digest for corning incorporated $glw https://wsfriend.com/daily/news/glw/2020-10-14/,2020-10-14 21:43:29,-69,['glw']
250256706,$glw corning to break $40 share when they announce dividends to $.24 quarterly.,2020-10-14 17:18:50,1,['glw']
250215591,$glw got screwed on $35c 10/16,2020-10-14 15:09:10,-69,['glw']
250211687,report by $jpm sounded bullish $aapl and $glw! long.,2020-10-14 14:57:35,1,"['aapl', 'glw', 'jpm']"
250156223,$glw pos,2020-10-14 12:01:45,-69,['glw']
250137959,$glw hopefully we get a nice move today off yesterday&#39;s news..,2020-10-14 08:08:01,1,['glw']
250126756,"(the motley fool - oct 13, 2020 at 7:30a) $znga $glw $nvax &quot;3 top breakout stocks to buy right now&quot; source: https://www.fool.com/investing/2020/10/13/3-top-breakout-stocks-to-buy-right-now/",2020-10-14 04:00:35,-69,"['nvax', 'glw', 'znga']"
250115107,$glw what’s the bearish perspective on this? i feel likes there’s too many catalysts not to invest a lot of money !,2020-10-14 02:04:41,-69,['glw']
250108586,$glw 30-oct-20 atm implied volatility is up +0.3%. straddle implies a move of ±7.1%. earnings oct 27 bmo. http://tinyurl.com/y4t4aqwg,2020-10-14 01:13:21,-69,['glw']
250102463,$glw so many positives will continue to be tailwinds. ceramic glass and apple partnership was basically known but will be more publicized as will be “valor”glass.  auto sales improving.  if you’re an investor you stay long.  i was expecting some profit taking but we’ll see.,2020-10-14 00:27:32,1,['glw']
250099139,"3 top breakout stocks to buy right now
$znga $glw $nvax https://bit.ly/3dq2ccb",2020-10-14 00:05:14,-69,"['nvax', 'glw', 'znga']"
250072689,your daily news digest for corning incorporated $glw https://wsfriend.com/daily/news/glw/2020-10-13/,2020-10-13 21:42:07,-69,['glw']
250048552,$glw alfred e neumann and associates upgrades corning to overweight,2020-10-13 20:18:43,1,['glw']
250010419,"$glw new article : apple fall event coverage: launches $99 homepod mini, $699 5g iphone 12 mini https://www.stck.pro/news/glw/8442761",2020-10-13 18:31:12,-69,['glw']
254968482,your daily news digest for corning incorporated $glw https://wsfriend.com/daily/news/glw/2020-11-06/,2020-11-06 21:43:39,-69,['glw']
254988694,"$glw eric s musser sold 25,357 shares [average conviction] www.insider-analysis.com/search_transactions.php?ticker=table_glw",2020-11-06 23:45:09,-69,['glw']
254992597,$glw - next fiscal quarter end is on 31st of december 2020. corning incorporated latest… https://www.macroaxis.com/invest/technicalindicator/glw/variance,2020-11-07 00:16:03,-69,['glw']
255011280,ascent is processing as a trademark filing by corning incorporated https://uspto.report/tm/90292806 #ascent $glw,2020-11-07 03:30:29,-69,['glw']
255024858,"$glw edward a schlesinger sold 6,247 shares [very low conviction] www.insider-analysis.com/search_transactions.php?ticker=table_glw",2020-11-07 08:32:24,-69,['glw']
255078148,your daily news digest for corning incorporated $glw https://wsfriend.com/daily/news/glw/2020-11-07/,2020-11-07 21:42:46,-69,['glw']
250005045,$glw partners with aapl and it dumps.. lol,2020-10-13 18:14:16,-69,['glw']
249996963,"$glw new article : apple fall event coverage: launches $99 homepod mini, $699 iphone 12 mini https://www.stck.pro/news/glw/8442259",2020-10-13 17:50:06,-69,['glw']
249996947,$glw apple partnership announced. bullish 🚀,2020-10-13 17:50:02,1,['glw']
249993723,"corning shares spike as apple says it is working with co. for ceramic shield on iphone 12

related tickers: $glw",2020-10-13 17:40:06,-69,['glw']
249991280,"$glw $aapl   

corning (glw) sees some modest upside after apple (aapl) unveil&#39;s corning-made &#39;ceramic shield&#39; cover glass for iphone",2020-10-13 17:32:12,-69,"['aapl', 'glw']"
249990455,$glw popping with iphone news?,2020-10-13 17:29:43,-69,['glw']
249990374,"$aapl iphone
•new oled display – twice as many pixels as iphone 11
•coverglass- $glw ceramic shield.
•tougher than any smartphone glass
•4x better drop performance. survives w/o cracking.

phone available in five new colors.",2020-10-13 17:29:25,-69,"['aapl', 'glw']"
249989914,"corning shares spike as apple says it is working with co. for ceramic shield on iphone 12 
 
$glw",2020-10-13 17:27:53,-69,['glw']
249989448,corning $glw mentioned as partner for new $aapl iphone &#39;ceramic shield&#39; screen.  screen 4x more durable.,2020-10-13 17:26:23,-69,"['aapl', 'glw']"
249989410,"$glw pumping 

nice durability to iphone glass 

on $aapl event",2020-10-13 17:26:16,-69,"['aapl', 'glw']"
249988784,$glw  corning going on $aapl event about new glass,2020-10-13 17:24:20,-69,"['aapl', 'glw']"
249945563,the vanguard group just provided an update on share ownership of corning incorporated http://www.conferencecalltranscripts.org/13g/summary/?id=8439449 $glw,2020-10-13 15:10:00,-69,['glw']
249944062,"$glw [15s. delayed] filed form sc 13g/a on october 13, 11:04:53 https://s.flashalert.me/xgepf",2020-10-13 15:05:52,-69,['glw']
249899124,$glw run is just getting started! i hope lol,2020-10-13 13:04:14,1,['glw']
249881432,$glw new article : 3 top breakout stocks to buy right now https://www.stck.pro/news/glw/8434259,2020-10-13 11:39:07,-69,['glw']
249804399,your daily news digest for corning incorporated $glw https://wsfriend.com/daily/news/glw/2020-10-12/,2020-10-12 21:44:20,-69,['glw']
249587151,your daily news digest for corning incorporated $glw https://wsfriend.com/daily/news/glw/2020-10-11/,2020-10-11 21:42:05,-69,['glw']
249563044,"low risk portfolio: corning incorporated($glw),… https://www.macroaxis.com/invest/marketriskandreturn?s=glw,rf,ffbc,noc,jpm,cffn,scg,akam #insidertrading #stocks #fintechnews",2020-10-11 15:45:03,-69,['glw']
249521972,your daily news digest for corning incorporated $glw https://wsfriend.com/daily/news/glw/2020-10-10/,2020-10-10 21:42:27,-69,['glw']
249518252,"new ratings for corning incorporated($glw),… https://www.macroaxis.com/invest/marketratings?s=glw,nvda,oke,nbr,unh,rkt,goog,aes #insidertrading #stocks #fintechnews",2020-10-10 20:45:02,-69,['glw']
249454752,stocktwits trending alert: trading recent interest in corning $glw https://wp.me/p5blgb-b4fr,2020-10-10 00:02:06,-69,['glw']
249451042,"$glw i hope you guys sold, cause it’s going to be an ugly monday...",2020-10-09 23:33:34,-1,['glw']
249446454,corning $glw trading report http://tinyurl.com/yyv5ngsw,2020-10-09 23:00:04,-69,['glw']
249435380,your daily news digest for corning incorporated $glw https://wsfriend.com/daily/news/glw/2020-10-09/,2020-10-09 21:44:29,-69,['glw']
249427208,"$glw 
sold @ 27.10, 31.05 &amp; 35.00 sl 39.00 target 16.65, 10.90 

(original analysis submitted: apr. 27, 2020)   ",2020-10-09 21:01:34,-69,['glw']
249415397,"$glw [15s. delayed] filed sec form 3: insider zhang john z: 
 https://s.flashalert.me/cb6km",2020-10-09 20:12:24,-69,['glw']
249414945,"$glw [15s. delayed] filed sec form 3: insider verkleeren ronald l: 
 https://s.flashalert.me/epv05s",2020-10-09 20:10:51,-69,['glw']
249414638,"$glw [15s. delayed] filed sec form 3: insider nelson avery h iii: 
 https://s.flashalert.me/hmzr1o",2020-10-09 20:09:50,-69,['glw']
249414222,"$glw [15s. delayed] filed sec form 3: insider fang li: 
 https://s.flashalert.me/lbd8h",2020-10-09 20:08:28,-69,['glw']
249414081,"corning incorporated&#39;s svp &amp; operations controller just declared 31,119 options and restricted  http://www.conferencecalltranscripts.org/5/summary2/?id=8435063 $glw",2020-10-09 20:07:58,-69,['glw']
249413741,"$glw [15s. delayed] filed sec form 3: insider bell michael alan: 
 https://s.flashalert.me/ufduq5",2020-10-09 20:07:00,-69,['glw']
249413635,"corning incorporated&#39;s svp &amp; gm mobile consumer elec. just declared 44,448 options and restrict http://www.conferencecalltranscripts.org/5/summary2/?id=8435046 $glw",2020-10-09 20:06:41,-69,['glw']
249413327,"$glw [15s. delayed] filed sec form 3: insider becker stefan: 
 https://s.flashalert.me/4nwj9",2020-10-09 20:05:51,-69,['glw']
249412757,"$glw [15s. delayed] filed sec form 3: insider bayne john p jr: 
 https://s.flashalert.me/ubghc",2020-10-09 20:04:22,-69,['glw']
249361794,"$glw trade idea #2 for today. [oct-16 35.5 calls] at $0.53 
 details: https://sleekoptions.com/st.aspx?ald=dec4e2b5-e5be-4759-8835-3cc",2020-10-09 17:28:47,-69,['glw']
249287998,$glw down to $33 we gooooo,2020-10-09 14:07:49,-1,['glw']
249197540,"$glw  52w high earlier  35.83
https://youtu.be/jjauyalogmm",2020-10-09 00:50:11,-69,['glw']
249164829,your daily news digest for corning incorporated $glw https://wsfriend.com/daily/news/glw/2020-10-08/,2020-10-08 21:42:45,-69,['glw']
249022829,$glw +480%,2020-10-08 14:35:49,1,['glw']
248888453,"most gaining stocks in the s&amp;p500 today: $glw, $etsy and $emn https://www.chartmill.com/stock/stock-screener?v=3&amp;f=ind_22&amp;s=pt&amp;utm_source=stocktwits&amp;utm_medium=screener&amp;utm_content=stock_screener:_top_s&amp;p500_gainers&amp;utm_campaign=social_tracking",2020-10-07 22:54:00,-69,"['emn', 'glw', 'etsy']"
248875792,your daily news digest for corning incorporated $glw https://wsfriend.com/daily/news/glw/2020-10-07/,2020-10-07 21:45:07,-69,['glw']
248873972,"$glw 
+350%",2020-10-07 21:35:49,1,['glw']
248870288,$glw breakout cup with handle and high volum buy glw about 35.30$. 1 % capital,2020-10-07 21:17:04,1,['glw']
248858864,"$glw brace yourselves for a sizable dip tomorrow! this stock has been on a great run so far but it’s lovely due to the dividend payouts, i’m expecting a drop to $33 by friday. 

low you guys &amp; hold strong!",2020-10-07 20:32:57,-1,['glw']
248854299,"$glw corning announces quarterly dividend
https://www.stocktitan.net/news/glw/corning-announces-quarterly-pindan8wnsd9.html

#dividends",2020-10-07 20:17:58,-69,['glw']
248826716,"$awk $glw   one is up a little, one is down a little.  still in the game on both.",2020-10-07 19:02:44,-69,"['awk', 'glw']"
248819386,$glw my history with this one hasn&#39;t been very good.. open initial position however,2020-10-07 18:41:23,-69,['glw']
248811148,$glw announced a dividend (corning inc) https://www.dividendinvestor.com/dn/2855457,2020-10-07 18:16:32,-69,['glw']
248757507,$glw: corning announces quarterly dividend https://www.chartmill.com/stock/quote/glw/news?utm_source=stocktwits&amp;utm_medium=pressrelease&amp;utm_content=glw&amp;utm_campaign=social_tracking,2020-10-07 15:33:00,-69,['glw']
248755660,stocktwits trending alert: trading recent interest in corning $glw https://wp.me/p5blgb-b2qh,2020-10-07 15:28:00,-69,['glw']
248753154,$glw new article : corning announces quarterly dividend https://www.stck.pro/news/glw/8294365,2020-10-07 15:21:12,-69,['glw']
248752749,$glw corning announces quarterly dividend https://www.otcdynamics.com/glw-corning-announces-quarterly-dividend,2020-10-07 15:20:12,-69,['glw']
248751975,corning announces quarterly dividend http://www.conferencecalltranscripts.org/summary/?id=65967&amp;pr=true $glw,2020-10-07 15:18:10,-69,['glw']
248740093,"$glw 
+269%",2020-10-07 14:47:14,-69,['glw']
248736230,corning incorporated just provided an update on share ownership of corning incorporated http://www.conferencecalltranscripts.org/13g/summary2/?id=8426785 $glw,2020-10-07 14:37:24,-69,['glw']
248735770,"$glw [15s. delayed] filed form sc 13g on october 07, 10:35:28 https://s.flashalert.me/l3mvz",2020-10-07 14:36:18,-69,['glw']
248706422,"$nke $pg $glw 
nke- reached the 129-130 pt yesterday and the market dumped at a good level 127 support. expect to see a push above 130 this week and the consolidation levels are 124-126. near term pt 129,130 then 132. long term 135-138 slow push in the next month. 

pg- fell back to 139 support. i really like this play for the near term as it had potential to gap up to the 143$ trendline resistance on the ascending wedge. earnings are coming up and these are the type of plays you like for a parabolic mover. 

glw- an old chart play a fews week back making some moves. it is at a key level of a breakout or not. potential short term gap up around 34.50 today if it doesn’t get rejected and 35-36 in two weeks or less. depends if it can consolidate or bust through the 52 week high.",2020-10-07 13:25:00,1,"['glw', 'nke', 'pg']"
248667393,corning $glw bidaskscore is upgraded to stronglybought https://bidaskclub.com/news/company/2020-10-06/glw,2020-10-07 08:02:04,-69,['glw']
248624619,"$glw  52w high earlier  34.34
https://youtu.be/-rar631ynfu",2020-10-07 00:08:37,-69,['glw']
248601471,"corning (glw) to release earnings before the market closes on tuesday, october 27. expected eps: 0.34. $glw https://www.tipranks.com/stocks/glw/earnings-calendar?ref=trearnings",2020-10-06 22:07:01,-69,['glw']
248596085,your daily news digest for corning incorporated $glw https://wsfriend.com/daily/news/glw/2020-10-06/,2020-10-06 21:44:20,-69,['glw']
248524394,"$glw wow, congrats to whoever bought calls, the $33 call has run up 200% already",2020-10-06 18:44:59,-69,['glw']
248481376,"$glw 
patience, let the profit grow",2020-10-06 16:30:18,1,['glw']
248476482,$glw $40.00 by end of year!,2020-10-06 16:15:46,1,['glw']
248389607,$glw today is the day! breakout time!,2020-10-06 11:46:05,1,['glw']
248343985,"$glw she wants an all time high and it looks like she&#39;ll get it. atleast 2 bucks to be had here, on a break up, even more.",2020-10-06 00:54:38,1,['glw']
248313438,your daily news digest for corning incorporated $glw https://wsfriend.com/daily/news/glw/2020-10-05/,2020-10-05 21:42:13,-69,['glw']
248239462,$glw the $33 call is up 120% today😄. subscribe to get real time alert on unusual option volumes($15/month),2020-10-05 17:36:19,-69,['glw']
248199864,$glw 🤗,2020-10-05 15:18:41,1,['glw']
248189028,$glw up 4 days in a row 31.97 | 32.41 | 32.52 | 32.8 | 33.32 |  https://www.sleekoptions.com/sleekscan.aspx?sub1=dscan,2020-10-05 14:44:09,-69,['glw']
248092851,your daily news digest for corning incorporated $glw https://wsfriend.com/daily/news/glw/2020-10-04/,2020-10-04 22:18:35,-69,['glw']
248060203,$glw heads up! 4 significant inside trader are buying glw.  i think glw will hit the $40’s pretty soon. glw business segments appear to be strong. they will announce increase in dividends paid. i really like this stock!,2020-10-04 14:29:50,1,['glw']
248055999,"positive sentiment on social media for $glw

https://socialsentiment.io/stocks/symbol/glw/",2020-10-04 13:05:05,-69,['glw']
248022814,your daily news digest for corning incorporated $glw https://wsfriend.com/daily/news/glw/2020-10-03/,2020-10-03 21:42:19,-69,['glw']
247935516,your daily news digest for corning incorporated $glw https://wsfriend.com/daily/news/glw/2020-10-02/,2020-10-02 21:43:10,-69,['glw']
247929171,largest call oi increases $wfc $f $baba $glw $znga,2020-10-02 21:12:37,-69,"['f', 'glw', 'wfc', 'znga', 'baba']"
247924099,"$glw: new sec filing on director, robert f jr cummings: https://www.sec.gov/archives/edgar/data/24741/000112760220026262/xslf345x03/form4.xml",2020-10-02 20:48:02,-69,['glw']
247916160,"$glw [15s. delayed] filed sec form 4: insider martin kevin j: 
transacted derivative securities on 2020-09-30.  https://s.flashalert.me/ponpvt",2020-10-02 20:17:04,-69,['glw']
247915750,"$glw [15s. delayed] filed sec form 4: insider henretta deborah a: 
transacted derivative securities on 2020-09-30.  https://s.flashalert.me/t8k7j",2020-10-02 20:15:48,-69,['glw']
247915419,"$glw [15s. delayed] filed sec form 4: insider cummings robert f jr: 
transacted derivative securities on 2020-09-30.  https://s.flashalert.me/lqhqq",2020-10-02 20:14:42,-69,['glw']
247915087,"$glw [15s. delayed] filed sec form 4: insider burns stephanie: 
transacted derivative securities on 2020-09-30.  https://s.flashalert.me/stbloa",2020-10-02 20:13:38,-69,['glw']
247914632,"$glw [15s. delayed] filed sec form 4: insider blair donald w: 
transacted derivative securities on 2020-09-30.  https://s.flashalert.me/endol",2020-10-02 20:12:06,-69,['glw']
247883784,$glw the $33 call bought yesterday is up 40% already😆. subscribe to get real time alert on unusual option volumes($15/month),2020-10-02 18:30:07,-69,['glw']
247658553,$glw 09-oct-20 atm implied vol increases +53.8% to 42.9. straddle implies a move of ±5.3% http://tinyurl.com/y4t4aqwg,2020-10-01 22:12:42,-69,['glw']
247652736,your daily news digest for corning incorporated $glw https://wsfriend.com/daily/news/glw/2020-10-01/,2020-10-01 21:43:04,-69,['glw']
247639865,$glw red to green move:  -1.08 percentage  to +0.03 percentage https://www.sleekoptions.com/sleekscan.aspx?did=glw,2020-10-01 20:49:37,-69,['glw']
247628387,"$glw 
i like the stock when i see a 7b buy",2020-10-01 20:11:15,-69,['glw']
247597883,$glw green to red move:  +1.11% to -0.89% https://www.sleekoptions.com/sleekscan.aspx?did=glw,2020-10-01 18:40:49,-69,['glw']
247435750,$glw had approximately 38m usd go to the short side at 63 pct short  the bears are on the attack  https://www.algowins.com/?wdt_column_filter[1]=glw,2020-10-01 04:12:50,-1,['glw']
247380800,your daily news digest for corning incorporated $glw https://wsfriend.com/daily/news/glw/2020-09-30/,2020-09-30 21:42:48,-69,['glw']
