id,body,created_at,sentiment,symbols
254881795,5 upgraded stocks ready to rally into 2021 $dov $dva $gshd $ppg $payx https://talkmarkets.com/content/stocks--equities/5-upgraded-stocks-ready-to-rally-into-2021?post=284495,2020-11-06 16:23:12,-69,"['payx', 'dov', 'dva', 'ppg', 'gshd']"
254818430,$payx implied volatility expiration 11/20/2020 #maxpain #options http://maximum-pain.com/iv/payx?m=11%2f20%2f2020,2020-11-06 13:00:16,-69,['payx']
254707182,"consider investing in december 2020: paychex($payx),… https://www.macroaxis.com/invest/marketcorrelation?s=payx,ezpw,amgn,wat,fdx,eog,fe,cog #correlations #stocks #stockratings",2020-11-05 21:39:32,-69,['payx']
254390703,"$payx nasdaq 100  and the election (so far)..     
https://www.channelchek.com/news-channel/the_prolonged_vote_counting_impact_on_the_stock_market",2020-11-04 17:14:20,-69,['payx']
254342235,"$payx - http://www.trade-ideas.com/ticky/ticky.html?symbol=payx - there it is, the pullback...time to get set - running down: -2.15 in 58 seconds",2020-11-04 14:33:22,-69,['payx']
254307841,$payx breakout cup with handle and high volum buy about payx 87.15$. 1% capital,2020-11-04 09:48:47,1,['payx']
254118036,"$payx new article : were these hedge funds wrong about dumping paychex, inc. (payx)? https://www.stck.pro/news/payx/8909534",2020-11-03 15:17:14,-69,['payx']
254096473,$payx: small business jobs index moderates as covid-19 cases rise throughout the u.s. https://www.chartmill.com/news/payx/prnews-2020-11-3-small-business-jobs-index-moderates-as-covid-19-cases-rise-throughout-the-us?utm_source=stocktwits&amp;utm_medium=pressrelease&amp;utm_content=payx&amp;utm_campaign=social_tracking,2020-11-03 14:10:00,-69,['payx']
254086991,"$payx $info small business jobs index moderates as covid-19 cases rise throughout the u.s. 

https://newsfilter.io/a/79b8c1ab7274fe4e9eb38bef2292c0e2",2020-11-03 13:30:33,-69,"['info', 'payx']"
254086972,"$payx $info small business jobs index moderates as covid-19 cases rise throughout the u.s.
https://www.stocktitan.net/news/payx/small-business-jobs-index-moderates-as-covid-19-cases-rise-wozm5ck96efa.html

#covid19",2020-11-03 13:30:28,-69,"['info', 'payx']"
254058578,paychex $payx bidaskscore is increased to stronglybought https://bidaskclub.com/news/company/2020-11-02/payx,2020-11-03 06:14:02,-69,['payx']
254057437,"updated correlation matrix for paychex($payx),… https://www.macroaxis.com/invest/marketcorrelation?s=payx,xrx,zion,hog,cvs,cat,ffbc #insidertrading #stocks #fintechnews",2020-11-03 05:51:02,-69,['payx']
254042948,comprehensive non-correlated paychex $payx trading report https://tinyurl.com/yyer6wqu,2020-11-03 02:45:04,-69,['payx']
254025894,"most gaining stocks in the nasdaq 100 today: $payx, $mnst and $adp https://www.chartmill.com/stock/stock-screener?v=3&amp;f=ind_20&amp;s=pt&amp;utm_source=stocktwits&amp;utm_medium=screener&amp;utm_content=stock_screener:_top_nasdaq_100_gainers&amp;utm_campaign=social_tracking",2020-11-03 00:18:00,-69,"['adp', 'mnst', 'payx']"
253760632,$payx $cyh is a runner for monday,2020-11-01 01:51:48,-69,"['payx', 'cyh']"
253674660,"what are the hedge funds going to do now? $payx in uptrend: 50-day moving average crossed above 200-day moving average on september 21, 2020. view odds for this and other indicators: https://srnk.us/go/2263594",2020-10-30 22:43:31,-69,['payx']
253574385,"$payx: businesses say additional government stimulus is a top priority this election year, paychex study reveals https://www.chartmill.com/news/payx/prnews-2020-10-30-businesses-say-additional-government-stimulus-is-a-top-priority-this-election-year-paychex-study-reveals?utm_source=stocktwits&amp;utm_medium=pressrelease&amp;utm_content=payx&amp;utm_campaign=social_tracking",2020-10-30 16:06:00,-69,['payx']
253573937,"$payx businesses say additional government stimulus is a top priority this election year, paychex study reveals https://www.otcdynamics.com/payx-businesses-say-additional-government-stimulus-is-a-top-priority-this-election-year-paychex-study-reveals",2020-10-30 16:04:37,-69,['payx']
253573563,"$payx new article : businesses say additional government stimulus is a top priority this election year, paychex study reveals https://www.stck.pro/news/payx/8843480",2020-10-30 16:03:24,-69,['payx']
253563277,"$payx businesses say additional government stimulus is a top priority this election year, paychex study reveals
https://www.stocktitan.net/news/payx/businesses-say-additional-government-stimulus-is-a-top-priority-this-uz41q9iemwst.html",2020-10-30 15:33:33,-69,['payx']
253563247,"$payx businesses say additional government stimulus is a top priority this election year, paychex study reveals 

https://newsfilter.io/a/5979e97c82bdc3de6c704858003bc84a",2020-10-30 15:33:29,-69,['payx']
253161742,"$payx mark anthony bottini sold 58,901 shares [high conviction] www.insider-analysis.com/search_transactions.php?ticker=table_payx",2020-10-29 01:21:44,-69,['payx']
253158588,"$payx michael e gioja sold 10,891 shares [average conviction] www.insider-analysis.com/search_transactions.php?ticker=table_payx",2020-10-29 00:58:57,-69,['payx']
252973004,"the $payx bulls have a chilling time,",2020-10-28 13:52:58,1,['payx']
252894536,$payx new insider selling: 58901 shares. http://insiderbuyingselling.com/?t=payx,2020-10-28 01:36:34,-69,['payx']
252878109,"paychex vp michael gioja sells $892,081.81 in $payx https://www.marketbeat.com/i/413493",2020-10-27 23:39:22,-69,['payx']
252834547,"$payx: new sec filing on sr. vp of sales, mark anthony bottini: https://www.sec.gov/archives/edgar/data/723531/000120919120055911/xslf345x03/doc4.xml",2020-10-27 20:20:02,-69,['payx']
252834200,"$payx $892,081.81 of shares sold by gioja michael e (sr. vice president), reported in a new form 4 filed with the sec  https://newsfilter.io/a/6667b9555c535f241a2ca051fb41a09f",2020-10-27 20:19:07,-69,['payx']
252832247,"paychex&#39;s sr. vp of sales just cashed-in 58,901 options  http://www.conferencecalltranscripts.org/4/summary/?id=8480721 $payx",2020-10-27 20:14:39,-69,['payx']
252832155,"$payx [15s. delayed] filed sec form 4: sr. vice president gioja michael e: 
disposed 10,891 of common stock at price $81.91 on 2020-10-26, https://s.flashalert.me/xd0xv",2020-10-27 20:14:28,-69,['payx']
252832096,"paychex&#39;s sr. vice president just disposed of 10,891 shares  http://www.conferencecalltranscripts.org/4/summary2/?id=8480747 $payx",2020-10-27 20:14:21,-69,['payx']
252831381,"$payx [15s. delayed] filed sec form 4: sr. vp of sales bottini mark anthony: 
disposed 58,901 of common stock at price $82.2 and converted https://s.flashalert.me/6stfbt",2020-10-27 20:12:57,-69,['payx']
252831232,"$payx $2,977,445.55 of shares sold by bottini mark anthony (sr. vp of sales), reported in a new form 4 filed with the sec  

https://newsfilter.io/a/f36e880cf6f1d247a0d590788e9556c8",2020-10-27 20:12:37,-69,['payx']
252571366,"$payx new article : continuing to support employers through the covid-19 pandemic, latest paychex flex® enhancements help businesses reduce risk, maintain compliance, and move into the future of work https://www.stck.pro/news/payx/8754395",2020-10-26 18:15:07,-69,['payx']
252569040,"$payx continuing to support employers through the covid-19 pandemic, latest paychex flex® enhancements help businesses reduce risk, maintain compliance, and move into the future of work https://www.otcdynamics.com/payx-continuing-to-support-employers-through-the-covid-19-pandemic-latest-paychex-flex-enhancements-help-businesses-reduce-risk-maintain-compliance-and-move-into-the-future-of-work",2020-10-26 18:06:29,-69,['payx']
252567317,"$payx continuing to support employers through the covid-19 pandemic, latest paychex flex® enhancements help businesses reduce risk, maintain compliance, and move into the future of work
https://www.stocktitan.net/news/payx/continuing-to-support-employers-through-the-covid-19-pandemic-latest-7081veqqavfr.html

#covid19",2020-10-26 18:00:30,-69,['payx']
252454594,$payx new article : 15% downside for paychex stock? https://www.stck.pro/news/payx/8743623,2020-10-26 09:37:06,-69,['payx']
252363697,comprehensive non-correlated paychex $payx trading report https://tinyurl.com/y4kkkx26,2020-10-24 23:30:05,-69,['payx']
252326632,$payx slow and steady grind. no potential gap up. flat but bullish.,2020-10-24 13:08:49,1,['payx']
252286149,"$payx stephanie l schaeffer sold 51,606 shares [high conviction] www.insider-analysis.com/search_transactions.php?ticker=table_payx",2020-10-23 22:54:47,-69,['payx']
252278600,$payx headed to homebase.,2020-10-23 22:04:14,1,['payx']
252261206,$payx what day must i buy to receive dividends and until what day must i hold?,2020-10-23 20:28:49,1,['payx']
252078321,"paychex insider stephanie schaeffer sells $4,334,904.00 in $payx https://www.marketbeat.com/i/413101",2020-10-23 03:27:18,-69,['payx']
251994063,$payx new insider selling: 51606 shares. http://insiderbuyingselling.com/?t=payx,2020-10-22 20:27:37,-69,['payx']
251984600,"clo of paychex just cashed-in 51,606 options  http://www.conferencecalltranscripts.org/4/summary/?id=8467096 $payx",2020-10-22 20:04:20,-69,['payx']
251982261,"$payx [15s. delayed] filed sec form 4: clo, secretary schaeffer stephanie l: 
disposed 51,606 of common stock at average price $84 and con https://s.flashalert.me/rqaoo",2020-10-22 19:58:33,-69,['payx']
251506378,"$wec, $payx and $mdt showing up in our technical breakout setup screen. https://www.chartmill.com/stock/stock-screener?sid=202&amp;f=v1_50b500,atrpct_a_1,sl_ta_7_x,sl_se_7_x,p_pg20,exch_us&amp;s=se&amp;v=3&amp;utm_source=stocktwits&amp;utm_medium=screener&amp;utm_content=stock_screener:_technical_breakout_setups&amp;utm_campaign=social_tracking",2020-10-21 02:25:00,-69,"['payx', 'mdt', 'wec']"
251385939,"$payx efrain rivera sold 216,818 shares [very high conviction] www.insider-analysis.com/search_transactions.php?ticker=table_payx",2020-10-20 17:23:17,-69,['payx']
251265499,"$payx plenty of time. however, correction: dec 18.",2020-10-20 08:22:34,1,['payx']
251237411,"paychex cfo efrain rivera sells $18,152,002.96 in $payx https://www.marketbeat.com/i/412576",2020-10-20 00:46:01,-69,['payx']
251199365,"$payx: new sec filing on sr. vice president, cfo, efrain rivera: https://www.sec.gov/archives/edgar/data/723531/000120919120055253/xslf345x03/doc4.xml",2020-10-19 20:42:01,-69,['payx']
251190040,$payx new insider selling: 216818 shares. http://insiderbuyingselling.com/?t=payx,2020-10-19 20:09:36,-69,['payx']
251188196,"$payx [15s. delayed] filed sec form 4: sr. vice president, cfo rivera efrain: 
disposed 216,818 of common stock at average price $83.72 an https://s.flashalert.me/xezxb",2020-10-19 20:04:18,-69,['payx']
251057130,$payx new article : paychex: boring is beautiful https://www.stck.pro/news/payx/8575534,2020-10-19 12:29:30,-69,['payx']
250847491,"risk-adjusted landscape for paychex($payx), st… https://www.macroaxis.com/invest/marketriskandreturn?s=payx,stba,zion,ntrs,gd,ne,tel,qcom,avb,wab,cvx #correlations #stocks #stockratings",2020-10-16 21:04:32,-69,['payx']
250845658,$payx just filed with the sec a vote of security holders and a financial exhibit https://last10k.com/sec-filings/payx/0000723531-20-000065.htm?utm_source=stocktwits&amp;utm_medium=forum&amp;utm_campaign=8k&amp;utm_term=payx,2020-10-16 20:55:35,-69,['payx']
250845493,submission of matters to a vote of security  http://www.conferencecalltranscripts.org/8/summary2/?id=8453098 $payx,2020-10-16 20:54:47,-69,['payx']
250844929,"$payx [15s. delayed] filed form 8-k on october 16, 16:51:11 https://s.flashalert.me/zw4dwb",2020-10-16 20:52:15,-69,['payx']
250793857,"current positive nasdaq 100 earnings reported: $isrg $wba  $asml $fast $payx
source: finscreener",2020-10-16 17:53:06,-69,"['asml', 'fast', 'isrg', 'payx', 'wba']"
250594919,$payx announced a dividend (paychex inc) https://www.dividendinvestor.com/dn/2878803,2020-10-15 21:18:06,-69,['payx']
250580685,comprehensive non-correlated paychex $payx trading report https://tinyurl.com/y5hq7sj2,2020-10-15 20:15:05,-69,['payx']
250555101,$payx new article : paychex declares quarterly dividend https://www.stck.pro/news/payx/8495754,2020-10-15 18:59:06,-69,['payx']
250546897,"$payx [15s. delayed]: issued press release on october 15, 14:25:00: paychex declares quarterly dividend https://s.flashalert.me/rgc3n",2020-10-15 18:30:50,-69,['payx']
250546615,$payx paychex declares quarterly dividend https://www.otcdynamics.com/payx-paychex-declares-quarterly-dividend,2020-10-15 18:29:50,-69,['payx']
250546223,"$payx paychex declares quarterly dividend
https://www.stocktitan.net/news/payx/paychex-declares-quarterly-cgmu4j2kj6mk.html

#dividends",2020-10-15 18:28:29,-69,['payx']
250546136,paychex declares quarterly dividend http://www.conferencecalltranscripts.org/summary/?id=71124&amp;pr=true $payx,2020-10-15 18:28:09,-69,['payx']
250546119,paychex declares quarterly dividend http://www.conferencecalltranscripts.org/summary/?id=71123&amp;pr=true $payx,2020-10-15 18:28:05,-69,['payx']
250414546,"dividends and taxes $hrb $intu $payx $payc $adp  
 
https://www.dividendpower.org/2020/10/15/dividends-and-taxes/",2020-10-15 11:37:14,-69,"['adp', 'intu', 'payx', 'hrb', 'payc']"
250393204,"$syy, $payx and $ame are the top gainers in the s&amp;p500 for the day. https://www.chartmill.com/stock/stock-screener?v=3&amp;f=ind_22&amp;s=pt&amp;utm_source=stocktwits&amp;utm_medium=screener&amp;utm_content=stock_screener:_top_s&amp;p500_gainers&amp;utm_campaign=social_tracking",2020-10-15 06:05:00,-69,"['payx', 'ame', 'syy']"
250339781,"$payx paychex (commlsvcs-outsourcing) still one to favor &amp; buy dips tomorrow given the breakout of its flat base since june peaks #ibdpartner one of the better performers in $ndx today, this should have upside to near 90 before stalling out @marketsmith @investorsbusinessdaily",2020-10-14 22:11:01,1,"['payx', 'ndx']"
250326308,"today&#39;s breakout stocks 
$nio $bidu $payx $xpev $solo  
 
sort results by time, chg, %, vol and more. 
stockbeep.com/bo-oct14e",2020-10-14 21:10:41,-69,"['bidu', 'payx', 'nio', 'solo', 'xpev']"
250317172,"$payx - companies participating in events tomorrow (thursday)..📆🚨
$tgp $forr $arvn $unh",2020-10-14 20:35:58,-69,"['forr', 'payx', 'tgp', 'unh', 'arvn']"
250286141,"breaking out in the afternoon 
$nio $bidu $xpev $payx $tsla  
 
+4 more results 
stockbeep.com/bo-oct14p",2020-10-14 19:00:25,-69,"['bidu', 'payx', 'nio', 'tsla', 'xpev']"
250285428,"current nasdaq 100 earnings reported: $fast $payx $pep $mu $tcom
source: finscreener",2020-10-14 18:57:58,-69,"['tcom', 'fast', 'payx', 'mu', 'pep']"
250268088,"$payx martin mucci sold 50,000 shares [high conviction] www.insider-analysis.com/search_transactions.php?ticker=table_payx",2020-10-14 17:57:49,-69,['payx']
250204722,$payx bulls are having a chill moment,2020-10-14 14:38:35,1,['payx']
250071294,$payx new insider selling: 50000 shares. http://insiderbuyingselling.com/?t=payx,2020-10-13 21:36:36,-69,['payx']
250068077,"$payx all the morons pumping this are missing out on huge put gains, with all the insider dumping, and its stalling out the price. got out, everyone loses when this happens.",2020-10-13 21:24:15,-1,['payx']
250062092,"current nasdaq 100 earnings reported: $payx $pep $mu $tcom $cost
source: finscreener",2020-10-13 21:01:44,-69,"['cost', 'tcom', 'payx', 'mu', 'pep']"
250042053,"paychex&#39;s ceo &amp; president just cashed-in 50,000 options  http://www.conferencecalltranscripts.org/4/summary2/?id=8440447 $payx",2020-10-13 20:02:20,-69,['payx']
250041410,"$payx [15s. delayed] filed sec form 4: ceo &amp; president mucci martin: 
disposed 50,000 of common stock at price $83.11 and converted securi https://s.flashalert.me/jrdk4x",2020-10-13 20:01:01,-69,['payx']
249850156,$payx silent slow runner.,2020-10-13 03:15:52,1,['payx']
249736819,"newest s&amp;p 500 earnings reported: $ccl $dpz $lw $payx $pep
source: finscreener",2020-10-12 17:33:34,-69,"['payx', 'ccl', 'dpz', 'pep', 'lw']"
249618205,"$payx paychex insider stephanie schaeffer sells $5,162,220.00 in shares. the bod had dumped over $10,000,000 in the last 3 trading days. $tsla $ddd $aapl",2020-10-12 04:38:27,-1,"['ddd', 'aapl', 'payx', 'tsla']"
249607156,paychex $payx bidaskscore is #reiterated to bought https://bidaskclub.com/news/company/2020-10-08/payx,2020-10-12 01:52:02,-69,['payx']
249566348,"$payx stephanie l schaeffer sold 63,000 shares [high conviction] www.insider-analysis.com/search_transactions.php?ticker=table_payx",2020-10-11 16:35:59,-69,['payx']
249519097,"risk-adjusted landscape for paychex($payx), rockwell… https://www.macroaxis.com/invest/marketriskandreturn?s=payx,col,trv,erie,sivb,sjm,dov,fslr,see,oxy,low,unh #correlations #stocks #stockratings",2020-10-10 20:58:34,-69,['payx']
249515306,"$payx insiders dump over $10,000,000 in shares in 3 days. what is happening at paychex, inc. that they’re not telling the market. $tsla $aapl $ddd",2020-10-10 19:57:25,-1,"['ddd', 'aapl', 'payx', 'tsla']"
249493335,$payx upcoming event october 15: 2020 annual meeting of stockholders. options expiring on october 16 that cover the event have an implied move of ±2.5% http://tinyurl.com/y29ubyjw,2020-10-10 14:16:05,-69,['payx']
249469395,"paychex insider stephanie schaeffer sells $5,162,220.00 in $payx https://www.marketbeat.com/i/411490",2020-10-10 02:33:20,-69,['payx']
249447554,"$payx john b gibson sold 14,227 shares [average conviction] www.insider-analysis.com/search_transactions.php?ticker=table_payx",2020-10-09 23:08:04,-69,['payx']
249444529,$payx new insider selling: 63000 shares. http://insiderbuyingselling.com/?t=payx,2020-10-09 22:45:34,-69,['payx']
249441606,"$payx when the board of directors sell over $5,000,000 worth of shares in two days, you know the house is on fire...monday morning bloodbath. $jnj  $tsla $ge",2020-10-09 22:24:28,-1,"['payx', 'ge', 'jnj', 'tsla']"
249440403,"$payx more insiders dumping shares, 
 $3,169,530.00 of shares sold by schaeffer stephanie l (clo, secretary), reported in a new form 4 filed with the sec  $aapl $tsla $ddd newsfilter.io/a/eef739cb683...",2020-10-09 22:15:50,-1,"['ddd', 'aapl', 'payx', 'tsla']"
249438080,last10k highlighted 52 positive and negative remarks in $payx&#39;s 10-q filed today. see them in the quarterly report: https://last10k.com/sec-filings/payx/0000723531-20-000059.htm?utm_source=stocktwits&amp;utm_medium=forum&amp;utm_campaign=sentiment&amp;utm_term=payx,2020-10-09 22:00:27,-69,['payx']
249426002,$payx just filed a 10-q quarterly report with 41 sections and 4 exhibits. access them all or just read their earnings: https://last10k.com/sec-filings/payx/0000723531-20-000059.htm?utm_source=stocktwits&amp;utm_medium=forum&amp;utm_campaign=10kq2040f&amp;utm_term=payx,2020-10-09 20:55:50,-69,['payx']
249424342,paychex just filed its quarterly report: note c: basic and di... http://www.conferencecalltranscripts.org/q/summary2/?id=8435405 $payx,2020-10-09 20:48:02,-69,['payx']
249424270,"$payx [15s. delayed] filed form 10-q on october 09, 16:46:37 https://s.flashalert.me/fgwjgp",2020-10-09 20:47:45,-69,['payx']
249419360,"clo of paychex just cashed-in 63,000 options  http://www.conferencecalltranscripts.org/4/summary/?id=8435228 $payx",2020-10-09 20:26:45,-69,['payx']
249419262,"$payx [15s. delayed] filed sec form 4: clo, secretary schaeffer stephanie l: 
disposed 63,000 of common stock at price $81.94 and converte https://s.flashalert.me/6qz8zn",2020-10-09 20:26:24,-69,['payx']
249418525,2020-10-08 short sale volume (not short interest) for $payx is 56%. http://shortvolumes.com/?t=payx via @shortvolumes,2020-10-09 20:23:34,-69,['payx']
249389612,$payx bulls are having a chill moment,2020-10-09 18:55:44,1,['payx']
249289842,"$payx paychex vp john gibson sells $1,169,174.86 . earnings disaster year over year decline, ceo says no new business without stimulus. 
$aapl  $tsla $ddd",2020-10-09 14:12:04,-1,"['ddd', 'aapl', 'payx', 'tsla']"
249235066,most gaining stocks in the nasdaq 100 today: $payx https://www.chartmill.com/stock/stock-screener?v=3&amp;f=ind_20&amp;s=pt&amp;utm_source=stocktwits&amp;utm_medium=screener&amp;utm_content=stock_screener:_top_nasdaq_100_gainers&amp;utm_campaign=social_tracking,2020-10-09 09:30:04,-69,['payx']
249205449,"paychex vp john gibson sells $1,169,174.86 in $payx https://www.marketbeat.com/i/411310",2020-10-09 01:47:37,-69,['payx']
249186128,$payx new insider selling: 14227 shares. http://insiderbuyingselling.com/?t=payx,2020-10-08 23:36:36,-69,['payx']
249167962,$payx my puts have been hurting. can we get a down day tomorrow?,2020-10-08 21:57:28,-1,['payx']
249155580,"$payx new article : nasdaq rises as tesla, paychex got thumbs up from wall street thursday https://www.stck.pro/news/payx/8325978",2020-10-08 21:03:23,-69,['payx']
249139993,"$payx insider sell off begins with $621,719.90 of shares sold by gibson john b (sr. vp, service).",2020-10-08 20:11:19,-1,['payx']
249138289,"current s&amp;p 500 earnings reported: $lw $payx $pep $stz $cag
source: finscreener",2020-10-08 20:06:55,-69,"['payx', 'cag', 'pep', 'stz', 'lw']"
249138097,"newest s&amp;p earnings calendar: $payx $lw $ccl $dpz 
source: finscreener",2020-10-08 20:06:28,-69,"['payx', 'ccl', 'dpz', 'lw']"
249137443,"$payx: new sec filing on sr. vp, service, john b gibson: https://www.sec.gov/archives/edgar/data/723531/000120919120054276/xslf345x03/doc4.xml",2020-10-08 20:05:01,-69,['payx']
249136175,"sr. vp of paychex just cashed-in 14,227 options  http://www.conferencecalltranscripts.org/4/summary/?id=8431055 $payx",2020-10-08 20:02:05,-69,['payx']
249135321,"$payx [15s. delayed] filed sec form 4: sr. vp, service gibson john b: 
disposed 14,227 of common stock at price $82.18 and converted secur https://s.flashalert.me/1pobw",2020-10-08 20:00:07,-69,['payx']
249076916,"$payx  put volume up over 300% today, signaling a sharp downturn. looking for new pt $65.",2020-10-08 17:06:10,-1,['payx']
249071904,"$payx 
upgraded by citigroup neutral » buy usd 75 » usd 93
https://www.stocktargetadvisor.com/stock/usa/nye/payx#analyst-rating-tab",2020-10-08 16:50:12,-69,['payx']
249030449,$payx need and want 8 more points here.,2020-10-08 14:55:20,1,['payx']
249014382,"stocks to watch today! $anet, $payx, $dte, $lite .",2020-10-08 14:15:46,1,"['payx', 'dte', 'anet', 'lite']"
248973894,"$payx net income fell to $211.6 million, or 59 cents a share, from $264.2 million, or 73 cents a share, in the year-ago period. excluding non-recurring items, adjusted earnings per share slipped to 63 cents from 71 cents.. the numbers do not support a ”$30 billion market cap”.",2020-10-08 12:18:41,-1,['payx']
248972918,"$payx from management: for fiscal 2021, the company expects adjusted eps to decline 6% to 8% from a year ago, while the factset 2021 eps consensus implies an 8.3% decline. &quot;the effects of the covid-19 pandemic continue to impact our results causing unfavorable year-over-year",2020-10-08 12:14:08,-69,['payx']
248971518,"$payx  is just now switching to digital payroll, putting them far behind the competition, and much more expensive. year over year losses put payx in outdated status...strong sell.",2020-10-08 12:07:15,-1,['payx']
248967419,"$payx new article : paychex upgraded at citi, well-positioned to win in digital payroll shift https://www.stck.pro/news/payx/8314376",2020-10-08 11:44:07,-69,['payx']
248964068,"$payx has no catalysts coming up and year over year sales decline. there are no events, nothing but bad news coming, as ceo tells cramer they need a stimulus or business is in trouble. new pt $67",2020-10-08 11:20:17,-1,['payx']
248962933,$payx citigroup upgrades to buy : pt $93.00 https://stockhoot.com/extsymbol.aspx?from=analystratingtweet&amp;symbol=payx&amp;t=97&amp;social=stocktwits,2020-10-08 11:11:43,-69,['payx']
248933749,"$payx should test new lows. management says no stimulus, no business.",2020-10-08 03:18:32,-1,['payx']
248908616,"squeeze play pattern detected by our stock screener for $arec, $payx and $eat. https://www.chartmill.com/stock/stock-screener?sid=12&amp;f=sqds,v1_50b300,sl_ti_105_x,exch_us&amp;v=3&amp;timeframe=daily&amp;type=candles&amp;months=0.05&amp;width=400&amp;cl=f&amp;o1=0&amp;o2=57&amp;op1=14&amp;op2=20,1.5,10&amp;utm_source=stocktwits&amp;utm_medium=screener&amp;utm_content=stock_screener:_momentum_squeeze_play_setups&amp;utm_campaign=social_tracking",2020-10-08 01:01:00,-69,"['payx', 'eat', 'arec']"
248888101,"$payx has a market cap of $29 billion with net revenue of less than $600mm with yoy declining revenue. hedge funds decreasing stakes  and massive insider selling. i see no upside, great short.",2020-10-07 22:51:58,-1,['payx']
248857108,"$payx paychex flex® earns hr executive&#39;s top hr product award
https://www.stocktitan.net/news/payx/paychex-flex-r-earns-hr-executive-s-top-hr-product-7e1i6pv8w9yo.html",2020-10-07 20:27:07,-69,['payx']
248855550,"$payx  looking like a big drop coming with one week $77.5 call sweep. there are zero catalysts for 45 days after earnings disappointment, down 20% from same period last year.",2020-10-07 20:21:54,-1,['payx']
248847870,"$payx latest ratings on 2020-10-07 at stock target advisor https://www.stocktargetadvisor.com/stock/usa/nye/payx#analyst-rating-tab : morgan stanley (target raised by), deutsche bank (target raised by), bmo capital markets (target raised by)",2020-10-07 20:00:39,-69,['payx']
248828537,"current nasdaq 100 earnings reported: $payx $pep $mu $cost $tcom
source: finscreener",2020-10-07 19:07:51,-69,"['cost', 'tcom', 'payx', 'mu', 'pep']"
248828431,"s&amp;p 500 earnings calendar: $payx $lw $ccl $dpz 
source: finscreener",2020-10-07 19:07:32,-69,"['payx', 'ccl', 'dpz', 'lw']"
248755775,"$payx analyst consensus is hold or sell, with lower price targets down to $64. no catalysts after earnings slump of 30% yoy.",2020-10-07 15:28:17,-1,['payx']
248746301,$payx paychex flex® earns hr executive&#39;s top hr product award https://www.otcdynamics.com/payx-paychex-flex-earns-hr-executives-top-hr-product-award,2020-10-07 15:02:55,-69,['payx']
248708245,"risk-adjusted landscape for paychex($payx), centerpoint energy($cnp), kla… https://www.macroaxis.com/invest/marketriskandreturn?s=payx,cnp,klac,dvn,amd,goog #stocks #earnings",2020-10-07 13:31:05,-69,"['payx', 'cnp']"
248703313,"$payx paychex price target raised to $82 from $74 at bmo capital
bmo capital analyst jeffrey silber raised the firm&#39;s price target on paychex to $82 from $74 and keeps a market perform rating on the shares. the analyst says the company&#39;s q1 results exceeded expectations, with specific strength seen in its hr solutions and small market sales, along with &quot;less worse&quot; impact on its clients and employees. silber adds that paychex&#39;s savings initiatives were accelerated and the management raised the low-end of its fy21 guidance range, also raising his fy21 and fy22 eps views by 7c to $2.81 and $3.02 respectively.",2020-10-07 13:14:02,-69,['payx']
248700940,"$payx is currently trading in the upper part of its 52 week range, which is inline with the index. https://www.chartmill.com/stock/analyzer/stock/payx?key=ba01f9a7-c846-442a-9aca-6f7f1be5a30f&amp;utm_source=stocktwits&amp;utm_medium=ta&amp;utm_content=payx&amp;utm_campaign=social_tracking",2020-10-07 13:06:00,-69,['payx']
248697750,$payx deutsche bank analyst bryan keane raised the firm&#39;s price target on paychex to $81 from $75 and keeps a hold rating on the shares following the company&#39;s better than expected fiscal q1 results.,2020-10-07 12:53:50,-69,['payx']
248693846,"$payx  analysts lower pt to $64 which is a 20% decrease from the current share price. short term outlook is not good, without stimulus money payx may need to make a direct offering.",2020-10-07 12:37:42,-1,['payx']
248681160,$payx morgan stanley maintains to equal-weight : pt $76.00 https://stockhoot.com/extsymbol.aspx?from=analystratingtweet&amp;symbol=payx&amp;t=884&amp;social=stocktwits,2020-10-07 11:30:39,-69,['payx']
248675610,the #profitable move to make as we wait around for #stimulus $dal $dpz $payx also $ccl https://talkmarkets.com/content/us-markets/the-profitable-move-to-make-as-we-wait-around-for-stimulus?post=280404,2020-10-07 10:35:09,-69,"['payx', 'ccl', 'dal', 'dpz']"
248626564,"the piotroski-f score of $payx is 8.00, indicating great health for $payx. https://www.chartmill.com/stock/quote/payx/fundamental-analysis?key=ba01f9a7-c846-442a-9aca-6f7f1be5a30f&amp;utm_source=stocktwits&amp;utm_medium=fa&amp;utm_content=payx&amp;utm_campaign=social_tracking",2020-10-07 00:21:00,-69,['payx']
248624684,$payx paychex ceo: stimulus would certainly help small and medium-sized businesses http://dlvr.it/rj53m2,2020-10-07 00:09:03,-69,['payx']
248618173,"$payx short term outlook is extremely poor, with no stimulus. looking for a dip to $68 then pop to $73 quick scalp. earnings out, not much to look forward to for at least 45 days.",2020-10-06 23:32:03,-1,['payx']
248614017,$payx new article : paychex ceo: stimulus would certainly help small and medium-sized businesses https://www.stck.pro/news/payx/8279022,2020-10-06 23:09:06,-69,['payx']
248607968,$payx  ceo says without stimulus they will lose business..taking a short position here.,2020-10-06 22:37:15,-1,['payx']
248606672,"$payx paychex ceo: client retention remains strong 18:24 payx in an interview on cnbc&#39;s mad money, martin mucci said the technology investments paychex has made have positioned the company as a tech leader. &quot;we&#39;re proud of the innovations we&#39;ve put out,&quot; he said. the south and florida have continued to be strong in employment and job growth, he noted. mucci said the job recovery from here will be slower than in past three months and stimulus would certainly help small to medium sized businesses. new business starts are up 20% from last year, according to mucci.",2020-10-06 22:30:47,-69,['payx']
248585702,$payx has one of the better altman-z scores in its industry: 4.46 vs 1.89. https://www.chartmill.com/stock/quote/payx/fundamental-analysis?key=ba01f9a7-c846-442a-9aca-6f7f1be5a30f&amp;utm_source=stocktwits&amp;utm_medium=fa&amp;utm_content=payx&amp;utm_campaign=social_tracking,2020-10-06 21:07:01,-69,['payx']
248582951,3-star analyst kevin mcveigh from credit suisse maintained a buy on $payx.  https://www.tipranks.com/analysts/kevin-mcveigh,2020-10-06 20:58:00,-69,['payx']
248576647,"portfolio prediction for next week: paychex($payx),… https://www.macroaxis.com/invest/marketratings?s=payx,duk,an,mhld,txn,rf,ezpw,leg,gci,vmc,jbl,clx #correlations #stocks #stockratings",2020-10-06 20:38:02,-69,['payx']
248554191,$payx puts ate today. thats all i gotta say. youre welcome to everyone who followed my posts,2020-10-06 19:43:23,-1,['payx']
248536285,$payx ouch,2020-10-06 19:09:03,-1,['payx']
248526686,$payx hey bulls... gtfo,2020-10-06 18:51:20,-1,['payx']
248509836,"$payx gsco or goldman sachs and co. had a buy order at 79.50 and a sell order 82.50 each for 200 lots yesterday. that has been the range for today. that was also the reason i knew this would be flat. no pops, no drops, just decay.",2020-10-06 17:59:23,-69,['payx']
248504855,$payx q1 2021 earnings call https://youtu.be/9qpbolfxray,2020-10-06 17:43:28,-69,['payx']
248495671,$payx calls and puts killed,2020-10-06 17:14:06,-69,['payx']
248491964,"$payx is currently trading in the upper part of its 52 week range, which is inline with the index. https://www.chartmill.com/stock/quote/payx/technical-analysis?key=ba01f9a7-c846-442a-9aca-6f7f1be5a30f&amp;utm_source=stocktwits&amp;utm_medium=ta&amp;utm_content=payx&amp;utm_campaign=social_tracking",2020-10-06 17:03:00,-69,['payx']
248470267,$payx ,2020-10-06 15:55:55,-1,['payx']
248464396,$payx,2020-10-06 15:37:44,-1,['payx']
248463976,paychex (nasdaq:payx) 3% yield is a risk i can handle $payx #payx https://www.marketbeat.com/n/4480921/,2020-10-06 15:36:17,-69,['payx']
248463559,$payx new article : paychex announces 1st-quarter fiscal 2021 results https://www.stck.pro/news/payx/8269768,2020-10-06 15:35:06,-69,['payx']
248461909,$payx as flat as they come,2020-10-06 15:30:29,-69,['payx']
248452740,"$payx paychex beats first-quarter expectations despite covid-19 hit

https://www.thestreet.com/investing/paychex-payx-first-quarter-expectations-covid-19",2020-10-06 15:04:55,-69,['payx']
248451748,"russell 1000 earnings calendar: $payx $lw $rpm  
source: finscreener",2020-10-06 15:02:12,-69,"['payx', 'rpm', 'lw']"
248450017,$payx new article : paychex reports narrower than expected decline in q1 profit and revenue https://www.stck.pro/news/payx/8268918,2020-10-06 14:57:30,-69,['payx']
248438708,"$payx new article : paychex earnings: payx stock ticks 1% lower on rough q1 figures, bad outlook https://www.stck.pro/news/payx/8268283",2020-10-06 14:29:44,-69,['payx']
248436527,"$payx goldman sachs had a 200,000 share buy order at 79.50 yesterday. i don&#39;t think that order was completely filled given the volume, so i expect the dips to continue being bought even though i want this to go down.",2020-10-06 14:24:17,-69,['payx']
248433905,"$payx goldman and a few others had some big buy orders in the 78-79 range. this will not tank. as i&#39;ve mentioned before, it&#39;ll stay flat. take your profits/loss and move on while you still have time value.",2020-10-06 14:17:58,-69,['payx']
248432024,$payx pull this pos down,2020-10-06 14:13:29,-1,['payx']
248428541,$payx earnings move  -1.3% vs an expected ±5.7% move  http://tinyurl.com/y4y6j9xz,2020-10-06 14:05:08,-69,['payx']
248428242,$payx good news in cc pushes this up,2020-10-06 14:04:26,1,['payx']
248423438,$payx short. sl above 82. looking for 80 breakdown.. only small position so whatevs,2020-10-06 13:53:07,-1,['payx']
248418604,$payx perfect 3 bar play on the downside. puts now.,2020-10-06 13:41:42,-1,['payx']
248415761,"$payx consistenttendies, i knew we would come out on top fuck the bulls",2020-10-06 13:34:12,-1,['payx']
248415693,"besides having an excellent technical rating, $payx also presents a decent setup pattern. https://www.chartmill.com/stock/analyzer/stock/payx?key=ba01f9a7-c846-442a-9aca-6f7f1be5a30f&amp;utm_source=stocktwits&amp;utm_medium=ta&amp;utm_content=payx&amp;utm_campaign=social_tracking",2020-10-06 13:34:00,-69,['payx']
248415348,$payx let the selling begin!!!,2020-10-06 13:33:00,-1,['payx']
248414105,$payx 1 more minute. let’s see where we go 🤞🏻,2020-10-06 13:29:02,-1,['payx']
248412123,"$payx year over year sales and revenue are way down...i expect a massive drop, sold all just now, good luck!",2020-10-06 13:22:18,-1,['payx']
248408954,$payx sell off on open,2020-10-06 13:11:32,-1,['payx']
248405786,$payx just filed with the sec a earnings release and a financial exhibit https://last10k.com/sec-filings/payx/0000723531-20-000053.htm?utm_source=stocktwits&amp;utm_medium=forum&amp;utm_campaign=8k&amp;utm_term=payx,2020-10-06 13:00:29,-69,['payx']
248405121,"paychex: martin mucci, president and chief executive officer, commented, “financial results for http://www.conferencecalltranscripts.org/8/summary/?id=8422679 $payx",2020-10-06 12:57:54,-69,['payx']
248404859,"$payx [15s. delayed] filed form 8-k on october 06, 08:56:12 https://s.flashalert.me/pcsge",2020-10-06 12:56:53,-69,['payx']
248404781,"$payx happy with your +.01% pre-market, let the selling begin",2020-10-06 12:56:33,-1,['payx']
248403840,$payx if this goes to 82.23 i will cash out with a $25 dollar profit.... damn it sucks to be poor!,2020-10-06 12:52:33,-69,['payx']
248403726,"$payx new article : paychex stock gains after profit and revenue beats, upbeat outlook https://www.stck.pro/news/payx/8266025",2020-10-06 12:52:05,-69,['payx']
248403547,$payx updates fy 2021pre-market guidance to 2.76-2.82 eps and revenue guidance to $3.87936-3.96018 billion. https://www.marketbeat.com/g/51,2020-10-06 12:51:26,-69,['payx']
248403513,$payx it beat market consensus but still fell for y/y,2020-10-06 12:51:20,-69,['payx']
248402948,$payx new article : paychex: q1 earnings insights https://www.stck.pro/news/payx/8265975,2020-10-06 12:49:05,-69,['payx']
248402661,$feac $payx we’re operating at an 96% success rate with an average profit of 25% in 4 days. come for the chat. stay for the alerts. http://oogwaytrades.net/,2020-10-06 12:47:55,-69,"['payx', 'feac']"
248402424,"$payx   

er results

https://seekingalpha.com/news/3620092-paychex-eps-beats-0_08-beats-on-revenue

view the full list of news/momentum plays on watch at : bit.ly/32gfart
[no bias / position]
[find me at https://stocktwits.com/sbiswas | https://twitter.com/soumyajyoti_b]",2020-10-06 12:46:49,-69,['payx']
248402339,$payx needs good cc and forward guidance now,2020-10-06 12:46:31,1,['payx']
248401697,"$payx new article : paychex eps beats by $0.08, beats on revenue https://www.stck.pro/news/payx/8265771",2020-10-06 12:43:42,-69,['payx']
248400746,stocktwits trending alert: trading recent interest in paychex $payx https://wp.me/p5blgb-b1i3,2020-10-06 12:39:53,-69,['payx']
248400579,"$payx new article : paychex, inc. reports first quarter results https://www.stck.pro/news/payx/8265740",2020-10-06 12:39:15,-69,['payx']
248400568,"$payx paychex, inc. reports first quarter results https://www.otcdynamics.com/payx-paychex-inc-reports-first-quarter-results",2020-10-06 12:39:11,-69,['payx']
248400276,$payx drop on opening,2020-10-06 12:37:58,-1,['payx']
248400243,$payx so.... earnings better than expected but outlook a little bleak right? i’m assuming flat today,2020-10-06 12:37:49,-69,['payx']
248400211,"paychex, inc. reports first quarter results http://www.conferencecalltranscripts.org/summary/?id=65040&amp;pr=true $payx",2020-10-06 12:37:44,-69,['payx']
248400186,"paychex, inc. reports first quarter results http://www.conferencecalltranscripts.org/summary/?id=65039&amp;pr=true $payx",2020-10-06 12:37:40,-69,['payx']
248399716,"$payx [15s. delayed, acc.~90%, always check] earnings release october 06, 08:30:00: q1: gaap eps of $0.59, revenue $917.30m. https://s.flashalert.me/f9qbcw",2020-10-06 12:35:50,-69,['payx']
248399714,"$payx [15s. delayed]: issued press release on october 06, 08:30:00: paychex, inc. reports first quarter results https://s.flashalert.me/sd3l7y",2020-10-06 12:35:50,-69,['payx']
248399567,"$payx reported earnings of $0.63, consensus was $0.56, earnings whisper was $0.57 via @ewhispers #whisperbeat http://eps.sh/d/payx",2020-10-06 12:35:14,-69,['payx']
248399454,"$payx (+0.4% pre) paychex (payx) tops q1 eps by 8c, offers outlook - si

http://ooc.bz/l/61709",2020-10-06 12:34:47,-69,['payx']
248399194,"$payx paychex reports q1 adj. eps 63c, consensus 55c 08:33 payx paychex $81.44 / +2.02 (+2.54%) reports q1 revenue $932.2m, consensus $895.38m. martin mucci, president and ceo, commented, &quot;financial results for the first quarter showed marked improvement as most of our key business metrics recovered at a faster rate than anticipated. the effects of the covid-19 pandemic continue to impact our results causing unfavorable year-over-year comparisons, however, client retention has remained strong and sales performance is accelerating with year-over-year growth in the number of clients sold. we continue to provide excellent customer service and invest in our business while remaining cost-conscious. cost-saving initiatives are underway and proceeding as expected.&quot;",2020-10-06 12:33:48,-69,['payx']
248398800,"$payx paychex, inc. reports first quarter results
https://www.stocktitan.net/news/payx/paychex-inc-reports-first-quarter-bz8wf5n9mz89.html",2020-10-06 12:32:14,-69,['payx']
248398604,$payx let’s go,2020-10-06 12:31:28,1,['payx']
248398465,$payx pay me you pretty asian young xlut- bomba has been short 81.60 commons and butterflied at 80,2020-10-06 12:30:58,-69,['payx']
248392959,$payx expected time for er ?,2020-10-06 12:05:56,-69,['payx']
248383141,$payx puts looking juicy right now,2020-10-06 10:52:19,-1,['payx']
248382030,$payx give daddy his paycheck,2020-10-06 10:38:51,1,['payx']
248379196,"trump departs hospital, markets eye stimulus deal $payx $tscdy $qqq $spx $levi https://talkmarkets.com/content/stocks--equities/trump-departs-hospital-markets-eye-stimulus-deal?post=280229",2020-10-06 10:01:52,-69,"['spx', 'payx', 'qqq', 'tscdy', 'levi']"
248372680,"the technical breakout setup screen lists $five, $payx and $crm today. https://www.chartmill.com/stock/stock-screener?sid=202&amp;f=v1_50b500,atrpct_a_1,sl_ta_7_x,sl_se_7_x,p_pg20,exch_us&amp;s=se&amp;v=3&amp;utm_source=stocktwits&amp;utm_medium=screener&amp;utm_content=stock_screener:_technical_breakout_setups&amp;utm_campaign=social_tracking",2020-10-06 07:29:00,-69,"['payx', 'crm', 'five']"
248367228,$payx 86 or 75? lol,2020-10-06 05:05:13,-69,['payx']
248364828,$payx expecting flat reaction,2020-10-06 04:21:21,-69,['payx']
248361380,"$payx releasing earnings on 10/6 before open (confirmed). the piotroski-f score of $payx is 8.00, indicating great health for $payx. anybody buying/selling in earnings? 
 
https://stocksearning.com/stocks/payx/earnings-date 
#payx #paychexinc #stockmarket #stocktwits #stocksearning",2020-10-06 03:34:19,-69,['payx']
248357019,possible runner signal alert: $payx. more insights: https://stockinvest.us/technical-analysis/payx?utm_source=stocktwits&amp;utm_medium=autopost,2020-10-06 02:46:05,1,['payx']
248355673,$payx: both the short term and long term trends are positive. this is a very positive sign. https://www.chartmill.com/stock/quote/payx/technical-analysis?key=ba01f9a7-c846-442a-9aca-6f7f1be5a30f&amp;utm_source=stocktwits&amp;utm_medium=ta&amp;utm_content=payx&amp;utm_campaign=social_tracking,2020-10-06 02:33:00,-69,['payx']
248346486,"notable #earnings tomorrow morning

$payx",2020-10-06 01:14:18,-69,['payx']
248334505,"wl for tuesday 10/06

$xtnt  -  +51% ah, looking for pm pop to short back below 2.00
$otrk  - watching 77.00 area for breakout and test of ath near-term
$payx - earnings pm 
$levi - earnings ah",2020-10-05 23:47:13,-69,"['payx', 'xtnt', 'otrk', 'levi']"
248333089,"$payx the chart is bullish, but sentiment and fundamentals are bearish. we&#39;d all love for this to do what it should and drop, but in reality it&#39;ll probably be flat after earnings.",2020-10-05 23:37:33,-69,['payx']
248332049,$payx why no 10q listed since march on sec site?,2020-10-05 23:30:36,-69,['payx']
248317397,"conservative portfolio: paychex($payx), pacwest… https://www.macroaxis.com/invest/marketriskandreturn?s=payx,pacw,pg,lsi,agnc,sigi,gbci,scg,wtfc,peg #insidertrading #stocks #fintechnews",2020-10-05 22:03:04,-69,['payx']
248314144,"$spy $spaq $fast $payx big wins in these stocks today, couldn’t be happier with the team that has formed into a family, tons of good vibes and support coming from everyone involved. can’t ask for more❤️",2020-10-05 21:45:58,1,"['fast', 'payx', 'spy']"
248314003,"reporting earnings tomorrow (tue oct 6th):

paychex, inc. ( $payx )
levi strauss &amp; co. ( $levi )
landec corp. ( $lndc )

follow them here:
https://thebubbleboard.com/?tickers=payx,levi,lndc&amp;name=earnings%20tue%20oct%206th&amp;utm_medium=bot-post",2020-10-05 21:45:16,-69,"['lndc', 'payx', 'levi']"
248311202,$payx let the selling begin 📉📉,2020-10-05 21:31:45,-1,['payx']
248311007,"the piotroski-f score of $payx is 8.00, indicating great health for $payx. https://www.chartmill.com/stock/analyzer/stock/payx?view=fundamental-analysis&amp;key=ba01f9a7-c846-442a-9aca-6f7f1be5a30f&amp;utm_source=stocktwits&amp;utm_medium=fa&amp;utm_content=payx&amp;utm_campaign=social_tracking",2020-10-05 21:31:00,-69,['payx']
248308945,$payx gimme 70 🤑🤑,2020-10-05 21:22:16,-1,['payx']
248307976,"$ccl confirmed er calendar - next 7 days..
$levi $dpz $payx $cdzi 📆🍀🤑",2020-10-05 21:18:07,-69,"['cdzi', 'payx', 'ccl', 'dpz', 'levi']"
248306595,"$levi events on tap for tuesday 10/6/2020 - 👌📆
$imac $payx $kmx $ndsn",2020-10-05 21:12:22,-69,"['ndsn', 'payx', 'kmx', 'imac', 'levi']"
248305244,$payx bulls getting false sense of confidence rn this stock gonna hit low 70&#39;s in the morning,2020-10-05 21:06:27,-1,['payx']
248301825,$payx took out 11/20 $80 puts! let’s see the wrecking ball come in tomorrow morning!!,2020-10-05 20:51:48,-1,['payx']
248300440,$payx to all my followers who listened to me. i will not do you wrong. this will be the real test. i see low 70&#39;s approaching,2020-10-05 20:46:17,-1,['payx']
248299767,$payx,2020-10-05 20:43:50,1,['payx']
248298558,$payx why does it seem like it’s going to drop like a rock tomorrow,2020-10-05 20:39:10,-69,['payx']
248291613,$payx and now we wait,2020-10-05 20:17:41,-69,['payx']
248291028,$payx everyone calm down. it won&#39;t go to $70 and it won&#39;t go to $90. it will stay where it is in the 80-81 range and kill options.,2020-10-05 20:16:01,-69,['payx']
248287363,"$payx calm down bulls, earnings are in the morning",2020-10-05 20:06:27,-1,['payx']
248286847,$payx $90,2020-10-05 20:05:17,1,['payx']
248285003,$payx earnings gonna be weak,2020-10-05 20:00:52,-1,['payx']
248284743,hoping for a positive reaction $payx ,2020-10-05 20:00:16,1,['payx']
254944929,$payx sounds deafen the ear let&#39;s hear success bulls. take a quick good rest and read some useful ideas here. ---&gt; http://psce.pw/goldstockspotentialmustsee check disclaimer on my profile.,2020-11-06 20:16:37,1,['payx']
254948133,"$payx new article : paychex ceo on small business, u.s. jobs report, stimulus https://www.stck.pro/news/payx/8977087",2020-11-06 20:29:14,-69,['payx']
255024253,"what would you do? $payx in uptrend: 50-day moving average moved above 200-day moving average on september 21, 2020. view odds for this and other indicators: https://srnk.us/go/2290867",2020-11-07 08:02:06,-69,['payx']
255100292,"new volatility landscape for paychex($payx), glacier… https://www.macroaxis.com/invest/marketriskandreturn?s=payx,gbci,cern,pcg,gww,wafd,xyl,ibm,xlnx,ntrs,kss,r #correlations #stocks #stockratings",2020-11-08 01:51:32,-69,['payx']
248271151,$payx feeling that it will trade sideways.,2020-10-05 19:20:44,-69,['payx']
248267592,$payx what is implied move?,2020-10-05 19:09:51,-69,['payx']
248265975,paychex before the bell. it has only missed once in the last 5 years. impressive track record. $payx,2020-10-05 19:04:53,-69,['payx']
248262961,"s&amp;p 500 earnings calendar $payx $lw $ccl $dal $dpz
source: finscreener",2020-10-05 18:56:08,-69,"['payx', 'ccl', 'dal', 'dpz', 'lw']"
248260191,upcoming earnings amc &amp; bmo $payx https://stockhoot.com/earningscalendar.aspx?from=afternoontweet&amp;sort=date&amp;bull=true&amp;bear=true&amp;bmo=true&amp;amc=true&amp;&amp;sd=10/5/2020&amp;ed=10/6/2020&amp;social=stocktwits,2020-10-05 18:47:37,-69,['payx']
248252743,$payx short the earnings,2020-10-05 18:23:12,-1,['payx']
248246060,"$payx reports before the open tomorrow, estimize consensus +0.02 eps and +4.39m revs compared to ws
http://www.estimize.com/payx/fq1-2021?utm_content=prerelease&amp;utm_medium=tweet&amp;utm_source=stocktwits",2020-10-05 18:00:03,-69,['payx']
248244734,$payx this could go either way...but if you’re playing options on this...there’s a massive iv crush here,2020-10-05 17:55:36,-69,['payx']
248244657,$payx new article : paychex q1 2021 earnings preview https://www.stck.pro/news/payx/8246231,2020-10-05 17:55:20,-69,['payx']
248241742,paychex $payx trading report http://tinyurl.com/yx8nxt75,2020-10-05 17:45:05,-69,['payx']
248239465,$payx why is everyone bearish on this?,2020-10-05 17:36:20,-69,['payx']
248234415,$payx is earnings today or december?,2020-10-05 17:18:10,-69,['payx']
248233577,$payx new article : notable earnings before tuesday&#39;s open https://www.stck.pro/news/payx/8246102,2020-10-05 17:15:05,-69,['payx']
248229621,$payx is scheduled to report #earnings before the market opens tomorrow via @ewhispers http://eps.sh/s/payx,2020-10-05 17:00:04,-69,['payx']
248225975,"$payx #earnings tomorrow bmo - get chart, ratings, trade ideas  https://stockhoot.com/earningscalendar.aspx?from=individualtweet&amp;symbol=payx&amp;t=461&amp;social=stocktwits",2020-10-05 16:47:19,-69,['payx']
248217197,$payx 55% locked on the overnight 🔒,2020-10-05 16:16:25,-69,['payx']
248206700,$payx to everyone who follows my trades: puts.,2020-10-05 15:41:14,-1,['payx']
248197476,$payx new article : high unemployment could sink paychex (payx) https://www.stck.pro/news/payx/8243777,2020-10-05 15:11:05,-69,['payx']
248182760,"$yum top bullish option flow today...
$gan $ely $payx",2020-10-05 14:26:00,1,"['payx', 'ely', 'yum', 'gan']"
248181902,$gild $payx $tsla $aapl $dkng like this message if you have been personally victimized by this message this morning.,2020-10-05 14:23:39,-69,"['aapl', 'gild', 'payx', 'tsla', 'dkng']"
248179736,$payx new article : paychex earnings preview https://www.stck.pro/news/payx/8242567,2020-10-05 14:17:19,-69,['payx']
248179490,$payx puts,2020-10-05 14:16:40,-1,['payx']
248176258,$payx place your bet...gap up or gap down before tomorrow morning earning?,2020-10-05 14:07:16,-69,['payx']
248157345,3 stocks to avoid this week $dnkg $payx $nnox https://bit.ly/2spiuad,2020-10-05 13:05:36,-69,"['payx', 'nnox']"
248153603,upcoming earnings this week $payx https://stockhoot.com/earningscalendar.aspx?from=weekendtweet&amp;t=913&amp;social=stocktwits,2020-10-05 12:47:14,-69,['payx']
248149154,"top earnings mon 10/5 aft: none

top earnings tu 10/6 pre: $payx",2020-10-05 12:23:19,-69,['payx']
248143993,$payx trade ideas: picking up dec 20 $90 calls #powerball,2020-10-05 11:48:02,1,['payx']
248134426,"the season of #earningsreports officially begins next week, but this week one of the most interesting companies is #dominospizza

will it be able to repeat the excellent earnings report reported last quarter? what do analysts expect?

https://www.bulldude.com/earnings-reports/upcoming-earnings-reports-week-of-october-5/

$dpz $payx $levi",2020-10-05 09:47:48,-69,"['payx', 'dpz', 'levi']"
248108699,not many earnings reports this week but here are a few to watch who could set the tone for what&#39;s to come: $levi $dpz $hele $ayi $payx,2020-10-05 01:10:39,-69,"['hele', 'payx', 'ayi', 'dpz', 'levi']"
248074271,"trending stocks for monday 📈✍
$regn
$hov
$payx
$optt
$gaxy",2020-10-04 17:53:08,1,"['optt', 'payx', 'regn', 'hov']"
248069272,"$payx looking for an upside earnings move on tuesday entry at 75.13, target 84.88, then 88.76",2020-10-04 16:42:39,1,['payx']
248063460,"$payx earnings approaching, expecting an implied move of 4.6%.",2020-10-04 15:22:09,-69,['payx']
248059962,"$dpz confirmed ers within the next 7 days...
$levi $payx $ayi $cdzi",2020-10-04 14:25:21,-69,"['cdzi', 'payx', 'ayi', 'dpz', 'levi']"
248057303,"3 stocks to watch in the coming week: $tsla tesla, $aal american airlines, $payx paychex    https://www.investing.com/analysis/3-stocks-to-watch-in-the-coming-week-tesla-american-airlines-paychex-200539835",2020-10-04 13:34:56,-69,"['payx', 'tsla', 'aal']"
248055329,upcoming earnings this week $payx https://stockhoot.com/earningscalendar.aspx?from=weekendtweet&amp;t=123&amp;social=stocktwits,2020-10-04 12:47:07,-69,['payx']
248008604,most gaining stocks in the nasdaq 100 today: $payx https://www.chartmill.com/stock/stock-screener?v=3&amp;f=ind_20&amp;s=pt&amp;utm_source=stocktwits&amp;utm_medium=screener&amp;utm_content=stock_screener:_top_nasdaq_100_gainers&amp;utm_campaign=social_tracking,2020-10-03 18:00:00,-69,['payx']
248004869,"$payx trading within its wedge pattern going into earnings tuesday bmo. closed above all its smas. this earnings will give us another touch point on the employment/wage market.  options pricing in a move of 4.75pts.  levels, resistance/support to trade:",2020-10-03 17:11:40,-69,['payx']
248001523,"$payx   

upcoming er stats for  payx

view the full list of er plays at: bit.ly/32gfart
[no bias / position]
[find me at https://stocktwits.com/sbiswas | https://twitter.com/soumyajyoti_b]",2020-10-03 16:27:16,-69,['payx']
247989835,$payx high oi range is 75.00 to 85.00 for option expiration 10/16/2020 putcallratio=0.41 #maxpain #options http://maximum-pain.com/options/payx?m=10%2f16%2f2020,2020-10-03 13:22:41,-69,['payx']
247988288,upcoming earnings this week $payx https://stockhoot.com/earningscalendar.aspx?from=weekendtweet&amp;t=844&amp;social=stocktwits,2020-10-03 12:46:44,-69,['payx']
247986214,"$payx to report earnings on oct 06 bmo, with an expected move of ±5.8% http://tinyurl.com/ybeoayov",2020-10-03 11:45:00,-69,['payx']
247985116,"#earnings scheduled for the week 

http://eps.sh/cal 

$dpz  $payx  $rpm  $hele  $ayi",2020-10-03 10:51:57,-69,"['hele', 'payx', 'ayi', 'dpz', 'rpm']"
247978220,paychex to release earnings before the market opens on tuesday. analysts expect 0.56 eps. www.marketbeat.com/p/474653 $payx #payx,2020-10-03 05:04:07,-69,['payx']
247958404,editor&#39;s choice: previewing the q3 earnings season $payx $jpm $dpz https://bit.ly/2gxhsfi,2020-10-03 00:20:51,-69,"['payx', 'dpz', 'jpm']"
247957523,previewing the q3 #earnings season $dpz $jpm $payx https://talkmarkets.com/content/stocks--equities/previewing-the-q3-earnings-season?post=279862,2020-10-03 00:12:28,-69,"['payx', 'dpz', 'jpm']"
247734707,overvalued signal alert: $payx. more insights: https://stockinvest.us/technical-analysis/payx?utm_source=stocktwits&amp;utm_medium=autopost,2020-10-02 08:42:48,-1,['payx']
247701227,"$pep upcoming ers (confirmed, next 7 days).  it has been a mixed bag with ers thus far this year....👜💎 $levi $dpz $payx",2020-10-02 03:02:22,-69,"['payx', 'dpz', 'pep', 'levi']"
247194563,"wolters kluwer extends cch® answerconnect with ppp loan forgiveness estimator for accounting firms, powered by paychex http://www.conferencecalltranscripts.org/summary/?id=61737&amp;pr=true $payx",2020-09-30 12:05:23,-69,['payx']
247112867,overvalued signal alert: $payx. more insights: https://stockinvest.us/technical-analysis/payx?utm_source=stocktwits&amp;utm_medium=autopost,2020-09-29 23:31:43,-1,['payx']
247030749,upcoming earnings amc &amp; bmo $mu $payx https://stockhoot.com/earningscalendar.aspx?from=afternoontweet&amp;sort=date&amp;bull=true&amp;bear=true&amp;bmo=true&amp;amc=true&amp;&amp;sd=9/29/2020&amp;ed=9/30/2020&amp;social=stocktwits,2020-09-29 18:36:16,-69,"['payx', 'mu']"
246992919,"$payx #earnings tomorrow bmo - get chart, ratings, trade ideas  https://stockhoot.com/earningscalendar.aspx?from=individualtweet&amp;symbol=payx&amp;t=667&amp;social=stocktwits",2020-09-29 16:35:57,-69,['payx']
246947663,$payx place your bet here...gap up or gap down before tomorrow morning earning?,2020-09-29 14:27:09,-69,['payx']
246909883,"$payx $info small business jobs index increases slightly driven by gains in the northeast and the construction industry
https://www.stocktitan.net/news/payx/small-business-jobs-index-increases-slightly-driven-by-gains-in-the-rqdzn6on0lue.html",2020-09-29 12:30:30,-69,"['info', 'payx']"
246584332,"how does this affect your portfolio? $payx&#39;s price moved above its 50-day moving average on august 10, 2020. view odds for this and other indicators: https://srnk.us/go/2146217",2020-09-27 20:05:19,-69,['payx']
246546709,"wow this is a big change! $payx&#39;s price moved above its 50-day moving average on august 10, 2020. view odds for this and other indicators: https://srnk.us/go/2143673",2020-09-27 03:50:29,-69,['payx']
246490690,paychex $payx trading report http://tinyurl.com/y2pabbyc,2020-09-26 12:45:04,-69,['payx']
246482430,$payx had approximately 14m usd go to the short side at 46 pct short  bears and bulls are fighting close  https://www.algowins.com/?wdt_column_filter[1]=payx,2020-09-26 07:04:59,-69,['payx']
246479335,"$payx [15s. delayed]: issued press release on september 22, 14:00:00: paychex, inc. schedules first quarter fiscal 2021 earnings release c https://s.flashalert.me/gvhxoq",2020-09-26 05:26:35,-69,['payx']
246410866,"updated correlation matrix for paychex($payx),… https://www.macroaxis.com/invest/marketcorrelation?s=payx,cbsh,pico,sun,beam,aep,trow,mro,vtr,d,hrl,tel #insidertrading #stocks #fintechnews",2020-09-25 20:06:07,-69,['payx']
246024489,$payx: paychex introduces solutions to help businesses manage employee health and safety https://www.chartmill.com/stock/quote/payx/news?utm_source=stocktwits&amp;utm_medium=pressrelease&amp;utm_content=payx&amp;utm_campaign=social_tracking,2020-09-24 15:05:01,-69,['payx']
246017195,"$payx paychex introduces solutions to help businesses manage employee health and safety
https://www.stocktitan.net/news/payx/paychex-introduces-solutions-to-help-businesses-manage-employee-dqyo2h5phcky.html",2020-09-24 14:48:23,-69,['payx']
246016828,"$payx paychex introduces solutions to help businesses manage employee health and safety 

https://newsfilter.io/a/d1ac3e466c418d014f0cc0e08faf7375",2020-09-24 14:47:34,-69,['payx']
245476680,"$payx new article : paychex, inc. schedules first quarter fiscal 2021 earnings release conference call for october 6, 2020 https://www.stck.pro/news/payx/7919445",2020-09-22 18:25:07,-69,['payx']
245470502,"$payx [15s. delayed]: issued press release on september 22, 14:00:00: paychex, inc. schedules first quarter fiscal 2021 earnings release c https://s.flashalert.me/0nve2",2020-09-22 18:04:41,-69,['payx']
245469163,"$payx paychex schedules first quarter fiscal 2021 earnings release conference call for october 6, 2020 

https://newsfilter.io/a/21db4313dd10f64b2159652e536b771a",2020-09-22 18:00:37,-69,['payx']
245030238,"$payx option volume was 4x normal on friday with 5,981 contracts. call volume was 95% and put volume was 5%. http://tinyurl.com/y3grdqwj",2020-09-20 20:14:56,-69,['payx']
244943021,"breakout pattern shown in $payx, $twtr and $xyl. https://www.chartmill.com/stock/stock-screener?sid=202&amp;f=v1_50b500,atrpct_a_1,sl_ta_7_x,sl_se_7_x,p_pg20,exch_us&amp;s=se&amp;v=3&amp;utm_source=stocktwits&amp;utm_medium=screener&amp;utm_content=stock_screener:_technical_breakout_setups&amp;utm_campaign=social_tracking",2020-09-19 15:40:00,-69,"['payx', 'twtr', 'xyl']"
244926418,stocktwits trending alert: trading recent interest in paychex $payx https://wp.me/p5blgb-ar9d,2020-09-19 09:12:05,-69,['payx']
244926276,paychex upgraded by bidaskclub to buy. https://www.marketbeat.com/r/1479483 $payx,2020-09-19 09:09:40,-69,['payx']
244925041,paychex $payx bidaskscore is increased to bought https://bidaskclub.com/news/company/2020-09-18/payx,2020-09-19 07:58:04,-69,['payx']
244669408,$payx new article : paychex stock peaked at $80? https://www.stck.pro/news/payx/7805463,2020-09-18 11:05:06,-69,['payx']
244376599,paychex $payx trading report http://tinyurl.com/y64k3wta,2020-09-17 07:45:05,-69,['payx']
243787889,$payx had approximately 22m usd go to the short side at 37 pct short  the bears are few  https://www.algowins.com/?wdt_column_filter[1]=payx,2020-09-15 08:14:29,1,['payx']
243779841,"$0.56 earnings per share expected for paychex, inc. (nasdaq:payx) this quarter $payx #payx https://www.marketbeat.com/n/4460145/",2020-09-15 05:14:01,-69,['payx']
243772835,double top signal alert: $payx. more insights: https://stockinvest.us/technical-analysis/payx?utm_source=stocktwits&amp;utm_medium=autopost,2020-09-15 03:40:47,-1,['payx']
243772496,"$payx beautiful weekly flag. perfect flag on weekly, looks to be reversing off daily 200sma, will enter calls at the br",2020-09-15 03:37:24,-69,['payx']
243491366,"do you agree with the a.i. prediction? $payx&#39;s 10-day moving average broke above its 50-day moving average on august 17, 2020. view odds for this and other indicators: https://srnk.us/go/2098490",2020-09-14 02:11:19,-69,['payx']
243454346,"📈 market cap history for paychex ($payx)️:

2020 : $28 b   -8.19%
2019 : $30 b   +30.3%
2018 : $23 b   -4.33%
2017 : $24 b   +11.93%

more: https://companiesmarketcap.com/paychex/marketcap/",2020-09-13 19:40:50,-69,['payx']
243416706,2020-09-11 short sale volume (not short interest) for $payx is 57%. http://shortvolumes.com/?t=payx via @shortvolumes,2020-09-13 05:05:32,-69,['payx']
243354143,"paychex (payx) to release earnings before the market closes on tuesday, october 6. expected eps: 0.56. $payx https://www.tipranks.com/stocks/payx/earnings-calendar?ref=trearnings",2020-09-12 13:20:15,-69,['payx']
243331093,double top signal alert: $payx. more insights: https://stockinvest.us/technical-analysis/payx?utm_source=stocktwits&amp;utm_medium=autopost,2020-09-12 02:39:28,-1,['payx']
243261665,short sale volume (not short interest) for $payx at 2020-09-10 is 66%. http://shortvolumes.com/?t=payx via @shortvolumes,2020-09-11 19:23:35,-69,['payx']
242992518,"$payx [15s. delayed] filed sec form 4: director golisano b thomas: 
gifted 829 of common stock at price $76.54 on 2020-09-08, decreased ho https://s.flashalert.me/lxed2y",2020-09-10 19:45:36,-69,['payx']
242992394,"$payx $63,451.66 of shares sold by golisano b thomas (director), reported in a new form 4 filed with the sec  

https://newsfilter.io/a/ac54250c2ecab6a773ad5d1baf88163f",2020-09-10 19:45:17,-69,['payx']
242813831,paychex $payx bidaskscore is increased to held https://bidaskclub.com/news/company/2020-09-09/payx,2020-09-10 06:47:04,-69,['payx']
242809361,paychex upgraded by bidaskclub to hold. https://www.marketbeat.com/r/1476028 $payx,2020-09-10 05:11:41,-69,['payx']
242809275,paychex (nasdaq:payx) upgraded to &quot;hold&quot; at bidaskclub $payx #payx https://www.marketbeat.com/n/4455802/,2020-09-10 05:10:46,-69,['payx']
242707543,"new correlation matrix for paychex($payx), c h($chrw),… https://www.macroaxis.com/invest/marketcorrelation?s=payx,chrw,lpla,spg,vmc,lnc,xlnx,bac,gold,ew,hcp,stz #correlations #stocks #stockratings",2020-09-09 19:29:09,-69,"['chrw', 'payx']"
242513634,"technical analysis of #paychex #payx $payx 
https://www.finscreener.com/tittech/technical-analysis?&amp;cp=6714",2020-09-09 01:02:17,-69,['payx']
242352794,"updated correlation matrix for paychex($payx), pitney… https://www.macroaxis.com/invest/marketcorrelation?s=payx,pbi,flr,jec,k,azo,tcbi,rost,big,adsk,gd,pm #insidertrading #stocks #fintechnews",2020-09-08 14:58:04,-69,['payx']
